session_id,station_id,timestamp,arrival_hour,day_of_week,battery_soc,target_soc,energy_requested_kwh,charging_power_kw,charging_duration_min
S00001,ST01,2026-07-01T00:01:00,0,2,27,77,23.9,22,65.2
S00004,ST05,2026-07-01T00:28:00,0,2,47,78,21.2,22,57.8
S00003,ST04,2026-07-01T00:32:00,0,2,48,70,13.1,150,5.2
S00002,ST02,2026-07-01T00:57:00,0,2,44,72,17.0,22,46.4
S00005,ST01,2026-07-01T01:10:00,1,2,37,80,21.4,50,25.7
S00006,ST02,2026-07-01T01:21:00,1,2,16,72,29.8,60,29.8
S00009,ST05,2026-07-01T01:23:00,1,2,46,76,19.4,22,52.9
S00007,ST03,2026-07-01T01:38:00,1,2,26,95,28.6,120,14.3
S00008,ST04,2026-07-01T01:59:00,1,2,34,72,22.5,150,9.0
S00013,ST04,2026-07-01T02:10:00,2,2,44,93,23.8,120,11.9
S00011,ST02,2026-07-01T02:29:00,2,2,50,96,24.3,60,24.3
S00012,ST03,2026-07-01T02:42:00,2,2,27,92,47.3,22,129.0
S00010,ST01,2026-07-01T02:49:00,2,2,28,72,30.8,22,84.0
S00014,ST05,2026-07-01T02:59:00,2,2,50,92,25.0,60,25.0
S00016,ST02,2026-07-01T03:04:00,3,2,23,99,55.5,60,55.5
S00018,ST05,2026-07-01T03:34:00,3,2,26,93,40.5,150,16.2
S00015,ST01,2026-07-01T03:49:00,3,2,13,77,44.0,60,44.0
S00017,ST04,2026-07-01T03:56:00,3,2,39,74,17.2,50,20.6
S00020,ST02,2026-07-01T04:09:00,4,2,50,75,16.9,120,8.4
S00019,ST01,2026-07-01T04:14:00,4,2,18,86,38.9,22,106.1
S00021,ST03,2026-07-01T04:24:00,4,2,34,89,41.2,150,16.5
S00022,ST04,2026-07-01T04:35:00,4,2,10,91,52.8,150,21.1
S00023,ST05,2026-07-01T04:49:00,4,2,31,73,21.1,50,25.3
S00029,ST05,2026-07-01T05:05:00,5,2,41,96,23.3,150,9.3
S00026,ST03,2026-07-01T05:09:00,5,2,33,94,27.8,150,11.1
S00027,ST04,2026-07-01T05:38:00,5,2,30,85,22.4,60,22.4
S00024,ST01,2026-07-01T05:46:00,5,2,26,86,40.0,150,16.0
S00025,ST02,2026-07-01T05:55:00,5,2,50,79,20.1,150,8.0
S00028,ST04,2026-07-01T05:56:00,5,2,29,77,20.2,150,8.1
S00030,ST01,2026-07-01T06:08:00,6,2,40,100,35.5,60,35.5
S00033,ST04,2026-07-01T06:33:00,6,2,38,73,17.0,22,46.4
S00034,ST05,2026-07-01T06:37:00,6,2,45,77,19.4,22,52.9
S00031,ST02,2026-07-01T06:38:00,6,2,37,100,29.9,150,12.0
S00032,ST03,2026-07-01T06:44:00,6,2,22,92,35.6,60,35.6
S00036,ST02,2026-07-01T07:04:00,7,2,42,77,17.4,120,8.7
S00038,ST05,2026-07-01T07:12:00,7,2,16,73,35.9,60,35.9
S00035,ST01,2026-07-01T07:40:00,7,2,13,77,27.1,22,73.9
S00037,ST04,2026-07-01T07:59:00,7,2,46,88,23.7,120,11.8
S00058,ST05,2026-07-01T08:00:00,8,2,39,89,37.5,22,102.3
S00050,ST04,2026-07-01T08:03:00,8,2,47,85,21.9,150,8.8
S00040,ST01,2026-07-01T08:03:00,8,2,35,93,30.1,22,82.1
S00052,ST04,2026-07-01T08:04:00,8,2,48,72,15.3,50,18.4
S00045,ST02,2026-07-01T08:10:00,8,2,36,85,27.9,120,13.9
S00046,ST03,2026-07-01T08:10:00,8,2,34,70,26.8,60,26.8
S00051,ST04,2026-07-01T08:10:00,8,2,13,100,50.3,50,60.4
S00041,ST01,2026-07-01T08:15:00,8,2,22,76,31.7,50,38.0
S00053,ST04,2026-07-01T08:25:00,8,2,17,100,59.1,50,70.9
S00042,ST01,2026-07-01T08:27:00,8,2,21,78,32.0,22,87.3
S00039,ST01,2026-07-01T08:29:00,8,2,13,91,49.0,22,133.6
S00055,ST05,2026-07-01T08:36:00,8,2,43,80,26.9,50,32.3
S00049,ST04,2026-07-01T08:37:00,8,2,44,71,17.9,22,48.8
S00054,ST04,2026-07-01T08:37:00,8,2,48,71,14.2,120,7.1
S00048,ST03,2026-07-01T08:42:00,8,2,41,74,15.4,50,18.5
S00056,ST05,2026-07-01T08:42:00,8,2,30,77,23.2,50,27.8
S00057,ST05,2026-07-01T08:42:00,8,2,29,84,28.1,22,76.6
S00044,ST02,2026-07-01T08:53:00,8,2,10,72,44.9,50,53.9
S00043,ST02,2026-07-01T08:55:00,8,2,45,73,11.7,150,4.7
S00047,ST03,2026-07-01T08:59:00,8,2,39,79,21.9,150,8.8
S00068,ST03,2026-07-01T09:00:00,9,2,31,94,28.1,60,28.1
S00067,ST03,2026-07-01T09:05:00,9,2,50,83,22.8,22,62.2
S00070,ST04,2026-07-01T09:07:00,9,2,14,100,61.0,50,73.2
S00064,ST02,2026-07-01T09:07:00,9,2,16,93,45.7,60,45.7
S00072,ST04,2026-07-01T09:09:00,9,2,37,74,15.3,60,15.3
S00061,ST01,2026-07-01T09:10:00,9,2,38,96,34.2,60,34.2
S00059,ST01,2026-07-01T09:13:00,9,2,42,78,16.1,60,16.1
S00065,ST02,2026-07-01T09:18:00,9,2,48,76,18.2,50,21.8
S00074,ST05,2026-07-01T09:22:00,9,2,45,98,37.4,150,15.0
S00069,ST04,2026-07-01T09:28:00,9,2,45,92,25.8,22,70.4
S00071,ST04,2026-07-01T09:34:00,9,2,12,96,44.5,150,17.8
S00062,ST01,2026-07-01T09:39:00,9,2,43,70,17.1,150,6.8
S00063,ST02,2026-07-01T09:42:00,9,2,16,100,59.4,60,59.4
S00075,ST05,2026-07-01T09:47:00,9,2,19,99,58.0,50,69.6
S00077,ST05,2026-07-01T09:47:00,9,2,31,95,46.5,50,55.8
S00076,ST05,2026-07-01T09:51:00,9,2,21,98,41.9,50,50.3
S00066,ST03,2026-07-01T09:54:00,9,2,26,86,34.3,22,93.5
S00060,ST01,2026-07-01T09:56:00,9,2,14,98,40.8,60,40.8
S00073,ST04,2026-07-01T09:57:00,9,2,12,98,45.2,50,54.2
S00087,ST04,2026-07-01T10:02:00,10,2,37,70,19.2,150,7.7
S00084,ST02,2026-07-01T10:11:00,10,2,47,100,39.4,22,107.5
S00079,ST01,2026-07-01T10:14:00,10,2,22,96,53.4,60,53.4
S00080,ST01,2026-07-01T10:19:00,10,2,24,77,21.6,50,25.9
S00083,ST02,2026-07-01T10:21:00,10,2,11,73,43.8,60,43.8
S00092,ST05,2026-07-01T10:24:00,10,2,21,89,40.7,120,20.4
S00081,ST01,2026-07-01T10:25:00,10,2,31,78,33.0,60,33.0
S00085,ST03,2026-07-01T10:27:00,10,2,32,93,41.2,120,20.6
S00095,ST05,2026-07-01T10:28:00,10,2,38,91,25.2,120,12.6
S00082,ST02,2026-07-01T10:32:00,10,2,35,91,41.6,150,16.6
S00090,ST04,2026-07-01T10:32:00,10,2,29,91,33.7,120,16.9
S00093,ST05,2026-07-01T10:35:00,10,2,10,79,34.5,120,17.2
S00086,ST03,2026-07-01T10:38:00,10,2,42,73,16.6,150,6.6
S00089,ST04,2026-07-01T10:39:00,10,2,30,91,42.5,60,42.5
S00088,ST04,2026-07-01T10:43:00,10,2,22,81,32.5,60,32.5
S00091,ST04,2026-07-01T10:44:00,10,2,28,87,26.2,120,13.1
S00078,ST01,2026-07-01T10:50:00,10,2,16,82,46.5,120,23.2
S00094,ST05,2026-07-01T10:50:00,10,2,47,89,26.4,120,13.2
S00107,ST05,2026-07-01T11:10:00,11,2,40,84,21.6,50,25.9
S00099,ST02,2026-07-01T11:15:00,11,2,40,89,34.2,22,93.3
S00101,ST03,2026-07-01T11:24:00,11,2,41,82,19.9,22,54.3
S00100,ST02,2026-07-01T11:29:00,11,2,36,98,38.5,50,46.2
S00106,ST04,2026-07-01T11:39:00,11,2,42,83,28.3,150,11.3
S00105,ST04,2026-07-01T11:42:00,11,2,43,87,26.8,120,13.4
S00097,ST01,2026-07-01T11:42:00,11,2,50,89,20.2,50,24.2
S00098,ST01,2026-07-01T11:43:00,11,2,29,77,32.8,50,39.4
S00103,ST04,2026-07-01T11:44:00,11,2,43,84,17.1,50,20.5
S00096,ST01,2026-07-01T11:50:00,11,2,20,91,30.5,150,12.2
S00108,ST05,2026-07-01T11:53:00,11,2,50,78,18.7,150,7.5
S00102,ST03,2026-07-01T11:57:00,11,2,16,94,42.8,50,51.4
S00104,ST04,2026-07-01T11:58:00,11,2,17,84,29.9,120,14.9
S00112,ST02,2026-07-01T12:04:00,12,2,36,83,24.2,120,12.1
S00111,ST01,2026-07-01T12:05:00,12,2,18,74,26.9,50,32.3
S00110,ST01,2026-07-01T12:15:00,12,2,27,80,27.1,150,10.8
S00109,ST01,2026-07-01T12:15:00,12,2,27,84,24.3,60,24.3
S00118,ST04,2026-07-01T12:17:00,12,2,37,85,19.7,60,19.7
S00115,ST03,2026-07-01T12:24:00,12,2,40,70,21.9,60,21.9
S00113,ST02,2026-07-01T12:26:00,12,2,13,76,43.6,120,21.8
S00121,ST05,2026-07-01T12:36:00,12,2,11,72,38.1,50,45.7
S00114,ST03,2026-07-01T12:37:00,12,2,11,97,60.9,150,24.4
S00120,ST05,2026-07-01T12:39:00,12,2,44,70,18.7,150,7.5
S00119,ST04,2026-07-01T12:42:00,12,2,35,93,26.6,120,13.3
S00117,ST04,2026-07-01T12:51:00,12,2,48,98,23.9,50,28.7
S00116,ST04,2026-07-01T12:54:00,12,2,36,87,33.7,150,13.5
S00122,ST05,2026-07-01T12:55:00,12,2,39,75,15.0,120,7.5
S00127,ST03,2026-07-01T13:01:00,13,2,49,74,12.1,120,6.0
S00131,ST04,2026-07-01T13:01:00,13,2,29,88,37.6,120,18.8
S00133,ST05,2026-07-01T13:06:00,13,2,29,97,43.5,22,118.6
S00129,ST04,2026-07-01T13:10:00,13,2,48,89,30.2,22,82.4
S00124,ST01,2026-07-01T13:17:00,13,2,36,78,29.1,120,14.6
S00123,ST01,2026-07-01T13:29:00,13,2,30,80,33.3,120,16.6
S00125,ST02,2026-07-01T13:34:00,13,2,13,100,45.5,22,124.1
S00128,ST04,2026-07-01T13:36:00,13,2,23,84,39.3,60,39.3
S00132,ST05,2026-07-01T13:45:00,13,2,22,72,30.4,50,36.5
S00126,ST02,2026-07-01T13:49:00,13,2,12,94,33.7,50,40.4
S00130,ST04,2026-07-01T13:49:00,13,2,20,100,40.7,150,16.3
S00145,ST05,2026-07-01T14:00:00,14,2,43,100,26.6,50,31.9
S00135,ST01,2026-07-01T14:04:00,14,2,42,90,24.9,120,12.4
S00143,ST04,2026-07-01T14:11:00,14,2,41,76,18.3,60,18.3
S00140,ST03,2026-07-01T14:17:00,14,2,30,97,32.6,22,88.9
S00141,ST04,2026-07-01T14:28:00,14,2,25,94,38.8,150,15.5
S00139,ST03,2026-07-01T14:34:00,14,2,40,84,24.3,150,9.7
S00134,ST01,2026-07-01T14:36:00,14,2,12,81,40.5,60,40.5
S00142,ST04,2026-07-01T14:42:00,14,2,34,80,18.9,60,18.9
S00138,ST02,2026-07-01T14:46:00,14,2,43,100,35.8,150,14.3
S00136,ST01,2026-07-01T14:52:00,14,2,41,73,17.7,60,17.7
S00137,ST02,2026-07-01T14:53:00,14,2,39,92,24.0,50,28.8
S00144,ST05,2026-07-01T14:56:00,14,2,48,92,31.2,150,12.5
S00154,ST04,2026-07-01T15:06:00,15,2,22,79,27.3,50,32.8
S00151,ST03,2026-07-01T15:16:00,15,2,24,73,32.0,60,32.0
S00153,ST04,2026-07-01T15:17:00,15,2,47,94,27.4,60,27.4
S00148,ST01,2026-07-01T15:18:00,15,2,24,82,37.2,60,37.2
S00149,ST02,2026-07-01T15:23:00,15,2,40,87,27.5,120,13.8
S00146,ST01,2026-07-01T15:31:00,15,2,45,94,23.7,120,11.8
S00152,ST04,2026-07-01T15:34:00,15,2,21,76,26.2,120,13.1
S00156,ST05,2026-07-01T15:35:00,15,2,28,92,46.7,120,23.4
S00147,ST01,2026-07-01T15:41:00,15,2,41,84,29.1,22,79.4
S00155,ST05,2026-07-01T15:45:00,15,2,44,74,14.9,22,40.6
S00150,ST02,2026-07-01T15:47:00,15,2,45,80,18.3,120,9.2
S00167,ST05,2026-07-01T16:00:00,16,2,36,84,30.8,120,15.4
S00157,ST01,2026-07-01T16:00:00,16,2,46,79,18.6,120,9.3
S00159,ST02,2026-07-01T16:04:00,16,2,35,85,21.3,22,58.1
S00160,ST02,2026-07-01T16:09:00,16,2,19,95,45.4,60,45.4
S00166,ST05,2026-07-01T16:10:00,16,2,25,75,29.7,50,35.6
S00165,ST05,2026-07-01T16:13:00,16,2,50,76,12.8,22,34.9
S00161,ST03,2026-07-01T16:15:00,16,2,17,87,46.7,150,18.7
S00164,ST04,2026-07-01T16:19:00,16,2,46,89,18.1,22,49.4
S00158,ST01,2026-07-01T16:21:00,16,2,21,100,33.0,120,16.5
S00162,ST04,2026-07-01T16:39:00,16,2,24,94,40.8,120,20.4
S00163,ST04,2026-07-01T16:58:00,16,2,38,79,28.7,120,14.3
S00186,ST05,2026-07-01T17:03:00,17,2,22,86,33.7,120,16.9
S00169,ST01,2026-07-01T17:04:00,17,2,24,99,36.9,150,14.8
S00172,ST01,2026-07-01T17:04:00,17,2,13,75,42.0,150,16.8
S00189,ST05,2026-07-01T17:07:00,17,2,11,90,48.4,50,58.1
S00168,ST01,2026-07-01T17:14:00,17,2,28,92,31.9,120,15.9
S00184,ST04,2026-07-01T17:16:00,17,2,30,73,31.8,120,15.9
S00181,ST04,2026-07-01T17:21:00,17,2,30,91,26.6,50,31.9
S00182,ST04,2026-07-01T17:21:00,17,2,36,92,32.1,120,16.1
S00175,ST02,2026-07-01T17:31:00,17,2,38,72,20.7,120,10.3
S00179,ST03,2026-07-01T17:33:00,17,2,38,99,30.3,150,12.1
S00188,ST05,2026-07-01T17:35:00,17,2,18,99,40.6,120,20.3
S00178,ST03,2026-07-01T17:36:00,17,2,12,94,54.5,120,27.2
S00173,ST02,2026-07-01T17:36:00,17,2,28,84,24.8,60,24.8
S00187,ST05,2026-07-01T17:40:00,17,2,38,94,23.4,60,23.4
S00171,ST01,2026-07-01T17:41:00,17,2,19,99,39.4,50,47.3
S00170,ST01,2026-07-01T17:42:00,17,2,22,83,26.9,50,32.3
S00177,ST03,2026-07-01T17:43:00,17,2,46,88,30.8,60,30.8
S00174,ST02,2026-07-01T17:44:00,17,2,35,100,32.2,150,12.9
S00176,ST02,2026-07-01T17:47:00,17,2,30,89,28.8,22,78.5
S00183,ST04,2026-07-01T17:52:00,17,2,45,71,14.5,60,14.5
S00180,ST04,2026-07-01T17:52:00,17,2,41,72,17.5,120,8.8
S00185,ST04,2026-07-01T17:55:00,17,2,42,96,40.3,150,16.1
S00211,ST05,2026-07-01T18:06:00,18,2,50,92,29.6,120,14.8
S00195,ST02,2026-07-01T18:08:00,18,2,14,78,42.9,120,21.4
S00194,ST01,2026-07-01T18:09:00,18,2,34,76,30.4,150,12.2
S00212,ST05,2026-07-01T18:10:00,18,2,29,98,28.3,60,28.3
S00191,ST01,2026-07-01T18:14:00,18,2,17,84,49.0,50,58.8
S00201,ST03,2026-07-01T18:14:00,18,2,36,71,17.9,120,8.9
S00190,ST01,2026-07-01T18:19:00,18,2,45,70,14.8,22,40.4
S00207,ST04,2026-07-01T18:21:00,18,2,49,92,23.2,22,63.3
S00196,ST02,2026-07-01T18:21:00,18,2,42,78,24.7,60,24.7
S00204,ST04,2026-07-01T18:21:00,18,2,16,97,56.4,22,153.8
S00203,ST04,2026-07-01T18:31:00,18,2,12,74,35.7,150,14.3
S00192,ST01,2026-07-01T18:31:00,18,2,28,86,37.5,120,18.8
S00205,ST04,2026-07-01T18:33:00,18,2,39,70,20.2,120,10.1
S00210,ST05,2026-07-01T18:40:00,18,2,28,77,32.4,120,16.2
S00197,ST02,2026-07-01T18:46:00,18,2,29,96,40.6,120,20.3
S00199,ST03,2026-07-01T18:48:00,18,2,44,82,21.3,60,21.3
S00202,ST04,2026-07-01T18:51:00,18,2,34,82,35.8,50,43.0
S00193,ST01,2026-07-01T18:53:00,18,2,40,85,21.8,150,8.7
S00208,ST05,2026-07-01T18:54:00,18,2,44,82,27.9,120,13.9
S00206,ST04,2026-07-01T18:55:00,18,2,19,72,29.9,60,29.9
S00209,ST05,2026-07-01T18:55:00,18,2,44,71,16.6,50,19.9
S00198,ST02,2026-07-01T18:55:00,18,2,19,84,38.3,60,38.3
S00200,ST03,2026-07-01T18:55:00,18,2,22,92,33.9,120,16.9
S00223,ST03,2026-07-01T19:01:00,19,2,35,78,17.3,22,47.2
S00229,ST04,2026-07-01T19:05:00,19,2,28,80,34.4,50,41.3
S00215,ST01,2026-07-01T19:10:00,19,2,21,72,31.3,120,15.7
S00219,ST02,2026-07-01T19:10:00,19,2,14,84,51.2,150,20.5
S00230,ST04,2026-07-01T19:12:00,19,2,18,95,45.3,60,45.3
S00225,ST04,2026-07-01T19:14:00,19,2,48,95,24.6,50,29.5
S00217,ST01,2026-07-01T19:14:00,19,2,39,90,24.9,60,24.9
S00213,ST01,2026-07-01T19:18:00,19,2,32,81,27.0,50,32.4
S00228,ST04,2026-07-01T19:19:00,19,2,38,71,19.9,50,23.9
S00220,ST02,2026-07-01T19:19:00,19,2,50,100,27.4,60,27.4
S00222,ST03,2026-07-01T19:24:00,19,2,46,81,21.0,60,21.0
S00233,ST05,2026-07-01T19:29:00,19,2,14,74,39.8,50,47.8
S00221,ST02,2026-07-01T19:29:00,19,2,29,76,35.2,120,17.6
S00214,ST01,2026-07-01T19:33:00,19,2,36,88,33.2,50,39.8
S00226,ST04,2026-07-01T19:39:00,19,2,26,91,43.2,50,51.8
S00216,ST01,2026-07-01T19:39:00,19,2,25,85,43.2,50,51.8
S00227,ST04,2026-07-01T19:40:00,19,2,16,98,50.8,22,138.5
S00232,ST05,2026-07-01T19:51:00,19,2,28,93,45.8,22,124.9
S00234,ST05,2026-07-01T19:55:00,19,2,35,100,45.2,150,18.1
S00218,ST02,2026-07-01T19:57:00,19,2,39,98,29.5,150,11.8
S00231,ST05,2026-07-01T19:58:00,19,2,27,96,31.6,120,15.8
S00224,ST03,2026-07-01T19:58:00,19,2,48,93,25.8,60,25.8
S00249,ST04,2026-07-01T20:01:00,20,2,13,95,42.4,50,50.9
S00245,ST03,2026-07-01T20:02:00,20,2,33,76,23.9,50,28.7
S00238,ST01,2026-07-01T20:06:00,20,2,24,85,24.9,150,10.0
S00254,ST05,2026-07-01T20:07:00,20,2,11,74,25.5,50,30.6
S00248,ST04,2026-07-01T20:07:00,20,2,39,72,20.9,150,8.4
S00256,ST05,2026-07-01T20:08:00,20,2,36,86,22.0,22,60.0
S00242,ST02,2026-07-01T20:08:00,20,2,34,84,26.5,150,10.6
S00253,ST05,2026-07-01T20:09:00,20,2,18,87,33.7,50,40.4
S00251,ST04,2026-07-01T20:13:00,20,2,47,76,19.9,50,23.9
S00241,ST02,2026-07-01T20:19:00,20,2,41,73,13.9,150,5.6
S00240,ST02,2026-07-01T20:19:00,20,2,36,73,16.6,22,45.3
S00239,ST01,2026-07-01T20:20:00,20,2,49,77,17.5,120,8.8
S00252,ST04,2026-07-01T20:21:00,20,2,19,95,54.4,22,148.4
S00243,ST02,2026-07-01T20:26:00,20,2,47,93,30.1,120,15.1
S00236,ST01,2026-07-01T20:29:00,20,2,33,91,38.4,60,38.4
S00237,ST01,2026-07-01T20:37:00,20,2,34,96,38.7,60,38.7
S00255,ST05,2026-07-01T20:37:00,20,2,30,70,18.4,22,50.2
S00247,ST04,2026-07-01T20:41:00,20,2,32,71,21.0,50,25.2
S00235,ST01,2026-07-01T20:50:00,20,2,35,70,17.2,22,46.9
S00250,ST04,2026-07-01T20:50:00,20,2,46,76,12.7,150,5.1
S00244,ST03,2026-07-01T20:53:00,20,2,41,89,26.1,60,26.1
S00246,ST03,2026-07-01T20:54:00,20,2,33,73,29.7,60,29.7
S00259,ST04,2026-07-01T21:01:00,21,2,13,85,50.2,120,25.1
S00260,ST05,2026-07-01T21:31:00,21,2,38,72,24.3,60,24.3
S00258,ST02,2026-07-01T21:39:00,21,2,12,93,54.6,150,21.8
S00257,ST01,2026-07-01T21:49:00,21,2,33,86,32.2,120,16.1
S00261,ST01,2026-07-01T22:04:00,22,2,18,78,37.1,150,14.8
S00264,ST04,2026-07-01T22:13:00,22,2,37,84,33.4,120,16.7
S00262,ST02,2026-07-01T22:20:00,22,2,34,89,32.2,120,16.1
S00266,ST05,2026-07-01T22:20:00,22,2,26,81,40.4,120,20.2
S00265,ST04,2026-07-01T22:21:00,22,2,39,82,23.5,22,64.1
S00263,ST03,2026-07-01T22:27:00,22,2,16,95,51.0,150,20.4
S00269,ST04,2026-07-01T23:22:00,23,2,37,97,43.2,22,117.8
S00268,ST02,2026-07-01T23:35:00,23,2,13,88,55.1,150,22.0
S00270,ST05,2026-07-01T23:38:00,23,2,29,81,22.7,150,9.1
S00267,ST01,2026-07-01T23:53:00,23,2,15,72,31.4,60,31.4
S00275,ST04,2026-07-02T00:01:00,0,3,21,78,36.8,60,36.8
S00276,ST05,2026-07-02T00:22:00,0,3,10,75,45.8,150,18.3
S00272,ST02,2026-07-02T00:23:00,0,3,17,94,38.3,50,46.0
S00274,ST04,2026-07-02T00:35:00,0,3,11,89,56.6,60,56.6
S00271,ST01,2026-07-02T00:42:00,0,3,40,77,25.8,60,25.8
S00273,ST03,2026-07-02T00:54:00,0,3,45,94,33.6,150,13.4
S00277,ST01,2026-07-02T01:04:00,1,3,19,93,46.0,22,125.5
S00279,ST04,2026-07-02T01:20:00,1,3,46,89,18.5,22,50.5
S00278,ST03,2026-07-02T01:24:00,1,3,36,84,24.9,60,24.9
S00280,ST05,2026-07-02T01:48:00,1,3,49,71,14.0,60,14.0
S00281,ST01,2026-07-02T02:27:00,2,3,41,89,26.6,60,26.6
S00282,ST02,2026-07-02T02:32:00,2,3,17,81,35.2,60,35.2
S00283,ST03,2026-07-02T02:37:00,2,3,41,86,28.5,22,77.7
S00284,ST04,2026-07-02T02:38:00,2,3,13,70,26.9,50,32.3
S00285,ST05,2026-07-02T02:48:00,2,3,26,79,27.3,22,74.5
S00286,ST01,2026-07-02T03:27:00,3,3,21,74,28.3,50,34.0
S00288,ST03,2026-07-02T03:29:00,3,3,14,97,42.3,120,21.1
S00289,ST04,2026-07-02T03:45:00,3,3,50,83,16.5,120,8.2
S00287,ST02,2026-07-02T03:53:00,3,3,32,72,21.6,22,58.9
S00291,ST03,2026-07-02T04:15:00,4,3,37,88,27.5,22,75.0
S00292,ST04,2026-07-02T04:19:00,4,3,31,77,23.8,50,28.6
S00293,ST05,2026-07-02T04:40:00,4,3,17,86,39.9,60,39.9
S00290,ST01,2026-07-02T04:51:00,4,3,49,84,24.2,60,24.2
S00296,ST04,2026-07-02T05:36:00,5,3,47,84,23.6,150,9.4
S00297,ST05,2026-07-02T05:39:00,5,3,30,97,49.6,60,49.6
S00295,ST03,2026-07-02T05:48:00,5,3,14,75,44.7,120,22.4
S00294,ST01,2026-07-02T05:52:00,5,3,19,77,25.3,60,25.3
S00298,ST01,2026-07-02T06:04:00,6,3,40,84,27.3,60,27.3
S00300,ST04,2026-07-02T06:18:00,6,3,14,90,53.4,22,145.6
S00299,ST02,2026-07-02T06:22:00,6,3,42,72,15.3,120,7.7
S00301,ST05,2026-07-02T06:32:00,6,3,34,84,30.2,22,82.4
S00307,ST05,2026-07-02T07:03:00,7,3,50,90,20.7,60,20.7
S00304,ST03,2026-07-02T07:05:00,7,3,42,90,22.1,50,26.5
S00303,ST02,2026-07-02T07:09:00,7,3,13,84,31.0,60,31.0
S00306,ST04,2026-07-02T07:23:00,7,3,28,82,29.3,60,29.3
S00305,ST04,2026-07-02T07:28:00,7,3,43,86,26.4,60,26.4
S00302,ST01,2026-07-02T07:51:00,7,3,46,90,20.5,150,8.2
S00313,ST02,2026-07-02T08:05:00,8,3,37,86,25.8,60,25.8
S00315,ST03,2026-07-02T08:08:00,8,3,19,72,26.7,22,72.8
S00325,ST05,2026-07-02T08:08:00,8,3,26,71,28.1,60,28.1
S00311,ST01,2026-07-02T08:08:00,8,3,48,92,32.0,60,32.0
S00318,ST04,2026-07-02T08:10:00,8,3,21,96,48.2,150,19.3
S00322,ST05,2026-07-02T08:12:00,8,3,33,91,42.4,120,21.2
S00321,ST04,2026-07-02T08:14:00,8,3,44,77,16.8,120,8.4
S00314,ST02,2026-07-02T08:19:00,8,3,21,100,37.5,120,18.8
S00317,ST04,2026-07-02T08:21:00,8,3,49,74,15.2,50,18.2
S00320,ST04,2026-07-02T08:23:00,8,3,25,84,36.2,120,18.1
S00324,ST05,2026-07-02T08:26:00,8,3,20,96,35.7,150,14.3
S00323,ST05,2026-07-02T08:29:00,8,3,28,94,35.2,150,14.1
S00316,ST03,2026-07-02T08:32:00,8,3,44,96,34.2,150,13.7
S00312,ST02,2026-07-02T08:41:00,8,3,31,96,28.9,150,11.6
S00308,ST01,2026-07-02T08:43:00,8,3,34,79,22.0,150,8.8
S00319,ST04,2026-07-02T08:51:00,8,3,20,93,40.4,120,20.2
S00309,ST01,2026-07-02T08:55:00,8,3,19,80,26.1,50,31.3
S00310,ST01,2026-07-02T08:58:00,8,3,32,79,34.7,120,17.4
S00326,ST01,2026-07-02T09:06:00,9,3,43,97,24.0,22,65.5
S00328,ST01,2026-07-02T09:09:00,9,3,37,72,25.6,50,30.7
S00340,ST05,2026-07-02T09:09:00,9,3,28,83,22.0,60,22.0
S00341,ST05,2026-07-02T09:15:00,9,3,46,83,17.2,22,46.9
S00337,ST04,2026-07-02T09:19:00,9,3,17,71,26.1,150,10.4
S00331,ST02,2026-07-02T09:23:00,9,3,24,70,23.5,22,64.1
S00330,ST02,2026-07-02T09:25:00,9,3,42,81,18.8,22,51.3
S00334,ST03,2026-07-02T09:28:00,9,3,49,70,15.1,22,41.2
S00338,ST04,2026-07-02T09:29:00,9,3,14,73,40.9,120,20.4
S00342,ST05,2026-07-02T09:33:00,9,3,33,72,28.6,150,11.4
S00336,ST04,2026-07-02T09:33:00,9,3,37,73,24.2,50,29.0
S00339,ST04,2026-07-02T09:38:00,9,3,44,70,16.2,150,6.5
S00327,ST01,2026-07-02T09:48:00,9,3,20,78,32.3,150,12.9
S00329,ST01,2026-07-02T09:52:00,9,3,38,98,31.3,22,85.4
S00335,ST04,2026-07-02T09:53:00,9,3,19,87,49.6,150,19.8
S00333,ST03,2026-07-02T09:53:00,9,3,40,92,35.9,120,17.9
S00332,ST02,2026-07-02T09:53:00,9,3,31,95,28.9,22,78.8
S00344,ST01,2026-07-02T10:02:00,10,3,50,82,23.8,60,23.8
S00352,ST04,2026-07-02T10:02:00,10,3,22,79,29.9,22,81.5
S00358,ST05,2026-07-02T10:05:00,10,3,30,91,30.7,120,15.3
S00350,ST03,2026-07-02T10:12:00,10,3,12,95,39.0,22,106.4
S00346,ST01,2026-07-02T10:15:00,10,3,50,73,15.4,60,15.4
S00351,ST03,2026-07-02T10:20:00,10,3,29,86,30.7,150,12.3
S00355,ST04,2026-07-02T10:21:00,10,3,21,85,41.1,60,41.1
S00347,ST02,2026-07-02T10:22:00,10,3,44,80,24.7,50,29.6
S00354,ST04,2026-07-02T10:27:00,10,3,35,93,32.1,120,16.1
S00343,ST01,2026-07-02T10:32:00,10,3,45,70,13.4,120,6.7
S00359,ST05,2026-07-02T10:38:00,10,3,37,75,24.4,60,24.4
S00357,ST05,2026-07-02T10:38:00,10,3,21,87,33.2,22,90.5
S00345,ST01,2026-07-02T10:47:00,10,3,11,81,47.3,60,47.3
S00349,ST02,2026-07-02T10:51:00,10,3,18,72,35.1,120,17.6
S00348,ST02,2026-07-02T10:53:00,10,3,39,92,30.1,50,36.1
S00353,ST04,2026-07-02T10:55:00,10,3,31,78,20.8,60,20.8
S00356,ST04,2026-07-02T10:59:00,10,3,43,78,23.8,120,11.9
S00368,ST04,2026-07-02T11:07:00,11,3,11,93,38.1,150,15.2
S00364,ST02,2026-07-02T11:08:00,11,3,14,77,42.4,60,42.4
S00363,ST02,2026-07-02T11:09:00,11,3,48,91,29.0,22,79.1
S00372,ST05,2026-07-02T11:11:00,11,3,38,72,23.2,60,23.2
S00371,ST05,2026-07-02T11:12:00,11,3,17,74,39.8,120,19.9
S00370,ST05,2026-07-02T11:13:00,11,3,49,79,19.3,120,9.7
S00367,ST04,2026-07-02T11:23:00,11,3,35,80,28.2,50,33.8
S00366,ST03,2026-07-02T11:23:00,11,3,33,84,34.0,150,13.6
S00362,ST01,2026-07-02T11:23:00,11,3,42,95,35.1,50,42.1
S00369,ST04,2026-07-02T11:24:00,11,3,45,73,13.8,60,13.8
S00365,ST03,2026-07-02T11:36:00,11,3,12,89,34.9,120,17.4
S00361,ST01,2026-07-02T11:40:00,11,3,13,72,37.5,120,18.8
S00360,ST01,2026-07-02T11:46:00,11,3,32,89,42.7,60,42.7
S00378,ST03,2026-07-02T12:05:00,12,3,14,79,35.1,120,17.6
S00376,ST02,2026-07-02T12:15:00,12,3,41,70,15.3,150,6.1
S00384,ST05,2026-07-02T12:19:00,12,3,20,75,28.2,50,33.8
S00380,ST04,2026-07-02T12:20:00,12,3,14,84,39.4,150,15.8
S00381,ST04,2026-07-02T12:22:00,12,3,18,98,55.2,150,22.1
S00377,ST02,2026-07-02T12:23:00,12,3,39,95,41.7,50,50.0
S00379,ST03,2026-07-02T12:33:00,12,3,36,94,31.5,150,12.6
S00382,ST04,2026-07-02T12:40:00,12,3,47,75,18.7,50,22.4
S00373,ST01,2026-07-02T12:45:00,12,3,14,87,43.1,60,43.1
S00375,ST01,2026-07-02T12:50:00,12,3,33,86,25.4,50,30.5
S00374,ST01,2026-07-02T12:54:00,12,3,20,92,46.7,50,56.0
S00383,ST05,2026-07-02T12:58:00,12,3,13,96,36.8,50,44.2
S00392,ST04,2026-07-02T13:18:00,13,3,29,85,27.2,120,13.6
S00393,ST04,2026-07-02T13:19:00,13,3,39,72,21.2,50,25.4
S00395,ST05,2026-07-02T13:20:00,13,3,30,93,47.0,60,47.0
S00389,ST02,2026-07-02T13:21:00,13,3,46,71,17.2,22,46.9
S00394,ST05,2026-07-02T13:30:00,13,3,39,76,19.2,50,23.0
S00385,ST01,2026-07-02T13:33:00,13,3,28,97,29.5,50,35.4
S00388,ST02,2026-07-02T13:37:00,13,3,19,75,35.3,150,14.1
S00387,ST01,2026-07-02T13:39:00,13,3,44,72,16.1,50,19.3
S00391,ST04,2026-07-02T13:40:00,13,3,11,85,52.6,150,21.0
S00386,ST01,2026-07-02T13:40:00,13,3,45,78,14.6,60,14.6
S00390,ST03,2026-07-02T13:41:00,13,3,46,78,20.1,150,8.0
S00405,ST05,2026-07-02T14:00:00,14,3,16,83,29.9,60,29.9
S00402,ST04,2026-07-02T14:05:00,14,3,35,86,28.6,50,34.3
S00396,ST01,2026-07-02T14:08:00,14,3,33,86,31.6,60,31.6
S00398,ST01,2026-07-02T14:09:00,14,3,16,71,27.6,120,13.8
S00401,ST03,2026-07-02T14:10:00,14,3,41,86,25.4,60,25.4
S00403,ST04,2026-07-02T14:13:00,14,3,47,81,14.2,60,14.2
S00397,ST01,2026-07-02T14:15:00,14,3,39,73,16.8,50,20.2
S00399,ST02,2026-07-02T14:26:00,14,3,25,100,52.7,50,63.2
S00404,ST04,2026-07-02T14:31:00,14,3,48,98,34.7,120,17.4
S00406,ST05,2026-07-02T14:46:00,14,3,33,94,33.0,22,90.0
S00400,ST02,2026-07-02T14:52:00,14,3,30,99,41.6,60,41.6
S00412,ST03,2026-07-02T15:02:00,15,3,12,74,40.3,120,20.1
S00408,ST01,2026-07-02T15:04:00,15,3,34,86,29.0,150,11.6
S00409,ST01,2026-07-02T15:17:00,15,3,49,91,25.8,50,31.0
S00411,ST02,2026-07-02T15:23:00,15,3,19,76,34.8,120,17.4
S00417,ST05,2026-07-02T15:23:00,15,3,31,91,26.3,120,13.2
S00410,ST02,2026-07-02T15:25:00,15,3,33,95,46.2,150,18.5
S00413,ST03,2026-07-02T15:33:00,15,3,39,74,21.4,150,8.6
S00416,ST04,2026-07-02T15:34:00,15,3,41,92,30.4,120,15.2
S00407,ST01,2026-07-02T15:36:00,15,3,45,76,16.3,60,16.3
S00418,ST05,2026-07-02T15:37:00,15,3,29,95,47.2,22,128.7
S00419,ST05,2026-07-02T15:38:00,15,3,40,78,28.1,150,11.2
S00415,ST04,2026-07-02T15:47:00,15,3,29,88,30.5,150,12.2
S00414,ST04,2026-07-02T15:59:00,15,3,49,80,14.2,150,5.7
S00427,ST04,2026-07-02T16:11:00,16,3,39,99,35.2,150,14.1
S00429,ST04,2026-07-02T16:17:00,16,3,45,79,16.3,60,16.3
S00432,ST05,2026-07-02T16:18:00,16,3,17,88,45.2,120,22.6
S00428,ST04,2026-07-02T16:22:00,16,3,26,89,35.9,50,43.1
S00424,ST02,2026-07-02T16:26:00,16,3,42,94,31.9,120,15.9
S00423,ST02,2026-07-02T16:28:00,16,3,30,83,24.0,50,28.8
S00431,ST05,2026-07-02T16:30:00,16,3,32,87,40.0,60,40.0
S00426,ST03,2026-07-02T16:35:00,16,3,30,91,34.6,120,17.3
S00421,ST01,2026-07-02T16:40:00,16,3,49,94,31.2,50,37.4
S00430,ST05,2026-07-02T16:45:00,16,3,23,92,44.6,60,44.6
S00420,ST01,2026-07-02T16:46:00,16,3,13,88,42.6,150,17.0
S00425,ST03,2026-07-02T16:47:00,16,3,13,92,35.4,50,42.5
S00422,ST01,2026-07-02T16:52:00,16,3,25,71,27.6,22,75.3
S00438,ST02,2026-07-02T17:03:00,17,3,43,77,21.2,22,57.8
S00439,ST02,2026-07-02T17:06:00,17,3,36,80,28.6,22,78.0
S00447,ST04,2026-07-02T17:06:00,17,3,31,79,26.8,150,10.7
S00452,ST05,2026-07-02T17:11:00,17,3,49,97,29.9,120,14.9
S00444,ST04,2026-07-02T17:11:00,17,3,36,98,43.0,22,117.3
S00436,ST01,2026-07-02T17:13:00,17,3,22,96,43.5,150,17.4
S00434,ST01,2026-07-02T17:18:00,17,3,12,79,49.2,22,134.2
S00442,ST03,2026-07-02T17:20:00,17,3,28,90,26.1,22,71.2
S00435,ST01,2026-07-02T17:22:00,17,3,38,90,25.5,120,12.8
S00433,ST01,2026-07-02T17:25:00,17,3,32,100,45.6,50,54.7
S00449,ST04,2026-07-02T17:29:00,17,3,27,76,33.5,60,33.5
S00450,ST05,2026-07-02T17:29:00,17,3,26,92,30.7,60,30.7
S00448,ST04,2026-07-02T17:33:00,17,3,41,98,41.5,150,16.6
S00443,ST03,2026-07-02T17:41:00,17,3,46,77,18.2,22,49.6
S00440,ST02,2026-07-02T17:43:00,17,3,18,70,38.4,50,46.1
S00437,ST01,2026-07-02T17:44:00,17,3,27,74,20.6,150,8.2
S00451,ST05,2026-07-02T17:50:00,17,3,28,88,38.2,50,45.8
S00453,ST05,2026-07-02T17:52:00,17,3,37,86,25.2,120,12.6
S00445,ST04,2026-07-02T17:53:00,17,3,35,95,34.4,60,34.4
S00446,ST04,2026-07-02T17:56:00,17,3,12,70,29.3,150,11.7
S00441,ST03,2026-07-02T17:59:00,17,3,40,85,28.2,60,28.2
S00455,ST01,2026-07-02T18:00:00,18,3,26,82,27.0,60,27.0
S00474,ST05,2026-07-02T18:02:00,18,3,28,83,25.5,50,30.6
S00465,ST03,2026-07-02T18:04:00,18,3,46,73,11.4,150,4.6
S00454,ST01,2026-07-02T18:11:00,18,3,18,85,34.4,50,41.3
S00466,ST04,2026-07-02T18:12:00,18,3,46,87,18.6,60,18.6
S00457,ST01,2026-07-02T18:16:00,18,3,33,92,28.5,22,77.7
S00456,ST01,2026-07-02T18:21:00,18,3,29,88,38.5,22,105.0
S00460,ST02,2026-07-02T18:23:00,18,3,49,77,13.3,50,16.0
S00462,ST02,2026-07-02T18:23:00,18,3,36,92,33.2,120,16.6
S00469,ST04,2026-07-02T18:28:00,18,3,13,84,31.7,120,15.8
S00458,ST01,2026-07-02T18:29:00,18,3,29,75,24.9,150,10.0
S00470,ST04,2026-07-02T18:29:00,18,3,46,71,14.9,60,14.9
S00461,ST02,2026-07-02T18:30:00,18,3,19,84,43.0,150,17.2
S00473,ST05,2026-07-02T18:34:00,18,3,13,99,61.3,120,30.7
S00472,ST05,2026-07-02T18:37:00,18,3,14,71,31.3,22,85.4
S00468,ST04,2026-07-02T18:45:00,18,3,47,85,16.4,150,6.6
S00471,ST04,2026-07-02T18:46:00,18,3,11,82,34.7,22,94.6
S00475,ST05,2026-07-02T18:49:00,18,3,36,81,33.6,120,16.8
S00463,ST03,2026-07-02T18:51:00,18,3,23,94,34.5,150,13.8
S00467,ST04,2026-07-02T18:54:00,18,3,43,84,18.1,50,21.7
S00464,ST03,2026-07-02T18:55:00,18,3,15,86,39.5,60,39.5
S00459,ST02,2026-07-02T18:56:00,18,3,29,92,27.8,60,27.8
S00482,ST02,2026-07-02T19:02:00,19,3,36,89,35.4,22,96.5
S00489,ST04,2026-07-02T19:03:00,19,3,45,100,33.4,50,40.1
S00486,ST03,2026-07-02T19:08:00,19,3,42,79,17.8,150,7.1
S00477,ST01,2026-07-02T19:08:00,19,3,32,73,19.0,150,7.6
S00483,ST02,2026-07-02T19:15:00,19,3,23,72,21.3,22,58.1
S00496,ST05,2026-07-02T19:16:00,19,3,23,80,35.7,120,17.9
S00481,ST02,2026-07-02T19:22:00,19,3,19,78,27.5,22,75.0
S00478,ST01,2026-07-02T19:25:00,19,3,43,74,20.3,50,24.4
S00495,ST05,2026-07-02T19:26:00,19,3,45,86,18.3,50,22.0
S00492,ST04,2026-07-02T19:26:00,19,3,19,79,31.9,150,12.8
S00485,ST03,2026-07-02T19:28:00,19,3,24,87,30.0,22,81.8
S00480,ST01,2026-07-02T19:29:00,19,3,44,83,22.9,50,27.5
S00487,ST04,2026-07-02T19:38:00,19,3,30,77,23.8,50,28.6
S00490,ST04,2026-07-02T19:40:00,19,3,37,87,28.7,60,28.7
S00491,ST04,2026-07-02T19:41:00,19,3,34,95,35.6,120,17.8
S00488,ST04,2026-07-02T19:42:00,19,3,43,77,18.5,60,18.5
S00484,ST03,2026-07-02T19:43:00,19,3,13,77,42.2,120,21.1
S00494,ST05,2026-07-02T19:51:00,19,3,39,99,25.2,120,12.6
S00479,ST01,2026-07-02T19:53:00,19,3,10,94,34.3,60,34.3
S00493,ST05,2026-07-02T19:54:00,19,3,24,79,38.5,50,46.2
S00476,ST01,2026-07-02T19:58:00,19,3,34,82,20.5,150,8.2
S00517,ST05,2026-07-02T20:04:00,20,3,19,70,24.3,120,12.2
S00497,ST01,2026-07-02T20:05:00,20,3,44,93,33.8,22,92.2
S00513,ST04,2026-07-02T20:10:00,20,3,18,93,44.3,50,53.2
S00498,ST01,2026-07-02T20:17:00,20,3,34,91,34.9,22,95.2
S00505,ST02,2026-07-02T20:19:00,20,3,26,81,31.9,120,15.9
S00501,ST01,2026-07-02T20:19:00,20,3,10,76,48.0,22,130.9
S00504,ST02,2026-07-02T20:20:00,20,3,28,82,30.4,60,30.4
S00507,ST03,2026-07-02T20:23:00,20,3,30,83,22.0,50,26.4
S00518,ST05,2026-07-02T20:23:00,20,3,13,89,47.4,150,19.0
S00510,ST04,2026-07-02T20:24:00,20,3,46,96,24.3,150,9.7
S00509,ST04,2026-07-02T20:26:00,20,3,28,74,21.6,50,25.9
S00511,ST04,2026-07-02T20:41:00,20,3,31,78,31.4,120,15.7
S00503,ST02,2026-07-02T20:45:00,20,3,23,82,42.5,150,17.0
S00500,ST01,2026-07-02T20:46:00,20,3,45,76,17.6,60,17.6
S00512,ST04,2026-07-02T20:46:00,20,3,41,84,19.7,60,19.7
S00508,ST03,2026-07-02T20:47:00,20,3,19,70,25.1,150,10.0
S00516,ST05,2026-07-02T20:48:00,20,3,10,83,32.7,50,39.2
S00502,ST02,2026-07-02T20:48:00,20,3,40,99,28.6,150,11.4
S00506,ST03,2026-07-02T20:51:00,20,3,40,94,37.5,50,45.0
S00515,ST05,2026-07-02T20:54:00,20,3,14,100,59.0,22,160.9
S00499,ST01,2026-07-02T20:55:00,20,3,14,76,42.3,150,16.9
S00514,ST04,2026-07-02T20:58:00,20,3,44,90,33.8,150,13.5
S00520,ST02,2026-07-02T21:01:00,21,3,43,93,24.8,60,24.8
S00522,ST04,2026-07-02T21:06:00,21,3,16,86,31.6,50,37.9
S00523,ST05,2026-07-02T21:16:00,21,3,32,78,31.2,22,85.1
S00519,ST01,2026-07-02T21:42:00,21,3,41,70,11.7,150,4.7
S00521,ST04,2026-07-02T21:43:00,21,3,37,95,42.3,50,50.8
S00524,ST01,2026-07-02T22:25:00,22,3,39,88,23.8,50,28.6
S00526,ST04,2026-07-02T22:35:00,22,3,40,71,19.3,50,23.2
S00525,ST02,2026-07-02T22:52:00,22,3,15,90,56.0,22,152.7
S00527,ST05,2026-07-02T22:54:00,22,3,37,90,35.8,150,14.3
S00528,ST01,2026-07-02T23:06:00,23,3,43,99,23.2,50,27.8
S00530,ST02,2026-07-02T23:17:00,23,3,44,88,27.7,50,33.2
S00531,ST03,2026-07-02T23:20:00,23,3,11,100,42.1,50,50.5
S00534,ST05,2026-07-02T23:34:00,23,3,31,82,33.9,50,40.7
S00533,ST04,2026-07-02T23:36:00,23,3,25,88,43.6,120,21.8
S00532,ST04,2026-07-02T23:45:00,23,3,35,99,27.3,50,32.8
S00529,ST01,2026-07-02T23:57:00,23,3,46,85,19.3,22,52.6
S00537,ST04,2026-07-03T00:25:00,0,4,30,70,24.9,120,12.4
S00538,ST04,2026-07-03T00:31:00,0,4,24,81,33.8,120,16.9
S00539,ST05,2026-07-03T00:43:00,0,4,47,91,23.5,150,9.4
S00535,ST01,2026-07-03T00:44:00,0,4,15,86,46.9,60,46.9
S00536,ST03,2026-07-03T00:53:00,0,4,14,80,40.4,150,16.2
S00543,ST05,2026-07-03T01:11:00,1,4,37,84,28.0,150,11.2
S00540,ST01,2026-07-03T01:15:00,1,4,14,72,28.6,120,14.3
S00542,ST04,2026-07-03T01:19:00,1,4,38,81,28.7,22,78.3
S00541,ST02,2026-07-03T01:40:00,1,4,19,93,39.7,60,39.7
S00544,ST01,2026-07-03T02:01:00,2,4,15,81,39.2,150,15.7
S00548,ST05,2026-07-03T02:09:00,2,4,14,75,33.7,120,16.9
S00547,ST04,2026-07-03T02:10:00,2,4,34,75,18.4,60,18.4
S00545,ST02,2026-07-03T02:20:00,2,4,34,70,18.1,120,9.1
S00546,ST03,2026-07-03T02:46:00,2,4,45,98,39.6,50,47.5
S00551,ST04,2026-07-03T03:25:00,3,4,31,96,40.1,60,40.1
S00552,ST05,2026-07-03T03:27:00,3,4,48,74,13.1,150,5.2
S00550,ST02,2026-07-03T03:31:00,3,4,48,89,19.2,22,52.4
S00549,ST01,2026-07-03T03:50:00,3,4,14,81,32.7,50,39.2
S00553,ST01,2026-07-03T04:12:00,4,4,40,80,18.5,120,9.2
S00558,ST05,2026-07-03T04:13:00,4,4,38,95,28.6,22,78.0
S00554,ST01,2026-07-03T04:20:00,4,4,28,93,41.8,120,20.9
S00557,ST04,2026-07-03T04:49:00,4,4,45,70,18.3,120,9.2
S00555,ST02,2026-07-03T04:50:00,4,4,25,80,29.2,120,14.6
S00556,ST03,2026-07-03T04:59:00,4,4,46,76,18.2,150,7.3
S00561,ST04,2026-07-03T05:30:00,5,4,47,82,20.5,120,10.2
S00562,ST04,2026-07-03T05:34:00,5,4,12,95,61.3,150,24.5
S00560,ST02,2026-07-03T05:42:00,5,4,19,92,40.0,120,20.0
S00559,ST01,2026-07-03T05:50:00,5,4,36,91,31.6,60,31.6
S00563,ST05,2026-07-03T05:58:00,5,4,15,73,38.8,60,38.8
S00568,ST05,2026-07-03T06:09:00,6,4,32,70,21.6,60,21.6
S00565,ST02,2026-07-03T06:21:00,6,4,37,73,14.5,60,14.5
S00567,ST04,2026-07-03T06:23:00,6,4,35,84,32.8,150,13.1
S00566,ST04,2026-07-03T06:35:00,6,4,47,92,27.1,120,13.6
S00564,ST01,2026-07-03T06:39:00,6,4,12,88,56.6,120,28.3
S00572,ST04,2026-07-03T07:02:00,7,4,17,70,37.0,22,100.9
S00569,ST01,2026-07-03T07:05:00,7,4,17,96,57.6,50,69.1
S00571,ST03,2026-07-03T07:06:00,7,4,38,93,35.4,60,35.4
S00573,ST05,2026-07-03T07:10:00,7,4,25,86,28.1,50,33.7
S00570,ST02,2026-07-03T07:21:00,7,4,39,95,26.5,120,13.2
S00588,ST04,2026-07-03T08:08:00,8,4,21,80,41.0,150,16.4
S00575,ST01,2026-07-03T08:11:00,8,4,50,91,22.6,22,61.6
S00579,ST02,2026-07-03T08:11:00,8,4,33,80,22.0,22,60.0
S00584,ST04,2026-07-03T08:15:00,8,4,29,73,20.4,50,24.5
S00580,ST02,2026-07-03T08:16:00,8,4,41,86,33.2,60,33.2
S00589,ST05,2026-07-03T08:22:00,8,4,10,85,33.6,120,16.8
S00586,ST04,2026-07-03T08:24:00,8,4,37,75,21.7,150,8.7
S00591,ST05,2026-07-03T08:26:00,8,4,38,85,21.6,150,8.6
S00574,ST01,2026-07-03T08:27:00,8,4,39,77,25.8,50,31.0
S00577,ST01,2026-07-03T08:27:00,8,4,34,70,23.3,50,28.0
S00585,ST04,2026-07-03T08:32:00,8,4,34,83,29.8,150,11.9
S00590,ST05,2026-07-03T08:35:00,8,4,42,90,27.5,120,13.8
S00581,ST03,2026-07-03T08:39:00,8,4,35,88,23.3,60,23.3
S00587,ST04,2026-07-03T08:44:00,8,4,21,87,30.3,60,30.3
S00578,ST02,2026-07-03T08:45:00,8,4,14,88,32.2,150,12.9
S00576,ST01,2026-07-03T08:47:00,8,4,49,98,23.0,150,9.2
S00582,ST03,2026-07-03T08:54:00,8,4,39,89,23.0,60,23.0
S00583,ST03,2026-07-03T08:58:00,8,4,49,88,16.8,50,20.2
S00599,ST03,2026-07-03T09:07:00,9,4,25,76,34.9,150,14.0
S00595,ST01,2026-07-03T09:07:00,9,4,27,94,39.5,60,39.5
S00605,ST04,2026-07-03T09:08:00,9,4,36,99,26.5,60,26.5
S00607,ST04,2026-07-03T09:09:00,9,4,30,96,32.1,120,16.1
S00601,ST03,2026-07-03T09:10:00,9,4,49,74,16.9,50,20.3
S00603,ST04,2026-07-03T09:10:00,9,4,30,92,31.2,150,12.5
S00597,ST02,2026-07-03T09:13:00,9,4,37,73,23.7,50,28.4
S00604,ST04,2026-07-03T09:17:00,9,4,42,98,35.7,22,97.4
S00598,ST02,2026-07-03T09:19:00,9,4,12,84,35.4,22,96.5
S00610,ST05,2026-07-03T09:25:00,9,4,42,93,25.4,60,25.4
S00609,ST05,2026-07-03T09:28:00,9,4,14,90,51.5,22,140.5
S00611,ST05,2026-07-03T09:29:00,9,4,41,80,23.5,22,64.1
S00593,ST01,2026-07-03T09:34:00,9,4,28,75,31.6,150,12.6
S00608,ST05,2026-07-03T09:36:00,9,4,50,78,17.4,120,8.7
S00602,ST04,2026-07-03T09:36:00,9,4,32,87,27.4,150,11.0
S00600,ST03,2026-07-03T09:44:00,9,4,32,97,42.2,120,21.1
S00594,ST01,2026-07-03T09:47:00,9,4,41,87,26.6,150,10.6
S00592,ST01,2026-07-03T09:48:00,9,4,24,79,22.6,50,27.1
S00596,ST02,2026-07-03T09:48:00,9,4,12,94,53.4,150,21.4
S00606,ST04,2026-07-03T09:55:00,9,4,18,92,52.0,50,62.4
S00624,ST04,2026-07-03T10:00:00,10,4,10,92,42.7,22,116.5
S00617,ST02,2026-07-03T10:01:00,10,4,17,99,57.4,120,28.7
S00621,ST03,2026-07-03T10:03:00,10,4,35,90,27.9,50,33.5
S00620,ST03,2026-07-03T10:05:00,10,4,33,78,19.3,50,23.2
S00622,ST04,2026-07-03T10:05:00,10,4,16,70,25.6,22,69.8
S00623,ST04,2026-07-03T10:08:00,10,4,47,77,17.5,120,8.8
S00626,ST04,2026-07-03T10:14:00,10,4,34,72,24.9,22,67.9
S00619,ST03,2026-07-03T10:19:00,10,4,20,97,55.9,60,55.9
S00615,ST01,2026-07-03T10:21:00,10,4,45,88,19.2,120,9.6
S00627,ST05,2026-07-03T10:23:00,10,4,29,74,24.0,50,28.8
S00612,ST01,2026-07-03T10:29:00,10,4,50,91,26.4,22,72.0
S00618,ST02,2026-07-03T10:29:00,10,4,10,100,49.5,50,59.4
S00629,ST05,2026-07-03T10:39:00,10,4,20,84,33.5,50,40.2
S00628,ST05,2026-07-03T10:41:00,10,4,19,72,31.0,22,84.5
S00613,ST01,2026-07-03T10:50:00,10,4,44,82,18.1,120,9.1
S00614,ST01,2026-07-03T10:52:00,10,4,23,85,30.6,60,30.6
S00625,ST04,2026-07-03T10:55:00,10,4,37,92,24.5,22,66.8
S00616,ST02,2026-07-03T10:57:00,10,4,13,71,25.2,120,12.6
S00631,ST01,2026-07-03T11:05:00,11,4,16,74,38.5,150,15.4
S00637,ST04,2026-07-03T11:07:00,11,4,25,85,37.4,22,102.0
S00630,ST01,2026-07-03T11:09:00,11,4,36,89,33.9,50,40.7
S00636,ST03,2026-07-03T11:12:00,11,4,35,79,27.6,50,33.1
S00633,ST02,2026-07-03T11:15:00,11,4,27,90,27.1,150,10.8
S00641,ST05,2026-07-03T11:16:00,11,4,23,71,34.7,120,17.4
S00639,ST04,2026-07-03T11:24:00,11,4,46,83,19.5,50,23.4
S00642,ST05,2026-07-03T11:32:00,11,4,28,90,40.3,120,20.1
S00638,ST04,2026-07-03T11:33:00,11,4,10,81,51.6,50,61.9
S00634,ST02,2026-07-03T11:38:00,11,4,48,93,27.6,22,75.3
S00635,ST03,2026-07-03T11:42:00,11,4,29,76,27.3,150,10.9
S00632,ST01,2026-07-03T11:46:00,11,4,34,81,34.6,60,34.6
S00640,ST05,2026-07-03T11:49:00,11,4,14,70,33.9,22,92.5
S00647,ST02,2026-07-03T12:03:00,12,4,25,72,34.0,22,92.7
S00655,ST05,2026-07-03T12:03:00,12,4,41,97,33.5,60,33.5
S00649,ST03,2026-07-03T12:07:00,12,4,10,92,36.7,22,100.1
S00644,ST01,2026-07-03T12:09:00,12,4,27,72,22.9,150,9.2
S00651,ST04,2026-07-03T12:10:00,12,4,33,74,27.2,60,27.2
S00653,ST05,2026-07-03T12:17:00,12,4,43,72,14.3,150,5.7
S00650,ST04,2026-07-03T12:22:00,12,4,43,86,29.0,60,29.0
S00643,ST01,2026-07-03T12:25:00,12,4,15,90,44.1,150,17.6
S00648,ST03,2026-07-03T12:38:00,12,4,13,79,41.8,50,50.2
S00646,ST02,2026-07-03T12:40:00,12,4,14,79,41.9,50,50.3
S00654,ST05,2026-07-03T12:40:00,12,4,14,85,39.7,60,39.7
S00652,ST04,2026-07-03T12:46:00,12,4,17,94,55.1,60,55.1
S00645,ST01,2026-07-03T12:58:00,12,4,23,95,32.7,60,32.7
S00662,ST04,2026-07-03T13:11:00,13,4,24,95,41.2,22,112.4
S00665,ST05,2026-07-03T13:12:00,13,4,28,88,40.5,150,16.2
S00657,ST01,2026-07-03T13:14:00,13,4,42,70,11.6,22,31.6
S00666,ST05,2026-07-03T13:15:00,13,4,39,81,25.5,120,12.8
S00660,ST03,2026-07-03T13:15:00,13,4,36,99,41.1,60,41.1
S00663,ST04,2026-07-03T13:25:00,13,4,14,98,47.3,60,47.3
S00658,ST02,2026-07-03T13:30:00,13,4,33,82,35.4,50,42.5
S00661,ST04,2026-07-03T13:36:00,13,4,33,73,23.0,22,62.7
S00656,ST01,2026-07-03T13:49:00,13,4,16,98,49.3,22,134.5
S00664,ST04,2026-07-03T13:49:00,13,4,29,80,21.9,120,10.9
S00659,ST02,2026-07-03T13:59:00,13,4,12,87,51.1,120,25.6
S00670,ST02,2026-07-03T14:00:00,14,4,34,97,41.5,60,41.5
S00672,ST03,2026-07-03T14:03:00,14,4,19,92,36.3,22,99.0
S00679,ST05,2026-07-03T14:04:00,14,4,22,74,35.0,150,14.0
S00680,ST05,2026-07-03T14:06:00,14,4,19,73,24.7,120,12.3
S00671,ST02,2026-07-03T14:06:00,14,4,23,86,46.9,120,23.4
S00668,ST01,2026-07-03T14:09:00,14,4,10,99,48.4,50,58.1
S00677,ST04,2026-07-03T14:15:00,14,4,28,78,34.9,120,17.4
S00674,ST04,2026-07-03T14:23:00,14,4,39,93,23.2,22,63.3
S00675,ST04,2026-07-03T14:32:00,14,4,18,90,49.5,22,135.0
S00669,ST01,2026-07-03T14:34:00,14,4,32,90,40.2,22,109.6
S00676,ST04,2026-07-03T14:37:00,14,4,46,71,13.8,50,16.6
S00678,ST05,2026-07-03T14:47:00,14,4,30,80,27.9,50,33.5
S00667,ST01,2026-07-03T14:49:00,14,4,22,93,50.8,50,61.0
S00673,ST03,2026-07-03T14:58:00,14,4,24,98,51.5,120,25.8
S00684,ST02,2026-07-03T15:02:00,15,4,23,96,51.1,50,61.3
S00681,ST01,2026-07-03T15:07:00,15,4,44,81,27.3,50,32.8
S00686,ST04,2026-07-03T15:11:00,15,4,11,100,48.2,120,24.1
S00685,ST03,2026-07-03T15:15:00,15,4,32,82,29.0,60,29.0
S00682,ST01,2026-07-03T15:28:00,15,4,29,84,27.1,22,73.9
S00687,ST04,2026-07-03T15:35:00,15,4,45,77,13.9,22,37.9
S00690,ST05,2026-07-03T15:37:00,15,4,47,78,22.4,22,61.1
S00683,ST02,2026-07-03T15:51:00,15,4,29,96,43.3,150,17.3
S00688,ST04,2026-07-03T15:51:00,15,4,18,73,22.2,50,26.6
S00689,ST05,2026-07-03T15:52:00,15,4,35,81,29.4,22,80.2
S00696,ST03,2026-07-03T16:02:00,16,4,49,89,24.6,60,24.6
S00691,ST01,2026-07-03T16:04:00,16,4,22,98,47.6,50,57.1
S00692,ST01,2026-07-03T16:05:00,16,4,31,73,17.4,120,8.7
S00702,ST05,2026-07-03T16:11:00,16,4,11,80,42.0,22,114.5
S00699,ST04,2026-07-03T16:15:00,16,4,50,95,26.6,22,72.5
S00701,ST05,2026-07-03T16:22:00,16,4,46,86,20.5,60,20.5
S00698,ST04,2026-07-03T16:24:00,16,4,18,83,30.5,150,12.2
S00694,ST02,2026-07-03T16:31:00,16,4,11,82,45.4,50,54.5
S00700,ST05,2026-07-03T16:50:00,16,4,32,85,31.3,120,15.7
S00697,ST04,2026-07-03T16:56:00,16,4,45,85,16.9,60,16.9
S00695,ST03,2026-07-03T16:58:00,16,4,21,78,28.4,50,34.1
S00693,ST02,2026-07-03T16:59:00,16,4,46,83,25.4,120,12.7
S00713,ST03,2026-07-03T17:01:00,17,4,43,85,16.8,150,6.7
S00712,ST03,2026-07-03T17:02:00,17,4,15,71,27.0,50,32.4
S00715,ST04,2026-07-03T17:03:00,17,4,11,74,38.1,50,45.7
S00717,ST04,2026-07-03T17:04:00,17,4,33,92,43.1,120,21.6
S00714,ST04,2026-07-03T17:08:00,17,4,31,92,28.2,60,28.2
S00719,ST04,2026-07-03T17:10:00,17,4,37,95,36.2,120,18.1
S00705,ST01,2026-07-03T17:10:00,17,4,16,77,38.4,60,38.4
S00723,ST05,2026-07-03T17:11:00,17,4,10,100,58.1,150,23.2
S00720,ST05,2026-07-03T17:11:00,17,4,45,92,33.4,150,13.4
S00722,ST05,2026-07-03T17:24:00,17,4,29,93,41.0,50,49.2
S00704,ST01,2026-07-03T17:33:00,17,4,32,94,37.5,50,45.0
S00706,ST01,2026-07-03T17:34:00,17,4,13,94,60.6,50,72.7
S00707,ST01,2026-07-03T17:36:00,17,4,34,81,34.2,50,41.0
S00710,ST02,2026-07-03T17:36:00,17,4,46,74,16.7,50,20.0
S00708,ST02,2026-07-03T17:37:00,17,4,30,95,42.8,60,42.8
S00718,ST04,2026-07-03T17:37:00,17,4,16,80,32.4,50,38.9
S00716,ST04,2026-07-03T17:49:00,17,4,17,97,46.7,60,46.7
S00703,ST01,2026-07-03T17:49:00,17,4,27,71,30.1,120,15.1
S00721,ST05,2026-07-03T17:50:00,17,4,32,77,28.5,50,34.2
S00711,ST03,2026-07-03T17:51:00,17,4,41,87,23.4,120,11.7
S00709,ST02,2026-07-03T17:58:00,17,4,47,70,14.9,60,14.9
S00736,ST04,2026-07-03T18:10:00,18,4,34,75,26.9,150,10.8
S00734,ST03,2026-07-03T18:10:00,18,4,38,72,23.1,22,63.0
S00740,ST04,2026-07-03T18:13:00,18,4,22,83,39.3,150,15.7
S00729,ST02,2026-07-03T18:13:00,18,4,25,92,28.4,60,28.4
S00727,ST01,2026-07-03T18:15:00,18,4,32,80,22.0,22,60.0
S00741,ST05,2026-07-03T18:18:00,18,4,29,77,20.8,120,10.4
S00735,ST04,2026-07-03T18:20:00,18,4,26,100,32.3,60,32.3
S00732,ST03,2026-07-03T18:22:00,18,4,44,82,16.5,120,8.2
S00743,ST05,2026-07-03T18:23:00,18,4,10,83,31.4,150,12.6
S00731,ST02,2026-07-03T18:28:00,18,4,36,75,27.7,120,13.8
S00744,ST05,2026-07-03T18:30:00,18,4,22,73,20.9,50,25.1
S00742,ST05,2026-07-03T18:36:00,18,4,45,96,29.2,22,79.6
S00739,ST04,2026-07-03T18:38:00,18,4,37,75,15.9,60,15.9
S00724,ST01,2026-07-03T18:49:00,18,4,46,71,11.6,60,11.6
S00733,ST03,2026-07-03T18:50:00,18,4,46,90,29.3,50,35.2
S00730,ST02,2026-07-03T18:50:00,18,4,16,93,30.8,120,15.4
S00728,ST01,2026-07-03T18:52:00,18,4,50,93,30.5,120,15.2
S00737,ST04,2026-07-03T18:57:00,18,4,15,80,39.5,150,15.8
S00738,ST04,2026-07-03T18:57:00,18,4,40,92,21.4,50,25.7
S00725,ST01,2026-07-03T18:58:00,18,4,49,77,17.5,22,47.7
S00726,ST01,2026-07-03T18:59:00,18,4,41,74,17.0,22,46.4
S00745,ST01,2026-07-03T19:05:00,19,4,40,97,25.1,120,12.6
S00759,ST04,2026-07-03T19:05:00,19,4,34,87,28.6,60,28.6
S00762,ST05,2026-07-03T19:09:00,19,4,19,88,41.8,22,114.0
S00756,ST04,2026-07-03T19:10:00,19,4,23,95,33.7,22,91.9
S00753,ST03,2026-07-03T19:15:00,19,4,40,79,16.7,22,45.5
S00765,ST05,2026-07-03T19:16:00,19,4,34,90,31.9,150,12.8
S00748,ST01,2026-07-03T19:23:00,19,4,21,84,26.2,120,13.1
S00751,ST02,2026-07-03T19:26:00,19,4,47,77,17.8,120,8.9
S00757,ST04,2026-07-03T19:27:00,19,4,15,91,42.0,50,50.4
S00749,ST01,2026-07-03T19:29:00,19,4,26,77,35.3,150,14.1
S00746,ST01,2026-07-03T19:30:00,19,4,41,98,36.0,22,98.2
S00754,ST03,2026-07-03T19:32:00,19,4,46,98,30.2,150,12.1
S00747,ST01,2026-07-03T19:41:00,19,4,44,82,17.7,120,8.8
S00755,ST03,2026-07-03T19:43:00,19,4,49,74,11.1,120,5.5
S00750,ST02,2026-07-03T19:48:00,19,4,16,72,35.5,150,14.2
S00761,ST04,2026-07-03T19:50:00,19,4,49,88,22.7,120,11.3
S00752,ST02,2026-07-03T19:52:00,19,4,43,83,29.5,120,14.8
S00758,ST04,2026-07-03T19:53:00,19,4,48,78,15.4,22,42.0
S00760,ST04,2026-07-03T19:54:00,19,4,27,86,33.1,22,90.3
S00764,ST05,2026-07-03T19:55:00,19,4,44,98,28.1,120,14.1
S00763,ST05,2026-07-03T19:59:00,19,4,16,88,48.4,60,48.4
S00777,ST03,2026-07-03T20:01:00,20,4,21,76,38.8,50,46.6
S00783,ST04,2026-07-03T20:10:00,20,4,26,93,46.3,22,126.3
S00766,ST01,2026-07-03T20:11:00,20,4,27,82,24.8,150,9.9
S00771,ST02,2026-07-03T20:14:00,20,4,18,79,45.2,120,22.6
S00781,ST04,2026-07-03T20:15:00,20,4,33,85,31.6,50,37.9
S00778,ST04,2026-07-03T20:15:00,20,4,12,84,30.1,60,30.1
S00786,ST05,2026-07-03T20:17:00,20,4,36,86,20.4,22,55.6
S00770,ST01,2026-07-03T20:19:00,20,4,27,96,39.5,22,107.7
S00784,ST05,2026-07-03T20:24:00,20,4,13,75,43.3,50,52.0
S00776,ST03,2026-07-03T20:25:00,20,4,18,94,53.0,150,21.2
S00787,ST05,2026-07-03T20:30:00,20,4,18,90,33.2,22,90.5
S00780,ST04,2026-07-03T20:32:00,20,4,35,90,39.8,22,108.5
S00775,ST03,2026-07-03T20:32:00,20,4,20,72,26.5,150,10.6
S00773,ST02,2026-07-03T20:41:00,20,4,15,76,33.8,120,16.9
S00767,ST01,2026-07-03T20:43:00,20,4,35,71,19.4,60,19.4
S00768,ST01,2026-07-03T20:44:00,20,4,25,71,30.4,60,30.4
S00779,ST04,2026-07-03T20:45:00,20,4,22,78,29.6,120,14.8
S00774,ST02,2026-07-03T20:47:00,20,4,41,94,30.8,60,30.8
S00772,ST02,2026-07-03T20:49:00,20,4,30,78,31.4,150,12.6
S00785,ST05,2026-07-03T20:54:00,20,4,24,90,31.6,50,37.9
S00782,ST04,2026-07-03T20:55:00,20,4,40,88,28.5,60,28.5
S00769,ST01,2026-07-03T20:57:00,20,4,33,70,19.2,60,19.2
S00789,ST02,2026-07-03T21:24:00,21,4,32,84,25.4,120,12.7
S00788,ST01,2026-07-03T21:38:00,21,4,29,92,46.5,60,46.5
S00790,ST04,2026-07-03T21:39:00,21,4,35,88,23.1,150,9.2
S00791,ST05,2026-07-03T21:53:00,21,4,33,87,33.8,150,13.5
S00794,ST04,2026-07-03T22:15:00,22,4,13,95,57.4,150,23.0
S00795,ST05,2026-07-03T22:20:00,22,4,18,93,30.7,120,15.3
S00792,ST01,2026-07-03T22:43:00,22,4,16,85,29.1,60,29.1
S00793,ST02,2026-07-03T22:55:00,22,4,27,78,32.1,60,32.1
S00800,ST04,2026-07-03T23:06:00,23,4,40,74,22.4,150,9.0
S00801,ST05,2026-07-03T23:11:00,23,4,31,90,25.4,60,25.4
S00796,ST01,2026-07-03T23:16:00,23,4,36,82,24.7,22,67.4
S00797,ST01,2026-07-03T23:37:00,23,4,46,96,23.3,50,28.0
S00798,ST02,2026-07-03T23:40:00,23,4,40,99,43.0,60,43.0
S00799,ST03,2026-07-03T23:54:00,23,4,20,96,47.9,150,19.2
S00807,ST05,2026-07-04T00:12:00,0,5,31,83,38.8,120,19.4
S00805,ST04,2026-07-04T00:12:00,0,5,42,73,21.8,120,10.9
S00806,ST04,2026-07-04T00:33:00,0,5,29,83,22.6,50,27.1
S00803,ST02,2026-07-04T00:37:00,0,5,28,84,39.1,120,19.6
S00804,ST03,2026-07-04T00:40:00,0,5,47,88,30.0,22,81.8
S00802,ST01,2026-07-04T00:55:00,0,5,29,83,36.5,60,36.5
S00809,ST02,2026-07-04T01:11:00,1,5,30,90,25.2,120,12.6
S00813,ST05,2026-07-04T01:12:00,1,5,33,100,27.1,60,27.1
S00812,ST04,2026-07-04T01:25:00,1,5,37,100,35.7,22,97.4
S00810,ST03,2026-07-04T01:48:00,1,5,20,88,45.4,120,22.7
S00811,ST04,2026-07-04T01:49:00,1,5,15,74,36.3,120,18.1
S00808,ST01,2026-07-04T01:55:00,1,5,21,94,31.3,60,31.3
S00820,ST05,2026-07-04T02:01:00,2,5,47,86,17.9,60,17.9
S00818,ST04,2026-07-04T02:08:00,2,5,31,98,38.3,50,46.0
S00819,ST04,2026-07-04T02:10:00,2,5,35,70,16.8,50,20.2
S00815,ST01,2026-07-04T02:14:00,2,5,32,79,20.9,120,10.4
S00816,ST02,2026-07-04T02:19:00,2,5,20,72,35.8,60,35.8
S00817,ST03,2026-07-04T02:29:00,2,5,43,89,26.8,120,13.4
S00814,ST01,2026-07-04T02:33:00,2,5,22,70,30.6,50,36.7
S00824,ST03,2026-07-04T03:07:00,3,5,45,78,18.7,50,22.4
S00823,ST02,2026-07-04T03:41:00,3,5,11,71,38.5,120,19.2
S00826,ST04,2026-07-04T03:42:00,3,5,43,78,21.6,50,25.9
S00825,ST04,2026-07-04T03:43:00,3,5,50,70,10.1,22,27.5
S00822,ST01,2026-07-04T03:49:00,3,5,44,89,18.8,22,51.3
S00821,ST01,2026-07-04T03:50:00,3,5,12,82,49.5,60,49.5
S00827,ST05,2026-07-04T03:57:00,3,5,16,86,45.6,22,124.4
S00831,ST04,2026-07-04T04:00:00,4,5,10,91,34.9,22,95.2
S00830,ST03,2026-07-04T04:02:00,4,5,45,85,28.7,120,14.3
S00833,ST05,2026-07-04T04:04:00,4,5,16,98,40.1,50,48.1
S00834,ST05,2026-07-04T04:29:00,4,5,28,78,28.1,22,76.6
S00828,ST01,2026-07-04T04:50:00,4,5,16,85,32.4,50,38.9
S00829,ST02,2026-07-04T04:53:00,4,5,43,76,17.3,120,8.7
S00832,ST04,2026-07-04T04:53:00,4,5,46,91,25.8,22,70.4
S00837,ST02,2026-07-04T05:08:00,5,5,20,80,31.5,120,15.8
S00838,ST03,2026-07-04T05:17:00,5,5,15,81,45.2,50,54.2
S00839,ST04,2026-07-04T05:25:00,5,5,39,78,27.0,120,13.5
S00836,ST01,2026-07-04T05:27:00,5,5,17,73,39.1,22,106.6
S00841,ST05,2026-07-04T05:44:00,5,5,13,100,60.5,22,165.0
S00840,ST04,2026-07-04T05:51:00,5,5,36,90,38.3,50,46.0
S00835,ST01,2026-07-04T05:55:00,5,5,12,97,42.6,60,42.6
S00843,ST01,2026-07-04T06:11:00,6,5,49,82,22.2,150,8.9
S00847,ST04,2026-07-04T06:14:00,6,5,31,86,32.1,150,12.8
S00845,ST03,2026-07-04T06:28:00,6,5,12,72,29.5,60,29.5
S00842,ST01,2026-07-04T06:37:00,6,5,40,95,33.0,120,16.5
S00848,ST05,2026-07-04T06:42:00,6,5,25,85,31.3,120,15.7
S00844,ST02,2026-07-04T06:43:00,6,5,18,85,48.4,22,132.0
S00846,ST04,2026-07-04T06:55:00,6,5,43,94,33.7,150,13.5
S00851,ST03,2026-07-04T07:04:00,7,5,41,80,18.9,60,18.9
S00853,ST04,2026-07-04T07:05:00,7,5,39,84,30.6,120,15.3
S00852,ST04,2026-07-04T07:14:00,7,5,45,90,24.0,50,28.8
S00854,ST05,2026-07-04T07:31:00,7,5,38,80,18.5,120,9.2
S00849,ST01,2026-07-04T07:52:00,7,5,45,98,39.5,22,107.7
S00850,ST02,2026-07-04T07:59:00,7,5,20,86,46.0,120,23.0
S00855,ST01,2026-07-04T08:01:00,8,5,16,82,35.9,150,14.4
S00862,ST05,2026-07-04T08:23:00,8,5,16,71,39.3,120,19.6
S00856,ST01,2026-07-04T08:35:00,8,5,10,96,37.1,150,14.8
S00857,ST02,2026-07-04T08:40:00,8,5,29,98,39.9,50,47.9
S00858,ST02,2026-07-04T08:41:00,8,5,39,100,31.7,22,86.5
S00860,ST04,2026-07-04T08:45:00,8,5,33,92,32.9,22,89.7
S00861,ST04,2026-07-04T08:48:00,8,5,24,70,23.9,60,23.9
S00859,ST03,2026-07-04T08:54:00,8,5,39,80,24.4,150,9.8
S00865,ST03,2026-07-04T09:06:00,9,5,36,71,25.4,150,10.2
S00867,ST04,2026-07-04T09:08:00,9,5,41,70,17.0,22,46.4
S00868,ST05,2026-07-04T09:27:00,9,5,47,85,27.5,50,33.0
S00863,ST01,2026-07-04T09:45:00,9,5,36,73,18.1,50,21.7
S00866,ST04,2026-07-04T09:57:00,9,5,38,84,29.0,150,11.6
S00864,ST02,2026-07-04T09:59:00,9,5,35,76,23.0,50,27.6
S00881,ST04,2026-07-04T10:01:00,10,5,34,74,16.7,22,45.5
S00869,ST01,2026-07-04T10:11:00,10,5,18,73,29.5,150,11.8
S00882,ST04,2026-07-04T10:12:00,10,5,27,94,45.2,60,45.2
S00880,ST04,2026-07-04T10:18:00,10,5,37,95,23.5,22,64.1
S00872,ST01,2026-07-04T10:18:00,10,5,38,95,25.5,120,12.8
S00886,ST05,2026-07-04T10:24:00,10,5,25,86,41.1,60,41.1
S00877,ST03,2026-07-04T10:32:00,10,5,44,92,29.9,22,81.5
S00884,ST05,2026-07-04T10:34:00,10,5,12,81,47.3,22,129.0
S00871,ST01,2026-07-04T10:38:00,10,5,25,78,28.6,60,28.6
S00870,ST01,2026-07-04T10:38:00,10,5,30,86,39.7,120,19.9
S00885,ST05,2026-07-04T10:39:00,10,5,45,97,24.9,150,10.0
S00875,ST02,2026-07-04T10:40:00,10,5,23,76,25.1,60,25.1
S00883,ST04,2026-07-04T10:43:00,10,5,26,74,33.3,60,33.3
S00879,ST04,2026-07-04T10:45:00,10,5,36,91,36.4,150,14.6
S00878,ST03,2026-07-04T10:48:00,10,5,32,87,31.2,150,12.5
S00874,ST02,2026-07-04T10:55:00,10,5,30,92,40.8,150,16.3
S00873,ST02,2026-07-04T10:56:00,10,5,42,79,25.7,150,10.3
S00876,ST03,2026-07-04T10:58:00,10,5,18,92,46.4,50,55.7
S00893,ST02,2026-07-04T11:02:00,11,5,37,78,24.4,50,29.3
S00895,ST03,2026-07-04T11:02:00,11,5,19,99,41.0,22,111.8
S00887,ST01,2026-07-04T11:03:00,11,5,34,82,26.2,60,26.2
S00903,ST05,2026-07-04T11:07:00,11,5,32,84,25.2,150,10.1
S00892,ST02,2026-07-04T11:11:00,11,5,21,93,41.7,120,20.9
S00891,ST02,2026-07-04T11:12:00,11,5,28,84,25.9,22,70.6
S00901,ST05,2026-07-04T11:21:00,11,5,33,79,21.9,150,8.8
S00900,ST04,2026-07-04T11:25:00,11,5,15,81,31.5,50,37.8
S00902,ST05,2026-07-04T11:33:00,11,5,40,87,32.3,22,88.1
S00898,ST04,2026-07-04T11:33:00,11,5,24,100,35.3,22,96.3
S00888,ST01,2026-07-04T11:35:00,11,5,13,70,37.6,50,45.1
S00889,ST01,2026-07-04T11:39:00,11,5,38,96,27.8,60,27.8
S00896,ST04,2026-07-04T11:40:00,11,5,49,96,29.7,120,14.8
S00890,ST01,2026-07-04T11:48:00,11,5,47,87,26.3,50,31.6
S00897,ST04,2026-07-04T11:50:00,11,5,46,87,21.5,60,21.5
S00899,ST04,2026-07-04T11:50:00,11,5,42,75,18.0,150,7.2
S00894,ST03,2026-07-04T11:54:00,11,5,26,70,22.7,50,27.2
S00906,ST01,2026-07-04T12:01:00,12,5,43,96,35.5,150,14.2
S00909,ST02,2026-07-04T12:10:00,12,5,44,87,17.3,22,47.2
S00908,ST02,2026-07-04T12:12:00,12,5,30,86,24.0,22,65.5
S00911,ST03,2026-07-04T12:13:00,12,5,44,96,33.6,120,16.8
S00910,ST02,2026-07-04T12:13:00,12,5,50,94,20.9,120,10.4
S00904,ST01,2026-07-04T12:15:00,12,5,12,91,56.1,120,28.1
S00914,ST04,2026-07-04T12:16:00,12,5,45,72,16.2,50,19.4
S00921,ST05,2026-07-04T12:24:00,12,5,35,96,38.5,120,19.2
S00916,ST04,2026-07-04T12:27:00,12,5,30,70,21.5,22,58.6
S00913,ST03,2026-07-04T12:29:00,12,5,31,71,17.2,22,46.9
S00917,ST04,2026-07-04T12:34:00,12,5,10,90,52.2,22,142.4
S00918,ST05,2026-07-04T12:37:00,12,5,12,92,55.8,60,55.8
S00920,ST05,2026-07-04T12:38:00,12,5,15,79,42.7,120,21.4
S00912,ST03,2026-07-04T12:41:00,12,5,14,93,50.6,22,138.0
S00907,ST01,2026-07-04T12:51:00,12,5,42,84,24.0,60,24.0
S00915,ST04,2026-07-04T12:58:00,12,5,26,83,30.5,120,15.2
S00905,ST01,2026-07-04T12:58:00,12,5,17,82,31.8,60,31.8
S00919,ST05,2026-07-04T12:59:00,12,5,42,73,15.5,60,15.5
S00924,ST01,2026-07-04T13:00:00,13,5,45,97,30.9,22,84.3
S00932,ST04,2026-07-04T13:06:00,13,5,28,89,25.9,50,31.1
S00934,ST05,2026-07-04T13:09:00,13,5,46,88,22.2,60,22.2
S00922,ST01,2026-07-04T13:14:00,13,5,18,93,40.3,150,16.1
S00923,ST01,2026-07-04T13:18:00,13,5,50,74,12.1,60,12.1
S00930,ST04,2026-07-04T13:18:00,13,5,14,78,27.8,150,11.1
S00926,ST02,2026-07-04T13:19:00,13,5,23,93,46.2,60,46.2
S00933,ST04,2026-07-04T13:20:00,13,5,41,84,22.1,60,22.1
S00935,ST05,2026-07-04T13:27:00,13,5,20,70,25.5,50,30.6
S00931,ST04,2026-07-04T13:31:00,13,5,31,81,22.2,50,26.6
S00925,ST02,2026-07-04T13:36:00,13,5,48,82,20.0,22,54.5
S00928,ST03,2026-07-04T13:39:00,13,5,26,76,22.0,150,8.8
S00936,ST05,2026-07-04T13:45:00,13,5,37,78,28.5,50,34.2
S00929,ST04,2026-07-04T13:54:00,13,5,45,84,24.4,22,66.5
S00927,ST03,2026-07-04T13:57:00,13,5,42,74,14.6,50,17.5
S00953,ST05,2026-07-04T14:02:00,14,5,30,73,27.8,150,11.1
S00939,ST01,2026-07-04T14:05:00,14,5,27,97,48.2,150,19.3
S00948,ST04,2026-07-04T14:10:00,14,5,21,88,49.0,50,58.8
S00940,ST01,2026-07-04T14:12:00,14,5,26,93,47.6,22,129.8
S00943,ST02,2026-07-04T14:13:00,14,5,12,87,36.8,150,14.7
S00950,ST05,2026-07-04T14:14:00,14,5,14,78,33.9,22,92.5
S00937,ST01,2026-07-04T14:21:00,14,5,40,84,24.5,60,24.5
S00946,ST04,2026-07-04T14:23:00,14,5,42,70,17.7,150,7.1
S00952,ST05,2026-07-04T14:24:00,14,5,40,99,33.0,22,90.0
S00938,ST01,2026-07-04T14:31:00,14,5,45,73,12.9,150,5.2
S00951,ST05,2026-07-04T14:42:00,14,5,23,86,45.2,60,45.2
S00947,ST04,2026-07-04T14:43:00,14,5,20,94,42.9,120,21.4
S00945,ST03,2026-07-04T14:46:00,14,5,28,74,25.9,150,10.4
S00949,ST04,2026-07-04T14:47:00,14,5,40,100,31.5,50,37.8
S00944,ST03,2026-07-04T14:49:00,14,5,19,81,33.3,150,13.3
S00942,ST02,2026-07-04T14:52:00,14,5,47,88,22.2,150,8.9
S00941,ST02,2026-07-04T14:57:00,14,5,11,97,49.7,22,135.5
S00958,ST02,2026-07-04T15:00:00,15,5,42,98,25.1,50,30.1
S00963,ST04,2026-07-04T15:01:00,15,5,25,71,20.5,150,8.2
S00965,ST05,2026-07-04T15:10:00,15,5,26,99,33.8,120,16.9
S00964,ST04,2026-07-04T15:10:00,15,5,18,90,41.7,150,16.7
S00962,ST04,2026-07-04T15:13:00,15,5,47,75,17.5,120,8.8
S00954,ST01,2026-07-04T15:17:00,15,5,26,88,36.6,50,43.9
S00961,ST04,2026-07-04T15:21:00,15,5,17,85,43.3,120,21.6
S00957,ST02,2026-07-04T15:22:00,15,5,32,85,35.9,150,14.4
S00960,ST03,2026-07-04T15:23:00,15,5,48,92,30.2,50,36.2
S00955,ST01,2026-07-04T15:24:00,15,5,34,81,28.5,22,77.7
S00959,ST03,2026-07-04T15:32:00,15,5,27,76,22.2,50,26.6
S00956,ST01,2026-07-04T15:33:00,15,5,26,82,41.5,50,49.8
S00966,ST05,2026-07-04T15:38:00,15,5,46,90,17.9,60,17.9
S00972,ST02,2026-07-04T16:08:00,16,5,16,70,25.4,150,10.2
S00980,ST05,2026-07-04T16:08:00,16,5,26,85,39.4,22,107.5
S00968,ST01,2026-07-04T16:10:00,16,5,24,96,39.2,50,47.0
S00967,ST01,2026-07-04T16:13:00,16,5,38,89,38.1,120,19.1
S00981,ST05,2026-07-04T16:18:00,16,5,48,98,29.5,60,29.5
S00979,ST04,2026-07-04T16:22:00,16,5,47,95,31.7,150,12.7
S00978,ST04,2026-07-04T16:27:00,16,5,24,100,51.7,120,25.9
S00975,ST03,2026-07-04T16:32:00,16,5,17,72,31.3,50,37.6
S00977,ST04,2026-07-04T16:33:00,16,5,36,81,31.8,150,12.7
S00976,ST04,2026-07-04T16:34:00,16,5,10,98,64.1,120,32.0
S00971,ST02,2026-07-04T16:38:00,16,5,47,72,12.0,120,6.0
S00970,ST01,2026-07-04T16:42:00,16,5,42,78,16.5,60,16.5
S00973,ST02,2026-07-04T16:43:00,16,5,36,96,27.1,22,73.9
S00969,ST01,2026-07-04T16:50:00,16,5,47,96,32.8,150,13.1
S00974,ST03,2026-07-04T16:57:00,16,5,49,89,16.5,150,6.6
S00983,ST01,2026-07-04T17:00:00,17,5,34,90,26.4,60,26.4
S00990,ST04,2026-07-04T17:06:00,17,5,23,86,34.0,60,34.0
S00992,ST04,2026-07-04T17:10:00,17,5,34,100,41.1,22,112.1
S00994,ST05,2026-07-04T17:14:00,17,5,33,72,23.9,120,11.9
S00988,ST03,2026-07-04T17:16:00,17,5,29,88,30.7,120,15.3
S00986,ST02,2026-07-04T17:17:00,17,5,35,94,27.8,150,11.1
S00984,ST01,2026-07-04T17:26:00,17,5,33,73,18.2,150,7.3
S00993,ST05,2026-07-04T17:30:00,17,5,48,83,15.1,60,15.1
S00987,ST03,2026-07-04T17:30:00,17,5,21,81,35.7,120,17.9
S00982,ST01,2026-07-04T17:45:00,17,5,10,88,45.5,150,18.2
S00991,ST04,2026-07-04T17:51:00,17,5,45,89,28.3,22,77.2
S00989,ST04,2026-07-04T17:54:00,17,5,17,93,36.5,50,43.8
S00985,ST02,2026-07-04T17:54:00,17,5,44,83,23.3,150,9.3
S00995,ST05,2026-07-04T17:59:00,17,5,35,89,34.0,60,34.0
S01002,ST03,2026-07-04T18:00:00,18,5,14,99,36.7,60,36.7
S01006,ST04,2026-07-04T18:06:00,18,5,45,72,15.6,60,15.6
S01004,ST04,2026-07-04T18:14:00,18,5,48,100,24.3,120,12.2
S00999,ST02,2026-07-04T18:14:00,18,5,49,75,16.5,60,16.5
S01000,ST02,2026-07-04T18:15:00,18,5,10,75,28.0,60,28.0
S00998,ST01,2026-07-04T18:18:00,18,5,22,71,33.0,150,13.2
S01001,ST03,2026-07-04T18:22:00,18,5,35,82,28.4,150,11.4
S01003,ST04,2026-07-04T18:35:00,18,5,47,81,17.7,60,17.7
S01009,ST05,2026-07-04T18:36:00,18,5,40,94,26.2,60,26.2
S01005,ST04,2026-07-04T18:36:00,18,5,10,78,31.4,150,12.6
S00996,ST01,2026-07-04T18:38:00,18,5,13,100,58.4,50,70.1
S00997,ST01,2026-07-04T18:40:00,18,5,41,84,17.4,150,7.0
S01007,ST05,2026-07-04T18:51:00,18,5,42,100,28.4,150,11.4
S01008,ST05,2026-07-04T18:52:00,18,5,46,78,20.6,120,10.3
S01015,ST02,2026-07-04T19:04:00,19,5,45,99,25.0,60,25.0
S01014,ST02,2026-07-04T19:05:00,19,5,35,91,37.1,60,37.1
S01024,ST05,2026-07-04T19:08:00,19,5,13,86,49.6,120,24.8
S01018,ST04,2026-07-04T19:12:00,19,5,25,96,43.8,50,52.6
S01010,ST01,2026-07-04T19:29:00,19,5,39,98,35.7,22,97.4
S01011,ST01,2026-07-04T19:30:00,19,5,17,78,25.8,50,31.0
S01017,ST03,2026-07-04T19:31:00,19,5,22,77,36.2,60,36.2
S01013,ST01,2026-07-04T19:33:00,19,5,44,70,16.8,60,16.8
S01020,ST04,2026-07-04T19:39:00,19,5,10,94,58.8,22,160.4
S01012,ST01,2026-07-04T19:43:00,19,5,24,95,36.2,60,36.2
S01023,ST05,2026-07-04T19:48:00,19,5,42,78,19.4,150,7.8
S01019,ST04,2026-07-04T19:49:00,19,5,16,73,41.2,120,20.6
S01021,ST04,2026-07-04T19:54:00,19,5,40,81,25.3,120,12.7
S01022,ST05,2026-07-04T19:56:00,19,5,46,97,25.3,50,30.4
S01016,ST03,2026-07-04T19:57:00,19,5,46,78,14.8,50,17.8
S01027,ST02,2026-07-04T20:00:00,20,5,23,82,35.6,60,35.6
S01025,ST01,2026-07-04T20:02:00,20,5,42,81,21.0,50,25.2
S01030,ST04,2026-07-04T20:13:00,20,5,36,92,37.1,60,37.1
S01031,ST05,2026-07-04T20:17:00,20,5,38,75,22.2,150,8.9
S01026,ST01,2026-07-04T20:29:00,20,5,17,92,43.6,60,43.6
S01029,ST04,2026-07-04T20:39:00,20,5,31,81,23.2,120,11.6
S01032,ST05,2026-07-04T20:43:00,20,5,24,96,31.3,60,31.3
S01028,ST03,2026-07-04T20:55:00,20,5,26,75,29.0,50,34.8
S01035,ST02,2026-07-04T21:08:00,21,5,50,86,21.1,60,21.1
S01036,ST03,2026-07-04T21:19:00,21,5,26,87,42.7,22,116.5
S01039,ST05,2026-07-04T21:23:00,21,5,45,87,30.5,60,30.5
S01038,ST04,2026-07-04T21:30:00,21,5,50,73,12.8,60,12.8
S01033,ST01,2026-07-04T21:35:00,21,5,37,97,32.0,50,38.4
S01037,ST04,2026-07-04T21:44:00,21,5,20,71,24.2,60,24.2
S01034,ST01,2026-07-04T21:51:00,21,5,19,85,45.0,50,54.0
S01043,ST04,2026-07-04T22:24:00,22,5,49,79,16.9,50,20.3
S01040,ST01,2026-07-04T22:26:00,22,5,17,81,45.0,150,18.0
S01041,ST02,2026-07-04T22:36:00,22,5,44,75,23.0,60,23.0
S01045,ST05,2026-07-04T22:39:00,22,5,46,82,25.1,22,68.5
S01042,ST03,2026-07-04T22:43:00,22,5,42,85,28.9,120,14.4
S01044,ST04,2026-07-04T22:55:00,22,5,20,90,47.8,60,47.8
S01050,ST04,2026-07-04T23:13:00,23,5,20,82,27.0,22,73.6
S01049,ST04,2026-07-04T23:15:00,23,5,26,100,48.9,22,133.4
S01046,ST01,2026-07-04T23:21:00,23,5,24,80,28.6,60,28.6
S01051,ST05,2026-07-04T23:30:00,23,5,45,71,10.6,120,5.3
S01052,ST05,2026-07-04T23:33:00,23,5,15,73,28.5,50,34.2
S01048,ST03,2026-07-04T23:33:00,23,5,38,83,20.6,22,56.2
S01047,ST02,2026-07-04T23:38:00,23,5,35,78,30.6,60,30.6
S01054,ST02,2026-07-05T00:08:00,0,6,18,86,47.2,22,128.7
S01057,ST04,2026-07-05T00:11:00,0,6,47,89,23.5,150,9.4
S01055,ST03,2026-07-05T00:22:00,0,6,30,97,38.0,150,15.2
S01056,ST04,2026-07-05T00:35:00,0,6,38,74,26.6,150,10.6
S01058,ST05,2026-07-05T00:40:00,0,6,50,87,18.8,60,18.8
S01053,ST01,2026-07-05T00:59:00,0,6,34,79,21.6,60,21.6
S01062,ST02,2026-07-05T01:00:00,1,6,41,100,39.2,60,39.2
S01064,ST04,2026-07-05T01:12:00,1,6,36,98,37.0,120,18.5
S01066,ST05,2026-07-05T01:14:00,1,6,26,72,25.2,50,30.2
S01059,ST01,2026-07-05T01:14:00,1,6,15,84,35.0,120,17.5
S01065,ST04,2026-07-05T01:15:00,1,6,20,92,47.4,120,23.7
S01060,ST01,2026-07-05T01:16:00,1,6,19,79,24.2,150,9.7
S01063,ST03,2026-07-05T01:27:00,1,6,28,89,29.3,22,79.9
S01067,ST05,2026-07-05T01:33:00,1,6,49,95,29.6,60,29.6
S01061,ST02,2026-07-05T01:54:00,1,6,18,81,31.5,150,12.6
S01071,ST03,2026-07-05T02:01:00,2,6,19,71,38.4,22,104.7
S01072,ST04,2026-07-05T02:06:00,2,6,28,78,22.2,120,11.1
S01069,ST02,2026-07-05T02:11:00,2,6,18,79,26.8,120,13.4
S01074,ST05,2026-07-05T02:21:00,2,6,36,79,29.0,120,14.5
S01070,ST02,2026-07-05T02:39:00,2,6,38,78,25.8,120,12.9
S01073,ST04,2026-07-05T02:46:00,2,6,10,77,28.9,22,78.8
S01068,ST01,2026-07-05T02:47:00,2,6,44,95,25.2,50,30.2
S01079,ST04,2026-07-05T03:02:00,3,6,22,84,40.8,22,111.3
S01076,ST01,2026-07-05T03:03:00,3,6,27,94,36.0,150,14.4
S01081,ST05,2026-07-05T03:10:00,3,6,50,93,17.8,150,7.1
S01077,ST02,2026-07-05T03:12:00,3,6,26,96,37.3,22,101.7
S01075,ST01,2026-07-05T03:29:00,3,6,12,80,29.1,50,34.9
S01082,ST05,2026-07-05T03:33:00,3,6,17,78,34.7,60,34.7
S01080,ST04,2026-07-05T03:33:00,3,6,23,85,33.2,60,33.2
S01078,ST03,2026-07-05T03:49:00,3,6,25,82,38.2,120,19.1
S01087,ST04,2026-07-05T04:15:00,4,6,20,85,28.1,150,11.2
S01085,ST03,2026-07-05T04:25:00,4,6,25,70,33.3,150,13.3
S01084,ST02,2026-07-05T04:27:00,4,6,30,70,18.3,60,18.3
S01086,ST04,2026-07-05T04:30:00,4,6,48,74,13.8,22,37.6
S01088,ST05,2026-07-05T04:48:00,4,6,50,71,8.8,50,10.6
S01083,ST01,2026-07-05T04:56:00,4,6,13,97,53.2,22,145.1
S01095,ST05,2026-07-05T05:09:00,5,6,38,79,28.2,150,11.3
S01093,ST04,2026-07-05T05:11:00,5,6,44,81,19.0,120,9.5
S01094,ST04,2026-07-05T05:17:00,5,6,48,99,35.8,50,43.0
S01091,ST02,2026-07-05T05:24:00,5,6,32,93,27.3,22,74.5
S01092,ST03,2026-07-05T05:28:00,5,6,45,79,20.1,120,10.1
S01090,ST01,2026-07-05T05:35:00,5,6,32,95,44.9,50,53.9
S01089,ST01,2026-07-05T05:50:00,5,6,16,74,33.1,60,33.1
S01096,ST01,2026-07-05T06:00:00,6,6,50,86,19.2,50,23.0
S01101,ST04,2026-07-05T06:02:00,6,6,18,75,40.2,50,48.2
S01102,ST05,2026-07-05T06:12:00,6,6,16,71,33.0,120,16.5
S01100,ST04,2026-07-05T06:26:00,6,6,30,73,18.6,22,50.7
S01097,ST02,2026-07-05T06:39:00,6,6,33,94,37.6,60,37.6
S01099,ST03,2026-07-05T06:43:00,6,6,41,94,31.4,150,12.6
S01098,ST02,2026-07-05T06:46:00,6,6,14,91,56.9,120,28.4
S01108,ST04,2026-07-05T07:04:00,7,6,29,72,31.4,150,12.6
S01109,ST04,2026-07-05T07:06:00,7,6,16,93,37.0,120,18.5
S01105,ST02,2026-07-05T07:13:00,7,6,41,99,41.3,22,112.6
S01104,ST01,2026-07-05T07:23:00,7,6,24,89,42.3,22,115.4
S01106,ST02,2026-07-05T07:29:00,7,6,50,71,11.1,120,5.5
S01103,ST01,2026-07-05T07:33:00,7,6,49,92,26.1,22,71.2
S01110,ST05,2026-07-05T07:33:00,7,6,25,88,39.0,50,46.8
S01107,ST03,2026-07-05T07:50:00,7,6,13,96,51.1,150,20.4
S01113,ST02,2026-07-05T08:11:00,8,6,45,82,21.3,50,25.6
S01115,ST04,2026-07-05T08:20:00,8,6,33,83,33.4,120,16.7
S01112,ST01,2026-07-05T08:22:00,8,6,39,92,33.5,22,91.4
S01111,ST01,2026-07-05T08:35:00,8,6,36,93,24.9,150,10.0
S01114,ST03,2026-07-05T08:38:00,8,6,38,99,31.9,60,31.9
S01117,ST05,2026-07-05T08:49:00,8,6,45,99,35.7,60,35.7
S01116,ST04,2026-07-05T08:52:00,8,6,30,89,28.6,150,11.4
S01120,ST02,2026-07-05T09:14:00,9,6,23,97,37.8,60,37.8
S01124,ST05,2026-07-05T09:25:00,9,6,46,99,25.2,22,68.7
S01118,ST01,2026-07-05T09:28:00,9,6,35,70,22.9,60,22.9
S01122,ST04,2026-07-05T09:29:00,9,6,32,74,18.8,60,18.8
S01121,ST03,2026-07-05T09:32:00,9,6,45,88,31.1,50,37.3
S01119,ST01,2026-07-05T09:38:00,9,6,11,86,33.5,60,33.5
S01123,ST04,2026-07-05T09:56:00,9,6,47,77,14.4,60,14.4
S01131,ST02,2026-07-05T10:03:00,10,6,29,86,23.6,150,9.4
S01141,ST05,2026-07-05T10:05:00,10,6,17,91,40.3,60,40.3
S01135,ST04,2026-07-05T10:08:00,10,6,31,72,23.2,22,63.3
S01138,ST04,2026-07-05T10:12:00,10,6,41,82,25.8,50,31.0
S01134,ST04,2026-07-05T10:14:00,10,6,37,79,28.4,50,34.1
S01132,ST03,2026-07-05T10:20:00,10,6,42,92,23.9,22,65.2
S01137,ST04,2026-07-05T10:27:00,10,6,18,94,34.0,150,13.6
S01136,ST04,2026-07-05T10:35:00,10,6,35,78,18.5,150,7.4
S01133,ST03,2026-07-05T10:43:00,10,6,35,84,32.5,150,13.0
S01127,ST01,2026-07-05T10:46:00,10,6,46,82,15.4,22,42.0
S01139,ST05,2026-07-05T10:47:00,10,6,43,77,16.5,60,16.5
S01140,ST05,2026-07-05T10:49:00,10,6,37,80,27.5,150,11.0
S01125,ST01,2026-07-05T10:50:00,10,6,40,75,20.0,150,8.0
S01126,ST01,2026-07-05T10:52:00,10,6,16,89,45.6,22,124.4
S01129,ST02,2026-07-05T10:55:00,10,6,17,97,53.6,150,21.4
S01128,ST01,2026-07-05T10:58:00,10,6,31,81,35.4,120,17.7
S01130,ST02,2026-07-05T10:59:00,10,6,10,90,53.8,120,26.9
S01155,ST05,2026-07-05T11:01:00,11,6,28,97,48.9,120,24.4
S01146,ST02,2026-07-05T11:03:00,11,6,25,100,46.3,50,55.6
S01154,ST04,2026-07-05T11:04:00,11,6,34,91,28.2,60,28.2
S01158,ST05,2026-07-05T11:05:00,11,6,21,76,31.6,120,15.8
S01143,ST01,2026-07-05T11:10:00,11,6,32,89,39.2,120,19.6
S01145,ST01,2026-07-05T11:12:00,11,6,33,74,27.3,22,74.5
S01149,ST03,2026-07-05T11:13:00,11,6,23,87,37.3,60,37.3
S01156,ST05,2026-07-05T11:14:00,11,6,34,86,38.6,22,105.3
S01152,ST04,2026-07-05T11:16:00,11,6,20,71,25.5,150,10.2
S01153,ST04,2026-07-05T11:17:00,11,6,13,84,44.7,22,121.9
S01142,ST01,2026-07-05T11:20:00,11,6,32,89,35.9,60,35.9
S01151,ST04,2026-07-05T11:24:00,11,6,47,98,32.2,22,87.8
S01148,ST03,2026-07-05T11:30:00,11,6,11,80,32.6,150,13.0
S01150,ST04,2026-07-05T11:39:00,11,6,19,92,47.1,22,128.5
S01144,ST01,2026-07-05T11:39:00,11,6,19,84,27.0,50,32.4
S01147,ST02,2026-07-05T11:55:00,11,6,28,70,21.8,22,59.5
S01157,ST05,2026-07-05T11:57:00,11,6,30,85,38.7,150,15.5
S01161,ST01,2026-07-05T12:01:00,12,6,32,91,30.9,60,30.9
S01165,ST02,2026-07-05T12:05:00,12,6,34,86,38.3,150,15.3
S01175,ST05,2026-07-05T12:09:00,12,6,22,73,22.7,22,61.9
S01164,ST02,2026-07-05T12:14:00,12,6,19,80,43.6,50,52.3
S01162,ST01,2026-07-05T12:15:00,12,6,42,78,24.6,60,24.6
S01160,ST01,2026-07-05T12:19:00,12,6,31,85,29.0,50,34.8
S01173,ST04,2026-07-05T12:20:00,12,6,19,93,30.4,60,30.4
S01174,ST05,2026-07-05T12:26:00,12,6,36,79,23.9,60,23.9
S01167,ST03,2026-07-05T12:27:00,12,6,29,99,42.8,120,21.4
S01168,ST03,2026-07-05T12:34:00,12,6,18,76,36.4,150,14.6
S01172,ST04,2026-07-05T12:35:00,12,6,44,100,36.5,50,43.8
S01177,ST05,2026-07-05T12:39:00,12,6,24,89,31.3,22,85.4
S01171,ST04,2026-07-05T12:41:00,12,6,46,99,24.1,22,65.7
S01166,ST03,2026-07-05T12:43:00,12,6,24,83,28.6,50,34.3
S01159,ST01,2026-07-05T12:45:00,12,6,11,71,29.2,150,11.7
S01176,ST05,2026-07-05T12:48:00,12,6,49,89,19.7,150,7.9
S01169,ST04,2026-07-05T12:51:00,12,6,22,97,33.6,150,13.4
S01163,ST02,2026-07-05T12:56:00,12,6,11,100,52.9,60,52.9
S01170,ST04,2026-07-05T12:58:00,12,6,18,83,48.7,50,58.4
S01195,ST05,2026-07-05T13:08:00,13,6,35,83,24.6,22,67.1
S01194,ST05,2026-07-05T13:11:00,13,6,47,100,37.8,150,15.1
S01190,ST04,2026-07-05T13:12:00,13,6,28,84,30.2,60,30.2
S01188,ST04,2026-07-05T13:15:00,13,6,43,87,23.7,22,64.6
S01181,ST01,2026-07-05T13:26:00,13,6,10,99,44.0,120,22.0
S01179,ST01,2026-07-05T13:30:00,13,6,33,75,29.3,120,14.7
S01180,ST01,2026-07-05T13:30:00,13,6,18,75,26.7,22,72.8
S01187,ST03,2026-07-05T13:33:00,13,6,16,84,38.1,22,103.9
S01189,ST04,2026-07-05T13:35:00,13,6,34,86,34.7,22,94.6
S01185,ST03,2026-07-05T13:38:00,13,6,34,93,30.1,150,12.0
S01192,ST04,2026-07-05T13:39:00,13,6,13,92,45.9,50,55.1
S01193,ST05,2026-07-05T13:41:00,13,6,38,72,22.2,22,60.5
S01182,ST02,2026-07-05T13:42:00,13,6,22,94,34.0,50,40.8
S01178,ST01,2026-07-05T13:44:00,13,6,40,74,19.6,150,7.8
S01186,ST03,2026-07-05T13:47:00,13,6,46,89,25.3,22,69.0
S01191,ST04,2026-07-05T13:49:00,13,6,28,84,25.7,60,25.7
S01184,ST02,2026-07-05T13:55:00,13,6,39,98,28.7,120,14.3
S01183,ST02,2026-07-05T13:59:00,13,6,38,97,36.3,60,36.3
S01208,ST04,2026-07-05T14:00:00,14,6,25,98,43.2,150,17.3
S01202,ST03,2026-07-05T14:03:00,14,6,36,79,21.9,120,10.9
S01210,ST05,2026-07-05T14:03:00,14,6,32,71,17.6,22,48.0
S01198,ST01,2026-07-05T14:07:00,14,6,38,90,27.4,150,11.0
S01204,ST03,2026-07-05T14:12:00,14,6,10,89,52.8,22,144.0
S01203,ST03,2026-07-05T14:18:00,14,6,50,75,11.0,50,13.2
S01197,ST01,2026-07-05T14:20:00,14,6,20,92,47.3,22,129.0
S01207,ST04,2026-07-05T14:29:00,14,6,36,84,20.5,150,8.2
S01200,ST02,2026-07-05T14:35:00,14,6,34,71,24.7,60,24.7
S01201,ST02,2026-07-05T14:36:00,14,6,19,75,39.4,50,47.3
S01196,ST01,2026-07-05T14:37:00,14,6,22,98,42.5,60,42.5
S01209,ST04,2026-07-05T14:40:00,14,6,45,96,35.1,22,95.7
S01211,ST05,2026-07-05T14:42:00,14,6,46,96,30.6,60,30.6
S01199,ST02,2026-07-05T14:46:00,14,6,42,89,34.4,120,17.2
S01205,ST04,2026-07-05T14:54:00,14,6,41,87,31.4,150,12.6
S01206,ST04,2026-07-05T14:56:00,14,6,41,77,17.1,120,8.6
S01212,ST05,2026-07-05T14:58:00,14,6,15,71,24.5,50,29.4
S01225,ST05,2026-07-05T15:00:00,15,6,17,70,29.8,22,81.3
S01219,ST03,2026-07-05T15:03:00,15,6,16,88,47.2,150,18.9
S01217,ST02,2026-07-05T15:04:00,15,6,28,85,25.5,60,25.5
S01224,ST05,2026-07-05T15:11:00,15,6,49,77,18.1,50,21.7
S01213,ST01,2026-07-05T15:18:00,15,6,49,91,27.0,150,10.8
S01215,ST01,2026-07-05T15:23:00,15,6,12,72,40.1,60,40.1
S01216,ST02,2026-07-05T15:24:00,15,6,14,94,44.0,150,17.6
S01218,ST03,2026-07-05T15:26:00,15,6,43,76,21.2,150,8.5
S01221,ST04,2026-07-05T15:27:00,15,6,48,97,25.0,150,10.0
S01220,ST04,2026-07-05T15:30:00,15,6,48,99,34.5,60,34.5
S01222,ST04,2026-07-05T15:36:00,15,6,49,81,23.2,150,9.3
S01214,ST01,2026-07-05T15:36:00,15,6,45,75,22.1,150,8.8
S01223,ST04,2026-07-05T15:36:00,15,6,41,86,29.5,120,14.8
S01226,ST05,2026-07-05T15:47:00,15,6,23,95,44.3,120,22.1
S01228,ST01,2026-07-05T16:00:00,16,6,50,76,16.7,60,16.7
S01230,ST02,2026-07-05T16:00:00,16,6,17,91,38.2,120,19.1
S01238,ST05,2026-07-05T16:09:00,16,6,27,96,28.4,120,14.2
S01227,ST01,2026-07-05T16:21:00,16,6,32,87,37.5,50,45.0
S01237,ST04,2026-07-05T16:36:00,16,6,31,95,46.1,60,46.1
S01239,ST05,2026-07-05T16:40:00,16,6,44,96,23.8,150,9.5
S01236,ST04,2026-07-05T16:46:00,16,6,30,87,33.5,50,40.2
S01231,ST02,2026-07-05T16:46:00,16,6,46,89,31.6,50,37.9
S01229,ST01,2026-07-05T16:50:00,16,6,14,79,32.8,150,13.1
S01233,ST03,2026-07-05T16:51:00,16,6,12,90,34.9,50,41.9
S01232,ST03,2026-07-05T16:53:00,16,6,31,99,43.2,120,21.6
S01234,ST04,2026-07-05T16:57:00,16,6,44,98,27.9,120,13.9
S01235,ST04,2026-07-05T16:59:00,16,6,13,96,48.3,150,19.3
S01242,ST01,2026-07-05T17:05:00,17,6,41,98,27.5,120,13.8
S01253,ST05,2026-07-05T17:12:00,17,6,22,79,28.3,60,28.3
S01243,ST02,2026-07-05T17:19:00,17,6,23,86,31.9,22,87.0
S01246,ST03,2026-07-05T17:21:00,17,6,40,93,37.4,60,37.4
S01244,ST02,2026-07-05T17:23:00,17,6,12,94,38.6,22,105.3
S01249,ST04,2026-07-05T17:24:00,17,6,43,73,12.0,22,32.7
S01245,ST02,2026-07-05T17:28:00,17,6,42,70,19.0,150,7.6
S01248,ST04,2026-07-05T17:33:00,17,6,18,76,37.9,120,18.9
S01240,ST01,2026-07-05T17:38:00,17,6,17,97,53.9,60,53.9
S01250,ST04,2026-07-05T17:43:00,17,6,48,97,21.1,120,10.6
S01241,ST01,2026-07-05T17:45:00,17,6,30,92,25.5,120,12.8
S01252,ST05,2026-07-05T17:48:00,17,6,29,90,43.4,60,43.4
S01247,ST03,2026-07-05T17:49:00,17,6,30,74,29.5,22,80.5
S01251,ST04,2026-07-05T17:56:00,17,6,12,73,35.5,60,35.5
S01259,ST03,2026-07-05T18:01:00,18,6,40,98,36.9,22,100.6
S01256,ST01,2026-07-05T18:06:00,18,6,23,87,33.4,60,33.4
S01255,ST01,2026-07-05T18:07:00,18,6,10,100,55.6,150,22.2
S01266,ST05,2026-07-05T18:09:00,18,6,49,78,20.9,120,10.4
S01258,ST02,2026-07-05T18:19:00,18,6,49,98,25.4,120,12.7
S01265,ST05,2026-07-05T18:19:00,18,6,39,85,22.1,50,26.5
S01260,ST03,2026-07-05T18:24:00,18,6,13,72,32.4,50,38.9
S01264,ST04,2026-07-05T18:36:00,18,6,18,72,37.0,120,18.5
S01262,ST04,2026-07-05T18:39:00,18,6,32,79,24.3,50,29.2
S01254,ST01,2026-07-05T18:42:00,18,6,17,78,27.6,60,27.6
S01257,ST02,2026-07-05T18:45:00,18,6,28,88,29.1,22,79.4
S01263,ST04,2026-07-05T18:45:00,18,6,44,72,20.7,120,10.3
S01261,ST04,2026-07-05T18:57:00,18,6,47,90,29.8,120,14.9
S01281,ST05,2026-07-05T19:05:00,19,6,23,96,32.7,150,13.1
S01276,ST04,2026-07-05T19:11:00,19,6,14,93,57.3,150,22.9
S01278,ST04,2026-07-05T19:20:00,19,6,45,73,19.3,50,23.2
S01269,ST01,2026-07-05T19:22:00,19,6,40,84,30.6,60,30.6
S01274,ST03,2026-07-05T19:24:00,19,6,14,80,31.2,150,12.5
S01279,ST05,2026-07-05T19:25:00,19,6,14,89,32.9,150,13.2
S01275,ST04,2026-07-05T19:27:00,19,6,46,95,25.5,50,30.6
S01268,ST01,2026-07-05T19:29:00,19,6,41,70,12.3,22,33.5
S01270,ST02,2026-07-05T19:38:00,19,6,46,74,16.2,120,8.1
S01273,ST03,2026-07-05T19:39:00,19,6,25,87,28.3,120,14.2
S01280,ST05,2026-07-05T19:49:00,19,6,34,80,26.4,22,72.0
S01272,ST02,2026-07-05T19:50:00,19,6,29,87,32.6,150,13.0
S01271,ST02,2026-07-05T19:52:00,19,6,16,80,38.1,22,103.9
S01277,ST04,2026-07-05T19:53:00,19,6,41,73,19.4,120,9.7
S01267,ST01,2026-07-05T19:58:00,19,6,31,95,44.9,60,44.9
S01288,ST05,2026-07-05T20:03:00,20,6,10,92,48.9,60,48.9
S01289,ST05,2026-07-05T20:07:00,20,6,28,97,28.4,120,14.2
S01284,ST02,2026-07-05T20:13:00,20,6,30,79,29.4,60,29.4
S01283,ST01,2026-07-05T20:28:00,20,6,44,79,18.8,150,7.5
S01286,ST04,2026-07-05T20:37:00,20,6,10,89,58.9,120,29.4
S01282,ST01,2026-07-05T20:40:00,20,6,10,94,37.9,50,45.5
S01287,ST04,2026-07-05T20:54:00,20,6,18,97,39.7,60,39.7
S01285,ST03,2026-07-05T20:59:00,20,6,37,92,40.9,60,40.9
S01293,ST03,2026-07-05T21:09:00,21,6,28,97,43.8,50,52.6
S01292,ST02,2026-07-05T21:12:00,21,6,45,82,25.7,60,25.7
S01291,ST01,2026-07-05T21:24:00,21,6,37,87,23.7,50,28.4
S01290,ST01,2026-07-05T21:25:00,21,6,50,80,19.5,120,9.8
S01297,ST05,2026-07-05T21:29:00,21,6,42,83,24.3,120,12.2
S01294,ST04,2026-07-05T21:41:00,21,6,11,74,41.1,120,20.6
S01295,ST04,2026-07-05T21:42:00,21,6,37,74,15.9,120,8.0
S01296,ST05,2026-07-05T21:57:00,21,6,48,99,28.0,50,33.6
S01303,ST05,2026-07-05T22:05:00,22,6,43,98,33.7,50,40.4
S01302,ST04,2026-07-05T22:09:00,22,6,43,97,40.2,60,40.2
S01298,ST01,2026-07-05T22:14:00,22,6,21,83,37.9,150,15.2
S01301,ST04,2026-07-05T22:23:00,22,6,17,88,40.4,22,110.2
S01300,ST03,2026-07-05T22:36:00,22,6,33,71,28.2,150,11.3
S01299,ST02,2026-07-05T22:46:00,22,6,25,92,38.6,120,19.3
S01308,ST04,2026-07-05T23:02:00,23,6,48,93,22.8,150,9.1
S01309,ST04,2026-07-05T23:16:00,23,6,13,90,43.6,50,52.3
S01305,ST01,2026-07-05T23:19:00,23,6,49,71,15.8,150,6.3
S01307,ST03,2026-07-05T23:26:00,23,6,32,100,50.5,60,50.5
S01306,ST02,2026-07-05T23:30:00,23,6,39,86,33.7,150,13.5
S01310,ST05,2026-07-05T23:42:00,23,6,28,95,44.1,22,120.3
S01304,ST01,2026-07-05T23:47:00,23,6,14,91,47.9,150,19.2
S01311,ST01,2026-07-06T00:05:00,0,0,18,86,29.0,60,29.0
S01314,ST04,2026-07-06T00:23:00,0,0,21,78,38.4,50,46.1
S01313,ST03,2026-07-06T00:38:00,0,0,21,99,47.4,50,56.9
S01312,ST02,2026-07-06T00:39:00,0,0,27,78,35.7,22,97.4
S01315,ST05,2026-07-06T00:51:00,0,0,43,97,22.2,22,60.5
S01319,ST04,2026-07-06T01:30:00,1,0,29,85,37.0,150,14.8
S01316,ST01,2026-07-06T01:38:00,1,0,19,96,44.2,120,22.1
S01320,ST05,2026-07-06T01:43:00,1,0,34,85,25.1,150,10.0
S01318,ST02,2026-07-06T01:46:00,1,0,32,71,24.4,22,66.5
S01317,ST01,2026-07-06T01:49:00,1,0,34,77,27.1,50,32.5
S01321,ST01,2026-07-06T02:00:00,2,0,28,99,48.2,120,24.1
S01324,ST04,2026-07-06T02:17:00,2,0,16,78,39.0,120,19.5
S01323,ST03,2026-07-06T02:27:00,2,0,49,99,31.4,60,31.4
S01322,ST02,2026-07-06T02:33:00,2,0,12,73,44.0,60,44.0
S01325,ST05,2026-07-06T02:43:00,2,0,25,93,43.2,50,51.8
S01327,ST02,2026-07-06T03:00:00,3,0,36,73,21.6,120,10.8
S01329,ST04,2026-07-06T03:03:00,3,0,48,91,30.7,50,36.8
S01330,ST05,2026-07-06T03:40:00,3,0,17,92,55.1,22,150.3
S01326,ST01,2026-07-06T03:43:00,3,0,21,80,34.9,22,95.2
S01328,ST03,2026-07-06T03:46:00,3,0,28,78,23.4,22,63.8
S01331,ST01,2026-07-06T04:08:00,4,0,34,91,38.0,150,15.2
S01332,ST02,2026-07-06T04:11:00,4,0,17,92,34.8,60,34.8
S01335,ST04,2026-07-06T04:17:00,4,0,13,82,37.0,22,100.9
S01334,ST04,2026-07-06T04:44:00,4,0,30,78,21.9,22,59.7
S01336,ST05,2026-07-06T04:52:00,4,0,26,75,27.2,120,13.6
S01333,ST03,2026-07-06T04:59:00,4,0,14,90,42.5,60,42.5
S01341,ST05,2026-07-06T05:00:00,5,0,12,91,42.4,50,50.9
S01338,ST01,2026-07-06T05:06:00,5,0,19,87,45.5,50,54.6
S01339,ST02,2026-07-06T05:06:00,5,0,38,92,26.5,22,72.3
S01337,ST01,2026-07-06T05:12:00,5,0,49,82,15.3,120,7.7
S01340,ST04,2026-07-06T05:16:00,5,0,38,70,22.8,50,27.4
S01345,ST04,2026-07-06T06:19:00,6,0,35,71,22.4,22,61.1
S01343,ST02,2026-07-06T06:25:00,6,0,14,87,35.0,120,17.5
S01344,ST03,2026-07-06T06:52:00,6,0,40,73,19.8,60,19.8
S01346,ST05,2026-07-06T06:54:00,6,0,31,72,28.5,60,28.5
S01342,ST01,2026-07-06T06:57:00,6,0,35,88,21.3,120,10.7
S01347,ST01,2026-07-06T07:11:00,7,0,45,71,19.2,50,23.0
S01348,ST02,2026-07-06T07:24:00,7,0,16,90,47.4,120,23.7
S01350,ST05,2026-07-06T07:37:00,7,0,25,85,32.2,150,12.9
S01349,ST04,2026-07-06T07:47:00,7,0,22,74,21.4,22,58.4
S01368,ST05,2026-07-06T08:00:00,8,0,21,99,33.6,150,13.4
S01357,ST02,2026-07-06T08:00:00,8,0,21,90,28.8,60,28.8
S01352,ST01,2026-07-06T08:01:00,8,0,12,80,28.5,22,77.7
S01355,ST02,2026-07-06T08:02:00,8,0,19,85,41.5,120,20.8
S01364,ST04,2026-07-06T08:07:00,8,0,27,74,31.3,50,37.6
S01367,ST05,2026-07-06T08:10:00,8,0,11,98,49.6,22,135.3
S01360,ST03,2026-07-06T08:14:00,8,0,14,95,38.1,60,38.1
S01353,ST01,2026-07-06T08:25:00,8,0,17,76,40.3,150,16.1
S01354,ST01,2026-07-06T08:29:00,8,0,44,74,19.8,50,23.8
S01351,ST01,2026-07-06T08:31:00,8,0,44,100,38.8,120,19.4
S01362,ST04,2026-07-06T08:34:00,8,0,18,80,43.0,50,51.6
S01370,ST05,2026-07-06T08:44:00,8,0,18,76,26.1,60,26.1
S01365,ST04,2026-07-06T08:44:00,8,0,33,87,24.7,50,29.6
S01361,ST04,2026-07-06T08:47:00,8,0,35,80,19.9,150,8.0
S01363,ST04,2026-07-06T08:48:00,8,0,12,88,35.0,22,95.5
S01359,ST03,2026-07-06T08:52:00,8,0,16,73,32.7,150,13.1
S01358,ST02,2026-07-06T08:52:00,8,0,16,84,41.7,150,16.7
S01369,ST05,2026-07-06T08:56:00,8,0,28,83,35.3,120,17.6
S01356,ST02,2026-07-06T08:58:00,8,0,49,71,10.7,50,12.8
S01366,ST04,2026-07-06T08:59:00,8,0,47,71,10.7,150,4.3
S01385,ST04,2026-07-06T09:04:00,9,0,40,88,27.3,120,13.7
S01381,ST04,2026-07-06T09:07:00,9,0,14,98,40.5,120,20.2
S01387,ST05,2026-07-06T09:08:00,9,0,39,93,25.3,60,25.3
S01380,ST04,2026-07-06T09:11:00,9,0,20,95,30.8,150,12.3
S01383,ST04,2026-07-06T09:14:00,9,0,17,80,30.2,50,36.2
S01374,ST01,2026-07-06T09:15:00,9,0,22,73,38.0,22,103.6
S01376,ST02,2026-07-06T09:17:00,9,0,13,76,27.7,50,33.2
S01388,ST05,2026-07-06T09:17:00,9,0,22,80,25.8,150,10.3
S01378,ST03,2026-07-06T09:23:00,9,0,28,76,26.5,60,26.5
S01371,ST01,2026-07-06T09:26:00,9,0,25,100,34.6,22,94.4
S01382,ST04,2026-07-06T09:37:00,9,0,47,80,18.0,60,18.0
S01372,ST01,2026-07-06T09:38:00,9,0,21,92,40.8,22,111.3
S01379,ST03,2026-07-06T09:39:00,9,0,39,71,14.0,22,38.2
S01373,ST01,2026-07-06T09:40:00,9,0,29,81,28.4,150,11.4
S01377,ST02,2026-07-06T09:43:00,9,0,40,85,20.8,22,56.7
S01384,ST04,2026-07-06T09:47:00,9,0,36,97,28.7,50,34.4
S01375,ST02,2026-07-06T09:55:00,9,0,44,86,20.0,50,24.0
S01386,ST05,2026-07-06T09:59:00,9,0,49,84,16.2,60,16.2
S01399,ST04,2026-07-06T10:00:00,10,0,36,100,30.5,60,30.5
S01389,ST01,2026-07-06T10:08:00,10,0,17,97,45.0,120,22.5
S01396,ST02,2026-07-06T10:09:00,10,0,46,98,20.9,22,57.0
S01390,ST01,2026-07-06T10:10:00,10,0,31,77,32.7,150,13.1
S01391,ST01,2026-07-06T10:10:00,10,0,50,100,30.7,50,36.8
S01395,ST02,2026-07-06T10:15:00,10,0,30,83,31.9,150,12.8
S01394,ST02,2026-07-06T10:17:00,10,0,10,93,45.6,50,54.7
S01400,ST04,2026-07-06T10:18:00,10,0,25,90,48.7,22,132.8
S01404,ST05,2026-07-06T10:23:00,10,0,50,84,22.0,22,60.0
S01401,ST04,2026-07-06T10:30:00,10,0,29,75,29.7,150,11.9
S01397,ST03,2026-07-06T10:30:00,10,0,42,71,15.9,120,8.0
S01398,ST03,2026-07-06T10:30:00,10,0,16,84,39.0,22,106.4
S01393,ST02,2026-07-06T10:31:00,10,0,23,88,36.8,120,18.4
S01406,ST05,2026-07-06T10:33:00,10,0,12,79,36.8,60,36.8
S01392,ST01,2026-07-06T10:36:00,10,0,45,97,25.0,120,12.5
S01407,ST05,2026-07-06T10:44:00,10,0,49,87,22.9,50,27.5
S01402,ST04,2026-07-06T10:47:00,10,0,47,70,17.1,120,8.6
S01403,ST04,2026-07-06T10:49:00,10,0,18,97,51.0,50,61.2
S01405,ST05,2026-07-06T10:55:00,10,0,50,72,11.8,60,11.8
S01408,ST01,2026-07-06T11:05:00,11,0,49,98,25.4,22,69.3
S01419,ST05,2026-07-06T11:05:00,11,0,15,82,47.9,60,47.9
S01412,ST02,2026-07-06T11:08:00,11,0,31,77,27.1,120,13.6
S01418,ST05,2026-07-06T11:23:00,11,0,14,76,44.2,120,22.1
S01410,ST01,2026-07-06T11:23:00,11,0,39,89,20.7,60,20.7
S01415,ST04,2026-07-06T11:27:00,11,0,27,71,18.6,60,18.6
S01416,ST04,2026-07-06T11:28:00,11,0,41,86,26.3,22,71.7
S01417,ST04,2026-07-06T11:30:00,11,0,44,91,32.4,60,32.4
S01409,ST01,2026-07-06T11:32:00,11,0,33,98,27.2,120,13.6
S01411,ST02,2026-07-06T11:35:00,11,0,14,87,47.3,50,56.8
S01414,ST03,2026-07-06T11:48:00,11,0,24,80,29.3,60,29.3
S01413,ST03,2026-07-06T11:48:00,11,0,47,97,36.8,50,44.2
S01420,ST01,2026-07-06T12:04:00,12,0,16,75,29.3,50,35.2
S01428,ST04,2026-07-06T12:10:00,12,0,26,77,29.0,60,29.0
S01431,ST05,2026-07-06T12:11:00,12,0,19,75,27.1,22,73.9
S01424,ST02,2026-07-06T12:12:00,12,0,14,70,39.5,50,47.4
S01422,ST01,2026-07-06T12:18:00,12,0,36,91,32.4,50,38.9
S01427,ST04,2026-07-06T12:19:00,12,0,46,74,20.0,60,20.0
S01432,ST05,2026-07-06T12:20:00,12,0,46,74,15.5,60,15.5
S01423,ST02,2026-07-06T12:26:00,12,0,38,93,34.4,60,34.4
S01426,ST03,2026-07-06T12:31:00,12,0,47,91,28.3,150,11.3
S01421,ST01,2026-07-06T12:31:00,12,0,19,97,36.8,22,100.4
S01425,ST03,2026-07-06T12:33:00,12,0,31,83,31.3,60,31.3
S01430,ST05,2026-07-06T12:39:00,12,0,20,92,42.3,50,50.8
S01429,ST04,2026-07-06T12:49:00,12,0,13,74,31.9,120,15.9
S01439,ST04,2026-07-06T13:07:00,13,0,40,98,24.0,150,9.6
S01440,ST04,2026-07-06T13:07:00,13,0,29,70,22.2,50,26.6
S01435,ST02,2026-07-06T13:07:00,13,0,11,82,51.5,50,61.8
S01434,ST01,2026-07-06T13:09:00,13,0,33,84,30.0,50,36.0
S01443,ST05,2026-07-06T13:12:00,13,0,11,72,35.9,120,17.9
S01437,ST03,2026-07-06T13:21:00,13,0,28,85,40.7,150,16.3
S01441,ST04,2026-07-06T13:28:00,13,0,32,72,20.6,150,8.2
S01436,ST02,2026-07-06T13:29:00,13,0,30,74,17.7,150,7.1
S01433,ST01,2026-07-06T13:35:00,13,0,12,91,40.4,60,40.4
S01442,ST05,2026-07-06T13:37:00,13,0,43,77,22.9,60,22.9
S01438,ST03,2026-07-06T13:42:00,13,0,19,95,45.4,120,22.7
S01447,ST02,2026-07-06T14:00:00,14,0,28,81,27.7,120,13.8
S01444,ST01,2026-07-06T14:05:00,14,0,42,82,18.7,60,18.7
S01453,ST04,2026-07-06T14:05:00,14,0,10,83,45.5,60,45.5
S01455,ST05,2026-07-06T14:12:00,14,0,21,96,40.0,150,16.0
S01451,ST04,2026-07-06T14:13:00,14,0,29,85,41.8,150,16.7
S01452,ST04,2026-07-06T14:21:00,14,0,14,99,62.6,120,31.3
S01446,ST01,2026-07-06T14:25:00,14,0,19,92,51.0,60,51.0
S01449,ST03,2026-07-06T14:26:00,14,0,38,79,18.8,120,9.4
S01454,ST05,2026-07-06T14:35:00,14,0,39,92,31.7,50,38.0
S01445,ST01,2026-07-06T14:38:00,14,0,48,86,27.7,60,27.7
S01450,ST03,2026-07-06T14:46:00,14,0,36,74,26.3,150,10.5
S01448,ST02,2026-07-06T14:55:00,14,0,45,72,12.8,120,6.4
S01460,ST02,2026-07-06T15:01:00,15,0,17,94,38.3,22,104.5
S01464,ST04,2026-07-06T15:03:00,15,0,19,80,34.2,50,41.0
S01458,ST01,2026-07-06T15:09:00,15,0,26,79,38.9,120,19.4
S01465,ST04,2026-07-06T15:22:00,15,0,20,71,25.3,120,12.7
S01466,ST05,2026-07-06T15:22:00,15,0,13,79,33.1,22,90.3
S01461,ST03,2026-07-06T15:23:00,15,0,47,85,22.7,60,22.7
S01467,ST05,2026-07-06T15:32:00,15,0,22,94,44.6,22,121.6
S01457,ST01,2026-07-06T15:35:00,15,0,39,77,15.6,22,42.5
S01463,ST04,2026-07-06T15:36:00,15,0,11,97,42.2,150,16.9
S01462,ST03,2026-07-06T15:40:00,15,0,40,92,35.7,60,35.7
S01459,ST02,2026-07-06T15:42:00,15,0,28,83,25.5,50,30.6
S01456,ST01,2026-07-06T15:52:00,15,0,29,96,40.5,120,20.2
S01472,ST02,2026-07-06T16:06:00,16,0,23,74,29.4,50,35.3
S01468,ST01,2026-07-06T16:10:00,16,0,44,80,25.4,60,25.4
S01479,ST05,2026-07-06T16:14:00,16,0,18,97,50.8,50,61.0
S01469,ST01,2026-07-06T16:17:00,16,0,33,73,23.5,60,23.5
S01480,ST05,2026-07-06T16:19:00,16,0,18,76,25.8,22,70.4
S01478,ST05,2026-07-06T16:21:00,16,0,21,92,36.0,22,98.2
S01476,ST04,2026-07-06T16:30:00,16,0,32,79,30.2,50,36.2
S01471,ST02,2026-07-06T16:31:00,16,0,36,80,31.8,50,38.2
S01473,ST03,2026-07-06T16:35:00,16,0,49,92,29.7,150,11.9
S01477,ST04,2026-07-06T16:52:00,16,0,38,98,44.7,150,17.9
S01470,ST01,2026-07-06T16:52:00,16,0,19,70,22.8,60,22.8
S01474,ST03,2026-07-06T16:54:00,16,0,44,92,28.5,22,77.7
S01475,ST04,2026-07-06T16:58:00,16,0,14,73,40.5,22,110.5
S01498,ST05,2026-07-06T17:02:00,17,0,15,80,37.2,120,18.6
S01487,ST02,2026-07-06T17:05:00,17,0,19,97,51.6,60,51.6
S01497,ST04,2026-07-06T17:08:00,17,0,41,94,27.9,60,27.9
S01501,ST05,2026-07-06T17:12:00,17,0,14,98,58.3,120,29.1
S01500,ST05,2026-07-06T17:14:00,17,0,45,83,19.1,120,9.6
S01499,ST05,2026-07-06T17:18:00,17,0,39,89,32.9,120,16.4
S01495,ST04,2026-07-06T17:27:00,17,0,23,86,30.2,22,82.4
S01494,ST04,2026-07-06T17:28:00,17,0,16,75,40.8,120,20.4
S01488,ST02,2026-07-06T17:37:00,17,0,32,81,22.4,150,9.0
S01489,ST03,2026-07-06T17:39:00,17,0,25,86,36.6,22,99.8
S01491,ST03,2026-07-06T17:45:00,17,0,22,100,38.9,150,15.6
S01492,ST04,2026-07-06T17:46:00,17,0,16,99,39.4,150,15.8
S01482,ST01,2026-07-06T17:48:00,17,0,37,71,15.9,22,43.4
S01485,ST01,2026-07-06T17:48:00,17,0,16,95,35.0,150,14.0
S01481,ST01,2026-07-06T17:48:00,17,0,17,72,22.4,120,11.2
S01496,ST04,2026-07-06T17:48:00,17,0,30,73,24.2,150,9.7
S01483,ST01,2026-07-06T17:50:00,17,0,42,88,19.4,22,52.9
S01490,ST03,2026-07-06T17:52:00,17,0,47,94,19.0,50,22.8
S01493,ST04,2026-07-06T17:54:00,17,0,40,81,26.4,50,31.7
S01486,ST02,2026-07-06T17:57:00,17,0,22,75,33.6,22,91.6
S01484,ST01,2026-07-06T17:58:00,17,0,26,71,19.0,22,51.8
S01512,ST03,2026-07-06T18:01:00,18,0,16,93,32.2,22,87.8
S01513,ST04,2026-07-06T18:01:00,18,0,21,82,37.3,60,37.3
S01505,ST01,2026-07-06T18:06:00,18,0,20,72,27.4,50,32.9
S01519,ST05,2026-07-06T18:07:00,18,0,34,84,25.5,120,12.8
S01504,ST01,2026-07-06T18:07:00,18,0,19,82,34.0,150,13.6
S01511,ST03,2026-07-06T18:07:00,18,0,26,85,33.9,50,40.7
S01514,ST04,2026-07-06T18:09:00,18,0,29,89,37.1,22,101.2
S01516,ST04,2026-07-06T18:12:00,18,0,28,91,36.2,150,14.5
S01517,ST04,2026-07-06T18:16:00,18,0,44,80,24.6,150,9.8
S01506,ST01,2026-07-06T18:21:00,18,0,22,89,46.6,120,23.3
S01509,ST02,2026-07-06T18:22:00,18,0,40,91,31.2,120,15.6
S01502,ST01,2026-07-06T18:23:00,18,0,21,70,36.7,120,18.4
S01522,ST05,2026-07-06T18:27:00,18,0,18,79,39.7,120,19.9
S01520,ST05,2026-07-06T18:28:00,18,0,39,71,13.2,150,5.3
S01510,ST03,2026-07-06T18:32:00,18,0,27,74,31.4,22,85.6
S01518,ST04,2026-07-06T18:34:00,18,0,11,100,59.4,120,29.7
S01508,ST02,2026-07-06T18:37:00,18,0,27,94,45.3,120,22.6
S01521,ST05,2026-07-06T18:42:00,18,0,29,98,44.7,120,22.4
S01515,ST04,2026-07-06T18:42:00,18,0,43,94,29.2,120,14.6
S01503,ST01,2026-07-06T18:43:00,18,0,16,82,36.5,22,99.5
S01523,ST05,2026-07-06T18:48:00,18,0,17,88,45.2,150,18.1
S01507,ST02,2026-07-06T18:53:00,18,0,37,93,32.2,150,12.9
S01543,ST05,2026-07-06T19:04:00,19,0,46,95,28.7,120,14.3
S01532,ST03,2026-07-06T19:04:00,19,0,29,73,22.8,22,62.2
S01538,ST04,2026-07-06T19:10:00,19,0,49,79,15.8,120,7.9
S01539,ST04,2026-07-06T19:12:00,19,0,41,90,34.1,22,93.0
S01544,ST05,2026-07-06T19:13:00,19,0,32,95,26.9,60,26.9
S01531,ST02,2026-07-06T19:15:00,19,0,25,90,33.1,22,90.3
S01536,ST04,2026-07-06T19:20:00,19,0,46,73,18.4,22,50.2
S01527,ST01,2026-07-06T19:20:00,19,0,13,70,34.6,50,41.5
S01530,ST02,2026-07-06T19:22:00,19,0,32,83,26.7,50,32.0
S01526,ST01,2026-07-06T19:24:00,19,0,49,91,22.0,60,22.0
S01525,ST01,2026-07-06T19:32:00,19,0,13,82,34.0,150,13.6
S01533,ST03,2026-07-06T19:34:00,19,0,30,71,23.0,120,11.5
S01541,ST05,2026-07-06T19:36:00,19,0,35,95,28.7,22,78.3
S01524,ST01,2026-07-06T19:36:00,19,0,40,85,26.9,50,32.3
S01534,ST03,2026-07-06T19:36:00,19,0,42,98,30.7,22,83.7
S01535,ST04,2026-07-06T19:37:00,19,0,11,80,36.7,120,18.4
S01537,ST04,2026-07-06T19:44:00,19,0,23,80,32.7,60,32.7
S01542,ST05,2026-07-06T19:45:00,19,0,47,73,15.8,60,15.8
S01540,ST04,2026-07-06T19:53:00,19,0,44,76,16.0,22,43.6
S01528,ST01,2026-07-06T19:53:00,19,0,33,81,32.8,150,13.1
S01529,ST02,2026-07-06T19:57:00,19,0,50,80,16.0,120,8.0
S01557,ST04,2026-07-06T20:02:00,20,0,22,75,26.3,22,71.7
S01567,ST05,2026-07-06T20:06:00,20,0,21,76,40.7,120,20.4
S01565,ST05,2026-07-06T20:07:00,20,0,30,80,34.6,120,17.3
S01555,ST03,2026-07-06T20:09:00,20,0,22,70,23.3,60,23.3
S01564,ST05,2026-07-06T20:16:00,20,0,41,98,24.6,150,9.8
S01558,ST04,2026-07-06T20:16:00,20,0,27,91,37.9,22,103.4
S01554,ST03,2026-07-06T20:16:00,20,0,48,77,15.7,22,42.8
S01549,ST01,2026-07-06T20:17:00,20,0,50,87,25.3,120,12.7
S01545,ST01,2026-07-06T20:19:00,20,0,37,91,31.8,50,38.2
S01560,ST04,2026-07-06T20:20:00,20,0,48,79,21.8,120,10.9
S01562,ST04,2026-07-06T20:25:00,20,0,18,77,25.9,150,10.4
S01546,ST01,2026-07-06T20:26:00,20,0,35,78,26.6,120,13.3
S01551,ST02,2026-07-06T20:29:00,20,0,19,77,26.3,60,26.3
S01556,ST03,2026-07-06T20:29:00,20,0,41,87,34.4,120,17.2
S01563,ST05,2026-07-06T20:33:00,20,0,47,100,35.6,150,14.2
S01553,ST02,2026-07-06T20:40:00,20,0,23,97,40.3,60,40.3
S01547,ST01,2026-07-06T20:42:00,20,0,45,75,21.2,150,8.5
S01550,ST02,2026-07-06T20:46:00,20,0,50,71,12.2,60,12.2
S01559,ST04,2026-07-06T20:46:00,20,0,41,95,22.0,22,60.0
S01566,ST05,2026-07-06T20:51:00,20,0,25,99,40.6,50,48.7
S01552,ST02,2026-07-06T20:54:00,20,0,37,83,23.5,22,64.1
S01548,ST01,2026-07-06T20:55:00,20,0,21,88,38.5,120,19.2
S01561,ST04,2026-07-06T20:57:00,20,0,33,91,36.5,22,99.5
S01571,ST04,2026-07-06T21:01:00,21,0,48,71,16.0,22,43.6
S01569,ST02,2026-07-06T21:07:00,21,0,30,87,31.3,50,37.6
S01572,ST04,2026-07-06T21:44:00,21,0,25,78,31.5,60,31.5
S01573,ST05,2026-07-06T21:44:00,21,0,33,98,44.5,22,121.4
S01568,ST01,2026-07-06T21:55:00,21,0,47,71,13.7,60,13.7
S01570,ST03,2026-07-06T21:56:00,21,0,19,81,35.1,60,35.1
S01576,ST04,2026-07-06T22:10:00,22,0,38,90,26.6,120,13.3
S01574,ST01,2026-07-06T22:15:00,22,0,38,82,17.7,120,8.8
S01578,ST05,2026-07-06T22:26:00,22,0,31,92,33.4,22,91.1
S01577,ST04,2026-07-06T22:50:00,22,0,12,78,46.4,120,23.2
S01575,ST02,2026-07-06T22:58:00,22,0,26,79,22.9,50,27.5
S01582,ST04,2026-07-06T23:12:00,23,0,50,79,14.8,22,40.4
S01583,ST05,2026-07-06T23:15:00,23,0,43,92,36.2,50,43.4
S01581,ST03,2026-07-06T23:41:00,23,0,21,90,38.3,50,46.0
S01579,ST01,2026-07-06T23:44:00,23,0,26,86,25.4,120,12.7
S01580,ST02,2026-07-06T23:52:00,23,0,45,93,24.7,22,67.4
S01588,ST05,2026-07-07T00:01:00,0,1,45,90,27.6,50,33.1
S01584,ST01,2026-07-07T00:43:00,0,1,36,95,43.0,120,21.5
S01585,ST02,2026-07-07T00:47:00,0,1,18,78,27.6,150,11.0
S01586,ST03,2026-07-07T00:51:00,0,1,28,76,20.6,60,20.6
S01587,ST04,2026-07-07T00:56:00,0,1,34,100,45.7,150,18.3
S01589,ST01,2026-07-07T01:29:00,1,1,22,78,36.1,50,43.3
S01591,ST04,2026-07-07T01:36:00,1,1,17,70,34.5,120,17.2
S01590,ST03,2026-07-07T01:38:00,1,1,26,74,20.7,60,20.7
S01592,ST05,2026-07-07T01:59:00,1,1,39,96,36.2,22,98.7
S01593,ST01,2026-07-07T02:13:00,2,1,22,100,54.7,60,54.7
S01597,ST05,2026-07-07T02:28:00,2,1,25,81,33.8,120,16.9
S01594,ST02,2026-07-07T02:31:00,2,1,34,74,22.0,50,26.4
S01596,ST04,2026-07-07T02:50:00,2,1,19,70,25.6,60,25.6
S01595,ST03,2026-07-07T02:52:00,2,1,28,93,41.4,120,20.7
S01600,ST04,2026-07-07T03:03:00,3,1,13,80,48.6,120,24.3
S01598,ST01,2026-07-07T03:30:00,3,1,18,97,40.5,120,20.2
S01601,ST05,2026-07-07T03:38:00,3,1,48,92,29.1,22,79.4
S01599,ST02,2026-07-07T03:45:00,3,1,34,92,31.8,150,12.7
S01603,ST02,2026-07-07T04:08:00,4,1,45,71,15.7,60,15.7
S01605,ST05,2026-07-07T04:16:00,4,1,17,80,26.2,50,31.4
S01604,ST04,2026-07-07T04:21:00,4,1,39,74,15.1,150,6.0
S01602,ST01,2026-07-07T04:32:00,4,1,49,82,16.7,120,8.3
S01610,ST04,2026-07-07T05:03:00,5,1,22,74,21.8,50,26.2
S01609,ST04,2026-07-07T05:09:00,5,1,45,97,37.6,120,18.8
S01608,ST03,2026-07-07T05:27:00,5,1,20,80,39.5,120,19.8
S01606,ST01,2026-07-07T05:53:00,5,1,27,93,34.7,120,17.4
S01607,ST02,2026-07-07T05:56:00,5,1,26,89,43.5,60,43.5
S01615,ST05,2026-07-07T06:36:00,6,1,47,76,17.5,22,47.7
S01612,ST03,2026-07-07T06:45:00,6,1,45,85,22.4,22,61.1
S01611,ST01,2026-07-07T06:45:00,6,1,39,83,19.4,120,9.7
S01613,ST04,2026-07-07T06:55:00,6,1,19,73,28.2,50,33.8
S01614,ST04,2026-07-07T06:55:00,6,1,28,75,32.5,150,13.0
S01621,ST05,2026-07-07T07:02:00,7,1,49,100,28.5,150,11.4
S01619,ST04,2026-07-07T07:09:00,7,1,11,72,34.2,120,17.1
S01620,ST04,2026-07-07T07:29:00,7,1,50,100,24.7,22,67.4
S01616,ST01,2026-07-07T07:36:00,7,1,21,83,44.8,50,53.8
S01618,ST03,2026-07-07T07:43:00,7,1,17,82,34.5,22,94.1
S01617,ST02,2026-07-07T07:43:00,7,1,16,98,42.2,60,42.2
S01638,ST05,2026-07-07T08:04:00,8,1,12,86,32.4,120,16.2
S01635,ST04,2026-07-07T08:05:00,8,1,28,84,31.0,120,15.5
S01627,ST02,2026-07-07T08:07:00,8,1,29,85,38.1,60,38.1
S01636,ST04,2026-07-07T08:19:00,8,1,19,74,35.2,60,35.2
S01624,ST01,2026-07-07T08:24:00,8,1,15,82,32.8,50,39.4
S01639,ST05,2026-07-07T08:26:00,8,1,16,84,42.9,150,17.2
S01632,ST04,2026-07-07T08:27:00,8,1,15,71,32.5,120,16.2
S01630,ST03,2026-07-07T08:30:00,8,1,27,88,37.2,22,101.5
S01629,ST03,2026-07-07T08:32:00,8,1,22,85,35.0,120,17.5
S01637,ST05,2026-07-07T08:33:00,8,1,37,79,25.2,150,10.1
S01633,ST04,2026-07-07T08:43:00,8,1,24,90,42.3,50,50.8
S01631,ST03,2026-07-07T08:48:00,8,1,37,95,30.7,50,36.8
S01626,ST02,2026-07-07T08:49:00,8,1,35,79,27.6,50,33.1
S01625,ST01,2026-07-07T08:49:00,8,1,35,72,15.1,50,18.1
S01623,ST01,2026-07-07T08:51:00,8,1,13,93,34.0,150,13.6
S01640,ST05,2026-07-07T08:52:00,8,1,26,81,26.9,22,73.4
S01622,ST01,2026-07-07T08:55:00,8,1,13,95,51.3,60,51.3
S01628,ST02,2026-07-07T08:57:00,8,1,48,74,13.7,22,37.4
S01634,ST04,2026-07-07T08:59:00,8,1,41,86,27.9,150,11.2
S01641,ST01,2026-07-07T09:01:00,9,1,17,93,48.0,50,57.6
S01651,ST03,2026-07-07T09:08:00,9,1,10,76,29.0,22,79.1
S01654,ST04,2026-07-07T09:12:00,9,1,15,79,42.8,50,51.4
S01652,ST04,2026-07-07T09:12:00,9,1,11,76,36.9,50,44.3
S01649,ST03,2026-07-07T09:19:00,9,1,49,96,34.8,60,34.8
S01647,ST02,2026-07-07T09:25:00,9,1,17,70,24.4,120,12.2
S01643,ST01,2026-07-07T09:26:00,9,1,29,80,30.9,120,15.5
S01648,ST02,2026-07-07T09:29:00,9,1,35,97,39.1,150,15.6
S01655,ST04,2026-07-07T09:30:00,9,1,37,70,14.5,50,17.4
S01661,ST05,2026-07-07T09:31:00,9,1,42,88,30.1,120,15.1
S01660,ST05,2026-07-07T09:38:00,9,1,45,79,14.0,120,7.0
S01659,ST05,2026-07-07T09:40:00,9,1,37,83,32.1,150,12.8
S01653,ST04,2026-07-07T09:41:00,9,1,25,83,40.3,150,16.1
S01646,ST02,2026-07-07T09:43:00,9,1,16,83,39.3,22,107.2
S01650,ST03,2026-07-07T09:44:00,9,1,35,95,30.4,50,36.5
S01656,ST04,2026-07-07T09:47:00,9,1,38,100,35.3,22,96.3
S01644,ST01,2026-07-07T09:48:00,9,1,38,89,34.8,60,34.8
S01642,ST01,2026-07-07T09:50:00,9,1,21,96,40.3,22,109.9
S01658,ST05,2026-07-07T09:53:00,9,1,35,71,18.6,22,50.7
S01657,ST04,2026-07-07T09:55:00,9,1,38,88,24.2,60,24.2
S01645,ST01,2026-07-07T09:58:00,9,1,21,76,25.6,150,10.2
S01662,ST01,2026-07-07T10:03:00,10,1,43,70,14.8,60,14.8
S01672,ST04,2026-07-07T10:06:00,10,1,36,100,47.9,60,47.9
S01668,ST02,2026-07-07T10:08:00,10,1,28,93,42.2,120,21.1
S01673,ST04,2026-07-07T10:15:00,10,1,23,87,26.7,22,72.8
S01677,ST05,2026-07-07T10:16:00,10,1,31,95,33.6,22,91.6
S01674,ST04,2026-07-07T10:22:00,10,1,26,81,35.0,50,42.0
S01676,ST04,2026-07-07T10:27:00,10,1,17,89,34.5,150,13.8
S01665,ST01,2026-07-07T10:28:00,10,1,37,70,15.1,50,18.1
S01666,ST02,2026-07-07T10:28:00,10,1,24,86,29.6,60,29.6
S01663,ST01,2026-07-07T10:35:00,10,1,14,78,45.6,120,22.8
S01679,ST05,2026-07-07T10:38:00,10,1,16,92,31.7,120,15.8
S01670,ST03,2026-07-07T10:39:00,10,1,23,79,35.9,22,97.9
S01671,ST03,2026-07-07T10:42:00,10,1,40,74,15.7,50,18.8
S01669,ST03,2026-07-07T10:43:00,10,1,33,95,35.0,50,42.0
S01678,ST05,2026-07-07T10:49:00,10,1,45,78,23.6,150,9.4
S01675,ST04,2026-07-07T10:52:00,10,1,42,71,19.8,60,19.8
S01664,ST01,2026-07-07T10:56:00,10,1,40,73,18.9,60,18.9
S01667,ST02,2026-07-07T10:58:00,10,1,48,97,34.0,120,17.0
S01692,ST05,2026-07-07T11:05:00,11,1,31,80,26.5,50,31.8
S01682,ST01,2026-07-07T11:06:00,11,1,20,90,30.9,50,37.1
S01685,ST03,2026-07-07T11:07:00,11,1,22,84,45.8,22,124.9
S01688,ST04,2026-07-07T11:09:00,11,1,43,83,27.0,50,32.4
S01683,ST02,2026-07-07T11:10:00,11,1,28,92,35.5,150,14.2
S01686,ST03,2026-07-07T11:15:00,11,1,40,80,20.0,50,24.0
S01687,ST04,2026-07-07T11:23:00,11,1,36,81,27.9,50,33.5
S01684,ST02,2026-07-07T11:31:00,11,1,16,74,36.3,60,36.3
S01690,ST05,2026-07-07T11:33:00,11,1,33,100,27.5,50,33.0
S01691,ST05,2026-07-07T11:49:00,11,1,10,92,55.9,22,152.5
S01681,ST01,2026-07-07T11:50:00,11,1,16,96,47.7,150,19.1
S01689,ST04,2026-07-07T11:51:00,11,1,37,83,33.2,120,16.6
S01680,ST01,2026-07-07T11:53:00,11,1,17,73,37.7,150,15.1
S01705,ST05,2026-07-07T12:07:00,12,1,13,96,44.0,150,17.6
S01702,ST04,2026-07-07T12:13:00,12,1,15,86,42.1,150,16.8
S01698,ST03,2026-07-07T12:13:00,12,1,44,89,30.4,120,15.2
S01704,ST05,2026-07-07T12:15:00,12,1,29,93,35.1,150,14.0
S01695,ST01,2026-07-07T12:18:00,12,1,36,82,32.7,150,13.1
S01703,ST04,2026-07-07T12:21:00,12,1,50,75,10.2,150,4.1
S01701,ST04,2026-07-07T12:24:00,12,1,18,86,50.8,60,50.8
S01693,ST01,2026-07-07T12:25:00,12,1,12,91,57.1,50,68.5
S01699,ST03,2026-07-07T12:44:00,12,1,32,98,45.2,120,22.6
S01696,ST02,2026-07-07T12:46:00,12,1,30,99,35.9,60,35.9
S01700,ST04,2026-07-07T12:56:00,12,1,29,72,17.8,60,17.8
S01694,ST01,2026-07-07T12:57:00,12,1,46,71,18.6,150,7.4
S01697,ST02,2026-07-07T12:57:00,12,1,43,89,33.2,120,16.6
S01706,ST01,2026-07-07T13:03:00,13,1,17,84,33.8,22,92.2
S01713,ST04,2026-07-07T13:03:00,13,1,37,98,27.2,50,32.6
S01712,ST04,2026-07-07T13:09:00,13,1,37,96,32.1,22,87.5
S01709,ST02,2026-07-07T13:19:00,13,1,28,91,42.5,150,17.0
S01714,ST04,2026-07-07T13:28:00,13,1,14,81,42.7,120,21.4
S01707,ST01,2026-07-07T13:29:00,13,1,31,77,31.4,150,12.6
S01711,ST03,2026-07-07T13:33:00,13,1,47,76,20.0,60,20.0
S01715,ST05,2026-07-07T13:33:00,13,1,35,97,30.5,120,15.2
S01708,ST01,2026-07-07T13:36:00,13,1,50,91,24.1,150,9.6
S01716,ST05,2026-07-07T13:40:00,13,1,37,84,30.1,120,15.1
S01710,ST02,2026-07-07T13:43:00,13,1,18,92,39.4,50,47.3
S01725,ST04,2026-07-07T14:13:00,14,1,21,96,49.4,22,134.7
S01726,ST05,2026-07-07T14:22:00,14,1,14,97,34.5,120,17.2
S01724,ST04,2026-07-07T14:26:00,14,1,13,99,61.3,60,61.3
S01717,ST01,2026-07-07T14:26:00,14,1,20,74,31.2,120,15.6
S01723,ST04,2026-07-07T14:31:00,14,1,11,95,37.8,150,15.1
S01722,ST03,2026-07-07T14:33:00,14,1,19,73,28.6,60,28.6
S01727,ST05,2026-07-07T14:36:00,14,1,29,88,32.9,60,32.9
S01721,ST02,2026-07-07T14:38:00,14,1,36,73,16.4,150,6.6
S01718,ST01,2026-07-07T14:45:00,14,1,39,74,25.9,150,10.4
S01720,ST02,2026-07-07T14:47:00,14,1,20,100,47.7,22,130.1
S01719,ST01,2026-07-07T14:55:00,14,1,43,73,19.3,120,9.7
S01740,ST05,2026-07-07T15:02:00,15,1,41,97,40.7,60,40.7
S01737,ST04,2026-07-07T15:07:00,15,1,44,75,22.8,60,22.8
S01730,ST01,2026-07-07T15:09:00,15,1,30,72,28.6,150,11.4
S01731,ST02,2026-07-07T15:14:00,15,1,35,80,26.5,120,13.2
S01728,ST01,2026-07-07T15:30:00,15,1,48,74,17.3,150,6.9
S01736,ST04,2026-07-07T15:33:00,15,1,22,94,40.8,22,111.3
S01735,ST04,2026-07-07T15:34:00,15,1,46,94,20.1,150,8.0
S01734,ST03,2026-07-07T15:35:00,15,1,17,90,43.5,50,52.2
S01733,ST03,2026-07-07T15:36:00,15,1,50,95,30.2,60,30.2
S01729,ST01,2026-07-07T15:40:00,15,1,39,94,30.7,120,15.3
S01732,ST02,2026-07-07T15:47:00,15,1,27,90,27.2,50,32.6
S01738,ST04,2026-07-07T15:50:00,15,1,23,77,37.3,150,14.9
S01739,ST05,2026-07-07T15:51:00,15,1,44,89,23.0,150,9.2
S01746,ST03,2026-07-07T16:09:00,16,1,36,98,31.8,120,15.9
S01743,ST01,2026-07-07T16:10:00,16,1,28,74,21.3,22,58.1
S01745,ST02,2026-07-07T16:11:00,16,1,11,92,34.1,120,17.1
S01742,ST01,2026-07-07T16:16:00,16,1,15,73,43.1,150,17.2
S01749,ST04,2026-07-07T16:24:00,16,1,17,78,25.7,120,12.8
S01741,ST01,2026-07-07T16:26:00,16,1,11,97,50.3,120,25.1
S01744,ST02,2026-07-07T16:26:00,16,1,20,71,31.4,60,31.4
S01750,ST04,2026-07-07T16:35:00,16,1,36,72,20.5,120,10.2
S01748,ST04,2026-07-07T16:37:00,16,1,25,85,34.7,150,13.9
S01752,ST05,2026-07-07T16:43:00,16,1,16,77,40.7,50,48.8
S01747,ST04,2026-07-07T16:57:00,16,1,17,71,25.4,150,10.2
S01751,ST05,2026-07-07T16:58:00,16,1,11,78,39.8,150,15.9
S01771,ST05,2026-07-07T17:11:00,17,1,10,73,35.4,50,42.5
S01754,ST01,2026-07-07T17:13:00,17,1,19,81,36.5,50,43.8
S01758,ST02,2026-07-07T17:16:00,17,1,34,81,32.7,50,39.2
S01757,ST01,2026-07-07T17:18:00,17,1,20,70,21.1,120,10.6
S01764,ST04,2026-07-07T17:20:00,17,1,31,76,25.2,150,10.1
S01765,ST04,2026-07-07T17:21:00,17,1,11,99,56.5,22,154.1
S01770,ST05,2026-07-07T17:22:00,17,1,34,96,37.8,120,18.9
S01753,ST01,2026-07-07T17:26:00,17,1,38,72,23.7,150,9.5
S01767,ST04,2026-07-07T17:26:00,17,1,45,98,34.1,120,17.1
S01756,ST01,2026-07-07T17:28:00,17,1,12,70,39.7,150,15.9
S01772,ST05,2026-07-07T17:28:00,17,1,10,77,44.2,60,44.2
S01769,ST04,2026-07-07T17:34:00,17,1,11,98,60.1,120,30.1
S01760,ST02,2026-07-07T17:36:00,17,1,14,79,28.0,22,76.4
S01759,ST02,2026-07-07T17:37:00,17,1,42,79,15.4,150,6.2
S01766,ST04,2026-07-07T17:38:00,17,1,40,70,21.5,50,25.8
S01762,ST03,2026-07-07T17:39:00,17,1,42,100,39.5,60,39.5
S01763,ST03,2026-07-07T17:40:00,17,1,26,94,44.0,60,44.0
S01773,ST05,2026-07-07T17:43:00,17,1,32,76,19.0,150,7.6
S01761,ST03,2026-07-07T17:46:00,17,1,45,78,23.3,50,28.0
S01768,ST04,2026-07-07T17:48:00,17,1,35,87,22.3,22,60.8
S01755,ST01,2026-07-07T17:50:00,17,1,25,87,45.5,150,18.2
S01783,ST03,2026-07-07T18:00:00,18,1,37,90,33.7,22,91.9
S01792,ST05,2026-07-07T18:01:00,18,1,47,95,29.7,60,29.7
S01775,ST01,2026-07-07T18:02:00,18,1,27,85,41.6,150,16.6
S01795,ST05,2026-07-07T18:04:00,18,1,48,89,22.7,22,61.9
S01791,ST04,2026-07-07T18:04:00,18,1,50,90,17.4,120,8.7
S01790,ST04,2026-07-07T18:04:00,18,1,25,76,23.3,60,23.3
S01779,ST02,2026-07-07T18:04:00,18,1,47,74,17.8,50,21.4
S01777,ST01,2026-07-07T18:07:00,18,1,27,88,35.1,50,42.1
S01776,ST01,2026-07-07T18:13:00,18,1,10,76,49.1,120,24.6
S01780,ST02,2026-07-07T18:16:00,18,1,46,97,24.5,150,9.8
S01785,ST03,2026-07-07T18:17:00,18,1,17,91,43.0,120,21.5
S01787,ST04,2026-07-07T18:17:00,18,1,36,87,28.4,22,77.5
S01794,ST05,2026-07-07T18:21:00,18,1,13,96,42.9,50,51.5
S01788,ST04,2026-07-07T18:25:00,18,1,22,80,24.9,150,10.0
S01778,ST01,2026-07-07T18:35:00,18,1,22,91,45.4,150,18.2
S01782,ST02,2026-07-07T18:44:00,18,1,44,89,22.0,150,8.8
S01781,ST02,2026-07-07T18:46:00,18,1,27,76,34.1,22,93.0
S01786,ST04,2026-07-07T18:48:00,18,1,12,98,56.1,22,153.0
S01774,ST01,2026-07-07T18:51:00,18,1,24,77,39.4,60,39.4
S01789,ST04,2026-07-07T18:51:00,18,1,11,93,39.3,120,19.6
S01793,ST05,2026-07-07T18:53:00,18,1,26,77,22.3,50,26.8
S01784,ST03,2026-07-07T18:54:00,18,1,30,83,36.9,120,18.4
S01802,ST02,2026-07-07T19:00:00,19,1,39,82,24.2,120,12.1
S01799,ST01,2026-07-07T19:03:00,19,1,29,89,37.1,22,101.2
S01813,ST04,2026-07-07T19:03:00,19,1,25,86,41.9,150,16.8
S01800,ST01,2026-07-07T19:06:00,19,1,13,87,31.0,120,15.5
S01808,ST04,2026-07-07T19:08:00,19,1,12,71,26.2,150,10.5
S01811,ST04,2026-07-07T19:09:00,19,1,40,79,23.8,60,23.8
S01818,ST05,2026-07-07T19:10:00,19,1,16,84,48.1,22,131.2
S01810,ST04,2026-07-07T19:19:00,19,1,47,98,30.1,50,36.1
S01807,ST03,2026-07-07T19:22:00,19,1,36,85,32.0,120,16.0
S01812,ST04,2026-07-07T19:23:00,19,1,10,86,46.0,50,55.2
S01797,ST01,2026-07-07T19:24:00,19,1,30,98,47.4,22,129.3
S01809,ST04,2026-07-07T19:27:00,19,1,42,100,36.4,60,36.4
S01814,ST05,2026-07-07T19:27:00,19,1,32,76,32.6,50,39.1
S01804,ST02,2026-07-07T19:29:00,19,1,43,80,22.4,22,61.1
S01817,ST05,2026-07-07T19:36:00,19,1,31,89,29.3,60,29.3
S01796,ST01,2026-07-07T19:37:00,19,1,17,72,40.8,22,111.3
S01805,ST03,2026-07-07T19:38:00,19,1,14,88,50.0,50,60.0
S01801,ST02,2026-07-07T19:39:00,19,1,36,77,28.8,150,11.5
S01816,ST05,2026-07-07T19:44:00,19,1,39,89,32.1,150,12.8
S01798,ST01,2026-07-07T19:50:00,19,1,18,71,38.2,120,19.1
S01815,ST05,2026-07-07T19:50:00,19,1,14,80,30.8,120,15.4
S01803,ST02,2026-07-07T19:56:00,19,1,49,89,17.4,22,47.5
S01806,ST03,2026-07-07T19:57:00,19,1,46,74,17.4,60,17.4
S01837,ST05,2026-07-07T20:05:00,20,1,40,95,34.8,22,94.9
S01823,ST01,2026-07-07T20:07:00,20,1,19,79,33.2,150,13.3
S01838,ST05,2026-07-07T20:10:00,20,1,42,82,26.5,150,10.6
S01825,ST02,2026-07-07T20:11:00,20,1,24,98,36.4,50,43.7
S01827,ST02,2026-07-07T20:11:00,20,1,26,99,31.8,50,38.2
S01835,ST04,2026-07-07T20:15:00,20,1,13,90,52.2,50,62.6
S01826,ST02,2026-07-07T20:21:00,20,1,45,77,14.8,22,40.4
S01822,ST01,2026-07-07T20:23:00,20,1,10,72,32.6,150,13.0
S01839,ST05,2026-07-07T20:23:00,20,1,41,86,25.3,60,25.3
S01824,ST02,2026-07-07T20:23:00,20,1,12,70,27.2,60,27.2
S01832,ST04,2026-07-07T20:24:00,20,1,33,80,28.7,50,34.4
S01820,ST01,2026-07-07T20:29:00,20,1,49,76,13.1,60,13.1
S01829,ST03,2026-07-07T20:29:00,20,1,25,81,38.3,50,46.0
S01830,ST03,2026-07-07T20:33:00,20,1,49,98,27.0,22,73.6
S01840,ST05,2026-07-07T20:45:00,20,1,33,86,34.1,120,17.1
S01828,ST03,2026-07-07T20:50:00,20,1,17,80,45.8,60,45.8
S01821,ST01,2026-07-07T20:51:00,20,1,34,76,22.7,22,61.9
S01834,ST04,2026-07-07T20:54:00,20,1,44,79,23.7,60,23.7
S01836,ST04,2026-07-07T20:54:00,20,1,42,100,35.1,120,17.6
S01831,ST04,2026-07-07T20:56:00,20,1,18,95,35.9,150,14.4
S01833,ST04,2026-07-07T20:58:00,20,1,12,94,50.5,50,60.6
S01819,ST01,2026-07-07T20:58:00,20,1,10,90,38.2,50,45.8
S01842,ST02,2026-07-07T21:13:00,21,1,24,98,34.9,50,41.9
S01845,ST04,2026-07-07T21:18:00,21,1,38,86,25.1,150,10.0
S01843,ST03,2026-07-07T21:19:00,21,1,37,98,32.5,50,39.0
S01844,ST04,2026-07-07T21:23:00,21,1,26,87,26.2,22,71.5
S01841,ST01,2026-07-07T21:37:00,21,1,35,90,39.7,150,15.9
S01848,ST03,2026-07-07T22:16:00,22,1,14,81,47.9,60,47.9
S01846,ST01,2026-07-07T22:21:00,22,1,37,84,26.5,120,13.2
S01847,ST02,2026-07-07T22:31:00,22,1,30,78,25.6,50,30.7
S01849,ST04,2026-07-07T22:32:00,22,1,44,90,19.7,60,19.7
S01850,ST04,2026-07-07T22:59:00,22,1,24,73,21.6,60,21.6
S01854,ST05,2026-07-07T23:00:00,23,1,40,90,29.0,50,34.8
S01852,ST03,2026-07-07T23:08:00,23,1,44,99,27.0,60,27.0
S01851,ST01,2026-07-07T23:12:00,23,1,31,78,23.8,60,23.8
S01853,ST04,2026-07-07T23:22:00,23,1,35,100,35.2,150,14.1
S01857,ST03,2026-07-08T00:05:00,0,2,30,97,31.2,120,15.6
S01855,ST01,2026-07-08T00:14:00,0,2,24,93,45.7,120,22.9
S01859,ST05,2026-07-08T00:19:00,0,2,10,85,51.3,60,51.3
S01858,ST04,2026-07-08T00:28:00,0,2,45,70,13.3,150,5.3
S01856,ST02,2026-07-08T00:37:00,0,2,45,94,27.6,120,13.8
S01862,ST04,2026-07-08T01:21:00,1,2,46,90,29.9,150,12.0
S01860,ST01,2026-07-08T01:26:00,1,2,37,91,35.8,150,14.3
S01863,ST04,2026-07-08T01:36:00,1,2,35,82,22.2,120,11.1
S01861,ST02,2026-07-08T01:37:00,1,2,11,88,52.0,50,62.4
S01868,ST05,2026-07-08T02:04:00,2,2,39,71,16.9,22,46.1
S01865,ST02,2026-07-08T02:19:00,2,2,15,75,26.2,150,10.5
S01864,ST01,2026-07-08T02:30:00,2,2,16,80,38.4,120,19.2
S01866,ST04,2026-07-08T02:38:00,2,2,41,70,13.5,22,36.8
S01867,ST04,2026-07-08T02:58:00,2,2,34,79,21.2,60,21.2
S01871,ST04,2026-07-08T03:13:00,3,2,29,83,37.1,120,18.6
S01872,ST05,2026-07-08T03:36:00,3,2,29,88,27.8,120,13.9
S01870,ST03,2026-07-08T03:47:00,3,2,14,82,49.9,50,59.9
S01869,ST01,2026-07-08T03:55:00,3,2,36,82,20.9,22,57.0
S01873,ST01,2026-07-08T04:00:00,4,2,19,84,27.5,120,13.8
S01877,ST05,2026-07-08T04:11:00,4,2,49,93,24.3,120,12.2
S01874,ST02,2026-07-08T04:15:00,4,2,43,80,26.6,120,13.3
S01875,ST03,2026-07-08T04:36:00,4,2,12,93,35.0,120,17.5
S01876,ST04,2026-07-08T04:53:00,4,2,29,82,32.6,50,39.1
S01881,ST04,2026-07-08T05:07:00,5,2,33,72,25.9,150,10.4
S01878,ST01,2026-07-08T05:11:00,5,2,46,73,14.5,22,39.5
S01882,ST05,2026-07-08T05:20:00,5,2,36,84,22.0,50,26.4
S01880,ST04,2026-07-08T05:44:00,5,2,23,99,43.5,150,17.4
S01879,ST02,2026-07-08T05:55:00,5,2,20,78,41.1,150,16.4
S01886,ST05,2026-07-08T06:04:00,6,2,15,87,45.4,120,22.7
S01883,ST01,2026-07-08T06:29:00,6,2,11,72,38.0,120,19.0
S01884,ST02,2026-07-08T06:47:00,6,2,35,97,29.0,22,79.1
S01885,ST04,2026-07-08T06:58:00,6,2,18,80,39.3,120,19.6
S01889,ST04,2026-07-08T07:00:00,7,2,27,74,26.0,50,31.2
S01891,ST05,2026-07-08T07:03:00,7,2,50,95,26.2,22,71.5
S01888,ST02,2026-07-08T07:11:00,7,2,28,73,26.4,120,13.2
S01890,ST04,2026-07-08T07:13:00,7,2,12,98,54.7,50,65.6
S01887,ST01,2026-07-08T07:52:00,7,2,27,96,31.5,22,85.9
S01901,ST03,2026-07-08T08:00:00,8,2,35,90,28.1,120,14.1
S01895,ST01,2026-07-08T08:01:00,8,2,10,80,48.1,22,131.2
S01906,ST04,2026-07-08T08:10:00,8,2,26,100,32.1,60,32.1
S01900,ST03,2026-07-08T08:14:00,8,2,23,73,26.2,50,31.4
S01902,ST04,2026-07-08T08:14:00,8,2,14,91,52.8,150,21.1
S01904,ST04,2026-07-08T08:19:00,8,2,48,85,27.5,22,75.0
S01892,ST01,2026-07-08T08:19:00,8,2,38,71,20.1,22,54.8
S01908,ST05,2026-07-08T08:21:00,8,2,21,90,46.0,60,46.0
S01903,ST04,2026-07-08T08:23:00,8,2,12,72,42.6,120,21.3
S01894,ST01,2026-07-08T08:23:00,8,2,25,76,22.0,120,11.0
S01907,ST05,2026-07-08T08:44:00,8,2,34,91,41.2,50,49.4
S01905,ST04,2026-07-08T08:45:00,8,2,44,95,38.1,150,15.2
S01897,ST02,2026-07-08T08:46:00,8,2,20,71,27.8,22,75.8
S01893,ST01,2026-07-08T08:49:00,8,2,34,94,28.2,50,33.8
S01898,ST02,2026-07-08T08:52:00,8,2,30,80,29.8,50,35.8
S01909,ST05,2026-07-08T08:54:00,8,2,40,72,16.6,150,6.6
S01896,ST02,2026-07-08T08:56:00,8,2,16,95,54.7,50,65.6
S01910,ST05,2026-07-08T08:58:00,8,2,47,84,19.8,50,23.8
S01899,ST03,2026-07-08T08:59:00,8,2,44,82,27.7,22,75.5
S01919,ST03,2026-07-08T09:03:00,9,2,25,95,44.8,50,53.8
S01921,ST04,2026-07-08T09:04:00,9,2,41,72,22.7,22,61.9
S01916,ST02,2026-07-08T09:08:00,9,2,27,80,33.1,22,90.3
S01923,ST04,2026-07-08T09:11:00,9,2,47,87,27.6,50,33.1
S01924,ST04,2026-07-08T09:15:00,9,2,42,72,16.5,120,8.2
S01926,ST05,2026-07-08T09:15:00,9,2,29,79,30.1,50,36.1
S01927,ST05,2026-07-08T09:17:00,9,2,40,72,23.5,60,23.5
S01914,ST01,2026-07-08T09:18:00,9,2,22,74,27.6,22,75.3
S01912,ST01,2026-07-08T09:19:00,9,2,25,93,37.4,50,44.9
S01920,ST04,2026-07-08T09:24:00,9,2,43,80,17.2,22,46.9
S01928,ST05,2026-07-08T09:25:00,9,2,34,75,23.2,120,11.6
S01917,ST02,2026-07-08T09:33:00,9,2,36,90,37.0,22,100.9
S01913,ST01,2026-07-08T09:39:00,9,2,15,71,25.1,120,12.6
S01922,ST04,2026-07-08T09:40:00,9,2,19,100,38.2,22,104.2
S01911,ST01,2026-07-08T09:45:00,9,2,10,77,27.3,22,74.5
S01915,ST02,2026-07-08T09:46:00,9,2,48,100,28.9,60,28.9
S01925,ST05,2026-07-08T09:46:00,9,2,22,77,30.2,150,12.1
S01918,ST03,2026-07-08T09:46:00,9,2,31,80,23.8,150,9.5
S01930,ST01,2026-07-08T10:01:00,10,2,34,83,34.2,60,34.2
S01934,ST02,2026-07-08T10:12:00,10,2,19,99,37.3,22,101.7
S01942,ST04,2026-07-08T10:15:00,10,2,40,71,22.4,60,22.4
S01932,ST01,2026-07-08T10:16:00,10,2,34,84,25.4,60,25.4
S01937,ST03,2026-07-08T10:19:00,10,2,47,72,13.6,22,37.1
S01936,ST03,2026-07-08T10:26:00,10,2,35,93,30.8,120,15.4
S01939,ST04,2026-07-08T10:27:00,10,2,26,94,48.9,60,48.9
S01944,ST05,2026-07-08T10:29:00,10,2,19,78,28.7,150,11.5
S01940,ST04,2026-07-08T10:32:00,10,2,41,90,31.4,22,85.6
S01933,ST02,2026-07-08T10:38:00,10,2,40,72,16.5,120,8.2
S01931,ST01,2026-07-08T10:38:00,10,2,44,74,17.8,50,21.4
S01943,ST04,2026-07-08T10:40:00,10,2,11,92,51.3,50,61.6
S01946,ST05,2026-07-08T10:41:00,10,2,34,82,31.1,22,84.8
S01941,ST04,2026-07-08T10:41:00,10,2,34,99,35.6,50,42.7
S01945,ST05,2026-07-08T10:42:00,10,2,20,70,22.0,22,60.0
S01929,ST01,2026-07-08T10:47:00,10,2,37,94,25.9,120,12.9
S01935,ST02,2026-07-08T10:55:00,10,2,42,93,33.3,120,16.6
S01938,ST03,2026-07-08T10:58:00,10,2,17,82,47.2,50,56.6
S01952,ST03,2026-07-08T11:00:00,11,2,16,72,37.6,120,18.8
S01959,ST05,2026-07-08T11:05:00,11,2,28,72,23.4,60,23.4
S01955,ST04,2026-07-08T11:11:00,11,2,42,100,25.4,150,10.2
S01957,ST05,2026-07-08T11:12:00,11,2,26,98,50.8,120,25.4
S01947,ST01,2026-07-08T11:12:00,11,2,37,75,26.2,60,26.2
S01954,ST04,2026-07-08T11:23:00,11,2,21,92,31.7,120,15.8
S01953,ST03,2026-07-08T11:33:00,11,2,36,90,27.0,120,13.5
S01950,ST02,2026-07-08T11:36:00,11,2,32,96,28.8,50,34.6
S01949,ST01,2026-07-08T11:37:00,11,2,29,93,34.8,22,94.9
S01958,ST05,2026-07-08T11:40:00,11,2,49,73,16.9,50,20.3
S01948,ST01,2026-07-08T11:44:00,11,2,29,86,42.1,120,21.1
S01956,ST04,2026-07-08T11:52:00,11,2,23,75,24.5,50,29.4
S01951,ST02,2026-07-08T11:59:00,11,2,35,92,28.9,50,34.7
S01961,ST01,2026-07-08T12:00:00,12,2,13,78,43.1,22,117.5
S01960,ST01,2026-07-08T12:01:00,12,2,47,77,17.0,22,46.4
S01966,ST04,2026-07-08T12:24:00,12,2,49,71,16.3,60,16.3
S01963,ST02,2026-07-08T12:24:00,12,2,48,86,28.3,60,28.3
S01964,ST03,2026-07-08T12:30:00,12,2,31,89,31.9,60,31.9
S01970,ST05,2026-07-08T12:32:00,12,2,36,91,25.6,60,25.6
S01965,ST03,2026-07-08T12:43:00,12,2,31,80,33.6,60,33.6
S01969,ST05,2026-07-08T12:44:00,12,2,25,81,31.3,120,15.7
S01968,ST04,2026-07-08T12:46:00,12,2,18,70,31.8,150,12.7
S01962,ST02,2026-07-08T12:50:00,12,2,12,73,28.9,22,78.8
S01967,ST04,2026-07-08T12:51:00,12,2,16,70,30.2,120,15.1
S01975,ST03,2026-07-08T13:09:00,13,2,43,98,33.0,150,13.2
S01980,ST05,2026-07-08T13:10:00,13,2,30,98,36.3,60,36.3
S01972,ST01,2026-07-08T13:14:00,13,2,48,85,20.0,150,8.0
S01981,ST05,2026-07-08T13:14:00,13,2,26,91,36.8,22,100.4
S01973,ST02,2026-07-08T13:22:00,13,2,37,100,45.7,120,22.9
S01971,ST01,2026-07-08T13:23:00,13,2,12,95,54.6,120,27.3
S01978,ST04,2026-07-08T13:30:00,13,2,44,77,16.0,50,19.2
S01976,ST04,2026-07-08T13:31:00,13,2,15,79,44.2,150,17.7
S01974,ST02,2026-07-08T13:42:00,13,2,16,93,41.2,150,16.5
S01979,ST05,2026-07-08T13:42:00,13,2,15,73,32.0,22,87.3
S01977,ST04,2026-07-08T13:55:00,13,2,39,75,25.7,22,70.1
S01987,ST03,2026-07-08T14:05:00,14,2,17,72,28.5,150,11.4
S01991,ST04,2026-07-08T14:20:00,14,2,33,95,39.5,50,47.4
S01989,ST04,2026-07-08T14:24:00,14,2,46,93,18.8,22,51.3
S01993,ST05,2026-07-08T14:34:00,14,2,39,80,18.5,60,18.5
S01990,ST04,2026-07-08T14:37:00,14,2,44,76,22.3,120,11.2
S01992,ST05,2026-07-08T14:38:00,14,2,47,77,13.1,22,35.7
S01988,ST04,2026-07-08T14:47:00,14,2,17,88,37.5,60,37.5
S01985,ST02,2026-07-08T14:47:00,14,2,34,90,35.0,150,14.0
S01984,ST01,2026-07-08T14:49:00,14,2,48,72,15.0,120,7.5
S01983,ST01,2026-07-08T14:50:00,14,2,31,97,31.6,150,12.6
S01986,ST02,2026-07-08T14:54:00,14,2,37,95,27.9,60,27.9
S01982,ST01,2026-07-08T14:59:00,14,2,44,90,30.1,22,82.1
S01998,ST02,2026-07-08T15:03:00,15,2,31,74,29.7,50,35.6
S02005,ST05,2026-07-08T15:03:00,15,2,29,84,34.6,150,13.8
S02004,ST04,2026-07-08T15:06:00,15,2,18,80,41.1,150,16.4
S02006,ST05,2026-07-08T15:08:00,15,2,38,92,30.7,50,36.8
S02007,ST05,2026-07-08T15:13:00,15,2,23,95,47.7,22,130.1
S02003,ST04,2026-07-08T15:18:00,15,2,22,92,49.0,120,24.5
S02002,ST04,2026-07-08T15:22:00,15,2,35,82,20.0,60,20.0
S01994,ST01,2026-07-08T15:31:00,15,2,39,74,21.4,50,25.7
S02001,ST04,2026-07-08T15:35:00,15,2,35,80,24.7,120,12.3
S01996,ST01,2026-07-08T15:44:00,15,2,17,78,45.7,150,18.3
S01995,ST01,2026-07-08T15:47:00,15,2,12,89,39.4,150,15.8
S01997,ST02,2026-07-08T15:53:00,15,2,23,85,31.1,120,15.5
S02000,ST03,2026-07-08T15:54:00,15,2,41,93,27.9,50,33.5
S01999,ST03,2026-07-08T15:59:00,15,2,24,92,44.7,50,53.6
S02016,ST04,2026-07-08T16:05:00,16,2,17,85,42.5,150,17.0
S02010,ST01,2026-07-08T16:06:00,16,2,32,85,24.5,22,66.8
S02017,ST04,2026-07-08T16:14:00,16,2,11,88,46.2,150,18.5
S02013,ST03,2026-07-08T16:19:00,16,2,48,100,23.9,120,11.9
S02009,ST01,2026-07-08T16:24:00,16,2,37,91,37.5,22,102.3
S02019,ST05,2026-07-08T16:30:00,16,2,37,79,25.2,22,68.7
S02011,ST02,2026-07-08T16:32:00,16,2,31,88,31.5,50,37.8
S02012,ST02,2026-07-08T16:40:00,16,2,35,77,17.3,50,20.8
S02015,ST04,2026-07-08T16:41:00,16,2,38,81,17.4,22,47.5
S02018,ST05,2026-07-08T16:44:00,16,2,16,95,48.0,120,24.0
S02014,ST03,2026-07-08T16:49:00,16,2,15,94,44.4,120,22.2
S02008,ST01,2026-07-08T16:54:00,16,2,46,73,17.2,50,20.6
S02032,ST04,2026-07-08T17:02:00,17,2,25,71,21.4,60,21.4
S02027,ST02,2026-07-08T17:05:00,17,2,17,86,34.8,150,13.9
S02028,ST02,2026-07-08T17:10:00,17,2,37,100,39.7,50,47.6
S02024,ST01,2026-07-08T17:11:00,17,2,48,92,20.4,150,8.2
S02034,ST04,2026-07-08T17:13:00,17,2,47,81,16.9,150,6.8
S02025,ST02,2026-07-08T17:20:00,17,2,17,71,24.0,50,28.8
S02021,ST01,2026-07-08T17:25:00,17,2,45,96,30.0,150,12.0
S02035,ST04,2026-07-08T17:27:00,17,2,14,87,35.7,120,17.9
S02022,ST01,2026-07-08T17:31:00,17,2,14,86,49.9,150,20.0
S02029,ST03,2026-07-08T17:33:00,17,2,28,91,37.0,50,44.4
S02030,ST03,2026-07-08T17:36:00,17,2,41,92,26.0,60,26.0
S02031,ST03,2026-07-08T17:38:00,17,2,44,86,19.9,22,54.3
S02040,ST05,2026-07-08T17:38:00,17,2,20,83,43.3,60,43.3
S02038,ST05,2026-07-08T17:40:00,17,2,27,90,40.6,50,48.7
S02026,ST02,2026-07-08T17:41:00,17,2,20,72,31.0,22,84.5
S02036,ST04,2026-07-08T17:41:00,17,2,20,82,34.7,60,34.7
S02037,ST04,2026-07-08T17:43:00,17,2,37,100,40.5,150,16.2
S02039,ST05,2026-07-08T17:45:00,17,2,33,88,34.7,150,13.9
S02023,ST01,2026-07-08T17:45:00,17,2,17,94,51.1,22,139.4
S02020,ST01,2026-07-08T17:45:00,17,2,44,75,16.8,22,45.8
S02041,ST05,2026-07-08T17:50:00,17,2,37,82,18.4,150,7.4
S02033,ST04,2026-07-08T17:54:00,17,2,23,100,34.4,150,13.8
S02048,ST02,2026-07-08T18:06:00,18,2,43,81,24.5,60,24.5
S02050,ST02,2026-07-08T18:10:00,18,2,30,100,46.4,50,55.7
S02056,ST04,2026-07-08T18:11:00,18,2,38,81,29.2,150,11.7
S02060,ST05,2026-07-08T18:15:00,18,2,15,75,36.1,22,98.5
S02045,ST01,2026-07-08T18:17:00,18,2,10,73,33.5,50,40.2
S02054,ST04,2026-07-08T18:17:00,18,2,13,99,56.2,60,56.2
S02042,ST01,2026-07-08T18:17:00,18,2,17,87,30.7,150,12.3
S02057,ST04,2026-07-08T18:18:00,18,2,27,100,40.1,50,48.1
S02058,ST04,2026-07-08T18:19:00,18,2,50,97,20.2,60,20.2
S02046,ST01,2026-07-08T18:24:00,18,2,16,95,57.2,50,68.6
S02043,ST01,2026-07-08T18:26:00,18,2,14,80,41.2,60,41.2
S02059,ST04,2026-07-08T18:26:00,18,2,30,97,28.9,22,78.8
S02062,ST05,2026-07-08T18:27:00,18,2,42,99,37.4,120,18.7
S02052,ST03,2026-07-08T18:30:00,18,2,47,74,13.2,150,5.3
S02063,ST05,2026-07-08T18:31:00,18,2,42,91,36.7,150,14.7
S02049,ST02,2026-07-08T18:35:00,18,2,27,89,26.9,22,73.4
S02055,ST04,2026-07-08T18:45:00,18,2,25,91,40.5,120,20.2
S02053,ST03,2026-07-08T18:45:00,18,2,19,91,32.0,120,16.0
S02061,ST05,2026-07-08T18:47:00,18,2,28,87,42.8,22,116.7
S02051,ST03,2026-07-08T18:47:00,18,2,44,87,26.1,120,13.1
S02047,ST02,2026-07-08T18:56:00,18,2,29,88,40.6,120,20.3
S02044,ST01,2026-07-08T18:58:00,18,2,31,94,31.2,50,37.4
S02069,ST02,2026-07-08T19:03:00,19,2,37,85,25.6,60,25.6
S02082,ST05,2026-07-08T19:06:00,19,2,38,91,36.8,50,44.2
S02070,ST02,2026-07-08T19:07:00,19,2,31,99,43.4,150,17.4
S02085,ST05,2026-07-08T19:08:00,19,2,35,83,31.7,22,86.5
S02083,ST05,2026-07-08T19:08:00,19,2,32,93,33.7,60,33.7
S02086,ST05,2026-07-08T19:10:00,19,2,22,100,44.3,60,44.3
S02078,ST04,2026-07-08T19:12:00,19,2,15,86,41.2,50,49.4
S02066,ST01,2026-07-08T19:15:00,19,2,43,91,29.4,150,11.8
S02072,ST02,2026-07-08T19:16:00,19,2,23,70,30.9,150,12.4
S02081,ST04,2026-07-08T19:19:00,19,2,33,83,35.6,150,14.2
S02076,ST04,2026-07-08T19:19:00,19,2,32,73,16.5,50,19.8
S02077,ST04,2026-07-08T19:25:00,19,2,32,70,16.5,120,8.2
S02064,ST01,2026-07-08T19:25:00,19,2,10,89,36.9,22,100.6
S02079,ST04,2026-07-08T19:26:00,19,2,17,99,46.8,50,56.2
S02067,ST01,2026-07-08T19:28:00,19,2,20,91,51.5,150,20.6
S02065,ST01,2026-07-08T19:45:00,19,2,37,92,32.3,60,32.3
S02080,ST04,2026-07-08T19:49:00,19,2,26,77,28.8,60,28.8
S02074,ST03,2026-07-08T19:52:00,19,2,12,99,48.9,150,19.6
S02071,ST02,2026-07-08T19:54:00,19,2,17,79,31.3,60,31.3
S02075,ST03,2026-07-08T19:54:00,19,2,41,71,15.7,150,6.3
S02084,ST05,2026-07-08T19:56:00,19,2,22,73,23.8,22,64.9
S02068,ST01,2026-07-08T19:57:00,19,2,24,75,21.7,50,26.0
S02073,ST03,2026-07-08T19:59:00,19,2,29,99,50.9,150,20.4
S02106,ST05,2026-07-08T20:06:00,20,2,37,75,18.6,120,9.3
S02090,ST01,2026-07-08T20:08:00,20,2,19,81,35.7,50,42.8
S02089,ST01,2026-07-08T20:08:00,20,2,17,100,36.3,22,99.0
S02097,ST04,2026-07-08T20:09:00,20,2,24,73,21.9,22,59.7
S02104,ST05,2026-07-08T20:11:00,20,2,12,70,24.3,60,24.3
S02105,ST05,2026-07-08T20:13:00,20,2,28,85,28.4,150,11.4
S02101,ST04,2026-07-08T20:14:00,20,2,31,83,29.5,150,11.8
S02094,ST03,2026-07-08T20:17:00,20,2,17,97,39.4,50,47.3
S02098,ST04,2026-07-08T20:17:00,20,2,22,99,34.7,22,94.6
S02088,ST01,2026-07-08T20:20:00,20,2,35,86,33.4,120,16.7
S02103,ST05,2026-07-08T20:22:00,20,2,36,77,21.0,22,57.3
S02100,ST04,2026-07-08T20:26:00,20,2,43,79,23.2,50,27.8
S02092,ST02,2026-07-08T20:27:00,20,2,40,79,19.5,22,53.2
S02102,ST04,2026-07-08T20:27:00,20,2,13,79,28.9,60,28.9
S02087,ST01,2026-07-08T20:31:00,20,2,45,85,27.2,50,32.6
S02099,ST04,2026-07-08T20:39:00,20,2,22,72,35.1,120,17.6
S02095,ST03,2026-07-08T20:42:00,20,2,37,76,22.1,22,60.3
S02096,ST03,2026-07-08T20:44:00,20,2,42,89,21.8,150,8.7
S02093,ST02,2026-07-08T20:48:00,20,2,37,77,24.6,150,9.8
S02091,ST02,2026-07-08T20:53:00,20,2,31,83,38.6,22,105.3
S02108,ST02,2026-07-08T21:08:00,21,2,31,81,33.0,60,33.0
S02107,ST01,2026-07-08T21:19:00,21,2,17,73,35.5,150,14.2
S02110,ST04,2026-07-08T21:24:00,21,2,15,98,36.3,150,14.5
S02111,ST05,2026-07-08T21:37:00,21,2,22,76,34.9,22,95.2
S02109,ST03,2026-07-08T21:37:00,21,2,43,89,24.4,60,24.4
S02115,ST05,2026-07-08T22:07:00,22,2,37,72,19.9,150,8.0
S02113,ST02,2026-07-08T22:12:00,22,2,44,93,22.2,50,26.6
S02114,ST04,2026-07-08T22:16:00,22,2,45,81,25.7,120,12.8
S02112,ST01,2026-07-08T22:34:00,22,2,49,80,15.7,120,7.8
S02121,ST05,2026-07-08T23:10:00,23,2,46,76,18.2,22,49.6
S02119,ST04,2026-07-08T23:10:00,23,2,38,94,32.4,150,13.0
S02118,ST03,2026-07-08T23:25:00,23,2,41,91,29.3,150,11.7
S02116,ST01,2026-07-08T23:32:00,23,2,11,75,39.0,50,46.8
S02117,ST02,2026-07-08T23:36:00,23,2,13,95,60.7,50,72.8
S02120,ST04,2026-07-08T23:49:00,23,2,34,82,29.4,50,35.3
S02125,ST05,2026-07-09T00:17:00,0,3,18,78,42.3,22,115.4
S02124,ST04,2026-07-09T00:34:00,0,3,25,79,22.3,50,26.8
S02122,ST01,2026-07-09T00:50:00,0,3,42,84,24.2,150,9.7
S02123,ST02,2026-07-09T00:54:00,0,3,24,79,35.6,150,14.2
S02129,ST05,2026-07-09T01:00:00,1,3,32,77,29.5,60,29.5
S02126,ST01,2026-07-09T01:15:00,1,3,23,87,28.2,60,28.2
S02127,ST02,2026-07-09T01:23:00,1,3,30,72,30.7,150,12.3
S02128,ST04,2026-07-09T01:57:00,1,3,49,79,15.4,22,42.0
S02130,ST01,2026-07-09T02:01:00,2,3,44,91,34.9,150,14.0
S02131,ST03,2026-07-09T02:24:00,2,3,26,97,44.0,150,17.6
S02133,ST05,2026-07-09T02:51:00,2,3,35,74,21.7,120,10.8
S02132,ST04,2026-07-09T02:52:00,2,3,38,77,20.0,50,24.0
S02136,ST04,2026-07-09T03:01:00,3,3,29,75,32.7,120,16.4
S02135,ST03,2026-07-09T03:12:00,3,3,46,85,28.5,50,34.2
S02137,ST05,2026-07-09T03:12:00,3,3,14,74,25.5,50,30.6
S02134,ST01,2026-07-09T03:57:00,3,3,40,72,18.4,120,9.2
S02142,ST05,2026-07-09T04:00:00,4,3,16,87,46.7,60,46.7
S02141,ST04,2026-07-09T04:17:00,4,3,19,100,50.2,22,136.9
S02138,ST01,2026-07-09T04:41:00,4,3,35,73,24.8,50,29.8
S02140,ST04,2026-07-09T04:48:00,4,3,12,74,30.2,22,82.4
S02139,ST02,2026-07-09T04:51:00,4,3,10,89,34.4,120,17.2
S02143,ST01,2026-07-09T05:05:00,5,3,22,74,29.5,150,11.8
S02145,ST04,2026-07-09T05:17:00,5,3,50,87,16.4,22,44.7
S02146,ST05,2026-07-09T05:18:00,5,3,16,86,49.7,120,24.9
S02144,ST02,2026-07-09T05:52:00,5,3,20,79,30.5,50,36.6
S02149,ST04,2026-07-09T06:07:00,6,3,24,73,36.0,60,36.0
S02148,ST03,2026-07-09T06:14:00,6,3,34,91,40.4,22,110.2
S02150,ST05,2026-07-09T06:39:00,6,3,31,73,22.1,22,60.3
S02147,ST01,2026-07-09T06:58:00,6,3,24,70,22.0,120,11.0
S02153,ST03,2026-07-09T07:18:00,7,3,32,98,28.8,120,14.4
S02151,ST01,2026-07-09T07:38:00,7,3,19,75,30.8,60,30.8
S02152,ST02,2026-07-09T07:43:00,7,3,37,74,26.4,60,26.4
S02155,ST05,2026-07-09T07:55:00,7,3,19,94,47.2,60,47.2
S02154,ST04,2026-07-09T07:59:00,7,3,26,95,49.5,22,135.0
S02164,ST03,2026-07-09T08:00:00,8,3,23,97,30.0,150,12.0
S02170,ST04,2026-07-09T08:03:00,8,3,16,91,45.3,120,22.6
S02168,ST04,2026-07-09T08:03:00,8,3,18,73,40.5,50,48.6
S02172,ST05,2026-07-09T08:05:00,8,3,25,72,19.0,120,9.5
S02173,ST05,2026-07-09T08:09:00,8,3,21,85,42.3,150,16.9
S02158,ST01,2026-07-09T08:11:00,8,3,34,81,24.1,120,12.1
S02162,ST02,2026-07-09T08:24:00,8,3,15,88,47.5,150,19.0
S02169,ST04,2026-07-09T08:24:00,8,3,11,92,59.8,60,59.8
S02157,ST01,2026-07-09T08:27:00,8,3,27,74,20.3,50,24.4
S02156,ST01,2026-07-09T08:28:00,8,3,40,96,23.7,150,9.5
S02159,ST01,2026-07-09T08:30:00,8,3,36,89,35.9,60,35.9
S02165,ST03,2026-07-09T08:30:00,8,3,18,99,35.5,60,35.5
S02161,ST02,2026-07-09T08:34:00,8,3,44,85,24.0,50,28.8
S02160,ST02,2026-07-09T08:41:00,8,3,25,82,31.2,120,15.6
S02163,ST03,2026-07-09T08:44:00,8,3,24,92,29.3,60,29.3
S02174,ST05,2026-07-09T08:44:00,8,3,29,85,30.5,60,30.5
S02166,ST04,2026-07-09T08:54:00,8,3,18,79,34.2,150,13.7
S02171,ST05,2026-07-09T08:55:00,8,3,20,70,22.6,50,27.1
S02167,ST04,2026-07-09T08:59:00,8,3,36,77,19.4,50,23.3
S02189,ST04,2026-07-09T09:02:00,9,3,46,95,27.9,22,76.1
S02181,ST02,2026-07-09T09:03:00,9,3,24,82,26.9,150,10.8
S02182,ST03,2026-07-09T09:04:00,9,3,39,85,23.4,120,11.7
S02193,ST05,2026-07-09T09:06:00,9,3,42,95,35.6,22,97.1
S02192,ST05,2026-07-09T09:08:00,9,3,16,80,34.7,150,13.9
S02177,ST01,2026-07-09T09:10:00,9,3,10,82,49.8,120,24.9
S02188,ST04,2026-07-09T09:15:00,9,3,27,72,33.4,150,13.4
S02190,ST05,2026-07-09T09:19:00,9,3,10,81,47.1,120,23.6
S02180,ST02,2026-07-09T09:24:00,9,3,18,93,35.6,150,14.2
S02179,ST02,2026-07-09T09:27:00,9,3,20,78,43.0,150,17.2
S02191,ST05,2026-07-09T09:32:00,9,3,22,80,38.5,60,38.5
S02186,ST04,2026-07-09T09:34:00,9,3,16,72,26.6,22,72.5
S02178,ST01,2026-07-09T09:35:00,9,3,26,99,43.8,60,43.8
S02185,ST04,2026-07-09T09:38:00,9,3,31,70,18.9,50,22.7
S02175,ST01,2026-07-09T09:41:00,9,3,10,79,30.3,22,82.6
S02184,ST03,2026-07-09T09:41:00,9,3,37,76,19.3,22,52.6
S02187,ST04,2026-07-09T09:48:00,9,3,29,76,27.9,22,76.1
S02183,ST03,2026-07-09T09:52:00,9,3,34,75,17.2,60,17.2
S02176,ST01,2026-07-09T09:56:00,9,3,12,89,51.0,150,20.4
S02207,ST04,2026-07-09T10:05:00,10,3,14,75,39.6,120,19.8
S02209,ST05,2026-07-09T10:08:00,10,3,17,88,40.5,60,40.5
S02198,ST02,2026-07-09T10:10:00,10,3,42,86,32.9,150,13.2
S02206,ST04,2026-07-09T10:10:00,10,3,14,78,38.5,60,38.5
S02202,ST03,2026-07-09T10:15:00,10,3,23,89,40.4,50,48.5
S02208,ST04,2026-07-09T10:16:00,10,3,40,78,25.3,120,12.7
S02195,ST01,2026-07-09T10:18:00,10,3,20,74,34.5,22,94.1
S02212,ST05,2026-07-09T10:20:00,10,3,33,72,24.9,150,10.0
S02194,ST01,2026-07-09T10:24:00,10,3,40,88,33.8,22,92.2
S02201,ST03,2026-07-09T10:27:00,10,3,12,98,55.9,120,27.9
S02205,ST04,2026-07-09T10:31:00,10,3,16,84,34.7,60,34.7
S02203,ST03,2026-07-09T10:36:00,10,3,50,85,15.2,22,41.5
S02199,ST02,2026-07-09T10:41:00,10,3,43,99,37.5,120,18.8
S02200,ST02,2026-07-09T10:50:00,10,3,18,80,31.1,150,12.4
S02210,ST05,2026-07-09T10:54:00,10,3,28,82,29.3,150,11.7
S02204,ST04,2026-07-09T10:55:00,10,3,29,87,40.8,22,111.3
S02197,ST01,2026-07-09T10:56:00,10,3,23,95,46.0,50,55.2
S02196,ST01,2026-07-09T10:56:00,10,3,50,72,16.1,50,19.3
S02211,ST05,2026-07-09T10:58:00,10,3,18,84,34.9,150,14.0
S02216,ST02,2026-07-09T11:04:00,11,3,24,82,40.9,22,111.5
S02221,ST04,2026-07-09T11:07:00,11,3,27,84,23.6,50,28.3
S02215,ST01,2026-07-09T11:09:00,11,3,16,79,33.5,150,13.4
S02218,ST03,2026-07-09T11:11:00,11,3,16,99,61.1,120,30.6
S02219,ST04,2026-07-09T11:12:00,11,3,35,80,19.0,60,19.0
S02217,ST02,2026-07-09T11:22:00,11,3,39,84,28.1,120,14.1
S02222,ST04,2026-07-09T11:30:00,11,3,19,90,33.7,150,13.5
S02223,ST05,2026-07-09T11:38:00,11,3,34,71,26.9,60,26.9
S02220,ST04,2026-07-09T11:38:00,11,3,41,76,22.6,120,11.3
S02214,ST01,2026-07-09T11:47:00,11,3,25,92,46.1,22,125.7
S02224,ST05,2026-07-09T11:50:00,11,3,37,85,22.8,50,27.4
S02213,ST01,2026-07-09T11:56:00,11,3,12,89,57.1,22,155.7
S02234,ST04,2026-07-09T12:00:00,12,3,19,98,44.3,50,53.2
S02226,ST01,2026-07-09T12:05:00,12,3,19,72,26.3,22,71.7
S02228,ST02,2026-07-09T12:16:00,12,3,21,96,31.4,120,15.7
S02227,ST01,2026-07-09T12:19:00,12,3,38,97,32.3,50,38.8
S02229,ST02,2026-07-09T12:21:00,12,3,29,75,21.6,120,10.8
S02235,ST04,2026-07-09T12:31:00,12,3,30,73,29.1,120,14.6
S02230,ST03,2026-07-09T12:34:00,12,3,20,100,51.5,60,51.5
S02232,ST04,2026-07-09T12:38:00,12,3,22,72,32.6,150,13.0
S02233,ST04,2026-07-09T12:39:00,12,3,19,80,38.6,60,38.6
S02237,ST05,2026-07-09T12:40:00,12,3,38,90,38.4,22,104.7
S02236,ST05,2026-07-09T12:46:00,12,3,10,84,54.0,50,64.8
S02225,ST01,2026-07-09T12:48:00,12,3,37,78,20.0,50,24.0
S02231,ST03,2026-07-09T12:58:00,12,3,46,82,24.8,150,9.9
S02248,ST05,2026-07-09T13:05:00,13,3,11,89,56.7,22,154.6
S02244,ST04,2026-07-09T13:11:00,13,3,39,83,23.3,150,9.3
S02241,ST02,2026-07-09T13:19:00,13,3,29,86,39.1,22,106.6
S02249,ST05,2026-07-09T13:31:00,13,3,49,99,29.5,120,14.8
S02240,ST02,2026-07-09T13:36:00,13,3,10,81,48.6,22,132.5
S02239,ST01,2026-07-09T13:38:00,13,3,34,76,21.9,50,26.3
S02245,ST04,2026-07-09T13:38:00,13,3,20,87,37.0,60,37.0
S02242,ST03,2026-07-09T13:41:00,13,3,39,83,23.9,60,23.9
S02238,ST01,2026-07-09T13:47:00,13,3,22,83,39.3,50,47.2
S02243,ST03,2026-07-09T13:53:00,13,3,44,83,22.7,60,22.7
S02246,ST04,2026-07-09T13:54:00,13,3,37,90,26.5,150,10.6
S02247,ST05,2026-07-09T13:57:00,13,3,16,72,38.2,22,104.2
S02256,ST04,2026-07-09T14:00:00,14,3,36,71,14.2,50,17.0
S02254,ST02,2026-07-09T14:00:00,14,3,33,95,29.7,60,29.7
S02252,ST01,2026-07-09T14:07:00,14,3,22,97,42.3,22,115.4
S02262,ST05,2026-07-09T14:10:00,14,3,37,77,17.4,50,20.9
S02251,ST01,2026-07-09T14:13:00,14,3,24,94,39.1,120,19.6
S02259,ST04,2026-07-09T14:15:00,14,3,45,82,17.3,120,8.7
S02258,ST04,2026-07-09T14:20:00,14,3,31,75,32.4,120,16.2
S02255,ST03,2026-07-09T14:42:00,14,3,26,79,36.8,120,18.4
S02261,ST05,2026-07-09T14:46:00,14,3,21,82,43.7,150,17.5
S02253,ST02,2026-07-09T14:50:00,14,3,39,83,31.6,120,15.8
S02257,ST04,2026-07-09T14:50:00,14,3,33,96,43.2,150,17.3
S02250,ST01,2026-07-09T14:51:00,14,3,12,91,39.6,120,19.8
S02260,ST05,2026-07-09T14:51:00,14,3,46,83,16.5,120,8.2
S02265,ST01,2026-07-09T15:05:00,15,3,15,70,30.4,150,12.2
S02275,ST05,2026-07-09T15:06:00,15,3,41,95,22.0,22,60.0
S02272,ST04,2026-07-09T15:07:00,15,3,39,99,36.5,22,99.5
S02273,ST04,2026-07-09T15:09:00,15,3,28,78,35.7,22,97.4
S02269,ST03,2026-07-09T15:19:00,15,3,22,87,45.1,120,22.6
S02267,ST02,2026-07-09T15:24:00,15,3,11,93,53.9,120,26.9
S02266,ST02,2026-07-09T15:39:00,15,3,44,99,40.7,150,16.3
S02271,ST04,2026-07-09T15:40:00,15,3,11,90,58.8,22,160.4
S02263,ST01,2026-07-09T15:40:00,15,3,46,95,26.3,60,26.3
S02270,ST04,2026-07-09T15:42:00,15,3,13,78,27.9,50,33.5
S02268,ST03,2026-07-09T15:49:00,15,3,32,75,20.8,50,25.0
S02264,ST01,2026-07-09T15:53:00,15,3,45,75,22.0,50,26.4
S02274,ST05,2026-07-09T15:54:00,15,3,33,99,45.8,120,22.9
S02282,ST03,2026-07-09T16:01:00,16,3,43,86,28.7,50,34.4
S02285,ST04,2026-07-09T16:05:00,16,3,32,92,35.6,60,35.6
S02284,ST04,2026-07-09T16:05:00,16,3,18,78,29.7,50,35.6
S02283,ST04,2026-07-09T16:07:00,16,3,23,70,24.2,50,29.0
S02278,ST01,2026-07-09T16:11:00,16,3,29,70,29.4,150,11.8
S02281,ST03,2026-07-09T16:16:00,16,3,17,76,36.1,150,14.4
S02287,ST05,2026-07-09T16:16:00,16,3,21,76,35.2,60,35.2
S02289,ST05,2026-07-09T16:19:00,16,3,20,95,35.4,120,17.7
S02288,ST05,2026-07-09T16:25:00,16,3,16,88,48.8,150,19.5
S02286,ST04,2026-07-09T16:29:00,16,3,41,83,24.3,120,12.2
S02280,ST02,2026-07-09T16:30:00,16,3,49,89,23.7,50,28.4
S02276,ST01,2026-07-09T16:40:00,16,3,14,76,39.7,120,19.9
S02279,ST02,2026-07-09T16:54:00,16,3,12,73,45.2,60,45.2
S02277,ST01,2026-07-09T16:56:00,16,3,30,90,43.1,50,51.7
S02295,ST02,2026-07-09T17:01:00,17,3,17,75,39.6,120,19.8
S02308,ST05,2026-07-09T17:02:00,17,3,44,99,32.2,60,32.2
S02306,ST04,2026-07-09T17:15:00,17,3,46,70,12.0,150,4.8
S02294,ST01,2026-07-09T17:16:00,17,3,47,83,18.1,150,7.2
S02301,ST04,2026-07-09T17:17:00,17,3,48,100,36.9,22,100.6
S02298,ST03,2026-07-09T17:20:00,17,3,10,92,42.2,120,21.1
S02300,ST03,2026-07-09T17:24:00,17,3,28,89,28.9,50,34.7
S02311,ST05,2026-07-09T17:25:00,17,3,15,87,48.3,120,24.1
S02290,ST01,2026-07-09T17:28:00,17,3,37,89,34.4,60,34.4
S02305,ST04,2026-07-09T17:28:00,17,3,20,89,35.5,120,17.8
S02293,ST01,2026-07-09T17:28:00,17,3,20,98,32.1,150,12.8
S02304,ST04,2026-07-09T17:31:00,17,3,12,78,36.1,22,98.5
S02302,ST04,2026-07-09T17:36:00,17,3,36,91,36.6,60,36.6
S02299,ST03,2026-07-09T17:36:00,17,3,30,98,32.7,22,89.2
S02292,ST01,2026-07-09T17:36:00,17,3,32,81,35.0,22,95.5
S02291,ST01,2026-07-09T17:39:00,17,3,16,89,39.0,50,46.8
S02309,ST05,2026-07-09T17:41:00,17,3,11,72,34.4,120,17.2
S02297,ST02,2026-07-09T17:42:00,17,3,33,81,21.6,60,21.6
S02310,ST05,2026-07-09T17:46:00,17,3,29,78,25.0,60,25.0
S02296,ST02,2026-07-09T17:50:00,17,3,21,81,29.2,50,35.0
S02303,ST04,2026-07-09T17:52:00,17,3,30,76,21.6,120,10.8
S02307,ST05,2026-07-09T17:58:00,17,3,39,79,17.8,120,8.9
S02327,ST04,2026-07-09T18:03:00,18,3,23,70,29.8,120,14.9
S02319,ST02,2026-07-09T18:04:00,18,3,26,80,34.6,120,17.3
S02331,ST05,2026-07-09T18:06:00,18,3,18,77,42.5,120,21.2
S02314,ST01,2026-07-09T18:06:00,18,3,11,77,27.5,22,75.0
S02315,ST01,2026-07-09T18:08:00,18,3,16,80,44.9,120,22.4
S02333,ST05,2026-07-09T18:12:00,18,3,14,78,35.1,60,35.1
S02329,ST04,2026-07-09T18:13:00,18,3,47,94,27.5,60,27.5
S02316,ST01,2026-07-09T18:14:00,18,3,20,72,24.3,60,24.3
S02323,ST03,2026-07-09T18:15:00,18,3,46,85,24.6,60,24.6
S02318,ST02,2026-07-09T18:16:00,18,3,12,73,25.4,60,25.4
S02320,ST02,2026-07-09T18:17:00,18,3,20,99,35.4,120,17.7
S02330,ST05,2026-07-09T18:19:00,18,3,39,90,23.1,150,9.2
S02321,ST03,2026-07-09T18:20:00,18,3,19,94,45.3,120,22.6
S02312,ST01,2026-07-09T18:25:00,18,3,29,92,46.9,120,23.4
S02332,ST05,2026-07-09T18:28:00,18,3,49,86,17.4,120,8.7
S02317,ST02,2026-07-09T18:34:00,18,3,10,99,57.0,22,155.5
S02322,ST03,2026-07-09T18:40:00,18,3,38,91,23.5,150,9.4
S02326,ST04,2026-07-09T18:42:00,18,3,23,92,29.5,120,14.8
S02325,ST04,2026-07-09T18:45:00,18,3,15,81,39.3,50,47.2
S02324,ST04,2026-07-09T18:46:00,18,3,40,77,16.0,60,16.0
S02328,ST04,2026-07-09T18:52:00,18,3,34,76,24.0,60,24.0
S02313,ST01,2026-07-09T18:54:00,18,3,17,96,41.9,150,16.8
S02344,ST03,2026-07-09T19:03:00,19,3,12,88,37.5,22,102.3
S02343,ST03,2026-07-09T19:03:00,19,3,25,100,32.9,22,89.7
S02338,ST01,2026-07-09T19:05:00,19,3,32,83,24.2,120,12.1
S02340,ST02,2026-07-09T19:06:00,19,3,13,90,41.1,120,20.6
S02349,ST04,2026-07-09T19:06:00,19,3,21,86,46.7,150,18.7
S02351,ST04,2026-07-09T19:10:00,19,3,30,91,25.9,50,31.1
S02336,ST01,2026-07-09T19:11:00,19,3,27,70,24.4,150,9.8
S02341,ST02,2026-07-09T19:12:00,19,3,28,76,26.0,150,10.4
S02342,ST02,2026-07-09T19:17:00,19,3,43,89,26.3,120,13.2
S02346,ST04,2026-07-09T19:25:00,19,3,35,82,20.5,60,20.5
S02353,ST05,2026-07-09T19:27:00,19,3,31,70,18.0,60,18.0
S02337,ST01,2026-07-09T19:28:00,19,3,32,78,20.3,150,8.1
S02352,ST05,2026-07-09T19:29:00,19,3,19,100,32.8,120,16.4
S02350,ST04,2026-07-09T19:30:00,19,3,29,97,48.8,50,58.6
S02347,ST04,2026-07-09T19:31:00,19,3,23,75,35.1,60,35.1
S02339,ST02,2026-07-09T19:32:00,19,3,31,71,22.2,60,22.2
S02345,ST03,2026-07-09T19:34:00,19,3,16,78,29.7,150,11.9
S02334,ST01,2026-07-09T19:36:00,19,3,16,74,32.6,22,88.9
S02355,ST05,2026-07-09T19:38:00,19,3,32,85,32.0,120,16.0
S02348,ST04,2026-07-09T19:40:00,19,3,28,92,39.0,22,106.4
S02335,ST01,2026-07-09T19:47:00,19,3,17,77,24.3,120,12.2
S02354,ST05,2026-07-09T19:56:00,19,3,14,75,38.9,22,106.1
S02376,ST05,2026-07-09T20:02:00,20,3,23,79,38.6,22,105.3
S02377,ST05,2026-07-09T20:03:00,20,3,41,79,15.3,60,15.3
S02358,ST01,2026-07-09T20:10:00,20,3,19,94,32.5,60,32.5
S02365,ST03,2026-07-09T20:15:00,20,3,46,93,30.2,120,15.1
S02375,ST05,2026-07-09T20:18:00,20,3,14,95,40.8,120,20.4
S02370,ST04,2026-07-09T20:19:00,20,3,22,71,29.5,60,29.5
S02366,ST03,2026-07-09T20:23:00,20,3,23,93,30.2,120,15.1
S02368,ST04,2026-07-09T20:28:00,20,3,43,75,15.8,60,15.8
S02356,ST01,2026-07-09T20:30:00,20,3,17,71,37.1,150,14.8
S02373,ST04,2026-07-09T20:31:00,20,3,19,84,41.5,150,16.6
S02360,ST01,2026-07-09T20:34:00,20,3,26,91,37.1,60,37.1
S02372,ST04,2026-07-09T20:36:00,20,3,32,79,20.6,22,56.2
S02374,ST05,2026-07-09T20:39:00,20,3,45,91,21.0,120,10.5
S02367,ST03,2026-07-09T20:40:00,20,3,16,100,41.7,150,16.7
S02378,ST05,2026-07-09T20:42:00,20,3,10,71,29.8,60,29.8
S02357,ST01,2026-07-09T20:43:00,20,3,28,96,32.6,150,13.0
S02363,ST02,2026-07-09T20:46:00,20,3,50,70,9.0,120,4.5
S02362,ST02,2026-07-09T20:49:00,20,3,48,85,16.3,150,6.5
S02359,ST01,2026-07-09T20:51:00,20,3,31,84,30.3,60,30.3
S02361,ST02,2026-07-09T20:52:00,20,3,32,79,30.5,150,12.2
S02371,ST04,2026-07-09T20:53:00,20,3,49,73,13.2,120,6.6
S02364,ST02,2026-07-09T20:54:00,20,3,24,91,50.1,60,50.1
S02369,ST04,2026-07-09T20:56:00,20,3,31,82,30.9,60,30.9
S02381,ST05,2026-07-09T21:02:00,21,3,40,99,30.9,120,15.5
S02380,ST04,2026-07-09T21:46:00,21,3,22,83,36.9,22,100.6
S02379,ST01,2026-07-09T21:50:00,21,3,42,91,36.0,150,14.4
S02384,ST03,2026-07-09T22:08:00,22,3,22,78,25.1,150,10.0
S02383,ST02,2026-07-09T22:11:00,22,3,46,83,23.6,60,23.6
S02385,ST04,2026-07-09T22:19:00,22,3,15,79,38.3,120,19.1
S02386,ST05,2026-07-09T22:24:00,22,3,37,73,16.1,120,8.1
S02382,ST01,2026-07-09T22:57:00,22,3,16,98,40.3,60,40.3
S02389,ST03,2026-07-09T23:26:00,23,3,15,94,35.5,60,35.5
S02388,ST02,2026-07-09T23:26:00,23,3,39,70,22.3,22,60.8
S02387,ST01,2026-07-09T23:32:00,23,3,32,84,27.2,120,13.6
S02390,ST04,2026-07-09T23:37:00,23,3,42,81,17.3,150,6.9
S02392,ST05,2026-07-09T23:42:00,23,3,10,84,50.5,150,20.2
S02391,ST04,2026-07-09T23:57:00,23,3,46,98,26.1,120,13.1
S02393,ST01,2026-07-10T00:03:00,0,4,15,71,27.7,22,75.5
S02394,ST02,2026-07-10T00:06:00,0,4,28,88,34.1,60,34.1
S02395,ST03,2026-07-10T00:07:00,0,4,47,91,25.5,22,69.5
S02397,ST04,2026-07-10T00:08:00,0,4,24,98,47.1,50,56.5
S02398,ST05,2026-07-10T00:19:00,0,4,10,95,48.4,50,58.1
S02396,ST04,2026-07-10T00:33:00,0,4,19,87,44.8,120,22.4
S02399,ST01,2026-07-10T01:00:00,1,4,19,89,49.6,150,19.8
S02401,ST05,2026-07-10T01:30:00,1,4,21,96,36.2,150,14.5
S02400,ST04,2026-07-10T01:53:00,1,4,42,84,22.5,22,61.4
S02406,ST05,2026-07-10T02:25:00,2,4,34,92,39.4,120,19.7
S02404,ST04,2026-07-10T02:34:00,2,4,22,85,35.8,60,35.8
S02402,ST01,2026-07-10T02:39:00,2,4,38,97,37.2,22,101.5
S02403,ST02,2026-07-10T02:40:00,2,4,11,75,28.8,50,34.6
S02405,ST04,2026-07-10T02:42:00,2,4,16,100,50.9,60,50.9
S02408,ST02,2026-07-10T03:00:00,3,4,47,79,13.2,150,5.3
S02410,ST04,2026-07-10T03:10:00,3,4,32,86,37.8,150,15.1
S02407,ST01,2026-07-10T03:27:00,3,4,19,70,25.5,22,69.5
S02411,ST05,2026-07-10T03:57:00,3,4,43,82,22.6,50,27.1
S02409,ST03,2026-07-10T03:58:00,3,4,32,100,30.5,120,15.2
S02417,ST05,2026-07-10T04:01:00,4,4,20,77,24.7,22,67.4
S02412,ST01,2026-07-10T04:22:00,4,4,46,80,19.1,50,22.9
S02414,ST03,2026-07-10T04:30:00,4,4,48,91,19.9,150,8.0
S02415,ST04,2026-07-10T04:33:00,4,4,26,74,30.9,150,12.4
S02416,ST04,2026-07-10T04:37:00,4,4,32,88,34.5,120,17.2
S02413,ST02,2026-07-10T04:48:00,4,4,29,99,37.7,120,18.9
S02420,ST04,2026-07-10T05:16:00,5,4,17,71,37.6,22,102.5
S02421,ST05,2026-07-10T05:23:00,5,4,48,90,29.2,50,35.0
S02418,ST01,2026-07-10T05:43:00,5,4,40,80,26.6,50,31.9
S02419,ST03,2026-07-10T05:46:00,5,4,34,94,44.4,22,121.1
S02423,ST02,2026-07-10T06:12:00,6,4,26,85,32.6,60,32.6
S02424,ST04,2026-07-10T06:27:00,6,4,43,95,35.2,22,96.0
S02425,ST04,2026-07-10T06:37:00,6,4,11,90,58.1,22,158.5
S02422,ST01,2026-07-10T06:44:00,6,4,38,82,19.7,150,7.9
S02426,ST05,2026-07-10T06:51:00,6,4,18,98,32.1,120,16.1
S02431,ST05,2026-07-10T07:33:00,7,4,29,73,19.4,50,23.3
S02429,ST03,2026-07-10T07:39:00,7,4,45,97,23.3,22,63.5
S02430,ST04,2026-07-10T07:40:00,7,4,34,97,26.8,22,73.1
S02428,ST02,2026-07-10T07:53:00,7,4,23,88,44.8,150,17.9
S02427,ST01,2026-07-10T07:55:00,7,4,14,80,30.7,150,12.3
S02446,ST04,2026-07-10T08:01:00,8,4,13,70,38.2,50,45.8
S02444,ST04,2026-07-10T08:02:00,8,4,41,86,21.5,60,21.5
S02450,ST05,2026-07-10T08:08:00,8,4,17,84,29.6,150,11.8
S02436,ST02,2026-07-10T08:25:00,8,4,49,71,13.0,22,35.5
S02445,ST04,2026-07-10T08:27:00,8,4,40,79,26.3,50,31.6
S02443,ST04,2026-07-10T08:30:00,8,4,18,78,39.2,22,106.9
S02432,ST01,2026-07-10T08:34:00,8,4,31,70,18.7,60,18.7
S02448,ST05,2026-07-10T08:35:00,8,4,40,71,16.6,120,8.3
S02435,ST01,2026-07-10T08:36:00,8,4,25,97,41.8,150,16.7
S02437,ST02,2026-07-10T08:37:00,8,4,40,99,42.5,60,42.5
S02442,ST04,2026-07-10T08:38:00,8,4,49,99,21.4,150,8.6
S02438,ST02,2026-07-10T08:41:00,8,4,11,71,31.1,60,31.1
S02441,ST04,2026-07-10T08:44:00,8,4,12,81,51.3,120,25.6
S02449,ST05,2026-07-10T08:44:00,8,4,18,83,42.0,150,16.8
S02447,ST05,2026-07-10T08:55:00,8,4,34,91,36.4,22,99.3
S02434,ST01,2026-07-10T08:55:00,8,4,20,100,40.1,150,16.0
S02439,ST03,2026-07-10T08:56:00,8,4,13,74,28.8,60,28.8
S02433,ST01,2026-07-10T08:59:00,8,4,26,82,36.2,22,98.7
S02440,ST03,2026-07-10T08:59:00,8,4,13,77,36.7,150,14.7
S02469,ST05,2026-07-10T09:01:00,9,4,34,82,26.7,50,32.0
S02468,ST05,2026-07-10T09:03:00,9,4,27,97,42.9,120,21.4
S02455,ST01,2026-07-10T09:08:00,9,4,38,75,18.5,60,18.5
S02470,ST05,2026-07-10T09:13:00,9,4,34,75,25.9,150,10.4
S02464,ST04,2026-07-10T09:14:00,9,4,29,93,38.0,22,103.6
S02452,ST01,2026-07-10T09:15:00,9,4,24,72,29.1,50,34.9
S02463,ST04,2026-07-10T09:17:00,9,4,15,76,43.9,150,17.6
S02467,ST05,2026-07-10T09:17:00,9,4,27,88,32.6,22,88.9
S02462,ST04,2026-07-10T09:22:00,9,4,36,92,41.0,120,20.5
S02465,ST04,2026-07-10T09:23:00,9,4,19,71,38.6,120,19.3
S02451,ST01,2026-07-10T09:23:00,9,4,32,76,22.9,22,62.5
S02453,ST01,2026-07-10T09:26:00,9,4,44,88,18.3,22,49.9
S02457,ST02,2026-07-10T09:30:00,9,4,17,91,31.6,60,31.6
S02461,ST03,2026-07-10T09:33:00,9,4,27,80,34.1,150,13.6
S02458,ST02,2026-07-10T09:34:00,9,4,23,85,40.1,60,40.1
S02466,ST04,2026-07-10T09:41:00,9,4,39,100,26.8,120,13.4
S02456,ST02,2026-07-10T09:41:00,9,4,25,79,24.1,120,12.1
S02460,ST03,2026-07-10T09:49:00,9,4,45,79,23.9,50,28.7
S02459,ST03,2026-07-10T09:54:00,9,4,24,84,39.0,60,39.0
S02454,ST01,2026-07-10T09:55:00,9,4,25,96,29.8,22,81.3
S02484,ST04,2026-07-10T10:00:00,10,4,39,71,23.6,120,11.8
S02486,ST04,2026-07-10T10:05:00,10,4,27,98,43.6,60,43.6
S02489,ST05,2026-07-10T10:09:00,10,4,49,90,17.1,22,46.6
S02488,ST05,2026-07-10T10:16:00,10,4,41,74,15.8,50,19.0
S02479,ST03,2026-07-10T10:17:00,10,4,15,77,41.5,60,41.5
S02482,ST04,2026-07-10T10:19:00,10,4,46,91,23.1,60,23.1
S02471,ST01,2026-07-10T10:19:00,10,4,12,87,50.0,22,136.4
S02480,ST03,2026-07-10T10:21:00,10,4,46,82,14.9,60,14.9
S02481,ST03,2026-07-10T10:23:00,10,4,27,91,31.2,150,12.5
S02487,ST05,2026-07-10T10:28:00,10,4,21,78,38.1,60,38.1
S02478,ST02,2026-07-10T10:29:00,10,4,25,74,35.2,60,35.2
S02475,ST02,2026-07-10T10:35:00,10,4,34,100,43.1,60,43.1
S02485,ST04,2026-07-10T10:40:00,10,4,45,76,16.8,150,6.7
S02490,ST05,2026-07-10T10:41:00,10,4,12,75,40.3,120,20.1
S02474,ST01,2026-07-10T10:46:00,10,4,49,83,23.9,22,65.2
S02477,ST02,2026-07-10T10:49:00,10,4,43,78,16.0,120,8.0
S02473,ST01,2026-07-10T10:51:00,10,4,47,76,19.3,60,19.3
S02483,ST04,2026-07-10T10:54:00,10,4,21,84,35.4,120,17.7
S02476,ST02,2026-07-10T10:54:00,10,4,44,84,21.9,150,8.8
S02472,ST01,2026-07-10T10:58:00,10,4,48,94,32.8,60,32.8
S02491,ST01,2026-07-10T11:02:00,11,4,45,92,22.5,60,22.5
S02502,ST05,2026-07-10T11:02:00,11,4,19,82,42.0,22,114.5
S02503,ST05,2026-07-10T11:04:00,11,4,24,88,36.9,150,14.8
S02492,ST01,2026-07-10T11:16:00,11,4,11,91,55.7,60,55.7
S02498,ST04,2026-07-10T11:18:00,11,4,49,70,9.6,22,26.2
S02499,ST04,2026-07-10T11:18:00,11,4,19,99,48.6,22,132.5
S02495,ST02,2026-07-10T11:20:00,11,4,46,81,24.2,120,12.1
S02497,ST04,2026-07-10T11:21:00,11,4,36,98,38.9,120,19.4
S02496,ST03,2026-07-10T11:27:00,11,4,28,74,18.8,150,7.5
S02494,ST02,2026-07-10T11:28:00,11,4,17,86,29.5,50,35.4
S02493,ST01,2026-07-10T11:34:00,11,4,12,89,37.1,22,101.2
S02500,ST04,2026-07-10T11:38:00,11,4,23,95,36.7,150,14.7
S02501,ST05,2026-07-10T11:45:00,11,4,32,100,32.3,150,12.9
S02508,ST02,2026-07-10T12:14:00,12,4,39,80,27.1,22,73.9
S02507,ST02,2026-07-10T12:15:00,12,4,31,77,31.3,60,31.3
S02514,ST05,2026-07-10T12:21:00,12,4,30,73,18.4,120,9.2
S02509,ST03,2026-07-10T12:28:00,12,4,36,81,19.3,150,7.7
S02511,ST04,2026-07-10T12:28:00,12,4,36,77,24.6,50,29.5
S02515,ST05,2026-07-10T12:32:00,12,4,19,88,39.5,50,47.4
S02510,ST03,2026-07-10T12:32:00,12,4,14,99,44.8,120,22.4
S02506,ST01,2026-07-10T12:33:00,12,4,38,80,20.8,150,8.3
S02513,ST04,2026-07-10T12:43:00,12,4,47,91,19.7,60,19.7
S02504,ST01,2026-07-10T12:46:00,12,4,36,87,33.5,150,13.4
S02505,ST01,2026-07-10T12:51:00,12,4,13,89,43.0,150,17.2
S02516,ST05,2026-07-10T12:57:00,12,4,21,98,43.0,50,51.6
S02512,ST04,2026-07-10T12:59:00,12,4,44,77,22.2,120,11.1
S02519,ST02,2026-07-10T13:08:00,13,4,42,97,32.2,120,16.1
S02518,ST01,2026-07-10T13:08:00,13,4,12,96,46.3,50,55.6
S02517,ST01,2026-07-10T13:16:00,13,4,45,92,34.1,22,93.0
S02524,ST04,2026-07-10T13:18:00,13,4,40,92,23.2,50,27.8
S02521,ST03,2026-07-10T13:18:00,13,4,17,80,45.0,60,45.0
S02527,ST05,2026-07-10T13:24:00,13,4,30,84,24.9,150,10.0
S02523,ST04,2026-07-10T13:28:00,13,4,36,90,30.1,120,15.1
S02525,ST05,2026-07-10T13:37:00,13,4,42,72,13.6,22,37.1
S02526,ST05,2026-07-10T13:37:00,13,4,47,81,21.6,120,10.8
S02522,ST04,2026-07-10T13:39:00,13,4,16,93,32.0,60,32.0
S02520,ST02,2026-07-10T13:57:00,13,4,37,81,19.6,150,7.8
S02537,ST05,2026-07-10T14:01:00,14,4,48,98,20.7,150,8.3
S02529,ST01,2026-07-10T14:03:00,14,4,46,86,28.6,150,11.4
S02536,ST04,2026-07-10T14:09:00,14,4,16,76,35.6,150,14.2
S02534,ST04,2026-07-10T14:14:00,14,4,20,79,43.0,60,43.0
S02532,ST03,2026-07-10T14:17:00,14,4,46,98,32.0,22,87.3
S02533,ST03,2026-07-10T14:22:00,14,4,28,75,20.8,60,20.8
S02539,ST05,2026-07-10T14:23:00,14,4,23,79,40.9,150,16.4
S02538,ST05,2026-07-10T14:34:00,14,4,22,70,27.4,22,74.7
S02535,ST04,2026-07-10T14:38:00,14,4,16,99,39.9,60,39.9
S02531,ST02,2026-07-10T14:48:00,14,4,21,100,35.6,50,42.7
S02528,ST01,2026-07-10T14:49:00,14,4,16,77,30.7,60,30.7
S02530,ST02,2026-07-10T14:59:00,14,4,37,79,21.5,60,21.5
S02549,ST04,2026-07-10T15:15:00,15,4,18,88,37.2,50,44.6
S02550,ST05,2026-07-10T15:16:00,15,4,40,74,19.4,50,23.3
S02545,ST03,2026-07-10T15:17:00,15,4,39,90,33.5,22,91.4
S02542,ST01,2026-07-10T15:28:00,15,4,37,85,23.6,50,28.3
S02540,ST01,2026-07-10T15:28:00,15,4,43,74,21.4,60,21.4
S02552,ST05,2026-07-10T15:33:00,15,4,23,70,25.9,120,12.9
S02548,ST04,2026-07-10T15:42:00,15,4,50,71,15.4,22,42.0
S02546,ST03,2026-07-10T15:45:00,15,4,30,98,49.2,120,24.6
S02547,ST04,2026-07-10T15:45:00,15,4,43,80,17.3,150,6.9
S02543,ST02,2026-07-10T15:46:00,15,4,17,100,43.5,22,118.6
S02551,ST05,2026-07-10T15:46:00,15,4,41,79,17.0,22,46.4
S02544,ST02,2026-07-10T15:47:00,15,4,24,93,29.4,50,35.3
S02541,ST01,2026-07-10T15:58:00,15,4,17,92,48.5,22,132.3
S02553,ST01,2026-07-10T16:13:00,16,4,21,71,27.3,60,27.3
S02563,ST05,2026-07-10T16:13:00,16,4,36,71,20.9,60,20.9
S02559,ST04,2026-07-10T16:27:00,16,4,17,75,32.6,60,32.6
S02555,ST01,2026-07-10T16:30:00,16,4,43,91,35.2,60,35.2
S02557,ST02,2026-07-10T16:38:00,16,4,32,87,31.3,22,85.4
S02554,ST01,2026-07-10T16:39:00,16,4,34,90,33.8,60,33.8
S02560,ST04,2026-07-10T16:42:00,16,4,17,81,41.2,50,49.4
S02562,ST05,2026-07-10T16:43:00,16,4,25,70,22.6,150,9.0
S02561,ST04,2026-07-10T16:49:00,16,4,40,96,38.2,120,19.1
S02558,ST03,2026-07-10T16:56:00,16,4,28,83,40.7,60,40.7
S02556,ST02,2026-07-10T16:56:00,16,4,28,91,35.9,120,17.9
S02576,ST04,2026-07-10T17:01:00,17,4,43,73,17.3,120,8.7
S02581,ST04,2026-07-10T17:01:00,17,4,10,93,57.3,150,22.9
S02577,ST04,2026-07-10T17:02:00,17,4,20,79,29.8,50,35.8
S02585,ST05,2026-07-10T17:06:00,17,4,26,90,38.5,120,19.2
S02582,ST05,2026-07-10T17:06:00,17,4,47,95,25.8,150,10.3
S02569,ST02,2026-07-10T17:08:00,17,4,48,87,15.9,22,43.4
S02573,ST03,2026-07-10T17:10:00,17,4,44,82,26.6,50,31.9
S02575,ST03,2026-07-10T17:13:00,17,4,45,93,23.4,22,63.8
S02574,ST03,2026-07-10T17:18:00,17,4,20,99,41.9,120,20.9
S02586,ST05,2026-07-10T17:18:00,17,4,37,72,16.7,120,8.3
S02567,ST01,2026-07-10T17:19:00,17,4,38,83,21.5,50,25.8
S02564,ST01,2026-07-10T17:20:00,17,4,36,82,31.4,120,15.7
S02565,ST01,2026-07-10T17:25:00,17,4,26,99,30.6,120,15.3
S02568,ST01,2026-07-10T17:34:00,17,4,23,94,43.9,150,17.6
S02578,ST04,2026-07-10T17:40:00,17,4,25,71,22.8,22,62.2
S02572,ST02,2026-07-10T17:41:00,17,4,13,86,34.6,150,13.8
S02566,ST01,2026-07-10T17:46:00,17,4,24,80,34.9,22,95.2
S02584,ST05,2026-07-10T17:47:00,17,4,11,79,33.7,50,40.4
S02570,ST02,2026-07-10T17:51:00,17,4,34,72,25.6,60,25.6
S02579,ST04,2026-07-10T17:52:00,17,4,34,90,30.3,60,30.3
S02583,ST05,2026-07-10T17:54:00,17,4,29,95,33.9,150,13.6
S02580,ST04,2026-07-10T17:55:00,17,4,15,72,24.3,120,12.2
S02571,ST02,2026-07-10T17:58:00,17,4,32,94,41.4,22,112.9
S02603,ST04,2026-07-10T18:02:00,18,4,37,85,22.1,150,8.8
S02595,ST03,2026-07-10T18:03:00,18,4,41,78,20.1,60,20.1
S02605,ST05,2026-07-10T18:07:00,18,4,37,79,27.4,60,27.4
S02593,ST02,2026-07-10T18:13:00,18,4,41,88,22.9,50,27.5
S02588,ST01,2026-07-10T18:15:00,18,4,34,70,26.9,120,13.4
S02599,ST04,2026-07-10T18:20:00,18,4,39,92,30.2,150,12.1
S02589,ST01,2026-07-10T18:23:00,18,4,44,92,21.0,50,25.2
S02591,ST01,2026-07-10T18:23:00,18,4,40,88,21.0,60,21.0
S02601,ST04,2026-07-10T18:24:00,18,4,18,94,30.8,150,12.3
S02594,ST02,2026-07-10T18:25:00,18,4,49,96,26.6,150,10.6
S02587,ST01,2026-07-10T18:30:00,18,4,28,99,45.9,150,18.4
S02606,ST05,2026-07-10T18:33:00,18,4,30,89,42.0,150,16.8
S02590,ST01,2026-07-10T18:36:00,18,4,11,82,47.6,120,23.8
S02597,ST03,2026-07-10T18:38:00,18,4,36,97,24.5,50,29.4
S02607,ST05,2026-07-10T18:41:00,18,4,20,74,27.1,50,32.5
S02602,ST04,2026-07-10T18:47:00,18,4,17,75,27.2,22,74.2
S02604,ST05,2026-07-10T18:47:00,18,4,45,83,20.5,60,20.5
S02598,ST04,2026-07-10T18:50:00,18,4,41,87,26.4,50,31.7
S02592,ST02,2026-07-10T18:51:00,18,4,50,72,9.5,50,11.4
S02596,ST03,2026-07-10T18:53:00,18,4,19,71,26.7,150,10.7
S02600,ST04,2026-07-10T18:54:00,18,4,15,99,36.7,22,100.1
S02612,ST01,2026-07-10T19:00:00,19,4,29,92,29.3,22,79.9
S02625,ST04,2026-07-10T19:04:00,19,4,13,74,35.3,120,17.6
S02618,ST03,2026-07-10T19:04:00,19,4,47,74,11.8,50,14.2
S02624,ST04,2026-07-10T19:09:00,19,4,20,85,45.9,60,45.9
S02614,ST02,2026-07-10T19:10:00,19,4,14,81,41.7,50,50.0
S02610,ST01,2026-07-10T19:10:00,19,4,43,92,33.8,22,92.2
S02623,ST04,2026-07-10T19:13:00,19,4,15,99,57.2,50,68.6
S02627,ST05,2026-07-10T19:15:00,19,4,45,82,19.7,120,9.8
S02619,ST03,2026-07-10T19:17:00,19,4,21,78,34.0,50,40.8
S02616,ST02,2026-07-10T19:18:00,19,4,37,88,33.4,60,33.4
S02611,ST01,2026-07-10T19:20:00,19,4,36,75,17.7,22,48.3
S02629,ST05,2026-07-10T19:20:00,19,4,43,72,20.6,50,24.7
S02613,ST02,2026-07-10T19:21:00,19,4,16,71,34.0,150,13.6
S02615,ST02,2026-07-10T19:22:00,19,4,50,70,14.5,60,14.5
S02617,ST03,2026-07-10T19:25:00,19,4,26,87,36.0,50,43.2
S02609,ST01,2026-07-10T19:29:00,19,4,23,99,39.2,50,47.0
S02626,ST05,2026-07-10T19:30:00,19,4,30,79,28.2,22,76.9
S02620,ST04,2026-07-10T19:37:00,19,4,34,80,27.7,150,11.1
S02621,ST04,2026-07-10T19:38:00,19,4,27,100,49.8,150,19.9
S02622,ST04,2026-07-10T19:42:00,19,4,40,76,16.5,50,19.8
S02628,ST05,2026-07-10T19:45:00,19,4,40,81,20.9,150,8.4
S02608,ST01,2026-07-10T19:45:00,19,4,33,86,32.4,120,16.2
S02645,ST04,2026-07-10T20:05:00,20,4,36,96,41.8,22,114.0
S02633,ST01,2026-07-10T20:11:00,20,4,11,97,45.4,120,22.7
S02636,ST02,2026-07-10T20:12:00,20,4,38,81,25.1,22,68.5
S02646,ST04,2026-07-10T20:28:00,20,4,50,92,17.7,22,48.3
S02650,ST05,2026-07-10T20:33:00,20,4,10,100,56.9,120,28.4
S02631,ST01,2026-07-10T20:35:00,20,4,38,85,30.2,60,30.2
S02637,ST02,2026-07-10T20:37:00,20,4,29,80,22.1,60,22.1
S02642,ST04,2026-07-10T20:40:00,20,4,39,85,21.2,150,8.5
S02630,ST01,2026-07-10T20:40:00,20,4,27,92,29.3,120,14.7
S02639,ST03,2026-07-10T20:41:00,20,4,27,90,35.8,22,97.6
S02632,ST01,2026-07-10T20:43:00,20,4,17,87,50.0,60,50.0
S02640,ST03,2026-07-10T20:44:00,20,4,26,78,32.2,150,12.9
S02648,ST05,2026-07-10T20:47:00,20,4,11,80,47.8,60,47.8
S02634,ST01,2026-07-10T20:49:00,20,4,32,93,33.5,150,13.4
S02643,ST04,2026-07-10T20:51:00,20,4,16,71,29.1,150,11.6
S02641,ST03,2026-07-10T20:52:00,20,4,11,97,56.0,120,28.0
S02651,ST05,2026-07-10T20:53:00,20,4,13,72,27.6,150,11.0
S02647,ST04,2026-07-10T20:54:00,20,4,44,78,25.3,50,30.4
S02644,ST04,2026-07-10T20:57:00,20,4,19,92,48.0,50,57.6
S02649,ST05,2026-07-10T20:57:00,20,4,20,98,58.1,60,58.1
S02635,ST02,2026-07-10T20:58:00,20,4,22,82,31.9,22,87.0
S02638,ST02,2026-07-10T20:58:00,20,4,26,86,43.4,150,17.4
S02654,ST04,2026-07-10T21:07:00,21,4,31,84,31.7,22,86.5
S02652,ST01,2026-07-10T21:17:00,21,4,15,75,33.3,60,33.3
S02655,ST05,2026-07-10T21:29:00,21,4,15,73,41.8,50,50.2
S02653,ST02,2026-07-10T21:44:00,21,4,42,83,18.9,22,51.5
S02660,ST05,2026-07-10T22:08:00,22,4,46,80,18.5,50,22.2
S02656,ST01,2026-07-10T22:11:00,22,4,30,88,35.9,22,97.9
S02658,ST04,2026-07-10T22:15:00,22,4,29,96,42.8,50,51.4
S02659,ST04,2026-07-10T22:47:00,22,4,18,79,25.5,60,25.5
S02657,ST02,2026-07-10T22:50:00,22,4,10,76,41.1,120,20.6
S02661,ST01,2026-07-10T23:12:00,23,4,21,79,28.5,120,14.2
S02662,ST02,2026-07-10T23:31:00,23,4,32,88,29.5,150,11.8
S02664,ST04,2026-07-10T23:34:00,23,4,46,76,22.4,120,11.2
S02663,ST03,2026-07-10T23:40:00,23,4,20,71,37.4,150,15.0
S02665,ST05,2026-07-10T23:51:00,23,4,28,76,24.9,150,10.0
S02670,ST04,2026-07-11T00:06:00,0,5,50,81,21.8,22,59.5
S02671,ST04,2026-07-11T00:10:00,0,5,36,85,25.3,22,69.0
S02667,ST01,2026-07-11T00:16:00,0,5,23,84,30.0,22,81.8
S02672,ST05,2026-07-11T00:22:00,0,5,29,75,25.9,50,31.1
S02669,ST03,2026-07-11T00:36:00,0,5,34,91,34.5,22,94.1
S02668,ST02,2026-07-11T00:40:00,0,5,21,85,28.7,150,11.5
S02666,ST01,2026-07-11T00:47:00,0,5,27,72,26.1,50,31.3
S02678,ST04,2026-07-11T01:01:00,1,5,20,86,30.2,60,30.2
S02677,ST04,2026-07-11T01:27:00,1,5,27,100,44.0,150,17.6
S02673,ST01,2026-07-11T01:28:00,1,5,49,84,21.3,120,10.7
S02675,ST02,2026-07-11T01:38:00,1,5,31,85,34.4,60,34.4
S02679,ST05,2026-07-11T01:44:00,1,5,43,76,24.2,150,9.7
S02674,ST01,2026-07-11T01:46:00,1,5,35,85,34.6,60,34.6
S02680,ST05,2026-07-11T01:48:00,1,5,18,74,35.4,22,96.5
S02676,ST03,2026-07-11T01:59:00,1,5,24,94,50.9,150,20.4
S02688,ST05,2026-07-11T02:06:00,2,5,34,74,20.5,50,24.6
S02682,ST01,2026-07-11T02:10:00,2,5,39,70,19.5,50,23.4
S02683,ST02,2026-07-11T02:19:00,2,5,29,72,20.0,50,24.0
S02681,ST01,2026-07-11T02:19:00,2,5,19,95,39.6,120,19.8
S02685,ST03,2026-07-11T02:23:00,2,5,10,85,34.2,22,93.3
S02689,ST05,2026-07-11T02:25:00,2,5,30,98,33.9,120,16.9
S02684,ST02,2026-07-11T02:27:00,2,5,15,93,37.9,150,15.2
S02687,ST04,2026-07-11T02:42:00,2,5,34,96,34.9,50,41.9
S02686,ST04,2026-07-11T02:43:00,2,5,35,92,27.0,120,13.5
S02691,ST01,2026-07-11T03:01:00,3,5,24,98,45.4,50,54.5
S02694,ST04,2026-07-11T03:13:00,3,5,29,83,23.4,120,11.7
S02692,ST02,2026-07-11T03:21:00,3,5,42,96,21.6,150,8.6
S02690,ST01,2026-07-11T03:34:00,3,5,14,81,38.3,150,15.3
S02695,ST04,2026-07-11T03:41:00,3,5,21,83,28.1,60,28.1
S02696,ST05,2026-07-11T03:52:00,3,5,40,71,15.2,120,7.6
S02693,ST03,2026-07-11T03:58:00,3,5,14,90,36.5,120,18.2
S02699,ST03,2026-07-11T04:08:00,4,5,46,86,21.4,120,10.7
S02697,ST01,2026-07-11T04:25:00,4,5,43,96,23.2,22,63.3
S02701,ST04,2026-07-11T04:27:00,4,5,26,93,41.7,150,16.7
S02700,ST04,2026-07-11T04:41:00,4,5,35,83,32.2,60,32.2
S02703,ST05,2026-07-11T04:45:00,4,5,31,97,38.8,60,38.8
S02698,ST02,2026-07-11T04:46:00,4,5,16,90,51.9,22,141.5
S02702,ST05,2026-07-11T04:58:00,4,5,38,86,25.5,120,12.8
S02709,ST05,2026-07-11T05:01:00,5,5,44,78,15.7,60,15.7
S02704,ST01,2026-07-11T05:11:00,5,5,37,87,33.3,22,90.8
S02705,ST02,2026-07-11T05:21:00,5,5,47,78,14.5,150,5.8
S02710,ST05,2026-07-11T05:26:00,5,5,11,84,37.5,22,102.3
S02706,ST03,2026-07-11T05:29:00,5,5,37,71,19.1,22,52.1
S02707,ST04,2026-07-11T05:31:00,5,5,39,81,17.5,150,7.0
S02708,ST04,2026-07-11T05:43:00,5,5,33,78,24.7,60,24.7
S02717,ST05,2026-07-11T06:01:00,6,5,21,100,52.2,22,142.4
S02715,ST04,2026-07-11T06:02:00,6,5,19,89,51.9,22,141.5
S02712,ST01,2026-07-11T06:11:00,6,5,15,87,31.2,50,37.4
S02711,ST01,2026-07-11T06:22:00,6,5,12,87,49.4,50,59.3
S02716,ST04,2026-07-11T06:24:00,6,5,42,93,21.8,60,21.8
S02713,ST02,2026-07-11T06:27:00,6,5,27,81,40.0,150,16.0
S02714,ST03,2026-07-11T06:52:00,6,5,43,88,25.2,22,68.7
S02720,ST02,2026-07-11T07:03:00,7,5,33,88,31.1,120,15.5
S02719,ST01,2026-07-11T07:19:00,7,5,49,86,21.8,50,26.2
S02723,ST04,2026-07-11T07:26:00,7,5,23,70,31.7,50,38.0
S02718,ST01,2026-07-11T07:27:00,7,5,17,95,36.4,60,36.4
S02724,ST05,2026-07-11T07:29:00,7,5,48,95,34.9,60,34.9
S02721,ST03,2026-07-11T07:44:00,7,5,21,78,32.8,22,89.5
S02722,ST04,2026-07-11T07:58:00,7,5,21,91,35.0,22,95.5
S02731,ST05,2026-07-11T08:05:00,8,5,50,85,20.9,60,20.9
S02725,ST01,2026-07-11T08:14:00,8,5,11,92,41.6,22,113.5
S02730,ST05,2026-07-11T08:16:00,8,5,35,71,22.7,150,9.1
S02727,ST03,2026-07-11T08:21:00,8,5,44,82,21.5,150,8.6
S02728,ST04,2026-07-11T08:21:00,8,5,30,81,35.1,50,42.1
S02729,ST04,2026-07-11T08:29:00,8,5,41,76,20.5,50,24.6
S02726,ST02,2026-07-11T08:46:00,8,5,48,96,26.9,120,13.4
S02737,ST05,2026-07-11T09:13:00,9,5,23,73,30.0,50,36.0
S02735,ST04,2026-07-11T09:18:00,9,5,45,93,27.4,50,32.9
S02736,ST04,2026-07-11T09:24:00,9,5,44,74,16.0,22,43.6
S02733,ST02,2026-07-11T09:29:00,9,5,11,74,39.0,50,46.8
S02734,ST03,2026-07-11T09:36:00,9,5,37,83,34.4,22,93.8
S02732,ST01,2026-07-11T09:47:00,9,5,43,81,19.2,60,19.2
S02745,ST03,2026-07-11T10:06:00,10,5,34,88,33.9,120,16.9
S02747,ST03,2026-07-11T10:08:00,10,5,49,89,23.0,22,62.7
S02749,ST04,2026-07-11T10:15:00,10,5,20,88,42.1,22,114.8
S02755,ST05,2026-07-11T10:15:00,10,5,48,84,26.9,50,32.3
S02750,ST04,2026-07-11T10:23:00,10,5,11,93,50.1,120,25.1
S02746,ST03,2026-07-11T10:26:00,10,5,22,90,27.9,50,33.5
S02739,ST01,2026-07-11T10:26:00,10,5,48,78,15.4,60,15.4
S02742,ST02,2026-07-11T10:29:00,10,5,28,96,49.2,50,59.0
S02752,ST04,2026-07-11T10:29:00,10,5,33,93,42.4,50,50.9
S02741,ST01,2026-07-11T10:32:00,10,5,44,87,23.1,120,11.6
S02751,ST04,2026-07-11T10:35:00,10,5,42,97,25.7,50,30.8
S02740,ST01,2026-07-11T10:40:00,10,5,16,91,53.2,60,53.2
S02753,ST05,2026-07-11T10:45:00,10,5,22,80,25.9,22,70.6
S02748,ST04,2026-07-11T10:46:00,10,5,36,100,26.1,150,10.4
S02738,ST01,2026-07-11T10:49:00,10,5,35,87,28.2,50,33.8
S02744,ST02,2026-07-11T10:53:00,10,5,31,94,35.4,50,42.5
S02754,ST05,2026-07-11T10:57:00,10,5,11,76,39.1,120,19.6
S02743,ST02,2026-07-11T10:59:00,10,5,21,82,30.6,150,12.2
S02758,ST01,2026-07-11T11:00:00,11,5,12,91,50.3,150,20.1
S02771,ST05,2026-07-11T11:09:00,11,5,43,79,14.7,60,14.7
S02767,ST04,2026-07-11T11:13:00,11,5,26,73,24.2,22,66.0
S02762,ST02,2026-07-11T11:18:00,11,5,35,96,42.0,22,114.5
S02769,ST04,2026-07-11T11:21:00,11,5,28,92,35.6,120,17.8
S02768,ST04,2026-07-11T11:29:00,11,5,41,94,25.7,60,25.7
S02759,ST01,2026-07-11T11:30:00,11,5,34,72,25.6,60,25.6
S02756,ST01,2026-07-11T11:32:00,11,5,17,95,47.7,60,47.7
S02760,ST02,2026-07-11T11:34:00,11,5,17,92,50.4,150,20.2
S02772,ST05,2026-07-11T11:36:00,11,5,33,92,29.6,50,35.5
S02770,ST05,2026-07-11T11:36:00,11,5,27,89,25.6,50,30.7
S02765,ST04,2026-07-11T11:37:00,11,5,17,93,34.9,120,17.4
S02766,ST04,2026-07-11T11:42:00,11,5,31,74,30.9,120,15.5
S02761,ST02,2026-07-11T11:45:00,11,5,11,84,41.5,22,113.2
S02763,ST03,2026-07-11T11:45:00,11,5,42,90,30.1,120,15.1
S02764,ST03,2026-07-11T11:50:00,11,5,17,73,25.3,60,25.3
S02757,ST01,2026-07-11T11:55:00,11,5,20,77,32.0,22,87.3
S02781,ST03,2026-07-11T12:00:00,12,5,14,80,31.6,50,37.9
S02786,ST05,2026-07-11T12:06:00,12,5,31,86,23.3,150,9.3
S02774,ST01,2026-07-11T12:09:00,12,5,18,74,34.3,120,17.1
S02775,ST01,2026-07-11T12:16:00,12,5,50,77,11.1,50,13.3
S02782,ST04,2026-07-11T12:17:00,12,5,48,94,30.1,22,82.1
S02773,ST01,2026-07-11T12:19:00,12,5,40,92,28.8,60,28.8
S02778,ST02,2026-07-11T12:22:00,12,5,19,88,48.2,60,48.2
S02788,ST05,2026-07-11T12:28:00,12,5,46,86,19.5,60,19.5
S02777,ST02,2026-07-11T12:32:00,12,5,43,82,22.1,50,26.5
S02779,ST02,2026-07-11T12:33:00,12,5,33,82,34.4,120,17.2
S02787,ST05,2026-07-11T12:34:00,12,5,44,97,22.7,22,61.9
S02776,ST01,2026-07-11T12:37:00,12,5,29,74,27.2,60,27.2
S02783,ST04,2026-07-11T12:41:00,12,5,22,81,33.9,150,13.6
S02780,ST03,2026-07-11T12:55:00,12,5,43,85,19.4,120,9.7
S02785,ST04,2026-07-11T12:57:00,12,5,24,93,32.5,22,88.6
S02784,ST04,2026-07-11T12:58:00,12,5,50,99,19.8,150,7.9
S02791,ST01,2026-07-11T13:05:00,13,5,22,93,49.0,22,133.6
S02790,ST01,2026-07-11T13:11:00,13,5,12,89,38.0,60,38.0
S02789,ST01,2026-07-11T13:11:00,13,5,25,77,33.4,120,16.7
S02795,ST02,2026-07-11T13:12:00,13,5,40,73,18.3,120,9.2
S02802,ST04,2026-07-11T13:16:00,13,5,44,77,17.1,150,6.8
S02798,ST04,2026-07-11T13:28:00,13,5,22,88,45.0,150,18.0
S02805,ST05,2026-07-11T13:30:00,13,5,41,75,15.7,120,7.8
S02804,ST05,2026-07-11T13:31:00,13,5,10,80,49.9,150,20.0
S02801,ST04,2026-07-11T13:32:00,13,5,40,86,23.0,60,23.0
S02796,ST03,2026-07-11T13:34:00,13,5,47,76,17.7,60,17.7
S02797,ST03,2026-07-11T13:36:00,13,5,10,88,42.9,22,117.0
S02793,ST02,2026-07-11T13:37:00,13,5,47,85,21.4,150,8.6
S02800,ST04,2026-07-11T13:38:00,13,5,27,85,36.0,60,36.0
S02803,ST05,2026-07-11T13:40:00,13,5,38,73,26.0,50,31.2
S02799,ST04,2026-07-11T13:48:00,13,5,39,70,15.1,120,7.5
S02794,ST02,2026-07-11T13:56:00,13,5,13,80,45.3,22,123.5
S02792,ST01,2026-07-11T13:57:00,13,5,18,86,34.4,50,41.3
S02822,ST05,2026-07-11T14:06:00,14,5,14,77,28.7,120,14.3
S02806,ST01,2026-07-11T14:06:00,14,5,38,80,26.2,150,10.5
S02821,ST05,2026-07-11T14:12:00,14,5,23,89,38.0,60,38.0
S02819,ST04,2026-07-11T14:13:00,14,5,26,79,36.6,22,99.8
S02808,ST01,2026-07-11T14:13:00,14,5,29,86,28.9,150,11.6
S02813,ST03,2026-07-11T14:17:00,14,5,24,99,36.9,60,36.9
S02820,ST04,2026-07-11T14:20:00,14,5,37,95,31.0,150,12.4
S02812,ST02,2026-07-11T14:20:00,14,5,43,85,26.4,120,13.2
S02814,ST03,2026-07-11T14:23:00,14,5,19,79,31.0,60,31.0
S02817,ST04,2026-07-11T14:26:00,14,5,32,90,39.5,120,19.8
S02816,ST04,2026-07-11T14:26:00,14,5,10,94,61.2,22,166.9
S02809,ST01,2026-07-11T14:30:00,14,5,16,91,37.9,150,15.2
S02810,ST02,2026-07-11T14:43:00,14,5,19,80,27.7,120,13.8
S02823,ST05,2026-07-11T14:46:00,14,5,47,85,27.9,22,76.1
S02818,ST04,2026-07-11T14:49:00,14,5,27,70,29.5,50,35.4
S02811,ST02,2026-07-11T14:50:00,14,5,20,97,35.1,50,42.1
S02807,ST01,2026-07-11T14:52:00,14,5,21,76,37.0,50,44.4
S02815,ST03,2026-07-11T14:53:00,14,5,30,84,27.4,150,11.0
S02831,ST04,2026-07-11T15:08:00,15,5,14,97,56.0,60,56.0
S02827,ST02,2026-07-11T15:08:00,15,5,14,80,49.0,120,24.5
S02833,ST04,2026-07-11T15:11:00,15,5,30,84,25.9,60,25.9
S02826,ST01,2026-07-11T15:17:00,15,5,44,81,20.5,60,20.5
S02834,ST04,2026-07-11T15:21:00,15,5,22,91,51.1,60,51.1
S02824,ST01,2026-07-11T15:24:00,15,5,41,77,17.9,150,7.2
S02836,ST05,2026-07-11T15:27:00,15,5,35,95,34.2,22,93.3
S02830,ST03,2026-07-11T15:34:00,15,5,26,87,35.7,60,35.7
S02829,ST03,2026-07-11T15:35:00,15,5,15,84,33.5,150,13.4
S02825,ST01,2026-07-11T15:37:00,15,5,34,71,16.1,60,16.1
S02835,ST05,2026-07-11T15:47:00,15,5,11,74,27.8,120,13.9
S02828,ST02,2026-07-11T15:52:00,15,5,19,97,35.3,60,35.3
S02837,ST05,2026-07-11T15:53:00,15,5,43,71,20.1,150,8.0
S02832,ST04,2026-07-11T15:54:00,15,5,33,98,43.6,50,52.3
S02848,ST04,2026-07-11T16:00:00,16,5,24,80,30.8,60,30.8
S02852,ST05,2026-07-11T16:13:00,16,5,29,75,20.0,150,8.0
S02847,ST04,2026-07-11T16:18:00,16,5,10,89,54.5,22,148.6
S02844,ST03,2026-07-11T16:29:00,16,5,38,98,42.5,50,51.0
S02846,ST04,2026-07-11T16:33:00,16,5,37,98,24.9,150,10.0
S02838,ST01,2026-07-11T16:36:00,16,5,37,71,25.0,60,25.0
S02840,ST01,2026-07-11T16:40:00,16,5,14,93,33.7,22,91.9
S02843,ST02,2026-07-11T16:41:00,16,5,22,94,30.6,120,15.3
S02850,ST05,2026-07-11T16:41:00,16,5,22,94,49.5,60,49.5
S02845,ST03,2026-07-11T16:41:00,16,5,31,72,19.0,150,7.6
S02841,ST02,2026-07-11T16:49:00,16,5,17,87,31.9,150,12.8
S02839,ST01,2026-07-11T16:50:00,16,5,44,85,20.5,60,20.5
S02842,ST02,2026-07-11T16:54:00,16,5,15,88,52.8,150,21.1
S02849,ST04,2026-07-11T16:54:00,16,5,24,88,40.7,60,40.7
S02851,ST05,2026-07-11T16:57:00,16,5,46,74,13.1,50,15.7
S02858,ST02,2026-07-11T17:01:00,17,5,38,97,39.0,50,46.8
S02854,ST01,2026-07-11T17:04:00,17,5,30,97,34.2,50,41.0
S02862,ST04,2026-07-11T17:07:00,17,5,41,93,31.8,60,31.8
S02856,ST02,2026-07-11T17:14:00,17,5,23,94,37.2,50,44.6
S02866,ST05,2026-07-11T17:22:00,17,5,33,100,34.1,22,93.0
S02864,ST04,2026-07-11T17:23:00,17,5,40,78,22.0,120,11.0
S02865,ST05,2026-07-11T17:24:00,17,5,36,82,33.9,22,92.5
S02863,ST04,2026-07-11T17:26:00,17,5,22,76,40.2,150,16.1
S02859,ST03,2026-07-11T17:28:00,17,5,38,82,20.7,120,10.3
S02860,ST03,2026-07-11T17:37:00,17,5,17,72,40.7,150,16.3
S02855,ST01,2026-07-11T17:42:00,17,5,23,76,26.8,120,13.4
S02861,ST04,2026-07-11T17:46:00,17,5,43,73,13.7,50,16.4
S02853,ST01,2026-07-11T17:54:00,17,5,12,94,36.5,60,36.5
S02857,ST02,2026-07-11T17:56:00,17,5,38,73,24.2,120,12.1
S02870,ST02,2026-07-11T18:00:00,18,5,18,86,30.9,120,15.5
S02879,ST05,2026-07-11T18:02:00,18,5,44,82,25.3,150,10.1
S02876,ST04,2026-07-11T18:25:00,18,5,50,81,22.3,60,22.3
S02873,ST03,2026-07-11T18:26:00,18,5,21,75,39.3,50,47.2
S02878,ST05,2026-07-11T18:30:00,18,5,12,93,57.1,120,28.6
S02877,ST04,2026-07-11T18:39:00,18,5,30,70,27.0,60,27.0
S02868,ST01,2026-07-11T18:41:00,18,5,34,98,36.2,60,36.2
S02872,ST03,2026-07-11T18:42:00,18,5,28,81,32.7,50,39.2
S02869,ST01,2026-07-11T18:46:00,18,5,30,71,18.4,50,22.1
S02871,ST02,2026-07-11T18:48:00,18,5,12,71,35.9,50,43.1
S02875,ST04,2026-07-11T18:50:00,18,5,20,70,28.7,60,28.7
S02874,ST04,2026-07-11T18:51:00,18,5,21,81,42.5,22,115.9
S02867,ST01,2026-07-11T18:54:00,18,5,29,77,36.0,22,98.2
S02894,ST05,2026-07-11T19:00:00,19,5,19,90,29.2,50,35.0
S02883,ST02,2026-07-11T19:00:00,19,5,29,85,31.6,60,31.6
S02880,ST01,2026-07-11T19:06:00,19,5,10,81,50.7,22,138.3
S02884,ST02,2026-07-11T19:08:00,19,5,30,91,35.9,150,14.4
S02886,ST03,2026-07-11T19:14:00,19,5,42,74,21.8,50,26.2
S02887,ST03,2026-07-11T19:14:00,19,5,15,93,33.8,120,16.9
S02882,ST01,2026-07-11T19:26:00,19,5,44,84,17.9,150,7.2
S02881,ST01,2026-07-11T19:26:00,19,5,14,73,43.6,120,21.8
S02888,ST04,2026-07-11T19:39:00,19,5,16,77,29.2,50,35.0
S02893,ST05,2026-07-11T19:40:00,19,5,13,95,38.5,50,46.2
S02885,ST02,2026-07-11T19:42:00,19,5,16,85,39.5,150,15.8
S02890,ST04,2026-07-11T19:42:00,19,5,47,86,22.7,60,22.7
S02889,ST04,2026-07-11T19:46:00,19,5,29,80,33.1,120,16.6
S02891,ST04,2026-07-11T19:48:00,19,5,18,80,34.0,50,40.8
S02892,ST05,2026-07-11T19:59:00,19,5,12,93,58.1,120,29.1
S02900,ST05,2026-07-11T20:06:00,20,5,31,94,36.6,22,99.8
S02897,ST03,2026-07-11T20:16:00,20,5,44,84,17.6,60,17.6
S02899,ST04,2026-07-11T20:16:00,20,5,31,95,45.1,150,18.0
S02895,ST01,2026-07-11T20:20:00,20,5,10,88,44.3,60,44.3
S02898,ST04,2026-07-11T20:32:00,20,5,31,80,36.7,50,44.0
S02896,ST02,2026-07-11T20:55:00,20,5,46,82,20.1,50,24.1
S02904,ST03,2026-07-11T21:05:00,21,5,42,75,17.8,150,7.1
S02903,ST02,2026-07-11T21:08:00,21,5,32,79,26.2,150,10.5
S02902,ST01,2026-07-11T21:14:00,21,5,39,96,25.0,150,10.0
S02901,ST01,2026-07-11T21:27:00,21,5,11,100,52.5,22,143.2
S02906,ST04,2026-07-11T21:33:00,21,5,48,94,20.8,150,8.3
S02907,ST05,2026-07-11T21:51:00,21,5,44,81,21.8,150,8.7
S02905,ST04,2026-07-11T21:53:00,21,5,24,94,28.4,60,28.4
S02908,ST01,2026-07-11T22:10:00,22,5,16,91,34.3,150,13.7
S02910,ST03,2026-07-11T22:12:00,22,5,27,71,32.4,120,16.2
S02912,ST04,2026-07-11T22:20:00,22,5,18,93,54.6,22,148.9
S02913,ST05,2026-07-11T22:45:00,22,5,45,91,23.4,150,9.4
S02911,ST04,2026-07-11T22:57:00,22,5,43,83,28.5,120,14.2
S02909,ST02,2026-07-11T22:59:00,22,5,19,87,49.6,150,19.8
S02914,ST01,2026-07-11T23:04:00,23,5,13,94,44.0,50,52.8
S02917,ST03,2026-07-11T23:04:00,23,5,24,100,55.6,50,66.7
S02920,ST05,2026-07-11T23:07:00,23,5,43,79,21.0,150,8.4
S02918,ST04,2026-07-11T23:07:00,23,5,47,100,33.7,50,40.4
S02916,ST02,2026-07-11T23:10:00,23,5,36,82,27.9,50,33.5
S02919,ST04,2026-07-11T23:28:00,23,5,19,91,35.7,60,35.7
S02915,ST01,2026-07-11T23:30:00,23,5,20,94,54.8,50,65.8
S02923,ST02,2026-07-12T00:02:00,0,6,34,96,44.1,22,120.3
S02925,ST03,2026-07-12T00:14:00,0,6,43,73,12.9,150,5.2
S02928,ST05,2026-07-12T00:17:00,0,6,27,98,34.7,150,13.9
S02929,ST05,2026-07-12T00:21:00,0,6,36,91,38.1,60,38.1
S02924,ST02,2026-07-12T00:40:00,0,6,39,83,26.6,120,13.3
S02921,ST01,2026-07-12T00:42:00,0,6,38,79,28.2,150,11.3
S02922,ST01,2026-07-12T00:47:00,0,6,49,84,15.9,60,15.9
S02927,ST04,2026-07-12T00:53:00,0,6,37,83,19.3,22,52.6
S02926,ST04,2026-07-12T00:55:00,0,6,33,77,31.0,120,15.5
S02933,ST04,2026-07-12T01:06:00,1,6,47,96,33.2,22,90.5
S02930,ST01,2026-07-12T01:06:00,1,6,41,77,21.8,50,26.2
S02934,ST04,2026-07-12T01:36:00,1,6,16,73,42.1,50,50.5
S02931,ST02,2026-07-12T01:42:00,1,6,27,73,34.5,120,17.2
S02935,ST05,2026-07-12T01:43:00,1,6,48,83,24.0,22,65.5
S02932,ST03,2026-07-12T01:53:00,1,6,46,82,22.0,120,11.0
S02938,ST03,2026-07-12T02:11:00,2,6,11,90,57.8,22,157.6
S02940,ST04,2026-07-12T02:22:00,2,6,32,81,36.3,50,43.6
S02937,ST02,2026-07-12T02:25:00,2,6,50,93,28.9,22,78.8
S02939,ST04,2026-07-12T02:26:00,2,6,11,93,45.9,60,45.9
S02936,ST01,2026-07-12T02:50:00,2,6,38,97,33.1,150,13.2
S02941,ST05,2026-07-12T02:50:00,2,6,13,80,37.5,60,37.5
S02946,ST04,2026-07-12T03:05:00,3,6,50,82,16.3,120,8.2
S02942,ST01,2026-07-12T03:10:00,3,6,23,87,42.9,150,17.2
S02944,ST02,2026-07-12T03:11:00,3,6,41,97,24.1,60,24.1
S02948,ST05,2026-07-12T03:31:00,3,6,32,80,32.7,60,32.7
S02947,ST04,2026-07-12T03:40:00,3,6,21,94,39.0,60,39.0
S02943,ST01,2026-07-12T03:41:00,3,6,30,93,34.0,60,34.0
S02945,ST03,2026-07-12T03:47:00,3,6,24,80,38.6,22,105.3
S02949,ST05,2026-07-12T03:48:00,3,6,20,100,36.7,22,100.1
S02955,ST05,2026-07-12T04:05:00,4,6,30,77,26.1,22,71.2
S02952,ST03,2026-07-12T04:05:00,4,6,48,99,36.1,120,18.1
S02953,ST04,2026-07-12T04:09:00,4,6,31,87,29.3,50,35.2
S02956,ST05,2026-07-12T04:15:00,4,6,45,74,18.4,60,18.4
S02951,ST02,2026-07-12T04:35:00,4,6,44,75,16.7,22,45.5
S02950,ST01,2026-07-12T04:37:00,4,6,29,99,40.4,150,16.2
S02954,ST04,2026-07-12T04:58:00,4,6,34,73,27.1,60,27.1
S02960,ST04,2026-07-12T05:11:00,5,6,43,88,24.3,150,9.7
S02958,ST02,2026-07-12T05:13:00,5,6,19,70,25.7,22,70.1
S02957,ST01,2026-07-12T05:14:00,5,6,24,77,37.4,120,18.7
S02962,ST05,2026-07-12T05:16:00,5,6,37,81,23.2,50,27.8
S02963,ST05,2026-07-12T05:20:00,5,6,44,81,15.8,50,19.0
S02959,ST03,2026-07-12T05:30:00,5,6,38,83,26.8,150,10.7
S02961,ST04,2026-07-12T05:56:00,5,6,34,93,29.0,60,29.0
S02969,ST05,2026-07-12T06:10:00,6,6,11,87,42.3,22,115.4
S02967,ST04,2026-07-12T06:14:00,6,6,39,78,23.4,22,63.8
S02968,ST04,2026-07-12T06:29:00,6,6,49,84,20.1,120,10.1
S02966,ST03,2026-07-12T06:52:00,6,6,48,77,18.9,150,7.6
S02964,ST01,2026-07-12T06:52:00,6,6,25,95,41.2,50,49.4
S02965,ST02,2026-07-12T06:58:00,6,6,42,92,28.3,60,28.3
S02973,ST03,2026-07-12T07:13:00,7,6,38,79,24.1,60,24.1
S02970,ST01,2026-07-12T07:30:00,7,6,19,72,33.9,22,92.5
S02972,ST02,2026-07-12T07:31:00,7,6,37,92,36.7,50,44.0
S02974,ST04,2026-07-12T07:36:00,7,6,42,100,31.5,150,12.6
S02975,ST04,2026-07-12T07:43:00,7,6,47,80,23.2,150,9.3
S02971,ST01,2026-07-12T07:46:00,7,6,27,88,29.8,22,81.3
S02976,ST05,2026-07-12T07:48:00,7,6,32,88,24.7,22,67.4
S02979,ST02,2026-07-12T08:01:00,8,6,41,93,23.0,22,62.7
S02980,ST02,2026-07-12T08:06:00,8,6,35,88,34.2,120,17.1
S02978,ST01,2026-07-12T08:15:00,8,6,48,94,30.6,50,36.7
S02982,ST04,2026-07-12T08:22:00,8,6,21,92,39.1,60,39.1
S02981,ST03,2026-07-12T08:24:00,8,6,40,74,23.7,50,28.4
S02983,ST04,2026-07-12T08:31:00,8,6,15,75,29.5,50,35.4
S02977,ST01,2026-07-12T08:33:00,8,6,36,93,26.0,50,31.2
S02984,ST05,2026-07-12T08:41:00,8,6,50,72,11.4,22,31.1
S02985,ST01,2026-07-12T09:01:00,9,6,48,71,17.1,22,46.6
S02992,ST05,2026-07-12T09:01:00,9,6,49,71,16.0,22,43.6
S02987,ST02,2026-07-12T09:20:00,9,6,34,79,18.4,150,7.4
S02989,ST04,2026-07-12T09:34:00,9,6,23,81,25.2,50,30.2
S02990,ST04,2026-07-12T09:38:00,9,6,33,88,25.4,120,12.7
S02986,ST01,2026-07-12T09:43:00,9,6,33,73,18.4,150,7.4
S02988,ST03,2026-07-12T09:54:00,9,6,14,100,39.6,150,15.8
S02991,ST05,2026-07-12T09:56:00,9,6,21,86,29.4,120,14.7
S03008,ST05,2026-07-12T10:02:00,10,6,22,100,33.6,150,13.4
S03005,ST04,2026-07-12T10:05:00,10,6,41,70,16.6,60,16.6
S02998,ST02,2026-07-12T10:09:00,10,6,25,100,51.5,50,61.8
S02995,ST01,2026-07-12T10:12:00,10,6,48,74,19.5,60,19.5
S03003,ST04,2026-07-12T10:18:00,10,6,30,74,24.5,50,29.4
S03004,ST04,2026-07-12T10:18:00,10,6,50,83,17.9,120,8.9
S02993,ST01,2026-07-12T10:19:00,10,6,28,73,23.5,50,28.2
S02996,ST01,2026-07-12T10:29:00,10,6,45,96,27.3,120,13.7
S03006,ST04,2026-07-12T10:35:00,10,6,40,89,26.3,120,13.2
S02994,ST01,2026-07-12T10:37:00,10,6,43,75,22.9,120,11.4
S03001,ST03,2026-07-12T10:42:00,10,6,30,99,40.3,150,16.1
S02997,ST02,2026-07-12T10:42:00,10,6,45,72,14.0,60,14.0
S03002,ST03,2026-07-12T10:44:00,10,6,44,86,22.6,150,9.0
S03009,ST05,2026-07-12T10:47:00,10,6,46,87,18.9,60,18.9
S03010,ST05,2026-07-12T10:47:00,10,6,13,87,30.3,60,30.3
S02999,ST02,2026-07-12T10:50:00,10,6,35,71,18.9,120,9.4
S03007,ST04,2026-07-12T10:50:00,10,6,28,94,42.2,22,115.1
S03000,ST03,2026-07-12T10:58:00,10,6,47,73,18.1,22,49.4
S03026,ST05,2026-07-12T11:04:00,11,6,21,87,34.0,60,34.0
S03025,ST05,2026-07-12T11:07:00,11,6,17,75,41.5,120,20.8
S03014,ST01,2026-07-12T11:11:00,11,6,24,92,34.8,50,41.8
S03016,ST02,2026-07-12T11:13:00,11,6,17,99,41.1,50,49.3
S03019,ST03,2026-07-12T11:15:00,11,6,49,91,20.6,120,10.3
S03022,ST04,2026-07-12T11:17:00,11,6,22,96,49.8,60,49.8
S03011,ST01,2026-07-12T11:22:00,11,6,44,71,18.6,120,9.3
S03013,ST01,2026-07-12T11:23:00,11,6,12,99,41.3,120,20.6
S03021,ST04,2026-07-12T11:26:00,11,6,10,83,50.2,120,25.1
S03015,ST02,2026-07-12T11:36:00,11,6,50,89,15.8,120,7.9
S03023,ST04,2026-07-12T11:38:00,11,6,10,90,51.4,22,140.2
S03017,ST02,2026-07-12T11:42:00,11,6,31,75,32.8,50,39.4
S03027,ST05,2026-07-12T11:43:00,11,6,35,79,25.9,60,25.9
S03024,ST04,2026-07-12T11:44:00,11,6,38,74,22.8,50,27.4
S03020,ST04,2026-07-12T11:45:00,11,6,50,79,13.7,60,13.7
S03012,ST01,2026-07-12T11:47:00,11,6,42,86,30.7,150,12.3
S03018,ST03,2026-07-12T11:53:00,11,6,35,71,16.4,150,6.6
S03039,ST04,2026-07-12T12:01:00,12,6,38,72,23.6,150,9.4
S03035,ST03,2026-07-12T12:02:00,12,6,46,70,17.6,60,17.6
S03045,ST05,2026-07-12T12:03:00,12,6,34,94,35.9,50,43.1
S03029,ST01,2026-07-12T12:05:00,12,6,45,97,29.9,50,35.9
S03037,ST03,2026-07-12T12:12:00,12,6,13,82,36.8,60,36.8
S03038,ST04,2026-07-12T12:14:00,12,6,21,90,32.3,120,16.1
S03031,ST01,2026-07-12T12:14:00,12,6,12,96,45.0,22,122.7
S03028,ST01,2026-07-12T12:16:00,12,6,16,94,34.5,50,41.4
S03041,ST04,2026-07-12T12:20:00,12,6,13,73,38.4,120,19.2
S03043,ST05,2026-07-12T12:20:00,12,6,33,71,17.1,22,46.6
S03033,ST02,2026-07-12T12:28:00,12,6,19,84,39.6,22,108.0
S03030,ST01,2026-07-12T12:33:00,12,6,12,85,41.4,22,112.9
S03040,ST04,2026-07-12T12:33:00,12,6,28,87,26.9,150,10.8
S03042,ST04,2026-07-12T12:33:00,12,6,44,70,16.0,50,19.2
S03034,ST02,2026-07-12T12:42:00,12,6,42,94,38.5,50,46.2
S03044,ST05,2026-07-12T12:43:00,12,6,24,70,24.5,150,9.8
S03032,ST02,2026-07-12T12:51:00,12,6,14,77,34.8,60,34.8
S03036,ST03,2026-07-12T12:55:00,12,6,26,99,33.7,120,16.9
S03046,ST01,2026-07-12T13:02:00,13,6,46,87,17.5,120,8.8
S03051,ST02,2026-07-12T13:14:00,13,6,19,79,37.4,50,44.9
S03058,ST04,2026-07-12T13:15:00,13,6,23,92,32.2,50,38.6
S03053,ST03,2026-07-12T13:19:00,13,6,19,71,29.2,150,11.7
S03062,ST05,2026-07-12T13:19:00,13,6,49,83,14.2,50,17.0
S03048,ST01,2026-07-12T13:24:00,13,6,38,99,40.4,120,20.2
S03052,ST02,2026-07-12T13:24:00,13,6,26,98,32.8,22,89.5
S03061,ST05,2026-07-12T13:25:00,13,6,19,85,28.9,120,14.4
S03055,ST04,2026-07-12T13:25:00,13,6,36,98,33.9,120,16.9
S03056,ST04,2026-07-12T13:28:00,13,6,34,84,26.4,60,26.4
S03049,ST01,2026-07-12T13:39:00,13,6,26,81,40.9,120,20.4
S03057,ST04,2026-07-12T13:42:00,13,6,35,74,25.5,50,30.6
S03059,ST05,2026-07-12T13:46:00,13,6,49,81,22.9,150,9.2
S03054,ST03,2026-07-12T13:54:00,13,6,24,82,25.7,60,25.7
S03060,ST05,2026-07-12T13:55:00,13,6,36,81,28.1,50,33.7
S03050,ST02,2026-07-12T13:57:00,13,6,19,84,38.2,60,38.2
S03047,ST01,2026-07-12T13:59:00,13,6,46,90,23.5,150,9.4
S03071,ST04,2026-07-12T14:05:00,14,6,30,99,49.4,50,59.3
S03070,ST03,2026-07-12T14:05:00,14,6,11,70,42.6,22,116.2
S03077,ST05,2026-07-12T14:10:00,14,6,45,87,26.0,60,26.0
S03067,ST02,2026-07-12T14:20:00,14,6,39,77,26.7,50,32.0
S03073,ST04,2026-07-12T14:23:00,14,6,49,99,25.5,120,12.8
S03065,ST01,2026-07-12T14:24:00,14,6,46,91,20.7,150,8.3
S03076,ST05,2026-07-12T14:26:00,14,6,17,87,50.3,120,25.1
S03064,ST01,2026-07-12T14:27:00,14,6,21,100,43.8,50,52.6
S03074,ST04,2026-07-12T14:30:00,14,6,31,92,28.1,60,28.1
S03075,ST05,2026-07-12T14:35:00,14,6,20,98,55.2,50,66.2
S03069,ST03,2026-07-12T14:40:00,14,6,12,91,34.3,22,93.5
S03072,ST04,2026-07-12T14:47:00,14,6,19,100,38.4,22,104.7
S03068,ST02,2026-07-12T14:48:00,14,6,41,80,23.9,150,9.6
S03066,ST01,2026-07-12T14:49:00,14,6,19,90,38.4,50,46.1
S03063,ST01,2026-07-12T14:56:00,14,6,20,91,37.9,150,15.2
S03090,ST05,2026-07-12T15:01:00,15,6,41,80,28.0,22,76.4
S03084,ST03,2026-07-12T15:04:00,15,6,21,74,32.8,120,16.4
S03082,ST02,2026-07-12T15:11:00,15,6,38,98,24.4,120,12.2
S03086,ST04,2026-07-12T15:20:00,15,6,28,92,43.4,22,118.4
S03087,ST04,2026-07-12T15:22:00,15,6,48,95,26.9,150,10.8
S03092,ST05,2026-07-12T15:27:00,15,6,31,71,19.8,120,9.9
S03081,ST02,2026-07-12T15:37:00,15,6,33,99,36.6,150,14.6
S03091,ST05,2026-07-12T15:41:00,15,6,25,92,34.0,120,17.0
S03083,ST02,2026-07-12T15:42:00,15,6,46,81,24.8,22,67.6
S03089,ST04,2026-07-12T15:54:00,15,6,26,76,29.0,150,11.6
S03080,ST01,2026-07-12T15:56:00,15,6,34,85,27.2,50,32.6
S03088,ST04,2026-07-12T15:57:00,15,6,47,83,26.9,60,26.9
S03078,ST01,2026-07-12T15:57:00,15,6,25,73,30.4,50,36.5
S03079,ST01,2026-07-12T15:58:00,15,6,38,73,23.3,50,28.0
S03085,ST03,2026-07-12T15:58:00,15,6,19,73,40.4,50,48.5
S03107,ST05,2026-07-12T16:00:00,16,6,37,95,37.1,50,44.5
S03094,ST01,2026-07-12T16:00:00,16,6,46,70,12.1,50,14.5
S03101,ST04,2026-07-12T16:06:00,16,6,25,72,21.7,22,59.2
S03102,ST04,2026-07-12T16:09:00,16,6,46,95,23.7,22,64.6
S03106,ST05,2026-07-12T16:12:00,16,6,15,75,25.9,22,70.6
S03105,ST05,2026-07-12T16:21:00,16,6,16,89,32.3,50,38.8
S03096,ST02,2026-07-12T16:21:00,16,6,33,95,35.9,120,17.9
S03093,ST01,2026-07-12T16:21:00,16,6,45,71,11.6,150,4.6
S03097,ST02,2026-07-12T16:26:00,16,6,31,74,31.4,60,31.4
S03098,ST02,2026-07-12T16:35:00,16,6,22,85,31.4,22,85.6
S03100,ST03,2026-07-12T16:55:00,16,6,42,98,24.6,50,29.5
S03104,ST04,2026-07-12T16:55:00,16,6,49,72,10.5,120,5.2
S03103,ST04,2026-07-12T16:55:00,16,6,14,70,36.6,60,36.6
S03095,ST01,2026-07-12T16:57:00,16,6,40,82,22.5,60,22.5
S03099,ST03,2026-07-12T16:58:00,16,6,15,95,50.7,60,50.7
S03111,ST02,2026-07-12T17:03:00,17,6,38,75,21.4,22,58.4
S03108,ST01,2026-07-12T17:05:00,17,6,34,80,28.5,50,34.2
S03112,ST02,2026-07-12T17:11:00,17,6,22,78,25.2,150,10.1
S03118,ST04,2026-07-12T17:18:00,17,6,20,72,21.9,120,10.9
S03121,ST05,2026-07-12T17:20:00,17,6,47,94,33.9,60,33.9
S03119,ST04,2026-07-12T17:22:00,17,6,13,89,50.5,120,25.2
S03115,ST03,2026-07-12T17:25:00,17,6,50,96,27.9,150,11.2
S03109,ST01,2026-07-12T17:30:00,17,6,22,92,52.2,150,20.9
S03113,ST02,2026-07-12T17:36:00,17,6,22,92,31.0,22,84.5
S03116,ST04,2026-07-12T17:40:00,17,6,28,76,26.4,60,26.4
S03110,ST01,2026-07-12T17:45:00,17,6,21,85,32.1,150,12.8
S03117,ST04,2026-07-12T17:47:00,17,6,25,86,24.5,60,24.5
S03120,ST05,2026-07-12T17:48:00,17,6,38,70,23.7,22,64.6
S03114,ST03,2026-07-12T17:54:00,17,6,30,94,47.8,50,57.4
S03128,ST03,2026-07-12T18:01:00,18,6,18,95,39.3,50,47.2
S03131,ST04,2026-07-12T18:09:00,18,6,27,80,24.9,120,12.4
S03130,ST04,2026-07-12T18:11:00,18,6,23,73,20.3,120,10.2
S03125,ST02,2026-07-12T18:12:00,18,6,24,88,29.4,60,29.4
S03133,ST04,2026-07-12T18:17:00,18,6,24,76,29.7,120,14.8
S03135,ST05,2026-07-12T18:22:00,18,6,16,72,41.1,120,20.6
S03132,ST04,2026-07-12T18:25:00,18,6,20,79,40.7,150,16.3
S03129,ST03,2026-07-12T18:25:00,18,6,33,70,20.4,50,24.5
S03126,ST02,2026-07-12T18:26:00,18,6,39,98,33.1,120,16.6
S03123,ST01,2026-07-12T18:28:00,18,6,32,93,41.7,60,41.7
S03127,ST02,2026-07-12T18:29:00,18,6,39,84,20.4,120,10.2
S03124,ST01,2026-07-12T18:31:00,18,6,29,94,37.1,150,14.8
S03122,ST01,2026-07-12T18:38:00,18,6,14,88,36.4,60,36.4
S03136,ST05,2026-07-12T18:38:00,18,6,28,74,22.2,120,11.1
S03134,ST05,2026-07-12T18:54:00,18,6,20,85,48.0,22,130.9
S03150,ST05,2026-07-12T19:04:00,19,6,38,82,29.6,60,29.6
S03149,ST05,2026-07-12T19:05:00,19,6,43,85,23.6,60,23.6
S03142,ST02,2026-07-12T19:15:00,19,6,23,100,39.6,50,47.5
S03148,ST04,2026-07-12T19:20:00,19,6,42,98,24.3,50,29.2
S03138,ST01,2026-07-12T19:21:00,19,6,50,79,18.5,120,9.2
S03140,ST01,2026-07-12T19:21:00,19,6,33,95,39.7,50,47.6
S03137,ST01,2026-07-12T19:26:00,19,6,41,70,21.3,50,25.6
S03141,ST02,2026-07-12T19:30:00,19,6,14,70,31.2,120,15.6
S03139,ST01,2026-07-12T19:39:00,19,6,17,89,32.1,60,32.1
S03151,ST05,2026-07-12T19:45:00,19,6,19,81,43.2,22,117.8
S03144,ST03,2026-07-12T19:50:00,19,6,27,87,31.2,60,31.2
S03147,ST04,2026-07-12T19:52:00,19,6,25,85,35.8,22,97.6
S03145,ST04,2026-07-12T19:57:00,19,6,18,100,42.0,150,16.8
S03143,ST03,2026-07-12T19:57:00,19,6,30,90,43.2,120,21.6
S03146,ST04,2026-07-12T19:58:00,19,6,24,92,41.3,50,49.6
S03156,ST04,2026-07-12T20:12:00,20,6,43,95,30.0,50,36.0
S03158,ST05,2026-07-12T20:13:00,20,6,19,79,24.5,120,12.2
S03152,ST01,2026-07-12T20:14:00,20,6,50,70,10.3,150,4.1
S03154,ST02,2026-07-12T20:20:00,20,6,48,98,29.4,50,35.3
S03153,ST01,2026-07-12T20:30:00,20,6,45,74,19.6,60,19.6
S03155,ST03,2026-07-12T20:38:00,20,6,48,73,12.6,22,34.4
S03157,ST04,2026-07-12T20:50:00,20,6,34,83,31.6,22,86.2
S03162,ST04,2026-07-12T21:01:00,21,6,17,71,38.0,150,15.2
S03160,ST02,2026-07-12T21:28:00,21,6,30,73,31.3,120,15.7
S03159,ST01,2026-07-12T21:29:00,21,6,19,84,40.2,150,16.1
S03163,ST04,2026-07-12T21:30:00,21,6,33,74,20.9,120,10.4
S03164,ST05,2026-07-12T21:40:00,21,6,37,90,27.2,50,32.6
S03161,ST03,2026-07-12T21:45:00,21,6,48,84,18.0,150,7.2
S03166,ST02,2026-07-12T22:02:00,22,6,42,71,18.9,50,22.7
S03169,ST04,2026-07-12T22:21:00,22,6,15,83,35.4,22,96.5
S03170,ST05,2026-07-12T22:34:00,22,6,13,86,39.8,120,19.9
S03168,ST04,2026-07-12T22:45:00,22,6,25,72,31.2,60,31.2
S03165,ST01,2026-07-12T22:53:00,22,6,12,90,38.9,150,15.6
S03167,ST03,2026-07-12T22:59:00,22,6,14,74,27.2,150,10.9
S03177,ST05,2026-07-12T23:02:00,23,6,22,88,27.2,50,32.6
S03172,ST01,2026-07-12T23:07:00,23,6,26,77,24.7,150,9.9
S03174,ST03,2026-07-12T23:09:00,23,6,18,86,34.8,120,17.4
S03176,ST04,2026-07-12T23:31:00,23,6,11,91,52.0,120,26.0
S03171,ST01,2026-07-12T23:35:00,23,6,15,96,38.3,50,46.0
S03173,ST02,2026-07-12T23:41:00,23,6,24,85,25.3,50,30.4
S03175,ST04,2026-07-12T23:42:00,23,6,35,70,20.3,60,20.3
S03178,ST01,2026-07-13T00:00:00,0,0,32,92,25.7,60,25.7
S03180,ST04,2026-07-13T00:39:00,0,0,28,78,29.7,150,11.9
S03181,ST05,2026-07-13T00:53:00,0,0,22,94,44.1,60,44.1
S03179,ST02,2026-07-13T00:53:00,0,0,20,82,29.4,150,11.8
S03187,ST05,2026-07-13T01:03:00,1,0,50,77,16.2,60,16.2
S03184,ST03,2026-07-13T01:13:00,1,0,21,73,21.6,22,58.9
S03183,ST02,2026-07-13T01:28:00,1,0,48,100,32.7,150,13.1
S03186,ST04,2026-07-13T01:53:00,1,0,23,98,45.6,60,45.6
S03185,ST04,2026-07-13T01:55:00,1,0,23,76,35.3,60,35.3
S03182,ST01,2026-07-13T01:57:00,1,0,26,82,24.7,60,24.7
S03188,ST01,2026-07-13T02:01:00,2,0,29,70,19.5,50,23.4
S03192,ST05,2026-07-13T02:06:00,2,0,10,97,35.8,22,97.6
S03189,ST02,2026-07-13T02:13:00,2,0,41,100,38.5,60,38.5
S03190,ST03,2026-07-13T02:25:00,2,0,48,94,21.1,120,10.6
S03191,ST04,2026-07-13T02:38:00,2,0,28,95,49.9,50,59.9
S03196,ST04,2026-07-13T03:02:00,3,0,17,79,27.9,120,13.9
S03194,ST02,2026-07-13T03:06:00,3,0,13,81,32.3,50,38.8
S03193,ST01,2026-07-13T03:17:00,3,0,10,79,38.3,150,15.3
S03195,ST03,2026-07-13T03:47:00,3,0,33,72,19.4,22,52.9
S03197,ST05,2026-07-13T03:56:00,3,0,23,73,36.1,22,98.5
S03200,ST04,2026-07-13T04:04:00,4,0,19,76,24.1,120,12.1
S03199,ST02,2026-07-13T04:29:00,4,0,47,92,26.8,60,26.8
S03198,ST01,2026-07-13T04:59:00,4,0,40,75,14.2,22,38.7
S03202,ST02,2026-07-13T05:02:00,5,0,14,100,57.6,60,57.6
S03205,ST04,2026-07-13T05:41:00,5,0,12,97,50.8,120,25.4
S03206,ST05,2026-07-13T05:44:00,5,0,41,95,26.0,22,70.9
S03203,ST03,2026-07-13T05:46:00,5,0,40,76,24.5,22,66.8
S03201,ST01,2026-07-13T05:53:00,5,0,39,83,20.3,22,55.4
S03204,ST04,2026-07-13T05:55:00,5,0,22,77,35.3,22,96.3
S03207,ST01,2026-07-13T06:05:00,6,0,48,81,18.5,120,9.2
S03208,ST02,2026-07-13T06:23:00,6,0,33,93,35.6,50,42.7
S03209,ST04,2026-07-13T06:26:00,6,0,21,88,36.2,120,18.1
S03210,ST05,2026-07-13T06:49:00,6,0,28,74,31.5,120,15.8
S03212,ST02,2026-07-13T07:08:00,7,0,31,99,35.7,120,17.9
S03216,ST05,2026-07-13T07:25:00,7,0,15,96,44.3,22,120.8
S03211,ST01,2026-07-13T07:26:00,7,0,33,100,36.9,150,14.8
S03213,ST03,2026-07-13T07:34:00,7,0,20,98,32.4,150,13.0
S03214,ST04,2026-07-13T07:40:00,7,0,19,89,36.4,50,43.7
S03215,ST04,2026-07-13T07:54:00,7,0,46,74,20.8,50,25.0
S03236,ST05,2026-07-13T08:01:00,8,0,34,71,27.3,22,74.5
S03227,ST03,2026-07-13T08:01:00,8,0,11,70,29.7,50,35.6
S03221,ST01,2026-07-13T08:14:00,8,0,46,81,23.2,22,63.3
S03218,ST01,2026-07-13T08:16:00,8,0,45,91,33.6,50,40.3
S03225,ST03,2026-07-13T08:19:00,8,0,25,94,37.4,50,44.9
S03230,ST04,2026-07-13T08:19:00,8,0,31,82,27.1,60,27.1
S03233,ST05,2026-07-13T08:22:00,8,0,11,78,43.2,120,21.6
S03231,ST04,2026-07-13T08:27:00,8,0,49,88,28.2,150,11.3
S03229,ST04,2026-07-13T08:27:00,8,0,32,91,31.9,150,12.8
S03226,ST03,2026-07-13T08:34:00,8,0,50,73,16.9,50,20.3
S03217,ST01,2026-07-13T08:34:00,8,0,12,86,32.3,22,88.1
S03220,ST01,2026-07-13T08:35:00,8,0,35,86,32.1,120,16.1
S03232,ST04,2026-07-13T08:37:00,8,0,12,91,45.2,22,123.3
S03235,ST05,2026-07-13T08:39:00,8,0,32,100,50.3,120,25.1
S03222,ST02,2026-07-13T08:41:00,8,0,39,74,24.2,50,29.0
S03219,ST01,2026-07-13T08:43:00,8,0,31,85,23.8,60,23.8
S03223,ST02,2026-07-13T08:45:00,8,0,10,98,59.6,150,23.8
S03234,ST05,2026-07-13T08:48:00,8,0,44,94,21.7,150,8.7
S03228,ST04,2026-07-13T08:49:00,8,0,14,72,28.3,22,77.2
S03224,ST02,2026-07-13T08:51:00,8,0,16,85,31.1,22,84.8
S03255,ST05,2026-07-13T09:04:00,9,0,15,78,44.6,60,44.6
S03240,ST01,2026-07-13T09:13:00,9,0,49,83,14.7,50,17.6
S03254,ST05,2026-07-13T09:17:00,9,0,37,87,32.3,22,88.1
S03245,ST03,2026-07-13T09:18:00,9,0,20,71,25.6,60,25.6
S03249,ST04,2026-07-13T09:21:00,9,0,47,97,28.6,120,14.3
S03243,ST02,2026-07-13T09:24:00,9,0,44,90,30.1,60,30.1
S03246,ST03,2026-07-13T09:27:00,9,0,17,91,33.6,22,91.6
S03238,ST01,2026-07-13T09:29:00,9,0,34,93,30.6,150,12.2
S03239,ST01,2026-07-13T09:30:00,9,0,12,80,34.6,120,17.3
S03247,ST04,2026-07-13T09:31:00,9,0,25,70,24.1,50,28.9
S03242,ST02,2026-07-13T09:32:00,9,0,21,84,31.3,150,12.5
S03237,ST01,2026-07-13T09:34:00,9,0,15,72,27.7,22,75.5
S03253,ST05,2026-07-13T09:40:00,9,0,44,73,15.8,22,43.1
S03241,ST02,2026-07-13T09:43:00,9,0,11,99,50.8,22,138.5
S03252,ST05,2026-07-13T09:44:00,9,0,37,70,21.4,60,21.4
S03244,ST03,2026-07-13T09:44:00,9,0,43,85,19.4,120,9.7
S03251,ST04,2026-07-13T09:47:00,9,0,48,88,16.3,120,8.2
S03248,ST04,2026-07-13T09:49:00,9,0,34,71,18.7,50,22.4
S03250,ST04,2026-07-13T09:51:00,9,0,17,73,25.6,50,30.7
S03257,ST01,2026-07-13T10:07:00,10,0,11,75,27.5,50,33.0
S03260,ST02,2026-07-13T10:07:00,10,0,45,71,12.5,50,15.0
S03267,ST04,2026-07-13T10:09:00,10,0,18,97,45.7,22,124.6
S03265,ST03,2026-07-13T10:12:00,10,0,40,85,25.5,22,69.5
S03263,ST03,2026-07-13T10:17:00,10,0,47,86,15.7,50,18.8
S03261,ST02,2026-07-13T10:19:00,10,0,18,93,48.4,22,132.0
S03264,ST03,2026-07-13T10:20:00,10,0,25,97,40.9,50,49.1
S03271,ST05,2026-07-13T10:20:00,10,0,35,70,16.4,60,16.4
S03262,ST02,2026-07-13T10:23:00,10,0,13,86,49.3,22,134.5
S03259,ST01,2026-07-13T10:23:00,10,0,45,78,18.7,50,22.4
S03272,ST05,2026-07-13T10:25:00,10,0,38,89,35.3,50,42.4
S03268,ST04,2026-07-13T10:30:00,10,0,42,72,17.9,50,21.5
S03256,ST01,2026-07-13T10:32:00,10,0,25,99,53.6,50,64.3
S03266,ST04,2026-07-13T10:35:00,10,0,50,90,23.6,22,64.4
S03269,ST04,2026-07-13T10:40:00,10,0,36,96,37.1,50,44.5
S03258,ST01,2026-07-13T10:42:00,10,0,22,84,39.1,150,15.6
S03273,ST05,2026-07-13T10:47:00,10,0,18,85,41.2,150,16.5
S03270,ST04,2026-07-13T10:52:00,10,0,26,83,24.0,120,12.0
S03276,ST01,2026-07-13T11:01:00,11,0,36,72,21.5,50,25.8
S03277,ST02,2026-07-13T11:02:00,11,0,33,78,24.2,120,12.1
S03281,ST04,2026-07-13T11:08:00,11,0,40,80,17.3,120,8.7
S03284,ST05,2026-07-13T11:14:00,11,0,30,99,49.5,50,59.4
S03283,ST04,2026-07-13T11:16:00,11,0,50,78,20.4,60,20.4
S03275,ST01,2026-07-13T11:18:00,11,0,41,94,22.6,150,9.0
S03279,ST03,2026-07-13T11:19:00,11,0,40,86,26.3,150,10.5
S03282,ST04,2026-07-13T11:21:00,11,0,44,86,25.9,22,70.6
S03285,ST05,2026-07-13T11:36:00,11,0,22,81,43.7,50,52.4
S03278,ST02,2026-07-13T11:41:00,11,0,31,79,33.3,150,13.3
S03274,ST01,2026-07-13T11:41:00,11,0,50,75,12.1,150,4.8
S03280,ST04,2026-07-13T11:59:00,11,0,48,89,25.9,150,10.4
S03298,ST05,2026-07-13T12:03:00,12,0,37,90,39.4,150,15.8
S03292,ST03,2026-07-13T12:11:00,12,0,41,81,19.4,120,9.7
S03291,ST03,2026-07-13T12:13:00,12,0,48,95,29.2,60,29.2
S03294,ST04,2026-07-13T12:16:00,12,0,48,72,11.7,120,5.8
S03297,ST05,2026-07-13T12:17:00,12,0,42,88,25.2,60,25.2
S03290,ST02,2026-07-13T12:33:00,12,0,21,73,34.0,60,34.0
S03286,ST01,2026-07-13T12:33:00,12,0,36,78,20.7,120,10.3
S03289,ST02,2026-07-13T12:35:00,12,0,30,76,31.2,150,12.5
S03287,ST01,2026-07-13T12:42:00,12,0,22,94,44.2,50,53.0
S03296,ST04,2026-07-13T12:51:00,12,0,26,99,41.8,150,16.7
S03288,ST01,2026-07-13T12:51:00,12,0,28,76,30.7,60,30.7
S03295,ST04,2026-07-13T12:52:00,12,0,45,82,14.8,50,17.8
S03293,ST04,2026-07-13T12:59:00,12,0,46,84,22.3,50,26.8
S03307,ST04,2026-07-13T13:01:00,13,0,45,88,22.0,50,26.4
S03301,ST02,2026-07-13T13:04:00,13,0,27,73,27.2,60,27.2
S03300,ST01,2026-07-13T13:07:00,13,0,33,94,41.5,22,113.2
S03302,ST02,2026-07-13T13:08:00,13,0,16,99,54.8,120,27.4
S03309,ST05,2026-07-13T13:10:00,13,0,15,88,48.1,60,48.1
S03305,ST04,2026-07-13T13:14:00,13,0,49,89,24.0,60,24.0
S03299,ST01,2026-07-13T13:27:00,13,0,34,80,20.3,50,24.4
S03304,ST04,2026-07-13T13:46:00,13,0,27,79,28.6,50,34.3
S03308,ST05,2026-07-13T13:52:00,13,0,34,76,24.8,22,67.6
S03303,ST03,2026-07-13T13:57:00,13,0,46,71,10.1,60,10.1
S03306,ST04,2026-07-13T13:59:00,13,0,45,81,25.0,50,30.0
S03310,ST01,2026-07-13T14:07:00,14,0,16,77,42.4,50,50.9
S03317,ST04,2026-07-13T14:13:00,14,0,41,83,28.4,150,11.4
S03311,ST01,2026-07-13T14:15:00,14,0,39,89,22.9,50,27.5
S03322,ST05,2026-07-13T14:17:00,14,0,25,92,33.6,50,40.3
S03318,ST04,2026-07-13T14:21:00,14,0,30,70,23.0,150,9.2
S03319,ST04,2026-07-13T14:24:00,14,0,38,89,24.1,50,28.9
S03321,ST05,2026-07-13T14:25:00,14,0,23,76,27.0,120,13.5
S03313,ST02,2026-07-13T14:27:00,14,0,47,97,30.5,120,15.2
S03315,ST03,2026-07-13T14:28:00,14,0,38,74,23.7,120,11.8
S03314,ST02,2026-07-13T14:28:00,14,0,23,77,23.5,22,64.1
S03320,ST04,2026-07-13T14:45:00,14,0,14,89,52.0,120,26.0
S03316,ST03,2026-07-13T14:54:00,14,0,49,94,24.0,150,9.6
S03312,ST01,2026-07-13T14:58:00,14,0,24,78,23.6,50,28.3
S03331,ST04,2026-07-13T15:05:00,15,0,49,92,25.5,60,25.5
S03332,ST04,2026-07-13T15:05:00,15,0,43,99,27.4,50,32.9
S03328,ST03,2026-07-13T15:10:00,15,0,24,97,44.2,150,17.7
S03324,ST01,2026-07-13T15:15:00,15,0,14,84,45.5,22,124.1
S03327,ST02,2026-07-13T15:16:00,15,0,32,77,22.2,60,22.2
S03333,ST04,2026-07-13T15:18:00,15,0,19,97,43.1,50,51.7
S03334,ST05,2026-07-13T15:19:00,15,0,20,86,27.9,22,76.1
S03330,ST04,2026-07-13T15:23:00,15,0,13,94,38.9,50,46.7
S03325,ST01,2026-07-13T15:24:00,15,0,46,81,18.4,22,50.2
S03329,ST03,2026-07-13T15:38:00,15,0,43,95,24.4,22,66.5
S03335,ST05,2026-07-13T15:39:00,15,0,13,88,47.2,50,56.6
S03326,ST02,2026-07-13T15:46:00,15,0,38,99,33.5,120,16.8
S03323,ST01,2026-07-13T15:56:00,15,0,40,100,24.5,150,9.8
S03345,ST05,2026-07-13T16:10:00,16,0,50,89,25.9,22,70.6
S03342,ST04,2026-07-13T16:10:00,16,0,13,85,32.7,50,39.2
S03340,ST03,2026-07-13T16:15:00,16,0,10,80,49.0,60,49.0
S03343,ST04,2026-07-13T16:15:00,16,0,48,96,25.4,60,25.4
S03338,ST02,2026-07-13T16:17:00,16,0,21,87,29.3,120,14.7
S03346,ST05,2026-07-13T16:24:00,16,0,18,70,26.0,150,10.4
S03344,ST04,2026-07-13T16:29:00,16,0,25,84,27.2,22,74.2
S03336,ST01,2026-07-13T16:30:00,16,0,37,98,28.0,22,76.4
S03341,ST03,2026-07-13T16:32:00,16,0,11,86,43.2,22,117.8
S03339,ST02,2026-07-13T16:35:00,16,0,33,93,27.8,150,11.1
S03347,ST05,2026-07-13T16:51:00,16,0,41,91,33.2,150,13.3
S03337,ST01,2026-07-13T16:51:00,16,0,22,89,43.5,22,118.6
S03367,ST05,2026-07-13T17:01:00,17,0,38,82,22.7,150,9.1
S03357,ST03,2026-07-13T17:01:00,17,0,24,98,41.0,120,20.5
S03366,ST05,2026-07-13T17:01:00,17,0,42,76,21.1,60,21.1
S03369,ST05,2026-07-13T17:03:00,17,0,43,88,19.9,120,9.9
S03361,ST04,2026-07-13T17:03:00,17,0,32,84,37.4,120,18.7
S03364,ST04,2026-07-13T17:04:00,17,0,32,80,22.5,150,9.0
S03352,ST01,2026-07-13T17:04:00,17,0,48,81,22.9,22,62.5
S03362,ST04,2026-07-13T17:04:00,17,0,48,79,16.2,150,6.5
S03365,ST04,2026-07-13T17:10:00,17,0,10,73,28.4,150,11.4
S03354,ST02,2026-07-13T17:20:00,17,0,41,76,23.2,50,27.8
S03349,ST01,2026-07-13T17:22:00,17,0,48,88,26.1,120,13.1
S03358,ST03,2026-07-13T17:25:00,17,0,39,92,29.8,50,35.8
S03348,ST01,2026-07-13T17:25:00,17,0,43,84,30.2,150,12.1
S03353,ST02,2026-07-13T17:26:00,17,0,34,82,24.2,22,66.0
S03355,ST02,2026-07-13T17:27:00,17,0,50,94,19.9,150,8.0
S03359,ST03,2026-07-13T17:29:00,17,0,18,83,47.8,50,57.4
S03368,ST05,2026-07-13T17:29:00,17,0,32,89,29.3,60,29.3
S03351,ST01,2026-07-13T17:32:00,17,0,41,74,22.5,50,27.0
S03363,ST04,2026-07-13T17:35:00,17,0,40,71,22.5,120,11.2
S03350,ST01,2026-07-13T17:48:00,17,0,26,86,43.7,50,52.4
S03356,ST02,2026-07-13T17:50:00,17,0,18,90,48.8,120,24.4
S03360,ST04,2026-07-13T17:57:00,17,0,50,99,21.3,60,21.3
S03378,ST03,2026-07-13T18:04:00,18,0,20,97,31.8,120,15.9
S03374,ST01,2026-07-13T18:05:00,18,0,49,82,16.4,50,19.7
S03385,ST04,2026-07-13T18:14:00,18,0,11,83,41.0,60,41.0
S03382,ST04,2026-07-13T18:16:00,18,0,46,87,24.3,60,24.3
S03375,ST02,2026-07-13T18:19:00,18,0,10,100,40.2,120,20.1
S03381,ST04,2026-07-13T18:21:00,18,0,49,93,32.7,120,16.4
S03377,ST02,2026-07-13T18:27:00,18,0,45,88,21.0,50,25.2
S03370,ST01,2026-07-13T18:27:00,18,0,42,71,18.4,150,7.4
S03386,ST04,2026-07-13T18:32:00,18,0,29,85,41.5,120,20.8
S03384,ST04,2026-07-13T18:33:00,18,0,27,95,41.3,50,49.6
S03376,ST02,2026-07-13T18:36:00,18,0,22,83,41.5,50,49.8
S03387,ST05,2026-07-13T18:37:00,18,0,29,95,46.3,22,126.3
S03383,ST04,2026-07-13T18:40:00,18,0,30,86,25.4,150,10.2
S03390,ST05,2026-07-13T18:44:00,18,0,44,86,22.1,120,11.1
S03373,ST01,2026-07-13T18:46:00,18,0,50,78,12.6,50,15.1
S03371,ST01,2026-07-13T18:46:00,18,0,46,86,16.9,50,20.3
S03379,ST03,2026-07-13T18:50:00,18,0,14,77,35.5,50,42.6
S03388,ST05,2026-07-13T18:52:00,18,0,19,87,32.5,50,39.0
S03389,ST05,2026-07-13T18:56:00,18,0,25,84,42.3,22,115.4
S03380,ST03,2026-07-13T18:59:00,18,0,41,73,13.7,120,6.8
S03372,ST01,2026-07-13T18:59:00,18,0,34,80,29.0,120,14.5
S03411,ST05,2026-07-13T19:02:00,19,0,35,97,32.1,50,38.5
S03401,ST03,2026-07-13T19:03:00,19,0,10,85,34.7,50,41.6
S03408,ST04,2026-07-13T19:04:00,19,0,49,79,13.5,120,6.8
S03403,ST04,2026-07-13T19:05:00,19,0,12,75,44.9,60,44.9
S03404,ST04,2026-07-13T19:06:00,19,0,12,88,32.6,22,88.9
S03410,ST05,2026-07-13T19:06:00,19,0,41,89,23.0,60,23.0
S03399,ST02,2026-07-13T19:06:00,19,0,15,72,38.7,22,105.5
S03398,ST02,2026-07-13T19:10:00,19,0,48,80,19.4,22,52.9
S03409,ST05,2026-07-13T19:16:00,19,0,20,90,47.0,150,18.8
S03407,ST04,2026-07-13T19:17:00,19,0,47,79,19.7,150,7.9
S03402,ST03,2026-07-13T19:18:00,19,0,33,91,37.1,60,37.1
S03397,ST02,2026-07-13T19:18:00,19,0,25,89,43.6,60,43.6
S03395,ST01,2026-07-13T19:19:00,19,0,25,85,42.5,120,21.2
S03391,ST01,2026-07-13T19:21:00,19,0,29,72,20.8,150,8.3
S03396,ST02,2026-07-13T19:25:00,19,0,47,76,15.7,50,18.8
S03400,ST03,2026-07-13T19:27:00,19,0,41,98,24.6,50,29.5
S03393,ST01,2026-07-13T19:27:00,19,0,35,96,33.6,120,16.8
S03392,ST01,2026-07-13T19:30:00,19,0,14,94,40.8,22,111.3
S03394,ST01,2026-07-13T19:30:00,19,0,11,80,50.2,22,136.9
S03405,ST04,2026-07-13T19:39:00,19,0,10,96,62.2,50,74.6
S03412,ST05,2026-07-13T19:44:00,19,0,40,95,30.7,150,12.3
S03406,ST04,2026-07-13T19:57:00,19,0,35,96,45.6,22,124.4
S03432,ST05,2026-07-13T20:00:00,20,0,16,85,46.2,150,18.5
S03416,ST01,2026-07-13T20:03:00,20,0,47,98,22.5,22,61.4
S03428,ST04,2026-07-13T20:09:00,20,0,12,98,38.6,150,15.4
S03433,ST05,2026-07-13T20:12:00,20,0,23,74,26.3,150,10.5
S03427,ST04,2026-07-13T20:16:00,20,0,36,72,20.5,60,20.5
S03434,ST05,2026-07-13T20:17:00,20,0,43,82,27.7,150,11.1
S03422,ST03,2026-07-13T20:22:00,20,0,14,71,23.4,60,23.4
S03423,ST03,2026-07-13T20:24:00,20,0,21,96,43.1,120,21.6
S03419,ST02,2026-07-13T20:27:00,20,0,36,73,26.8,150,10.7
S03417,ST01,2026-07-13T20:28:00,20,0,18,74,36.6,60,36.6
S03415,ST01,2026-07-13T20:29:00,20,0,19,92,33.2,22,90.5
S03429,ST04,2026-07-13T20:38:00,20,0,41,100,29.3,50,35.2
S03413,ST01,2026-07-13T20:41:00,20,0,35,83,32.8,50,39.4
S03418,ST02,2026-07-13T20:44:00,20,0,30,88,28.1,120,14.1
S03425,ST04,2026-07-13T20:45:00,20,0,37,91,27.5,150,11.0
S03431,ST05,2026-07-13T20:45:00,20,0,31,95,39.4,60,39.4
S03430,ST04,2026-07-13T20:46:00,20,0,21,83,25.6,22,69.8
S03420,ST02,2026-07-13T20:46:00,20,0,47,79,23.3,50,28.0
S03414,ST01,2026-07-13T20:50:00,20,0,29,91,31.9,50,38.3
S03424,ST03,2026-07-13T20:50:00,20,0,30,84,24.1,60,24.1
S03426,ST04,2026-07-13T20:55:00,20,0,21,70,34.5,50,41.4
S03421,ST02,2026-07-13T20:57:00,20,0,40,90,20.6,50,24.7
S03437,ST04,2026-07-13T21:26:00,21,0,47,90,31.7,22,86.5
S03435,ST01,2026-07-13T21:39:00,21,0,22,83,40.8,22,111.3
S03436,ST02,2026-07-13T21:46:00,21,0,47,87,20.1,120,10.1
S03438,ST05,2026-07-13T21:56:00,21,0,36,99,35.4,150,14.2
S03442,ST05,2026-07-13T22:00:00,22,0,37,71,25.0,60,25.0
S03441,ST04,2026-07-13T22:33:00,22,0,24,71,22.4,120,11.2
S03440,ST02,2026-07-13T22:57:00,22,0,12,96,40.3,150,16.1
S03439,ST01,2026-07-13T22:59:00,22,0,30,96,40.0,120,20.0
S03446,ST04,2026-07-13T23:07:00,23,0,25,99,55.2,150,22.1
S03447,ST05,2026-07-13T23:11:00,23,0,44,90,21.6,120,10.8
S03445,ST03,2026-07-13T23:31:00,23,0,47,76,17.0,150,6.8
S03444,ST02,2026-07-13T23:46:00,23,0,50,95,22.8,150,9.1
S03443,ST01,2026-07-13T23:57:00,23,0,44,100,30.6,150,12.2
S03449,ST03,2026-07-14T00:16:00,0,1,20,91,35.7,60,35.7
S03448,ST01,2026-07-14T00:41:00,0,1,25,100,42.6,22,116.2
S03450,ST04,2026-07-14T00:57:00,0,1,37,76,25.6,60,25.6
S03451,ST05,2026-07-14T00:59:00,0,1,28,79,38.2,150,15.3
S03452,ST01,2026-07-14T01:04:00,1,1,19,97,34.5,22,94.1
S03453,ST02,2026-07-14T01:04:00,1,1,27,100,33.8,120,16.9
S03456,ST04,2026-07-14T01:11:00,1,1,34,95,28.4,60,28.4
S03455,ST04,2026-07-14T01:17:00,1,1,15,81,44.6,60,44.6
S03454,ST03,2026-07-14T01:32:00,1,1,44,84,23.2,120,11.6
S03457,ST05,2026-07-14T01:58:00,1,1,49,95,34.0,22,92.7
S03462,ST05,2026-07-14T02:04:00,2,1,24,96,45.4,120,22.7
S03458,ST01,2026-07-14T02:10:00,2,1,19,80,27.8,150,11.1
S03461,ST04,2026-07-14T02:12:00,2,1,49,90,23.3,150,9.3
S03459,ST01,2026-07-14T02:12:00,2,1,40,99,39.2,60,39.2
S03460,ST03,2026-07-14T02:50:00,2,1,37,73,24.6,120,12.3
S03464,ST02,2026-07-14T03:02:00,3,1,38,76,15.2,60,15.2
S03465,ST04,2026-07-14T03:23:00,3,1,31,83,34.4,22,93.8
S03463,ST01,2026-07-14T03:29:00,3,1,34,80,28.7,50,34.4
S03466,ST05,2026-07-14T03:55:00,3,1,39,72,14.7,22,40.1
S03468,ST02,2026-07-14T04:35:00,4,1,31,73,26.0,22,70.9
S03467,ST01,2026-07-14T04:35:00,4,1,17,88,31.8,120,15.9
S03469,ST03,2026-07-14T04:40:00,4,1,30,77,23.9,120,11.9
S03471,ST05,2026-07-14T04:52:00,4,1,34,74,19.9,120,9.9
S03470,ST04,2026-07-14T04:54:00,4,1,16,71,40.1,50,48.1
S03475,ST05,2026-07-14T05:16:00,5,1,31,80,34.8,50,41.8
S03473,ST01,2026-07-14T05:26:00,5,1,11,70,43.9,60,43.9
S03474,ST04,2026-07-14T05:33:00,5,1,48,89,28.6,60,28.6
S03472,ST01,2026-07-14T05:33:00,5,1,33,72,22.4,60,22.4
S03480,ST05,2026-07-14T06:21:00,6,1,27,93,27.6,22,75.3
S03479,ST04,2026-07-14T06:25:00,6,1,12,79,48.3,120,24.1
S03477,ST02,2026-07-14T06:35:00,6,1,44,99,38.5,150,15.4
S03476,ST01,2026-07-14T06:37:00,6,1,15,77,25.9,60,25.9
S03478,ST03,2026-07-14T06:55:00,6,1,44,79,25.1,60,25.1
S03482,ST02,2026-07-14T07:23:00,7,1,35,87,22.7,50,27.2
S03483,ST03,2026-07-14T07:35:00,7,1,25,72,24.3,50,29.2
S03484,ST04,2026-07-14T07:36:00,7,1,16,90,50.6,120,25.3
S03481,ST01,2026-07-14T07:37:00,7,1,10,73,44.9,22,122.5
S03485,ST05,2026-07-14T07:45:00,7,1,18,75,37.5,150,15.0
S03497,ST04,2026-07-14T08:07:00,8,1,46,70,15.1,22,41.2
S03502,ST05,2026-07-14T08:09:00,8,1,23,82,30.9,50,37.1
S03504,ST05,2026-07-14T08:16:00,8,1,10,83,41.0,22,111.8
S03490,ST02,2026-07-14T08:26:00,8,1,47,79,15.8,150,6.3
S03486,ST01,2026-07-14T08:26:00,8,1,10,91,47.2,60,47.2
S03488,ST01,2026-07-14T08:27:00,8,1,23,89,41.8,50,50.2
S03499,ST04,2026-07-14T08:28:00,8,1,19,74,35.9,22,97.9
S03503,ST05,2026-07-14T08:31:00,8,1,41,100,29.3,22,79.9
S03492,ST02,2026-07-14T08:31:00,8,1,10,73,34.1,50,40.9
S03487,ST01,2026-07-14T08:36:00,8,1,22,85,37.3,22,101.7
S03494,ST03,2026-07-14T08:37:00,8,1,17,100,52.7,50,63.2
S03501,ST04,2026-07-14T08:42:00,8,1,43,91,23.8,50,28.6
S03495,ST03,2026-07-14T08:45:00,8,1,12,77,48.7,22,132.8
S03496,ST03,2026-07-14T08:46:00,8,1,14,91,41.4,50,49.7
S03493,ST02,2026-07-14T08:47:00,8,1,26,92,29.4,50,35.3
S03505,ST05,2026-07-14T08:50:00,8,1,13,93,44.8,60,44.8
S03489,ST01,2026-07-14T08:52:00,8,1,43,79,18.7,120,9.3
S03498,ST04,2026-07-14T08:53:00,8,1,10,83,31.9,50,38.3
S03491,ST02,2026-07-14T08:54:00,8,1,17,92,41.0,150,16.4
S03500,ST04,2026-07-14T08:55:00,8,1,33,80,34.9,120,17.4
S03519,ST04,2026-07-14T09:00:00,9,1,19,100,33.0,150,13.2
S03511,ST02,2026-07-14T09:01:00,9,1,25,90,37.1,50,44.5
S03515,ST03,2026-07-14T09:01:00,9,1,14,88,54.4,22,148.4
S03508,ST01,2026-07-14T09:04:00,9,1,47,84,19.3,50,23.2
S03506,ST01,2026-07-14T09:07:00,9,1,28,74,23.0,50,27.6
S03510,ST02,2026-07-14T09:17:00,9,1,20,85,31.0,50,37.2
S03513,ST02,2026-07-14T09:17:00,9,1,33,86,25.9,22,70.6
S03516,ST04,2026-07-14T09:18:00,9,1,26,95,33.5,150,13.4
S03520,ST04,2026-07-14T09:26:00,9,1,46,80,13.6,50,16.3
S03507,ST01,2026-07-14T09:27:00,9,1,10,85,50.6,150,20.2
S03509,ST01,2026-07-14T09:28:00,9,1,22,92,49.2,120,24.6
S03512,ST02,2026-07-14T09:35:00,9,1,42,90,34.9,22,95.2
S03523,ST05,2026-07-14T09:42:00,9,1,48,88,23.9,22,65.2
S03514,ST03,2026-07-14T09:42:00,9,1,43,95,26.4,120,13.2
S03522,ST05,2026-07-14T09:44:00,9,1,27,88,28.7,120,14.3
S03521,ST05,2026-07-14T09:46:00,9,1,29,93,42.7,60,42.7
S03517,ST04,2026-07-14T09:54:00,9,1,49,88,26.5,150,10.6
S03518,ST04,2026-07-14T09:58:00,9,1,21,90,39.6,150,15.8
S03527,ST01,2026-07-14T10:01:00,10,1,14,73,35.3,50,42.4
S03541,ST05,2026-07-14T10:01:00,10,1,27,76,22.6,50,27.1
S03535,ST04,2026-07-14T10:02:00,10,1,40,92,25.8,50,31.0
S03531,ST03,2026-07-14T10:02:00,10,1,26,70,31.7,120,15.8
S03534,ST04,2026-07-14T10:05:00,10,1,26,95,42.0,50,50.4
S03532,ST03,2026-07-14T10:07:00,10,1,27,90,38.2,120,19.1
S03530,ST02,2026-07-14T10:28:00,10,1,18,77,38.8,50,46.6
S03538,ST04,2026-07-14T10:32:00,10,1,47,77,21.7,60,21.7
S03526,ST01,2026-07-14T10:34:00,10,1,31,85,25.9,150,10.4
S03540,ST05,2026-07-14T10:35:00,10,1,20,70,32.9,150,13.2
S03524,ST01,2026-07-14T10:39:00,10,1,22,98,36.9,22,100.6
S03536,ST04,2026-07-14T10:42:00,10,1,10,99,61.8,50,74.2
S03539,ST05,2026-07-14T10:44:00,10,1,32,99,35.2,120,17.6
S03529,ST02,2026-07-14T10:47:00,10,1,14,73,37.7,150,15.1
S03537,ST04,2026-07-14T10:50:00,10,1,36,98,32.0,22,87.3
S03525,ST01,2026-07-14T10:54:00,10,1,31,81,28.2,50,33.8
S03528,ST02,2026-07-14T10:55:00,10,1,12,76,36.1,150,14.4
S03533,ST03,2026-07-14T10:57:00,10,1,23,72,25.4,50,30.5
S03542,ST01,2026-07-14T11:02:00,11,1,21,76,37.9,50,45.5
S03543,ST01,2026-07-14T11:08:00,11,1,28,84,23.6,120,11.8
S03544,ST02,2026-07-14T11:08:00,11,1,12,73,39.9,50,47.9
S03549,ST04,2026-07-14T11:13:00,11,1,14,74,32.7,120,16.4
S03550,ST04,2026-07-14T11:14:00,11,1,20,78,37.7,150,15.1
S03552,ST05,2026-07-14T11:21:00,11,1,38,75,25.5,150,10.2
S03545,ST02,2026-07-14T11:23:00,11,1,50,94,31.2,60,31.2
S03546,ST03,2026-07-14T11:27:00,11,1,19,92,30.8,50,37.0
S03547,ST03,2026-07-14T11:30:00,11,1,34,70,16.6,22,45.3
S03551,ST05,2026-07-14T11:33:00,11,1,47,98,37.6,150,15.0
S03553,ST05,2026-07-14T11:34:00,11,1,46,76,22.0,120,11.0
S03548,ST04,2026-07-14T11:43:00,11,1,36,73,15.9,50,19.1
S03564,ST05,2026-07-14T12:02:00,12,1,37,85,33.5,50,40.2
S03563,ST04,2026-07-14T12:05:00,12,1,26,78,26.8,50,32.2
S03558,ST03,2026-07-14T12:07:00,12,1,45,85,21.5,150,8.6
S03565,ST05,2026-07-14T12:08:00,12,1,24,92,42.3,150,16.9
S03566,ST05,2026-07-14T12:09:00,12,1,49,84,14.9,150,6.0
S03555,ST01,2026-07-14T12:13:00,12,1,11,76,35.2,120,17.6
S03556,ST02,2026-07-14T12:29:00,12,1,15,97,49.5,50,59.4
S03562,ST04,2026-07-14T12:34:00,12,1,45,72,14.0,150,5.6
S03559,ST03,2026-07-14T12:45:00,12,1,18,71,30.8,150,12.3
S03560,ST04,2026-07-14T12:51:00,12,1,18,77,42.4,150,17.0
S03554,ST01,2026-07-14T12:53:00,12,1,38,78,20.4,150,8.2
S03561,ST04,2026-07-14T12:54:00,12,1,48,87,27.7,50,33.2
S03557,ST02,2026-07-14T12:57:00,12,1,13,77,42.1,150,16.8
S03573,ST04,2026-07-14T13:01:00,13,1,19,81,31.6,22,86.2
S03575,ST05,2026-07-14T13:05:00,13,1,44,96,23.5,150,9.4
S03570,ST02,2026-07-14T13:05:00,13,1,30,75,29.9,150,12.0
S03576,ST05,2026-07-14T13:34:00,13,1,40,79,22.3,22,60.8
S03571,ST03,2026-07-14T13:44:00,13,1,22,85,46.2,22,126.0
S03567,ST01,2026-07-14T13:48:00,13,1,30,84,24.7,60,24.7
S03569,ST02,2026-07-14T13:49:00,13,1,11,97,58.8,22,160.4
S03574,ST04,2026-07-14T13:50:00,13,1,42,90,24.1,60,24.1
S03568,ST01,2026-07-14T13:54:00,13,1,31,70,16.1,22,43.9
S03572,ST04,2026-07-14T13:57:00,13,1,44,90,24.4,150,9.8
S03579,ST02,2026-07-14T14:02:00,14,1,48,71,9.2,60,9.2
S03585,ST05,2026-07-14T14:02:00,14,1,45,92,19.4,120,9.7
S03586,ST05,2026-07-14T14:03:00,14,1,36,76,19.4,150,7.8
S03582,ST04,2026-07-14T14:07:00,14,1,25,83,26.2,60,26.2
S03578,ST01,2026-07-14T14:20:00,14,1,34,85,21.1,120,10.6
S03584,ST04,2026-07-14T14:23:00,14,1,29,96,30.8,150,12.3
S03583,ST04,2026-07-14T14:32:00,14,1,24,80,29.6,22,80.7
S03581,ST03,2026-07-14T14:46:00,14,1,43,78,20.5,120,10.2
S03577,ST01,2026-07-14T14:52:00,14,1,28,86,35.8,22,97.6
S03580,ST02,2026-07-14T14:56:00,14,1,25,82,29.7,60,29.7
S03596,ST05,2026-07-14T15:09:00,15,1,35,89,34.4,50,41.3
S03589,ST01,2026-07-14T15:11:00,15,1,18,72,22.7,22,61.9
S03594,ST04,2026-07-14T15:12:00,15,1,34,92,38.7,150,15.5
S03598,ST05,2026-07-14T15:26:00,15,1,29,75,18.7,120,9.3
S03593,ST04,2026-07-14T15:30:00,15,1,41,98,41.4,150,16.6
S03597,ST05,2026-07-14T15:33:00,15,1,46,90,27.9,60,27.9
S03587,ST01,2026-07-14T15:35:00,15,1,39,89,26.2,22,71.5
S03595,ST04,2026-07-14T15:41:00,15,1,14,82,33.6,50,40.3
S03592,ST03,2026-07-14T15:46:00,15,1,26,100,51.8,50,62.2
S03588,ST01,2026-07-14T15:49:00,15,1,49,94,28.0,150,11.2
S03590,ST02,2026-07-14T15:55:00,15,1,35,78,29.8,22,81.3
S03591,ST02,2026-07-14T15:56:00,15,1,45,99,31.6,22,86.2
S03601,ST01,2026-07-14T16:05:00,16,1,39,97,24.0,120,12.0
S03599,ST01,2026-07-14T16:08:00,16,1,33,93,39.2,150,15.7
S03604,ST03,2026-07-14T16:14:00,16,1,33,80,27.7,50,33.2
S03610,ST05,2026-07-14T16:17:00,16,1,31,93,45.9,120,22.9
S03605,ST03,2026-07-14T16:18:00,16,1,22,100,54.8,22,149.5
S03609,ST04,2026-07-14T16:23:00,16,1,25,87,39.9,150,16.0
S03600,ST01,2026-07-14T16:27:00,16,1,23,73,25.4,60,25.4
S03606,ST04,2026-07-14T16:30:00,16,1,34,79,24.5,60,24.5
S03608,ST04,2026-07-14T16:32:00,16,1,11,94,39.8,22,108.5
S03611,ST05,2026-07-14T16:39:00,16,1,13,91,50.0,22,136.4
S03602,ST02,2026-07-14T16:40:00,16,1,34,75,21.5,60,21.5
S03603,ST02,2026-07-14T16:48:00,16,1,28,97,48.7,50,58.4
S03607,ST04,2026-07-14T16:55:00,16,1,28,86,34.9,150,14.0
S03616,ST01,2026-07-14T17:05:00,17,1,16,92,46.4,150,18.6
S03621,ST03,2026-07-14T17:05:00,17,1,49,94,26.0,60,26.0
S03624,ST04,2026-07-14T17:11:00,17,1,23,96,29.9,22,81.5
S03614,ST01,2026-07-14T17:12:00,17,1,43,78,21.2,22,57.8
S03620,ST02,2026-07-14T17:14:00,17,1,12,98,46.6,22,127.1
S03627,ST04,2026-07-14T17:15:00,17,1,34,80,26.0,120,13.0
S03618,ST02,2026-07-14T17:15:00,17,1,47,72,15.5,50,18.6
S03628,ST04,2026-07-14T17:16:00,17,1,28,96,50.5,22,137.7
S03633,ST05,2026-07-14T17:18:00,17,1,16,87,35.7,50,42.8
S03622,ST03,2026-07-14T17:24:00,17,1,16,84,50.1,120,25.1
S03630,ST05,2026-07-14T17:25:00,17,1,33,89,37.9,50,45.5
S03615,ST01,2026-07-14T17:25:00,17,1,24,95,31.9,22,87.0
S03619,ST02,2026-07-14T17:31:00,17,1,23,74,27.6,60,27.6
S03626,ST04,2026-07-14T17:35:00,17,1,18,96,47.5,22,129.5
S03625,ST04,2026-07-14T17:37:00,17,1,16,80,43.0,22,117.3
S03612,ST01,2026-07-14T17:40:00,17,1,13,97,42.2,50,50.6
S03629,ST04,2026-07-14T17:46:00,17,1,36,99,25.3,150,10.1
S03623,ST03,2026-07-14T17:49:00,17,1,45,93,33.7,22,91.9
S03632,ST05,2026-07-14T17:51:00,17,1,17,97,46.7,150,18.7
S03631,ST05,2026-07-14T17:56:00,17,1,13,72,30.0,22,81.8
S03617,ST02,2026-07-14T17:56:00,17,1,17,87,29.2,50,35.0
S03613,ST01,2026-07-14T17:58:00,17,1,23,76,39.2,60,39.2
S03643,ST03,2026-07-14T18:02:00,18,1,22,97,56.0,150,22.4
S03648,ST04,2026-07-14T18:03:00,18,1,37,86,29.0,120,14.5
S03646,ST04,2026-07-14T18:04:00,18,1,30,100,46.3,22,126.3
S03638,ST01,2026-07-14T18:04:00,18,1,15,78,45.8,60,45.8
S03642,ST03,2026-07-14T18:06:00,18,1,17,93,33.8,22,92.2
S03652,ST05,2026-07-14T18:07:00,18,1,25,79,38.5,22,105.0
S03647,ST04,2026-07-14T18:11:00,18,1,23,78,39.3,60,39.3
S03636,ST01,2026-07-14T18:13:00,18,1,48,89,23.7,22,64.6
S03637,ST01,2026-07-14T18:15:00,18,1,38,78,20.7,120,10.3
S03654,ST05,2026-07-14T18:19:00,18,1,25,85,42.1,150,16.8
S03650,ST04,2026-07-14T18:27:00,18,1,45,90,32.2,150,12.9
S03634,ST01,2026-07-14T18:30:00,18,1,31,96,26.6,50,31.9
S03641,ST02,2026-07-14T18:31:00,18,1,35,83,26.5,22,72.3
S03651,ST05,2026-07-14T18:33:00,18,1,26,79,35.1,22,95.7
S03639,ST02,2026-07-14T18:34:00,18,1,36,100,42.3,60,42.3
S03649,ST04,2026-07-14T18:36:00,18,1,16,85,42.7,120,21.4
S03640,ST02,2026-07-14T18:40:00,18,1,11,94,56.2,50,67.4
S03635,ST01,2026-07-14T18:48:00,18,1,36,76,18.4,50,22.1
S03653,ST05,2026-07-14T18:50:00,18,1,43,84,27.6,60,27.6
S03645,ST04,2026-07-14T18:55:00,18,1,11,82,32.2,120,16.1
S03644,ST03,2026-07-14T18:56:00,18,1,23,81,31.1,150,12.4
S03660,ST02,2026-07-14T19:01:00,19,1,38,78,24.2,50,29.0
S03664,ST03,2026-07-14T19:05:00,19,1,43,79,16.2,60,16.2
S03657,ST01,2026-07-14T19:06:00,19,1,33,84,32.7,22,89.2
S03673,ST05,2026-07-14T19:11:00,19,1,23,79,33.4,50,40.1
S03668,ST04,2026-07-14T19:11:00,19,1,22,73,23.7,50,28.4
S03669,ST04,2026-07-14T19:18:00,19,1,19,94,55.4,120,27.7
S03661,ST02,2026-07-14T19:25:00,19,1,48,92,26.4,120,13.2
S03672,ST05,2026-07-14T19:29:00,19,1,36,98,25.5,120,12.8
S03655,ST01,2026-07-14T19:33:00,19,1,18,83,27.0,50,32.4
S03674,ST05,2026-07-14T19:33:00,19,1,48,77,14.9,150,6.0
S03666,ST04,2026-07-14T19:36:00,19,1,16,79,25.7,150,10.3
S03670,ST04,2026-07-14T19:36:00,19,1,45,100,40.0,120,20.0
S03659,ST01,2026-07-14T19:37:00,19,1,14,95,40.6,150,16.2
S03665,ST03,2026-07-14T19:37:00,19,1,34,90,41.1,50,49.3
S03658,ST01,2026-07-14T19:38:00,19,1,13,86,38.6,150,15.4
S03671,ST04,2026-07-14T19:39:00,19,1,11,87,43.0,120,21.5
S03656,ST01,2026-07-14T19:41:00,19,1,33,89,36.6,22,99.8
S03663,ST03,2026-07-14T19:41:00,19,1,48,94,28.1,120,14.1
S03662,ST02,2026-07-14T19:49:00,19,1,49,88,26.6,60,26.6
S03667,ST04,2026-07-14T19:56:00,19,1,29,88,36.4,50,43.7
S03675,ST05,2026-07-14T19:58:00,19,1,33,90,27.7,150,11.1
S03696,ST05,2026-07-14T20:03:00,20,1,39,83,29.5,150,11.8
S03691,ST04,2026-07-14T20:04:00,20,1,13,73,41.5,120,20.8
S03697,ST05,2026-07-14T20:12:00,20,1,47,100,29.4,120,14.7
S03686,ST03,2026-07-14T20:16:00,20,1,22,94,35.5,150,14.2
S03695,ST05,2026-07-14T20:18:00,20,1,50,89,16.6,60,16.6
S03685,ST03,2026-07-14T20:20:00,20,1,46,80,25.3,22,69.0
S03693,ST05,2026-07-14T20:21:00,20,1,11,71,43.9,120,21.9
S03690,ST04,2026-07-14T20:27:00,20,1,48,82,24.4,120,12.2
S03692,ST04,2026-07-14T20:32:00,20,1,22,72,21.4,50,25.7
S03694,ST05,2026-07-14T20:33:00,20,1,13,89,47.6,22,129.8
S03682,ST02,2026-07-14T20:36:00,20,1,34,81,25.5,22,69.5
S03687,ST04,2026-07-14T20:37:00,20,1,29,97,39.3,22,107.2
S03679,ST01,2026-07-14T20:39:00,20,1,37,80,17.7,50,21.2
S03681,ST02,2026-07-14T20:42:00,20,1,27,72,30.3,120,15.2
S03689,ST04,2026-07-14T20:48:00,20,1,24,70,18.5,150,7.4
S03680,ST02,2026-07-14T20:48:00,20,1,32,87,35.0,120,17.5
S03677,ST01,2026-07-14T20:52:00,20,1,10,98,45.8,120,22.9
S03684,ST03,2026-07-14T20:53:00,20,1,19,94,35.0,150,14.0
S03688,ST04,2026-07-14T20:54:00,20,1,11,96,62.5,120,31.3
S03678,ST01,2026-07-14T20:56:00,20,1,17,74,40.8,150,16.3
S03676,ST01,2026-07-14T20:57:00,20,1,45,94,19.9,60,19.9
S03683,ST02,2026-07-14T20:59:00,20,1,23,70,28.0,120,14.0
S03698,ST01,2026-07-14T21:03:00,21,1,33,77,27.4,60,27.4
S03702,ST05,2026-07-14T21:05:00,21,1,41,93,32.2,120,16.1
S03700,ST04,2026-07-14T21:28:00,21,1,18,93,40.6,120,20.3
S03699,ST03,2026-07-14T21:28:00,21,1,48,79,16.6,22,45.3
S03701,ST04,2026-07-14T21:42:00,21,1,18,89,31.8,22,86.7
S03704,ST03,2026-07-14T22:01:00,22,1,35,99,37.3,150,14.9
S03705,ST04,2026-07-14T22:12:00,22,1,22,76,30.2,22,82.4
S03703,ST01,2026-07-14T22:59:00,22,1,13,75,37.1,150,14.8
S03706,ST05,2026-07-14T22:59:00,22,1,30,81,33.2,50,39.8
S03708,ST02,2026-07-14T23:13:00,23,1,20,91,30.9,150,12.4
S03709,ST04,2026-07-14T23:14:00,23,1,37,77,27.6,60,27.6
S03710,ST05,2026-07-14T23:31:00,23,1,44,88,32.6,120,16.3
S03707,ST01,2026-07-14T23:58:00,23,1,35,73,21.4,22,58.4
S03711,ST01,2026-07-15T00:13:00,0,2,38,72,24.2,150,9.7
S03715,ST05,2026-07-15T00:13:00,0,2,26,96,30.5,120,15.2
S03712,ST02,2026-07-15T00:16:00,0,2,47,71,15.7,50,18.8
S03713,ST03,2026-07-15T00:20:00,0,2,13,74,42.8,60,42.8
S03714,ST04,2026-07-15T00:52:00,0,2,16,83,33.3,22,90.8
S03719,ST04,2026-07-15T01:06:00,1,2,50,76,12.8,120,6.4
S03717,ST02,2026-07-15T01:10:00,1,2,21,72,20.7,50,24.8
S03720,ST04,2026-07-15T01:10:00,1,2,46,87,21.3,120,10.7
S03721,ST05,2026-07-15T01:43:00,1,2,48,84,17.3,120,8.7
S03718,ST03,2026-07-15T01:56:00,1,2,41,98,39.2,150,15.7
S03716,ST01,2026-07-15T01:59:00,1,2,19,98,44.4,120,22.2
S03722,ST01,2026-07-15T02:14:00,2,2,44,77,23.3,150,9.3
S03723,ST03,2026-07-15T02:20:00,2,2,36,70,17.6,150,7.0
S03725,ST04,2026-07-15T02:34:00,2,2,50,83,17.9,22,48.8
S03726,ST05,2026-07-15T02:44:00,2,2,13,82,48.4,120,24.2
S03724,ST04,2026-07-15T02:47:00,2,2,11,85,49.9,150,20.0
S03728,ST02,2026-07-15T03:00:00,3,2,34,87,23.9,50,28.7
S03729,ST04,2026-07-15T03:20:00,3,2,20,72,38.9,60,38.9
S03727,ST01,2026-07-15T03:25:00,3,2,43,94,34.8,22,94.9
S03732,ST05,2026-07-15T04:25:00,4,2,39,94,33.4,22,91.1
S03730,ST01,2026-07-15T04:28:00,4,2,16,91,37.0,150,14.8
S03731,ST04,2026-07-15T04:59:00,4,2,21,72,37.9,50,45.5
S03733,ST01,2026-07-15T05:34:00,5,2,27,77,27.5,150,11.0
S03737,ST05,2026-07-15T05:38:00,5,2,26,86,44.4,50,53.3
S03736,ST04,2026-07-15T05:44:00,5,2,24,91,46.5,120,23.2
S03734,ST02,2026-07-15T05:50:00,5,2,44,97,21.5,50,25.8
S03735,ST04,2026-07-15T05:54:00,5,2,31,95,26.4,150,10.6
S03739,ST02,2026-07-15T06:04:00,6,2,15,79,33.4,150,13.4
S03741,ST04,2026-07-15T06:11:00,6,2,25,98,43.1,120,21.6
S03742,ST05,2026-07-15T06:12:00,6,2,44,94,37.0,50,44.4
S03738,ST01,2026-07-15T06:38:00,6,2,31,97,43.4,150,17.4
S03740,ST03,2026-07-15T06:51:00,6,2,12,92,50.3,22,137.2
S03744,ST02,2026-07-15T07:04:00,7,2,50,91,30.4,120,15.2
S03747,ST05,2026-07-15T07:08:00,7,2,30,86,33.7,120,16.9
S03746,ST04,2026-07-15T07:27:00,7,2,42,85,28.0,50,33.6
S03745,ST03,2026-07-15T07:31:00,7,2,34,87,24.0,150,9.6
S03743,ST01,2026-07-15T07:39:00,7,2,38,78,21.3,22,58.1
S03766,ST05,2026-07-15T08:01:00,8,2,41,86,22.1,120,11.1
S03748,ST01,2026-07-15T08:02:00,8,2,44,80,23.0,22,62.7
S03765,ST05,2026-07-15T08:06:00,8,2,45,92,25.2,60,25.2
S03763,ST04,2026-07-15T08:10:00,8,2,35,100,39.4,50,47.3
S03760,ST04,2026-07-15T08:10:00,8,2,26,72,29.4,60,29.4
S03754,ST02,2026-07-15T08:11:00,8,2,31,97,35.1,60,35.1
S03761,ST04,2026-07-15T08:11:00,8,2,44,94,25.9,120,12.9
S03762,ST04,2026-07-15T08:11:00,8,2,31,82,23.4,150,9.4
S03755,ST02,2026-07-15T08:11:00,8,2,43,82,21.9,120,10.9
S03756,ST03,2026-07-15T08:22:00,8,2,49,79,13.9,50,16.7
S03750,ST01,2026-07-15T08:23:00,8,2,13,92,39.0,22,106.4
S03749,ST01,2026-07-15T08:25:00,8,2,21,91,43.3,50,52.0
S03759,ST04,2026-07-15T08:34:00,8,2,46,99,23.1,120,11.6
S03764,ST05,2026-07-15T08:38:00,8,2,33,73,19.1,150,7.6
S03757,ST03,2026-07-15T08:40:00,8,2,18,91,42.8,150,17.1
S03751,ST01,2026-07-15T08:42:00,8,2,33,94,45.6,120,22.8
S03753,ST02,2026-07-15T08:43:00,8,2,17,75,28.9,150,11.6
S03752,ST01,2026-07-15T08:46:00,8,2,49,80,19.8,150,7.9
S03758,ST04,2026-07-15T08:50:00,8,2,35,96,42.9,50,51.5
S03767,ST05,2026-07-15T08:54:00,8,2,45,80,14.2,60,14.2
S03775,ST02,2026-07-15T09:06:00,9,2,30,96,34.0,22,92.7
S03776,ST03,2026-07-15T09:11:00,9,2,33,89,39.8,120,19.9
S03769,ST01,2026-07-15T09:12:00,9,2,29,90,37.7,150,15.1
S03772,ST01,2026-07-15T09:12:00,9,2,43,96,34.3,150,13.7
S03780,ST04,2026-07-15T09:18:00,9,2,15,71,37.6,50,45.1
S03778,ST04,2026-07-15T09:20:00,9,2,12,70,42.7,60,42.7
S03784,ST05,2026-07-15T09:23:00,9,2,18,77,41.0,150,16.4
S03774,ST02,2026-07-15T09:25:00,9,2,29,72,22.1,120,11.1
S03781,ST04,2026-07-15T09:29:00,9,2,34,89,32.2,22,87.8
S03777,ST03,2026-07-15T09:30:00,9,2,43,73,14.5,120,7.2
S03785,ST05,2026-07-15T09:35:00,9,2,32,82,22.8,50,27.4
S03782,ST04,2026-07-15T09:44:00,9,2,47,86,22.1,22,60.3
S03768,ST01,2026-07-15T09:49:00,9,2,28,96,33.4,22,91.1
S03773,ST02,2026-07-15T09:50:00,9,2,12,72,41.6,50,49.9
S03770,ST01,2026-07-15T09:52:00,9,2,46,72,18.8,22,51.3
S03783,ST05,2026-07-15T09:53:00,9,2,18,94,43.1,60,43.1
S03779,ST04,2026-07-15T09:54:00,9,2,19,92,51.3,22,139.9
S03771,ST01,2026-07-15T09:58:00,9,2,40,89,27.9,22,76.1
S03786,ST05,2026-07-15T09:59:00,9,2,31,87,38.3,120,19.1
S03794,ST03,2026-07-15T10:01:00,10,2,18,99,56.5,22,154.1
S03799,ST04,2026-07-15T10:02:00,10,2,43,76,20.5,120,10.2
S03795,ST03,2026-07-15T10:02:00,10,2,19,95,38.6,50,46.3
S03798,ST04,2026-07-15T10:04:00,10,2,23,70,24.1,120,12.1
S03805,ST05,2026-07-15T10:08:00,10,2,33,97,37.1,50,44.5
S03789,ST01,2026-07-15T10:08:00,10,2,41,92,26.4,60,26.4
S03792,ST02,2026-07-15T10:18:00,10,2,21,86,28.9,150,11.6
S03801,ST04,2026-07-15T10:18:00,10,2,43,86,26.5,120,13.2
S03787,ST01,2026-07-15T10:20:00,10,2,47,86,21.3,120,10.7
S03791,ST02,2026-07-15T10:23:00,10,2,30,95,42.2,150,16.9
S03803,ST05,2026-07-15T10:27:00,10,2,38,98,37.4,120,18.7
S03788,ST01,2026-07-15T10:34:00,10,2,38,78,20.2,50,24.2
S03800,ST04,2026-07-15T10:35:00,10,2,21,91,30.5,60,30.5
S03796,ST03,2026-07-15T10:37:00,10,2,24,72,35.3,50,42.4
S03802,ST05,2026-07-15T10:45:00,10,2,41,74,19.0,50,22.8
S03804,ST05,2026-07-15T10:46:00,10,2,28,90,33.8,22,92.2
S03790,ST01,2026-07-15T10:47:00,10,2,27,87,37.3,150,14.9
S03797,ST04,2026-07-15T10:52:00,10,2,17,95,40.1,60,40.1
S03793,ST02,2026-07-15T10:58:00,10,2,17,100,35.6,120,17.8
S03810,ST02,2026-07-15T11:03:00,11,2,34,93,23.8,22,64.9
S03816,ST05,2026-07-15T11:09:00,11,2,46,100,22.2,50,26.6
S03809,ST02,2026-07-15T11:09:00,11,2,10,90,40.5,22,110.5
S03807,ST01,2026-07-15T11:13:00,11,2,21,92,41.9,22,114.3
S03806,ST01,2026-07-15T11:18:00,11,2,23,100,56.6,150,22.6
S03811,ST03,2026-07-15T11:26:00,11,2,26,85,26.9,150,10.8
S03812,ST03,2026-07-15T11:29:00,11,2,32,70,22.3,120,11.2
S03817,ST05,2026-07-15T11:39:00,11,2,15,86,48.7,120,24.4
S03813,ST04,2026-07-15T11:45:00,11,2,15,91,42.5,50,51.0
S03808,ST01,2026-07-15T11:47:00,11,2,18,76,40.2,50,48.2
S03815,ST04,2026-07-15T11:47:00,11,2,33,87,33.5,120,16.8
S03814,ST04,2026-07-15T11:57:00,11,2,32,85,29.8,60,29.8
S03819,ST01,2026-07-15T12:03:00,12,2,45,97,24.1,120,12.1
S03824,ST03,2026-07-15T12:06:00,12,2,37,95,29.8,150,11.9
S03820,ST01,2026-07-15T12:07:00,12,2,40,75,14.8,50,17.8
S03822,ST02,2026-07-15T12:11:00,12,2,11,80,32.0,50,38.4
S03825,ST04,2026-07-15T12:19:00,12,2,25,87,36.7,50,44.0
S03828,ST05,2026-07-15T12:19:00,12,2,27,83,24.8,120,12.4
S03823,ST03,2026-07-15T12:36:00,12,2,49,76,17.8,50,21.4
S03818,ST01,2026-07-15T12:42:00,12,2,45,77,21.0,120,10.5
S03829,ST05,2026-07-15T12:47:00,12,2,41,77,16.4,120,8.2
S03821,ST02,2026-07-15T12:50:00,12,2,23,99,45.4,150,18.2
S03827,ST04,2026-07-15T12:50:00,12,2,46,97,36.4,50,43.7
S03826,ST04,2026-07-15T12:57:00,12,2,20,80,37.7,50,45.2
S03830,ST01,2026-07-15T13:01:00,13,2,46,80,16.7,60,16.7
S03834,ST03,2026-07-15T13:03:00,13,2,31,77,29.1,150,11.6
S03832,ST02,2026-07-15T13:28:00,13,2,48,96,33.4,150,13.4
S03833,ST02,2026-07-15T13:28:00,13,2,10,75,39.0,120,19.5
S03835,ST04,2026-07-15T13:33:00,13,2,41,93,22.8,120,11.4
S03831,ST01,2026-07-15T13:36:00,13,2,41,89,31.2,22,85.1
S03836,ST04,2026-07-15T13:45:00,13,2,30,74,26.5,150,10.6
S03839,ST05,2026-07-15T13:46:00,13,2,13,87,34.5,22,94.1
S03838,ST05,2026-07-15T13:48:00,13,2,16,74,39.3,120,19.6
S03840,ST05,2026-07-15T13:56:00,13,2,12,78,44.0,120,22.0
S03837,ST04,2026-07-15T13:58:00,13,2,43,77,15.2,22,41.5
S03844,ST02,2026-07-15T14:03:00,14,2,12,76,26.0,60,26.0
S03853,ST05,2026-07-15T14:05:00,14,2,48,100,22.9,120,11.4
S03850,ST04,2026-07-15T14:05:00,14,2,29,76,26.7,150,10.7
S03849,ST04,2026-07-15T14:10:00,14,2,47,93,24.0,22,65.5
S03851,ST04,2026-07-15T14:12:00,14,2,13,89,52.3,22,142.6
S03845,ST02,2026-07-15T14:15:00,14,2,34,90,24.0,150,9.6
S03842,ST01,2026-07-15T14:28:00,14,2,32,91,27.9,60,27.9
S03852,ST05,2026-07-15T14:30:00,14,2,15,76,39.1,120,19.6
S03846,ST03,2026-07-15T14:36:00,14,2,30,73,24.1,60,24.1
S03843,ST01,2026-07-15T14:42:00,14,2,42,81,18.1,150,7.2
S03841,ST01,2026-07-15T14:43:00,14,2,39,86,27.1,150,10.8
S03847,ST03,2026-07-15T14:53:00,14,2,20,100,37.9,150,15.2
S03848,ST04,2026-07-15T14:55:00,14,2,15,70,37.0,150,14.8
S03858,ST03,2026-07-15T15:02:00,15,2,38,74,23.5,150,9.4
S03857,ST02,2026-07-15T15:06:00,15,2,18,99,37.5,22,102.3
S03854,ST01,2026-07-15T15:09:00,15,2,19,73,25.5,22,69.5
S03860,ST04,2026-07-15T15:13:00,15,2,12,79,40.2,120,20.1
S03861,ST04,2026-07-15T15:24:00,15,2,31,76,26.4,50,31.7
S03862,ST04,2026-07-15T15:29:00,15,2,29,94,37.9,50,45.5
S03864,ST05,2026-07-15T15:35:00,15,2,35,90,32.1,60,32.1
S03856,ST02,2026-07-15T15:38:00,15,2,15,73,25.5,120,12.8
S03863,ST04,2026-07-15T15:48:00,15,2,28,75,20.5,60,20.5
S03859,ST03,2026-07-15T15:48:00,15,2,38,99,29.7,150,11.9
S03865,ST05,2026-07-15T15:55:00,15,2,10,88,49.4,50,59.3
S03855,ST01,2026-07-15T15:55:00,15,2,39,83,24.8,50,29.8
S03874,ST04,2026-07-15T16:01:00,16,2,19,85,47.9,120,23.9
S03870,ST03,2026-07-15T16:01:00,16,2,16,77,45.1,22,123.0
S03868,ST02,2026-07-15T16:04:00,16,2,10,95,61.7,150,24.7
S03871,ST03,2026-07-15T16:09:00,16,2,27,76,26.9,60,26.9
S03867,ST01,2026-07-15T16:12:00,16,2,33,100,35.0,120,17.5
S03873,ST04,2026-07-15T16:13:00,16,2,11,78,48.9,50,58.7
S03876,ST05,2026-07-15T16:17:00,16,2,13,75,37.8,22,103.1
S03866,ST01,2026-07-15T16:18:00,16,2,34,74,16.2,150,6.5
S03872,ST04,2026-07-15T16:34:00,16,2,33,82,24.9,50,29.9
S03869,ST02,2026-07-15T16:38:00,16,2,32,74,28.3,150,11.3
S03875,ST05,2026-07-15T16:39:00,16,2,20,85,31.3,120,15.7
S03878,ST01,2026-07-15T17:01:00,17,2,36,77,18.3,60,18.3
S03881,ST01,2026-07-15T17:02:00,17,2,25,71,20.4,150,8.2
S03895,ST05,2026-07-15T17:02:00,17,2,36,84,20.9,22,57.0
S03884,ST02,2026-07-15T17:04:00,17,2,33,84,30.9,60,30.9
S03888,ST04,2026-07-15T17:07:00,17,2,42,73,12.8,22,34.9
S03891,ST04,2026-07-15T17:10:00,17,2,37,86,20.3,22,55.4
S03883,ST02,2026-07-15T17:23:00,17,2,37,98,41.2,150,16.5
S03890,ST04,2026-07-15T17:25:00,17,2,27,94,48.9,120,24.4
S03885,ST03,2026-07-15T17:27:00,17,2,21,100,38.4,120,19.2
S03893,ST04,2026-07-15T17:28:00,17,2,16,74,35.2,22,96.0
S03896,ST05,2026-07-15T17:29:00,17,2,24,80,24.0,22,65.5
S03887,ST03,2026-07-15T17:29:00,17,2,37,70,14.5,150,5.8
S03898,ST05,2026-07-15T17:31:00,17,2,29,76,32.0,50,38.4
S03892,ST04,2026-07-15T17:33:00,17,2,16,95,51.7,60,51.7
S03879,ST01,2026-07-15T17:33:00,17,2,16,80,32.8,50,39.4
S03894,ST05,2026-07-15T17:45:00,17,2,13,84,30.5,150,12.2
S03877,ST01,2026-07-15T17:46:00,17,2,15,83,37.3,150,14.9
S03889,ST04,2026-07-15T17:51:00,17,2,36,87,24.5,120,12.2
S03897,ST05,2026-07-15T17:52:00,17,2,28,81,39.2,60,39.2
S03880,ST01,2026-07-15T17:52:00,17,2,50,90,16.1,60,16.1
S03886,ST03,2026-07-15T17:53:00,17,2,16,74,40.2,60,40.2
S03882,ST02,2026-07-15T17:57:00,17,2,35,100,37.3,120,18.6
S03911,ST04,2026-07-15T18:01:00,18,2,26,88,29.9,150,12.0
S03907,ST03,2026-07-15T18:02:00,18,2,13,78,35.2,120,17.6
S03909,ST04,2026-07-15T18:04:00,18,2,17,71,30.0,120,15.0
S03912,ST04,2026-07-15T18:04:00,18,2,46,94,31.0,60,31.0
S03908,ST03,2026-07-15T18:06:00,18,2,29,100,36.6,150,14.6
S03918,ST05,2026-07-15T18:12:00,18,2,39,88,27.1,22,73.9
S03899,ST01,2026-07-15T18:12:00,18,2,11,70,35.3,50,42.4
S03914,ST04,2026-07-15T18:20:00,18,2,21,71,24.5,150,9.8
S03900,ST01,2026-07-15T18:22:00,18,2,44,97,31.0,60,31.0
S03905,ST02,2026-07-15T18:27:00,18,2,19,72,27.8,22,75.8
S03901,ST01,2026-07-15T18:28:00,18,2,37,92,30.3,60,30.3
S03902,ST01,2026-07-15T18:31:00,18,2,11,76,28.7,22,78.3
S03917,ST05,2026-07-15T18:33:00,18,2,41,90,23.4,22,63.8
S03913,ST04,2026-07-15T18:36:00,18,2,10,80,34.1,22,93.0
S03910,ST04,2026-07-15T18:42:00,18,2,39,73,24.5,22,66.8
S03903,ST02,2026-07-15T18:42:00,18,2,22,89,36.2,120,18.1
S03915,ST05,2026-07-15T18:51:00,18,2,47,79,20.0,150,8.0
S03916,ST05,2026-07-15T18:52:00,18,2,41,99,41.7,150,16.7
S03906,ST03,2026-07-15T18:53:00,18,2,18,92,51.7,22,141.0
S03904,ST02,2026-07-15T18:59:00,18,2,26,96,38.7,120,19.4
S03927,ST02,2026-07-15T19:01:00,19,2,23,84,25.5,120,12.8
S03934,ST04,2026-07-15T19:01:00,19,2,44,86,26.0,60,26.0
S03926,ST02,2026-07-15T19:10:00,19,2,37,97,44.7,50,53.6
S03919,ST01,2026-07-15T19:24:00,19,2,48,87,25.8,22,70.4
S03920,ST01,2026-07-15T19:26:00,19,2,34,100,28.7,50,34.4
S03939,ST05,2026-07-15T19:28:00,19,2,42,81,21.6,22,58.9
S03933,ST04,2026-07-15T19:28:00,19,2,19,98,34.7,120,17.4
S03921,ST01,2026-07-15T19:31:00,19,2,28,100,30.0,120,15.0
S03938,ST05,2026-07-15T19:33:00,19,2,42,93,36.9,150,14.8
S03940,ST05,2026-07-15T19:34:00,19,2,21,71,34.2,60,34.2
S03936,ST04,2026-07-15T19:34:00,19,2,35,98,30.9,150,12.4
S03928,ST03,2026-07-15T19:34:00,19,2,20,73,22.9,22,62.5
S03922,ST01,2026-07-15T19:36:00,19,2,27,77,24.1,50,28.9
S03932,ST04,2026-07-15T19:36:00,19,2,42,89,27.1,150,10.8
S03924,ST02,2026-07-15T19:38:00,19,2,28,88,35.9,22,97.9
S03925,ST02,2026-07-15T19:39:00,19,2,38,95,23.1,60,23.1
S03930,ST03,2026-07-15T19:40:00,19,2,50,78,12.1,150,4.8
S03937,ST05,2026-07-15T19:48:00,19,2,17,84,49.0,60,49.0
S03923,ST01,2026-07-15T19:48:00,19,2,30,83,24.6,150,9.8
S03931,ST04,2026-07-15T19:51:00,19,2,15,77,32.8,150,13.1
S03929,ST03,2026-07-15T19:53:00,19,2,20,91,44.9,22,122.5
S03935,ST04,2026-07-15T19:59:00,19,2,42,70,19.2,22,52.4
S03948,ST02,2026-07-15T20:02:00,20,2,47,81,16.3,22,44.5
S03950,ST03,2026-07-15T20:02:00,20,2,41,98,33.8,50,40.6
S03943,ST01,2026-07-15T20:05:00,20,2,29,89,32.5,22,88.6
S03946,ST02,2026-07-15T20:09:00,20,2,39,93,35.8,150,14.3
S03951,ST03,2026-07-15T20:11:00,20,2,41,79,24.2,150,9.7
S03954,ST04,2026-07-15T20:11:00,20,2,28,90,25.8,150,10.3
S03949,ST02,2026-07-15T20:16:00,20,2,15,95,48.3,22,131.7
S03945,ST01,2026-07-15T20:17:00,20,2,20,89,43.8,150,17.5
S03959,ST05,2026-07-15T20:21:00,20,2,16,82,29.7,60,29.7
S03956,ST04,2026-07-15T20:24:00,20,2,34,87,25.8,60,25.8
S03941,ST01,2026-07-15T20:26:00,20,2,40,80,22.6,22,61.6
S03958,ST04,2026-07-15T20:32:00,20,2,29,74,19.0,22,51.8
S03961,ST05,2026-07-15T20:34:00,20,2,44,74,12.0,150,4.8
S03952,ST03,2026-07-15T20:35:00,20,2,24,80,36.6,60,36.6
S03960,ST05,2026-07-15T20:37:00,20,2,25,96,44.1,60,44.1
S03947,ST02,2026-07-15T20:42:00,20,2,40,91,31.7,60,31.7
S03962,ST05,2026-07-15T20:50:00,20,2,24,78,31.7,150,12.7
S03942,ST01,2026-07-15T20:53:00,20,2,21,96,35.0,150,14.0
S03955,ST04,2026-07-15T20:59:00,20,2,36,92,34.9,150,14.0
S03944,ST01,2026-07-15T20:59:00,20,2,20,86,47.0,150,18.8
S03957,ST04,2026-07-15T20:59:00,20,2,49,83,13.9,120,7.0
S03953,ST04,2026-07-15T20:59:00,20,2,39,88,33.3,120,16.6
S03966,ST04,2026-07-15T21:04:00,21,2,23,96,32.1,50,38.5
S03963,ST01,2026-07-15T21:14:00,21,2,49,71,15.6,50,18.7
S03964,ST02,2026-07-15T21:25:00,21,2,40,74,25.4,150,10.2
S03965,ST03,2026-07-15T21:36:00,21,2,14,83,28.1,22,76.6
S03967,ST05,2026-07-15T21:48:00,21,2,48,90,28.8,50,34.6
S03968,ST01,2026-07-15T22:06:00,22,2,24,76,29.4,120,14.7
S03969,ST02,2026-07-15T22:21:00,22,2,21,77,23.3,60,23.3
S03971,ST05,2026-07-15T22:23:00,22,2,27,94,33.9,50,40.7
S03970,ST04,2026-07-15T22:25:00,22,2,31,94,43.5,22,118.6
S03976,ST04,2026-07-15T23:38:00,23,2,44,88,29.2,22,79.6
S03972,ST01,2026-07-15T23:39:00,23,2,16,83,34.3,22,93.5
S03973,ST02,2026-07-15T23:44:00,23,2,28,78,20.5,150,8.2
S03974,ST03,2026-07-15T23:54:00,23,2,14,85,47.2,120,23.6
S03977,ST05,2026-07-15T23:58:00,23,2,10,97,47.0,150,18.8
S03975,ST04,2026-07-15T23:59:00,23,2,14,94,46.4,60,46.4
S03979,ST02,2026-07-16T00:06:00,0,3,24,96,37.0,50,44.4
S03978,ST01,2026-07-16T00:17:00,0,3,15,84,34.1,150,13.6
S03981,ST04,2026-07-16T00:34:00,0,3,49,95,33.1,150,13.2
S03982,ST05,2026-07-16T00:39:00,0,3,45,84,19.9,150,8.0
S03980,ST03,2026-07-16T00:40:00,0,3,34,100,32.5,120,16.2
S03987,ST04,2026-07-16T01:07:00,1,3,14,85,30.4,22,82.9
S03986,ST04,2026-07-16T01:15:00,1,3,34,98,41.2,60,41.2
S03983,ST01,2026-07-16T01:19:00,1,3,15,80,33.7,60,33.7
S03988,ST05,2026-07-16T01:38:00,1,3,44,94,33.5,120,16.8
S03985,ST03,2026-07-16T01:43:00,1,3,21,71,34.8,120,17.4
S03984,ST02,2026-07-16T01:51:00,1,3,13,73,26.6,50,31.9
S03991,ST04,2026-07-16T02:01:00,2,3,48,90,26.4,60,26.4
S03992,ST05,2026-07-16T02:19:00,2,3,43,88,21.9,22,59.7
S03989,ST01,2026-07-16T02:20:00,2,3,25,83,43.0,50,51.6
S03990,ST03,2026-07-16T02:20:00,2,3,33,89,23.5,120,11.8
S03993,ST01,2026-07-16T03:24:00,3,3,34,91,40.1,150,16.0
S03994,ST02,2026-07-16T03:27:00,3,3,41,83,17.5,120,8.8
S03996,ST05,2026-07-16T03:28:00,3,3,31,87,39.9,150,16.0
S03995,ST04,2026-07-16T03:50:00,3,3,29,80,28.0,60,28.0
S03998,ST02,2026-07-16T04:01:00,4,3,37,74,17.9,60,17.9
S04000,ST05,2026-07-16T04:18:00,4,3,13,73,32.3,60,32.3
S03997,ST01,2026-07-16T04:19:00,4,3,30,100,33.4,150,13.4
S03999,ST04,2026-07-16T04:24:00,4,3,18,97,49.1,120,24.6
S04002,ST04,2026-07-16T05:18:00,5,3,21,100,52.7,120,26.4
S04001,ST01,2026-07-16T05:22:00,5,3,24,99,31.4,120,15.7
S04003,ST05,2026-07-16T05:56:00,5,3,40,92,32.8,60,32.8
S04007,ST05,2026-07-16T06:00:00,6,3,44,70,11.4,150,4.6
S04005,ST04,2026-07-16T06:06:00,6,3,15,81,47.4,150,19.0
S04004,ST01,2026-07-16T06:48:00,6,3,30,89,25.0,22,68.2
S04006,ST04,2026-07-16T06:52:00,6,3,26,87,41.4,120,20.7
S04009,ST03,2026-07-16T07:11:00,7,3,46,89,30.5,60,30.5
S04008,ST01,2026-07-16T07:25:00,7,3,40,92,29.8,150,11.9
S04011,ST05,2026-07-16T07:45:00,7,3,36,95,29.0,50,34.8
S04010,ST04,2026-07-16T07:50:00,7,3,10,99,60.6,120,30.3
S04027,ST05,2026-07-16T08:01:00,8,3,22,97,51.9,150,20.8
S04013,ST01,2026-07-16T08:03:00,8,3,23,86,30.7,120,15.3
S04022,ST04,2026-07-16T08:12:00,8,3,19,99,52.0,120,26.0
S04026,ST04,2026-07-16T08:15:00,8,3,28,90,38.7,50,46.4
S04020,ST03,2026-07-16T08:16:00,8,3,29,90,32.2,120,16.1
S04023,ST04,2026-07-16T08:18:00,8,3,44,89,30.1,120,15.1
S04021,ST03,2026-07-16T08:21:00,8,3,19,97,36.6,22,99.8
S04014,ST01,2026-07-16T08:21:00,8,3,24,83,30.7,150,12.3
S04016,ST02,2026-07-16T08:22:00,8,3,50,75,13.2,60,13.2
S04029,ST05,2026-07-16T08:22:00,8,3,10,90,47.2,22,128.7
S04028,ST05,2026-07-16T08:24:00,8,3,20,96,32.3,120,16.1
S04012,ST01,2026-07-16T08:27:00,8,3,14,74,39.3,50,47.2
S04025,ST04,2026-07-16T08:28:00,8,3,38,98,40.2,50,48.2
S04017,ST02,2026-07-16T08:32:00,8,3,21,79,25.8,150,10.3
S04030,ST05,2026-07-16T08:38:00,8,3,34,100,32.1,22,87.5
S04024,ST04,2026-07-16T08:43:00,8,3,49,93,30.2,22,82.4
S04018,ST02,2026-07-16T08:44:00,8,3,24,86,31.8,60,31.8
S04015,ST01,2026-07-16T08:46:00,8,3,34,97,41.8,22,114.0
S04019,ST03,2026-07-16T08:48:00,8,3,27,71,18.1,120,9.1
S04048,ST05,2026-07-16T09:06:00,9,3,27,96,38.5,50,46.2
S04042,ST04,2026-07-16T09:15:00,9,3,48,73,11.3,120,5.7
S04049,ST05,2026-07-16T09:16:00,9,3,34,77,17.7,22,48.3
S04038,ST02,2026-07-16T09:17:00,9,3,26,78,37.5,60,37.5
S04034,ST01,2026-07-16T09:21:00,9,3,24,98,37.5,22,102.3
S04045,ST04,2026-07-16T09:27:00,9,3,47,86,22.6,50,27.1
S04039,ST03,2026-07-16T09:27:00,9,3,13,96,48.6,150,19.4
S04041,ST04,2026-07-16T09:28:00,9,3,45,73,11.4,60,11.4
S04047,ST05,2026-07-16T09:30:00,9,3,47,92,20.1,120,10.1
S04043,ST04,2026-07-16T09:32:00,9,3,42,91,24.0,150,9.6
S04037,ST02,2026-07-16T09:32:00,9,3,14,96,45.0,50,54.0
S04031,ST01,2026-07-16T09:45:00,9,3,50,76,10.7,150,4.3
S04036,ST02,2026-07-16T09:45:00,9,3,35,84,27.7,60,27.7
S04044,ST04,2026-07-16T09:47:00,9,3,34,95,37.7,150,15.1
S04046,ST05,2026-07-16T09:48:00,9,3,48,71,11.7,60,11.7
S04032,ST01,2026-07-16T09:50:00,9,3,24,80,36.5,150,14.6
S04033,ST01,2026-07-16T09:53:00,9,3,19,78,36.5,50,43.8
S04035,ST02,2026-07-16T09:55:00,9,3,50,93,18.8,22,51.3
S04040,ST03,2026-07-16T09:56:00,9,3,33,92,25.0,150,10.0
S04058,ST02,2026-07-16T10:00:00,10,3,21,77,25.8,22,70.4
S04054,ST01,2026-07-16T10:07:00,10,3,45,85,16.4,50,19.7
S04060,ST03,2026-07-16T10:07:00,10,3,12,99,35.7,150,14.3
S04057,ST02,2026-07-16T10:10:00,10,3,19,73,22.4,22,61.1
S04051,ST01,2026-07-16T10:11:00,10,3,27,74,33.7,150,13.5
S04067,ST05,2026-07-16T10:12:00,10,3,30,79,26.6,150,10.6
S04053,ST01,2026-07-16T10:15:00,10,3,25,88,42.7,50,51.2
S04068,ST05,2026-07-16T10:20:00,10,3,16,71,22.1,22,60.3
S04063,ST04,2026-07-16T10:24:00,10,3,15,79,27.0,50,32.4
S04069,ST05,2026-07-16T10:29:00,10,3,35,99,29.7,60,29.7
S04061,ST04,2026-07-16T10:35:00,10,3,40,92,27.8,22,75.8
S04062,ST04,2026-07-16T10:35:00,10,3,15,96,40.8,60,40.8
S04055,ST02,2026-07-16T10:36:00,10,3,23,75,30.2,150,12.1
S04050,ST01,2026-07-16T10:38:00,10,3,44,93,36.1,60,36.1
S04065,ST04,2026-07-16T10:41:00,10,3,15,88,42.2,22,115.1
S04052,ST01,2026-07-16T10:41:00,10,3,24,88,35.7,150,14.3
S04059,ST03,2026-07-16T10:44:00,10,3,43,82,21.9,120,10.9
S04066,ST04,2026-07-16T10:50:00,10,3,40,78,20.8,150,8.3
S04070,ST05,2026-07-16T10:52:00,10,3,27,100,37.6,150,15.0
S04064,ST04,2026-07-16T10:57:00,10,3,45,79,24.6,50,29.5
S04056,ST02,2026-07-16T10:59:00,10,3,13,92,47.6,50,57.1
S04079,ST04,2026-07-16T11:09:00,11,3,34,87,34.7,150,13.9
S04080,ST05,2026-07-16T11:10:00,11,3,34,89,30.8,22,84.0
S04073,ST01,2026-07-16T11:17:00,11,3,15,72,23.1,120,11.6
S04075,ST02,2026-07-16T11:18:00,11,3,10,95,47.3,60,47.3
S04074,ST02,2026-07-16T11:19:00,11,3,15,92,33.2,50,39.8
S04072,ST01,2026-07-16T11:27:00,11,3,37,98,38.7,120,19.4
S04078,ST04,2026-07-16T11:27:00,11,3,36,87,24.0,150,9.6
S04081,ST05,2026-07-16T11:33:00,11,3,24,87,34.8,150,13.9
S04077,ST04,2026-07-16T11:39:00,11,3,10,81,47.6,50,57.1
S04076,ST03,2026-07-16T11:39:00,11,3,47,78,20.8,120,10.4
S04071,ST01,2026-07-16T11:53:00,11,3,14,80,26.9,22,73.4
S04089,ST04,2026-07-16T12:05:00,12,3,45,97,20.9,150,8.4
S04086,ST02,2026-07-16T12:15:00,12,3,18,70,38.0,50,45.6
S04090,ST04,2026-07-16T12:23:00,12,3,18,100,34.9,120,17.4
S04091,ST04,2026-07-16T12:23:00,12,3,31,86,28.1,22,76.6
S04092,ST05,2026-07-16T12:29:00,12,3,28,92,27.6,50,33.1
S04093,ST05,2026-07-16T12:31:00,12,3,28,82,33.0,22,90.0
S04085,ST02,2026-07-16T12:36:00,12,3,39,98,31.4,150,12.6
S04088,ST03,2026-07-16T12:36:00,12,3,45,96,36.0,120,18.0
S04082,ST01,2026-07-16T12:40:00,12,3,46,73,15.3,120,7.7
S04087,ST03,2026-07-16T12:44:00,12,3,32,84,36.3,150,14.5
S04083,ST01,2026-07-16T12:50:00,12,3,49,72,12.1,60,12.1
S04084,ST01,2026-07-16T12:51:00,12,3,47,83,16.7,120,8.3
S04101,ST04,2026-07-16T13:09:00,13,3,18,97,55.6,120,27.8
S04096,ST02,2026-07-16T13:10:00,13,3,19,89,51.1,60,51.1
S04099,ST03,2026-07-16T13:22:00,13,3,28,81,30.2,22,82.4
S04098,ST03,2026-07-16T13:23:00,13,3,27,99,32.1,150,12.8
S04103,ST05,2026-07-16T13:25:00,13,3,24,99,48.5,60,48.5
S04104,ST05,2026-07-16T13:26:00,13,3,27,100,30.6,50,36.7
S04097,ST02,2026-07-16T13:32:00,13,3,47,72,13.9,60,13.9
S04094,ST01,2026-07-16T13:43:00,13,3,45,74,14.4,150,5.8
S04095,ST01,2026-07-16T13:45:00,13,3,47,82,25.5,120,12.8
S04100,ST04,2026-07-16T13:49:00,13,3,42,74,12.8,150,5.1
S04102,ST04,2026-07-16T13:53:00,13,3,10,92,49.3,22,134.5
S04113,ST04,2026-07-16T14:00:00,14,3,49,75,18.1,22,49.4
S04116,ST05,2026-07-16T14:03:00,14,3,46,74,13.2,22,36.0
S04111,ST04,2026-07-16T14:04:00,14,3,13,95,42.9,150,17.2
S04105,ST01,2026-07-16T14:08:00,14,3,27,97,49.2,50,59.0
S04109,ST03,2026-07-16T14:15:00,14,3,15,74,44.1,22,120.3
S04110,ST03,2026-07-16T14:24:00,14,3,44,99,39.9,60,39.9
S04106,ST01,2026-07-16T14:32:00,14,3,20,99,47.1,60,47.1
S04108,ST02,2026-07-16T14:33:00,14,3,43,75,14.6,60,14.6
S04112,ST04,2026-07-16T14:41:00,14,3,13,72,26.0,60,26.0
S04114,ST05,2026-07-16T14:42:00,14,3,15,80,30.2,22,82.4
S04115,ST05,2026-07-16T14:47:00,14,3,12,93,42.7,120,21.4
S04107,ST02,2026-07-16T14:56:00,14,3,27,70,18.1,120,9.1
S04118,ST01,2026-07-16T15:00:00,15,3,40,78,27.3,22,74.5
S04127,ST04,2026-07-16T15:09:00,15,3,32,94,37.0,150,14.8
S04125,ST04,2026-07-16T15:12:00,15,3,29,95,38.8,50,46.6
S04122,ST03,2026-07-16T15:13:00,15,3,36,81,20.1,60,20.1
S04129,ST05,2026-07-16T15:13:00,15,3,33,84,25.0,50,30.0
S04123,ST03,2026-07-16T15:17:00,15,3,40,94,23.8,22,64.9
S04128,ST05,2026-07-16T15:43:00,15,3,21,72,28.8,60,28.8
S04120,ST02,2026-07-16T15:44:00,15,3,28,77,33.5,50,40.2
S04124,ST04,2026-07-16T15:50:00,15,3,42,99,25.6,120,12.8
S04117,ST01,2026-07-16T15:51:00,15,3,37,88,26.0,22,70.9
S04121,ST02,2026-07-16T15:51:00,15,3,46,86,22.6,150,9.0
S04119,ST01,2026-07-16T15:56:00,15,3,42,88,31.0,150,12.4
S04126,ST04,2026-07-16T15:57:00,15,3,14,71,27.9,22,76.1
S04135,ST03,2026-07-16T16:08:00,16,3,44,71,13.9,22,37.9
S04134,ST02,2026-07-16T16:11:00,16,3,30,95,31.2,60,31.2
S04138,ST04,2026-07-16T16:25:00,16,3,20,76,33.5,22,91.4
S04137,ST04,2026-07-16T16:28:00,16,3,49,80,16.2,60,16.2
S04132,ST01,2026-07-16T16:28:00,16,3,22,88,39.1,60,39.1
S04136,ST03,2026-07-16T16:28:00,16,3,38,99,30.3,22,82.6
S04140,ST05,2026-07-16T16:31:00,16,3,50,92,21.3,22,58.1
S04139,ST04,2026-07-16T16:38:00,16,3,12,87,54.6,60,54.6
S04141,ST05,2026-07-16T16:42:00,16,3,48,73,17.8,22,48.5
S04131,ST01,2026-07-16T16:55:00,16,3,27,87,33.1,120,16.6
S04130,ST01,2026-07-16T16:58:00,16,3,19,83,37.5,120,18.8
S04133,ST02,2026-07-16T16:59:00,16,3,44,86,19.7,60,19.7
S04148,ST02,2026-07-16T17:00:00,17,3,15,91,34.0,120,17.0
S04159,ST04,2026-07-16T17:03:00,17,3,10,82,36.1,150,14.4
S04145,ST01,2026-07-16T17:03:00,17,3,21,75,33.6,120,16.8
S04143,ST01,2026-07-16T17:06:00,17,3,48,91,17.5,60,17.5
S04142,ST01,2026-07-16T17:06:00,17,3,39,94,31.8,120,15.9
S04161,ST05,2026-07-16T17:07:00,17,3,10,78,35.5,22,96.8
S04152,ST03,2026-07-16T17:13:00,17,3,21,99,55.2,150,22.1
S04153,ST03,2026-07-16T17:16:00,17,3,38,90,37.0,60,37.0
S04154,ST04,2026-07-16T17:18:00,17,3,12,100,60.9,22,166.1
S04160,ST05,2026-07-16T17:19:00,17,3,10,76,42.3,150,16.9
S04150,ST02,2026-07-16T17:22:00,17,3,13,70,26.0,120,13.0
S04156,ST04,2026-07-16T17:29:00,17,3,48,87,16.3,60,16.3
S04151,ST03,2026-07-16T17:44:00,17,3,13,72,30.2,60,30.2
S04163,ST05,2026-07-16T17:44:00,17,3,28,72,18.7,60,18.7
S04146,ST01,2026-07-16T17:45:00,17,3,49,81,23.1,60,23.1
S04157,ST04,2026-07-16T17:45:00,17,3,47,91,23.2,22,63.3
S04155,ST04,2026-07-16T17:48:00,17,3,38,92,25.2,50,30.2
S04144,ST01,2026-07-16T17:51:00,17,3,28,92,46.7,120,23.4
S04162,ST05,2026-07-16T17:56:00,17,3,23,83,25.0,150,10.0
S04149,ST02,2026-07-16T17:57:00,17,3,30,95,44.1,150,17.6
S04158,ST04,2026-07-16T17:58:00,17,3,24,91,44.4,22,121.1
S04147,ST02,2026-07-16T17:59:00,17,3,27,92,47.4,50,56.9
S04176,ST04,2026-07-16T18:00:00,18,3,23,75,32.3,22,88.1
S04180,ST04,2026-07-16T18:03:00,18,3,50,75,15.8,150,6.3
S04177,ST04,2026-07-16T18:04:00,18,3,41,76,26.1,60,26.1
S04182,ST05,2026-07-16T18:06:00,18,3,14,70,36.8,22,100.4
S04179,ST04,2026-07-16T18:06:00,18,3,39,87,23.5,150,9.4
S04173,ST03,2026-07-16T18:13:00,18,3,22,88,46.0,60,46.0
S04178,ST04,2026-07-16T18:16:00,18,3,18,98,43.0,60,43.0
S04166,ST01,2026-07-16T18:22:00,18,3,32,94,41.1,60,41.1
S04168,ST01,2026-07-16T18:24:00,18,3,14,71,24.0,120,12.0
S04175,ST03,2026-07-16T18:25:00,18,3,41,84,22.9,50,27.5
S04170,ST02,2026-07-16T18:27:00,18,3,45,71,11.1,120,5.5
S04172,ST02,2026-07-16T18:30:00,18,3,42,78,23.1,50,27.7
S04185,ST05,2026-07-16T18:35:00,18,3,36,86,24.4,22,66.5
S04169,ST02,2026-07-16T18:36:00,18,3,10,90,32.5,150,13.0
S04183,ST05,2026-07-16T18:36:00,18,3,12,90,55.6,120,27.8
S04174,ST03,2026-07-16T18:37:00,18,3,33,97,30.6,22,83.5
S04167,ST01,2026-07-16T18:43:00,18,3,46,80,15.3,60,15.3
S04181,ST04,2026-07-16T18:44:00,18,3,19,77,39.2,60,39.2
S04171,ST02,2026-07-16T18:45:00,18,3,38,85,23.1,50,27.7
S04184,ST05,2026-07-16T18:53:00,18,3,12,81,33.5,150,13.4
S04165,ST01,2026-07-16T18:56:00,18,3,49,89,28.5,150,11.4
S04164,ST01,2026-07-16T18:58:00,18,3,16,100,40.1,60,40.1
S04205,ST05,2026-07-16T19:10:00,19,3,16,82,39.2,22,106.9
S04197,ST04,2026-07-16T19:14:00,19,3,45,70,11.6,120,5.8
S04187,ST01,2026-07-16T19:14:00,19,3,18,89,51.4,60,51.4
S04189,ST01,2026-07-16T19:21:00,19,3,46,87,27.7,150,11.1
S04194,ST03,2026-07-16T19:22:00,19,3,43,75,13.7,120,6.8
S04203,ST05,2026-07-16T19:23:00,19,3,31,87,33.2,150,13.3
S04192,ST02,2026-07-16T19:25:00,19,3,12,77,47.7,50,57.2
S04193,ST02,2026-07-16T19:26:00,19,3,21,95,29.8,50,35.8
S04202,ST04,2026-07-16T19:27:00,19,3,16,94,34.3,120,17.1
S04195,ST03,2026-07-16T19:29:00,19,3,11,92,49.3,22,134.5
S04191,ST02,2026-07-16T19:37:00,19,3,47,94,25.8,50,31.0
S04198,ST04,2026-07-16T19:44:00,19,3,20,73,33.2,150,13.3
S04206,ST05,2026-07-16T19:45:00,19,3,13,94,60.5,60,60.5
S04199,ST04,2026-07-16T19:46:00,19,3,20,72,27.2,150,10.9
S04201,ST04,2026-07-16T19:46:00,19,3,10,91,42.8,22,116.7
S04200,ST04,2026-07-16T19:50:00,19,3,17,86,41.4,120,20.7
S04190,ST02,2026-07-16T19:54:00,19,3,46,97,23.7,50,28.4
S04204,ST05,2026-07-16T19:56:00,19,3,30,88,38.4,120,19.2
S04186,ST01,2026-07-16T19:57:00,19,3,17,72,29.4,120,14.7
S04188,ST01,2026-07-16T19:57:00,19,3,31,100,51.2,120,25.6
S04196,ST03,2026-07-16T19:58:00,19,3,38,73,15.1,60,15.1
S04213,ST02,2026-07-16T20:00:00,20,3,13,75,36.8,150,14.7
S04228,ST05,2026-07-16T20:06:00,20,3,49,87,18.2,22,49.6
S04212,ST02,2026-07-16T20:08:00,20,3,20,93,48.5,50,58.2
S04215,ST02,2026-07-16T20:08:00,20,3,19,71,25.4,60,25.4
S04221,ST04,2026-07-16T20:14:00,20,3,18,74,36.5,120,18.2
S04216,ST03,2026-07-16T20:17:00,20,3,23,93,31.2,150,12.5
S04214,ST02,2026-07-16T20:18:00,20,3,44,74,18.6,50,22.3
S04222,ST04,2026-07-16T20:22:00,20,3,18,92,52.3,50,62.8
S04226,ST05,2026-07-16T20:22:00,20,3,48,77,21.1,120,10.6
S04223,ST04,2026-07-16T20:23:00,20,3,22,71,35.0,50,42.0
S04225,ST05,2026-07-16T20:25:00,20,3,22,70,30.7,22,83.7
S04227,ST05,2026-07-16T20:29:00,20,3,39,81,22.6,150,9.0
S04207,ST01,2026-07-16T20:30:00,20,3,44,94,34.1,150,13.6
S04224,ST04,2026-07-16T20:32:00,20,3,15,83,35.2,22,96.0
S04218,ST03,2026-07-16T20:36:00,20,3,48,92,20.6,22,56.2
S04209,ST01,2026-07-16T20:38:00,20,3,19,86,48.1,120,24.1
S04220,ST04,2026-07-16T20:40:00,20,3,23,71,23.9,50,28.7
S04219,ST04,2026-07-16T20:47:00,20,3,50,93,17.4,22,47.5
S04217,ST03,2026-07-16T20:47:00,20,3,17,72,30.1,60,30.1
S04208,ST01,2026-07-16T20:54:00,20,3,23,72,29.0,120,14.5
S04211,ST01,2026-07-16T20:56:00,20,3,29,97,28.5,22,77.7
S04210,ST01,2026-07-16T20:57:00,20,3,21,95,42.8,60,42.8
S04233,ST05,2026-07-16T21:10:00,21,3,19,88,29.6,50,35.5
S04230,ST02,2026-07-16T21:24:00,21,3,48,71,16.1,50,19.3
S04231,ST03,2026-07-16T21:33:00,21,3,23,73,36.5,22,99.5
S04229,ST01,2026-07-16T21:41:00,21,3,20,89,29.8,22,81.3
S04232,ST04,2026-07-16T21:53:00,21,3,44,96,25.8,150,10.3
S04238,ST04,2026-07-16T22:25:00,22,3,33,81,20.2,150,8.1
S04235,ST01,2026-07-16T22:25:00,22,3,45,98,28.0,120,14.0
S04234,ST01,2026-07-16T22:26:00,22,3,41,70,16.7,60,16.7
S04237,ST03,2026-07-16T22:44:00,22,3,35,99,29.0,150,11.6
S04239,ST05,2026-07-16T22:48:00,22,3,26,79,33.4,120,16.7
S04236,ST02,2026-07-16T22:58:00,22,3,35,84,36.0,22,98.2
S04244,ST04,2026-07-16T23:09:00,23,3,26,76,33.8,50,40.6
S04243,ST03,2026-07-16T23:24:00,23,3,18,83,46.1,22,125.7
S04240,ST01,2026-07-16T23:25:00,23,3,22,91,35.0,50,42.0
S04242,ST02,2026-07-16T23:38:00,23,3,34,75,22.9,50,27.5
S04241,ST01,2026-07-16T23:45:00,23,3,24,88,34.9,22,95.2
S04245,ST05,2026-07-16T23:47:00,23,3,31,100,43.4,60,43.4
S04247,ST02,2026-07-17T00:02:00,0,4,44,93,28.1,150,11.2
S04246,ST01,2026-07-17T00:09:00,0,4,16,91,43.5,150,17.4
S04249,ST04,2026-07-17T00:15:00,0,4,29,99,48.1,22,131.2
S04250,ST05,2026-07-17T00:36:00,0,4,34,78,21.0,150,8.4
S04248,ST03,2026-07-17T00:39:00,0,4,16,93,47.6,120,23.8
S04252,ST02,2026-07-17T01:11:00,1,4,33,91,24.4,150,9.8
S04253,ST04,2026-07-17T01:12:00,1,4,12,95,53.2,22,145.1
S04251,ST01,2026-07-17T01:15:00,1,4,18,93,55.3,60,55.3
S04254,ST05,2026-07-17T01:53:00,1,4,33,97,40.6,120,20.3
S04258,ST04,2026-07-17T02:23:00,2,4,25,83,30.7,120,15.3
S04255,ST01,2026-07-17T02:23:00,2,4,27,81,37.9,120,18.9
S04260,ST05,2026-07-17T02:24:00,2,4,14,83,32.6,60,32.6
S04256,ST02,2026-07-17T02:36:00,2,4,27,85,29.9,120,14.9
S04257,ST03,2026-07-17T02:45:00,2,4,27,93,44.2,60,44.2
S04259,ST04,2026-07-17T02:54:00,2,4,27,82,29.4,150,11.8
S04262,ST02,2026-07-17T03:00:00,3,4,46,80,24.6,150,9.8
S04261,ST01,2026-07-17T03:11:00,3,4,31,79,25.4,150,10.2
S04263,ST03,2026-07-17T03:19:00,3,4,42,72,20.6,50,24.7
S04265,ST04,2026-07-17T03:36:00,3,4,34,82,24.3,120,12.2
S04264,ST04,2026-07-17T03:38:00,3,4,19,80,41.2,60,41.2
S04266,ST05,2026-07-17T03:54:00,3,4,25,70,25.1,60,25.1
S04268,ST03,2026-07-17T04:03:00,4,4,26,90,37.8,50,45.4
S04270,ST05,2026-07-17T04:20:00,4,4,29,76,30.6,22,83.5
S04267,ST01,2026-07-17T04:23:00,4,4,47,73,12.8,120,6.4
S04269,ST04,2026-07-17T04:57:00,4,4,20,100,43.6,22,118.9
S04271,ST01,2026-07-17T05:26:00,5,4,24,91,44.9,50,53.9
S04273,ST04,2026-07-17T05:33:00,5,4,32,99,30.7,22,83.7
S04274,ST05,2026-07-17T05:46:00,5,4,45,84,16.9,150,6.8
S04272,ST03,2026-07-17T05:57:00,5,4,11,70,34.6,22,94.4
S04275,ST01,2026-07-17T06:10:00,6,4,23,81,39.8,60,39.8
S04276,ST02,2026-07-17T06:11:00,6,4,37,98,43.7,120,21.9
S04279,ST05,2026-07-17T06:26:00,6,4,31,98,44.2,50,53.0
S04277,ST04,2026-07-17T06:41:00,6,4,41,71,13.2,50,15.8
S04278,ST04,2026-07-17T06:41:00,6,4,20,97,48.3,22,131.7
S04281,ST02,2026-07-17T07:20:00,7,4,36,76,18.7,22,51.0
S04280,ST01,2026-07-17T07:28:00,7,4,39,84,20.1,120,10.1
S04282,ST04,2026-07-17T07:41:00,7,4,12,99,58.0,60,58.0
S04283,ST04,2026-07-17T07:52:00,7,4,19,96,42.6,150,17.0
S04285,ST01,2026-07-17T08:02:00,8,4,11,99,39.9,50,47.9
S04296,ST04,2026-07-17T08:09:00,8,4,50,92,28.1,120,14.1
S04291,ST02,2026-07-17T08:12:00,8,4,34,89,28.7,50,34.4
S04289,ST02,2026-07-17T08:13:00,8,4,35,86,34.8,22,94.9
S04300,ST04,2026-07-17T08:14:00,8,4,37,83,19.8,60,19.8
S04297,ST04,2026-07-17T08:14:00,8,4,49,76,19.2,150,7.7
S04288,ST01,2026-07-17T08:19:00,8,4,24,100,45.7,22,124.6
S04295,ST04,2026-07-17T08:22:00,8,4,23,99,36.6,50,43.9
S04284,ST01,2026-07-17T08:23:00,8,4,30,90,34.9,22,95.2
S04292,ST03,2026-07-17T08:25:00,8,4,21,99,50.9,150,20.4
S04302,ST05,2026-07-17T08:29:00,8,4,12,86,34.5,150,13.8
S04287,ST01,2026-07-17T08:29:00,8,4,22,73,28.0,150,11.2
S04301,ST05,2026-07-17T08:30:00,8,4,35,72,26.6,150,10.6
S04290,ST02,2026-07-17T08:31:00,8,4,20,99,32.6,22,88.9
S04303,ST05,2026-07-17T08:31:00,8,4,17,94,44.4,50,53.3
S04298,ST04,2026-07-17T08:38:00,8,4,21,70,24.5,120,12.2
S04293,ST03,2026-07-17T08:41:00,8,4,21,88,43.8,120,21.9
S04299,ST04,2026-07-17T08:44:00,8,4,24,95,37.2,50,44.6
S04286,ST01,2026-07-17T08:46:00,8,4,18,72,27.4,60,27.4
S04294,ST03,2026-07-17T08:50:00,8,4,25,81,24.9,60,24.9
S04304,ST05,2026-07-17T08:53:00,8,4,22,82,24.8,22,67.6
S04321,ST05,2026-07-17T09:00:00,9,4,14,77,42.3,50,50.8
S04317,ST04,2026-07-17T09:04:00,9,4,17,87,29.4,120,14.7
S04312,ST03,2026-07-17T09:09:00,9,4,32,87,41.1,150,16.4
S04313,ST03,2026-07-17T09:09:00,9,4,50,97,21.8,60,21.8
S04305,ST01,2026-07-17T09:09:00,9,4,35,73,19.9,150,8.0
S04311,ST02,2026-07-17T09:10:00,9,4,42,70,17.4,150,7.0
S04310,ST02,2026-07-17T09:13:00,9,4,23,92,51.3,50,61.6
S04315,ST04,2026-07-17T09:13:00,9,4,33,90,23.8,120,11.9
S04306,ST01,2026-07-17T09:14:00,9,4,45,91,27.4,50,32.9
S04316,ST04,2026-07-17T09:15:00,9,4,50,95,29.4,50,35.3
S04309,ST02,2026-07-17T09:20:00,9,4,38,94,27.5,50,33.0
S04314,ST04,2026-07-17T09:24:00,9,4,21,96,53.3,60,53.3
S04319,ST05,2026-07-17T09:42:00,9,4,30,77,32.9,60,32.9
S04318,ST04,2026-07-17T09:43:00,9,4,41,78,16.2,50,19.4
S04307,ST01,2026-07-17T09:45:00,9,4,15,100,59.6,120,29.8
S04320,ST05,2026-07-17T09:49:00,9,4,17,90,43.6,50,52.3
S04308,ST01,2026-07-17T09:59:00,9,4,26,87,42.8,120,21.4
S04325,ST01,2026-07-17T10:02:00,10,4,33,80,22.9,22,62.5
S04322,ST01,2026-07-17T10:03:00,10,4,42,95,26.5,120,13.2
S04333,ST04,2026-07-17T10:06:00,10,4,18,93,47.4,50,56.9
S04332,ST04,2026-07-17T10:10:00,10,4,10,72,38.3,120,19.1
S04323,ST01,2026-07-17T10:14:00,10,4,46,96,32.6,60,32.6
S04334,ST04,2026-07-17T10:19:00,10,4,14,100,40.5,50,48.6
S04328,ST02,2026-07-17T10:21:00,10,4,37,78,16.6,22,45.3
S04324,ST01,2026-07-17T10:24:00,10,4,14,80,43.3,120,21.6
S04329,ST03,2026-07-17T10:24:00,10,4,47,76,17.6,120,8.8
S04327,ST02,2026-07-17T10:27:00,10,4,27,72,19.2,60,19.2
S04336,ST04,2026-07-17T10:29:00,10,4,44,88,27.6,120,13.8
S04331,ST03,2026-07-17T10:30:00,10,4,10,95,38.1,60,38.1
S04338,ST05,2026-07-17T10:31:00,10,4,40,77,15.8,150,6.3
S04337,ST05,2026-07-17T10:33:00,10,4,40,76,15.3,120,7.7
S04330,ST03,2026-07-17T10:35:00,10,4,41,81,27.3,22,74.5
S04335,ST04,2026-07-17T10:48:00,10,4,37,98,44.6,120,22.3
S04339,ST05,2026-07-17T10:49:00,10,4,21,74,29.3,120,14.7
S04326,ST02,2026-07-17T10:59:00,10,4,50,91,17.4,22,47.5
S04340,ST01,2026-07-17T11:01:00,11,4,39,100,31.6,150,12.6
S04347,ST04,2026-07-17T11:07:00,11,4,47,72,13.1,22,35.7
S04346,ST04,2026-07-17T11:11:00,11,4,24,73,22.1,50,26.5
S04345,ST03,2026-07-17T11:12:00,11,4,11,100,51.6,150,20.6
S04344,ST02,2026-07-17T11:12:00,11,4,17,89,31.1,120,15.5
S04342,ST01,2026-07-17T11:26:00,11,4,32,77,31.2,50,37.4
S04351,ST05,2026-07-17T11:26:00,11,4,45,84,21.0,60,21.0
S04350,ST05,2026-07-17T11:30:00,11,4,10,92,34.2,50,41.0
S04341,ST01,2026-07-17T11:33:00,11,4,44,89,25.5,150,10.2
S04349,ST05,2026-07-17T11:36:00,11,4,50,84,23.1,60,23.1
S04343,ST02,2026-07-17T11:43:00,11,4,46,98,37.5,60,37.5
S04348,ST04,2026-07-17T11:49:00,11,4,32,85,36.2,60,36.2
S04355,ST02,2026-07-17T12:02:00,12,4,26,97,36.6,22,99.8
S04357,ST03,2026-07-17T12:02:00,12,4,47,93,24.6,60,24.6
S04359,ST04,2026-07-17T12:07:00,12,4,50,88,23.8,50,28.6
S04362,ST05,2026-07-17T12:22:00,12,4,17,75,33.9,120,16.9
S04363,ST05,2026-07-17T12:26:00,12,4,23,83,30.3,22,82.6
S04356,ST02,2026-07-17T12:26:00,12,4,25,81,28.6,50,34.3
S04354,ST01,2026-07-17T12:26:00,12,4,22,82,42.7,120,21.4
S04353,ST01,2026-07-17T12:28:00,12,4,47,84,26.8,22,73.1
S04360,ST04,2026-07-17T12:36:00,12,4,34,77,22.0,22,60.0
S04358,ST03,2026-07-17T12:36:00,12,4,37,89,24.2,120,12.1
S04361,ST04,2026-07-17T12:44:00,12,4,33,88,31.0,22,84.5
S04352,ST01,2026-07-17T12:48:00,12,4,37,85,25.9,150,10.4
S04374,ST05,2026-07-17T13:08:00,13,4,48,93,25.5,50,30.6
S04373,ST04,2026-07-17T13:10:00,13,4,19,77,24.2,60,24.2
S04369,ST03,2026-07-17T13:19:00,13,4,49,73,12.9,150,5.2
S04367,ST02,2026-07-17T13:21:00,13,4,26,97,50.8,60,50.8
S04366,ST01,2026-07-17T13:22:00,13,4,28,83,34.7,50,41.6
S04371,ST04,2026-07-17T13:28:00,13,4,28,77,29.5,60,29.5
S04375,ST05,2026-07-17T13:36:00,13,4,44,90,30.8,150,12.3
S04370,ST03,2026-07-17T13:37:00,13,4,25,94,42.3,60,42.3
S04364,ST01,2026-07-17T13:39:00,13,4,28,99,41.4,150,16.6
S04368,ST02,2026-07-17T13:47:00,13,4,24,79,35.6,22,97.1
S04365,ST01,2026-07-17T13:53:00,13,4,46,94,24.8,120,12.4
S04372,ST04,2026-07-17T13:56:00,13,4,36,78,17.1,150,6.8
S04377,ST01,2026-07-17T14:00:00,14,4,46,84,16.9,50,20.3
S04378,ST01,2026-07-17T14:07:00,14,4,40,94,22.4,60,22.4
S04381,ST03,2026-07-17T14:08:00,14,4,12,77,26.2,60,26.2
S04383,ST04,2026-07-17T14:09:00,14,4,49,77,16.8,22,45.8
S04384,ST04,2026-07-17T14:09:00,14,4,32,73,18.4,22,50.2
S04385,ST04,2026-07-17T14:13:00,14,4,39,80,28.7,60,28.7
S04382,ST03,2026-07-17T14:17:00,14,4,46,83,25.8,120,12.9
S04380,ST02,2026-07-17T14:23:00,14,4,31,85,36.7,50,44.0
S04386,ST04,2026-07-17T14:33:00,14,4,48,82,15.9,150,6.4
S04387,ST05,2026-07-17T14:43:00,14,4,40,100,24.0,120,12.0
S04388,ST05,2026-07-17T14:51:00,14,4,15,99,50.5,50,60.6
S04379,ST02,2026-07-17T14:54:00,14,4,43,81,17.8,120,8.9
S04376,ST01,2026-07-17T14:59:00,14,4,27,73,22.4,22,61.1
S04397,ST04,2026-07-17T15:02:00,15,4,45,95,35.8,60,35.8
S04391,ST01,2026-07-17T15:04:00,15,4,24,99,44.2,60,44.2
S04393,ST02,2026-07-17T15:10:00,15,4,18,71,37.1,50,44.5
S04392,ST02,2026-07-17T15:13:00,15,4,28,98,32.5,120,16.2
S04395,ST04,2026-07-17T15:14:00,15,4,38,92,32.6,150,13.0
S04389,ST01,2026-07-17T15:16:00,15,4,33,87,27.2,60,27.2
S04394,ST03,2026-07-17T15:18:00,15,4,21,78,30.9,22,84.3
S04400,ST05,2026-07-17T15:41:00,15,4,41,84,30.6,22,83.5
S04390,ST01,2026-07-17T15:44:00,15,4,30,82,27.9,22,76.1
S04396,ST04,2026-07-17T15:47:00,15,4,35,95,41.3,22,112.6
S04399,ST05,2026-07-17T15:48:00,15,4,47,100,22.1,22,60.3
S04398,ST05,2026-07-17T15:57:00,15,4,19,88,48.4,120,24.2
S04408,ST04,2026-07-17T16:00:00,16,4,24,70,21.9,60,21.9
S04403,ST01,2026-07-17T16:03:00,16,4,20,75,37.7,150,15.1
S04402,ST01,2026-07-17T16:03:00,16,4,19,77,34.1,60,34.1
S04401,ST01,2026-07-17T16:12:00,16,4,12,79,31.7,60,31.7
S04407,ST03,2026-07-17T16:21:00,16,4,35,88,39.6,50,47.5
S04412,ST05,2026-07-17T16:22:00,16,4,30,77,33.6,22,91.6
S04409,ST04,2026-07-17T16:26:00,16,4,39,84,19.1,22,52.1
S04404,ST02,2026-07-17T16:27:00,16,4,35,80,20.9,60,20.9
S04411,ST05,2026-07-17T16:27:00,16,4,19,94,42.6,150,17.0
S04406,ST03,2026-07-17T16:39:00,16,4,24,70,20.6,50,24.7
S04410,ST04,2026-07-17T16:42:00,16,4,37,95,32.5,22,88.6
S04405,ST02,2026-07-17T16:46:00,16,4,20,76,26.3,150,10.5
S04428,ST04,2026-07-17T17:02:00,17,4,47,95,30.8,120,15.4
S04420,ST02,2026-07-17T17:03:00,17,4,38,96,41.0,120,20.5
S04418,ST02,2026-07-17T17:05:00,17,4,39,92,24.2,50,29.0
S04432,ST05,2026-07-17T17:06:00,17,4,18,72,23.2,22,63.3
S04433,ST05,2026-07-17T17:07:00,17,4,43,84,30.3,22,82.6
S04430,ST05,2026-07-17T17:09:00,17,4,25,85,29.2,50,35.0
S04424,ST04,2026-07-17T17:11:00,17,4,26,71,24.1,150,9.6
S04425,ST04,2026-07-17T17:14:00,17,4,44,97,38.3,50,46.0
S04421,ST03,2026-07-17T17:16:00,17,4,44,84,26.2,22,71.5
S04416,ST01,2026-07-17T17:17:00,17,4,18,71,23.6,60,23.6
S04423,ST03,2026-07-17T17:20:00,17,4,26,83,24.9,150,10.0
S04429,ST04,2026-07-17T17:25:00,17,4,44,79,22.7,150,9.1
S04431,ST05,2026-07-17T17:28:00,17,4,46,94,35.0,50,42.0
S04413,ST01,2026-07-17T17:41:00,17,4,33,76,18.0,50,21.6
S04419,ST02,2026-07-17T17:42:00,17,4,18,79,25.5,60,25.5
S04426,ST04,2026-07-17T17:50:00,17,4,40,90,22.6,150,9.0
S04417,ST02,2026-07-17T17:51:00,17,4,47,95,31.7,22,86.5
S04415,ST01,2026-07-17T17:52:00,17,4,41,75,16.4,50,19.7
S04422,ST03,2026-07-17T17:53:00,17,4,40,90,31.1,120,15.5
S04427,ST04,2026-07-17T17:55:00,17,4,14,75,27.7,150,11.1
S04414,ST01,2026-07-17T17:58:00,17,4,24,93,41.6,60,41.6
S04445,ST04,2026-07-17T18:00:00,18,4,44,96,24.4,60,24.4
S04435,ST01,2026-07-17T18:03:00,18,4,14,84,48.9,120,24.4
S04440,ST02,2026-07-17T18:09:00,18,4,41,100,31.6,60,31.6
S04443,ST03,2026-07-17T18:11:00,18,4,34,91,29.2,60,29.2
S04441,ST02,2026-07-17T18:15:00,18,4,24,87,35.2,50,42.2
S04436,ST01,2026-07-17T18:18:00,18,4,12,95,51.5,50,61.8
S04446,ST04,2026-07-17T18:18:00,18,4,29,84,38.9,22,106.1
S04447,ST04,2026-07-17T18:19:00,18,4,42,96,31.4,150,12.6
S04434,ST01,2026-07-17T18:22:00,18,4,45,83,25.9,150,10.4
S04453,ST05,2026-07-17T18:25:00,18,4,37,90,33.4,50,40.1
S04449,ST04,2026-07-17T18:29:00,18,4,11,95,38.5,60,38.5
S04452,ST05,2026-07-17T18:31:00,18,4,26,89,40.7,50,48.8
S04444,ST03,2026-07-17T18:37:00,18,4,34,97,46.3,50,55.6
S04448,ST04,2026-07-17T18:38:00,18,4,47,99,26.8,60,26.8
S04437,ST01,2026-07-17T18:38:00,18,4,19,81,27.0,150,10.8
S04438,ST01,2026-07-17T18:39:00,18,4,26,92,34.6,150,13.8
S04450,ST04,2026-07-17T18:39:00,18,4,34,94,34.7,60,34.7
S04451,ST05,2026-07-17T18:49:00,18,4,30,76,31.1,120,15.5
S04442,ST03,2026-07-17T18:54:00,18,4,28,74,20.7,120,10.3
S04454,ST05,2026-07-17T18:56:00,18,4,48,93,23.0,50,27.6
S04439,ST02,2026-07-17T18:56:00,18,4,17,85,29.6,50,35.5
S04464,ST03,2026-07-17T19:02:00,19,4,37,82,19.2,60,19.2
S04476,ST05,2026-07-17T19:02:00,19,4,34,75,24.6,150,9.8
S04457,ST01,2026-07-17T19:05:00,19,4,35,81,27.1,50,32.5
S04456,ST01,2026-07-17T19:10:00,19,4,32,88,25.4,120,12.7
S04463,ST03,2026-07-17T19:11:00,19,4,49,93,22.2,50,26.6
S04466,ST04,2026-07-17T19:12:00,19,4,23,93,30.6,150,12.2
S04473,ST05,2026-07-17T19:19:00,19,4,10,73,42.0,22,114.5
S04461,ST02,2026-07-17T19:20:00,19,4,30,94,40.5,150,16.2
S04475,ST05,2026-07-17T19:24:00,19,4,29,79,33.1,22,90.3
S04462,ST02,2026-07-17T19:25:00,19,4,24,83,28.6,50,34.3
S04455,ST01,2026-07-17T19:28:00,19,4,41,85,22.5,50,27.0
S04471,ST04,2026-07-17T19:32:00,19,4,17,92,39.8,50,47.8
S04474,ST05,2026-07-17T19:33:00,19,4,30,78,28.5,22,77.7
S04472,ST05,2026-07-17T19:34:00,19,4,36,87,29.3,120,14.7
S04459,ST01,2026-07-17T19:36:00,19,4,20,74,32.8,22,89.5
S04465,ST03,2026-07-17T19:39:00,19,4,42,70,17.5,150,7.0
S04467,ST04,2026-07-17T19:48:00,19,4,12,71,29.2,150,11.7
S04458,ST01,2026-07-17T19:51:00,19,4,48,74,10.7,60,10.7
S04469,ST04,2026-07-17T19:52:00,19,4,15,75,41.9,22,114.3
S04470,ST04,2026-07-17T19:53:00,19,4,21,95,31.6,60,31.6
S04468,ST04,2026-07-17T19:54:00,19,4,24,92,47.6,22,129.8
S04460,ST02,2026-07-17T19:59:00,19,4,36,76,16.6,150,6.6
S04492,ST04,2026-07-17T20:01:00,20,4,20,92,28.9,22,78.8
S04484,ST02,2026-07-17T20:02:00,20,4,28,75,28.9,150,11.6
S04491,ST04,2026-07-17T20:03:00,20,4,24,98,40.8,120,20.4
S04487,ST03,2026-07-17T20:05:00,20,4,40,97,35.1,50,42.1
S04485,ST03,2026-07-17T20:07:00,20,4,28,93,37.0,150,14.8
S04482,ST02,2026-07-17T20:09:00,20,4,37,95,26.1,22,71.2
S04483,ST02,2026-07-17T20:12:00,20,4,21,70,24.8,22,67.6
S04496,ST05,2026-07-17T20:15:00,20,4,43,98,26.5,22,72.3
S04489,ST04,2026-07-17T20:17:00,20,4,46,92,26.9,50,32.3
S04493,ST04,2026-07-17T20:22:00,20,4,22,93,32.4,60,32.4
S04494,ST05,2026-07-17T20:25:00,20,4,22,97,32.5,60,32.5
S04488,ST04,2026-07-17T20:26:00,20,4,47,89,25.5,150,10.2
S04481,ST01,2026-07-17T20:27:00,20,4,18,76,29.2,50,35.0
S04477,ST01,2026-07-17T20:31:00,20,4,38,90,30.3,50,36.4
S04490,ST04,2026-07-17T20:32:00,20,4,22,73,33.5,22,91.4
S04495,ST05,2026-07-17T20:40:00,20,4,12,80,46.5,60,46.5
S04479,ST01,2026-07-17T20:40:00,20,4,35,79,32.2,120,16.1
S04480,ST01,2026-07-17T20:47:00,20,4,29,94,43.0,150,17.2
S04478,ST01,2026-07-17T20:53:00,20,4,30,86,28.8,120,14.4
S04486,ST03,2026-07-17T20:58:00,20,4,46,94,33.7,22,91.9
S04497,ST05,2026-07-17T20:59:00,20,4,32,87,35.3,120,17.6
S04502,ST05,2026-07-17T21:30:00,21,4,36,98,41.0,150,16.4
S04499,ST03,2026-07-17T21:34:00,21,4,37,75,26.1,120,13.1
S04498,ST01,2026-07-17T21:39:00,21,4,20,91,47.7,150,19.1
S04500,ST04,2026-07-17T21:54:00,21,4,24,75,35.5,50,42.6
S04501,ST04,2026-07-17T21:56:00,21,4,42,89,33.5,50,40.2
S04505,ST04,2026-07-17T22:04:00,22,4,22,74,32.9,50,39.5
S04503,ST01,2026-07-17T22:07:00,22,4,50,100,29.5,120,14.8
S04506,ST05,2026-07-17T22:14:00,22,4,48,74,11.3,150,4.5
S04504,ST03,2026-07-17T22:15:00,22,4,37,87,25.3,22,69.0
S04510,ST04,2026-07-17T23:40:00,23,4,33,96,38.0,22,103.6
S04507,ST01,2026-07-17T23:46:00,23,4,24,81,40.7,120,20.4
S04508,ST02,2026-07-17T23:46:00,23,4,14,86,40.8,22,111.3
S04509,ST03,2026-07-17T23:57:00,23,4,40,85,24.1,22,65.7
S04511,ST05,2026-07-17T23:59:00,23,4,44,86,18.3,60,18.3
S04516,ST04,2026-07-18T00:01:00,0,5,19,92,39.2,60,39.2
S04512,ST01,2026-07-18T00:04:00,0,5,49,74,14.1,120,7.0
S04513,ST02,2026-07-18T00:07:00,0,5,39,99,34.6,22,94.4
S04518,ST05,2026-07-18T00:22:00,0,5,46,96,21.6,60,21.6
S04514,ST02,2026-07-18T00:22:00,0,5,47,83,21.7,150,8.7
S04519,ST05,2026-07-18T00:28:00,0,5,23,79,34.5,150,13.8
S04515,ST03,2026-07-18T00:34:00,0,5,29,81,32.8,50,39.4
S04517,ST04,2026-07-18T00:44:00,0,5,35,87,27.8,50,33.4
S04520,ST01,2026-07-18T01:10:00,1,5,31,80,23.4,60,23.4
S04524,ST04,2026-07-18T01:19:00,1,5,14,94,44.3,150,17.7
S04525,ST04,2026-07-18T01:25:00,1,5,41,70,17.3,150,6.9
S04526,ST05,2026-07-18T01:29:00,1,5,29,91,39.5,60,39.5
S04527,ST05,2026-07-18T01:35:00,1,5,32,91,36.4,150,14.6
S04523,ST03,2026-07-18T01:40:00,1,5,40,74,22.7,120,11.3
S04521,ST01,2026-07-18T01:42:00,1,5,37,90,33.0,120,16.5
S04522,ST02,2026-07-18T01:56:00,1,5,18,88,49.1,22,133.9
S04528,ST01,2026-07-18T02:17:00,2,5,14,100,49.7,150,19.9
S04532,ST04,2026-07-18T02:18:00,2,5,47,87,16.4,60,16.4
S04530,ST02,2026-07-18T02:18:00,2,5,39,86,34.3,60,34.3
S04533,ST04,2026-07-18T02:20:00,2,5,10,95,52.0,150,20.8
S04531,ST03,2026-07-18T02:46:00,2,5,47,87,27.3,22,74.5
S04535,ST05,2026-07-18T02:53:00,2,5,12,75,34.0,120,17.0
S04529,ST02,2026-07-18T02:54:00,2,5,29,73,23.9,50,28.7
S04534,ST05,2026-07-18T02:56:00,2,5,10,80,51.6,22,140.7
S04538,ST03,2026-07-18T03:06:00,3,5,24,70,27.4,150,11.0
S04539,ST04,2026-07-18T03:12:00,3,5,12,80,38.7,150,15.5
S04536,ST01,2026-07-18T03:25:00,3,5,28,87,36.0,22,98.2
S04537,ST02,2026-07-18T03:34:00,3,5,21,78,33.5,60,33.5
S04540,ST04,2026-07-18T03:35:00,3,5,25,89,38.9,120,19.4
S04541,ST05,2026-07-18T03:54:00,3,5,16,87,37.0,50,44.4
S04545,ST04,2026-07-18T04:13:00,4,5,11,99,65.0,60,65.0
S04543,ST02,2026-07-18T04:13:00,4,5,12,91,41.1,120,20.6
S04546,ST04,2026-07-18T04:24:00,4,5,28,73,26.8,150,10.7
S04544,ST03,2026-07-18T04:25:00,4,5,16,88,51.2,150,20.5
S04547,ST05,2026-07-18T04:28:00,4,5,44,91,32.7,60,32.7
S04542,ST01,2026-07-18T04:59:00,4,5,38,95,30.2,22,82.4
S04555,ST05,2026-07-18T05:02:00,5,5,34,74,27.0,50,32.4
S04554,ST04,2026-07-18T05:27:00,5,5,45,98,38.4,60,38.4
S04551,ST02,2026-07-18T05:27:00,5,5,33,98,41.7,22,113.7
S04548,ST01,2026-07-18T05:36:00,5,5,13,86,48.6,22,132.5
S04553,ST04,2026-07-18T05:38:00,5,5,12,82,39.9,60,39.9
S04549,ST01,2026-07-18T05:41:00,5,5,17,86,39.0,120,19.5
S04550,ST02,2026-07-18T05:51:00,5,5,12,70,25.5,50,30.6
S04552,ST03,2026-07-18T05:58:00,5,5,28,79,37.4,60,37.4
S04558,ST03,2026-07-18T06:00:00,6,5,31,77,21.9,60,21.9
S04559,ST04,2026-07-18T06:01:00,6,5,26,85,29.9,120,14.9
S04561,ST05,2026-07-18T06:14:00,6,5,48,83,18.0,22,49.1
S04560,ST04,2026-07-18T06:19:00,6,5,44,79,22.4,60,22.4
S04556,ST01,2026-07-18T06:58:00,6,5,32,89,34.7,120,17.4
S04557,ST02,2026-07-18T06:59:00,6,5,37,94,26.4,50,31.7
S04564,ST02,2026-07-18T07:10:00,7,5,48,71,9.2,50,11.0
S04563,ST01,2026-07-18T07:31:00,7,5,15,74,29.5,60,29.5
S04568,ST05,2026-07-18T07:34:00,7,5,25,89,33.4,60,33.4
S04567,ST04,2026-07-18T07:40:00,7,5,39,85,20.9,60,20.9
S04565,ST03,2026-07-18T07:42:00,7,5,21,100,34.1,22,93.0
S04566,ST04,2026-07-18T07:49:00,7,5,40,77,26.8,50,32.2
S04562,ST01,2026-07-18T07:52:00,7,5,24,87,30.2,22,82.4
S04573,ST04,2026-07-18T08:03:00,8,5,43,97,33.6,60,33.6
S04574,ST04,2026-07-18T08:19:00,8,5,48,72,11.8,120,5.9
S04569,ST01,2026-07-18T08:20:00,8,5,45,80,16.1,150,6.4
S04572,ST03,2026-07-18T08:23:00,8,5,49,72,12.8,22,34.9
S04575,ST05,2026-07-18T08:30:00,8,5,24,94,37.0,50,44.4
S04570,ST01,2026-07-18T08:42:00,8,5,29,75,29.4,60,29.4
S04571,ST02,2026-07-18T08:54:00,8,5,30,73,23.3,150,9.3
S04576,ST01,2026-07-18T09:09:00,9,5,29,84,38.8,60,38.8
S04580,ST04,2026-07-18T09:14:00,9,5,22,73,29.9,120,14.9
S04579,ST04,2026-07-18T09:21:00,9,5,24,85,35.3,22,96.3
S04578,ST03,2026-07-18T09:36:00,9,5,39,76,18.2,150,7.3
S04577,ST02,2026-07-18T09:50:00,9,5,39,73,17.8,60,17.8
S04581,ST05,2026-07-18T09:50:00,9,5,14,92,36.7,150,14.7
S04596,ST05,2026-07-18T10:01:00,10,5,12,73,25.4,150,10.2
S04584,ST01,2026-07-18T10:04:00,10,5,32,95,29.0,150,11.6
S04582,ST01,2026-07-18T10:11:00,10,5,37,99,25.6,120,12.8
S04593,ST04,2026-07-18T10:14:00,10,5,23,96,39.3,150,15.7
S04595,ST04,2026-07-18T10:16:00,10,5,31,71,24.5,150,9.8
S04586,ST02,2026-07-18T10:20:00,10,5,14,80,30.6,120,15.3
S04585,ST01,2026-07-18T10:30:00,10,5,22,70,24.0,150,9.6
S04589,ST03,2026-07-18T10:32:00,10,5,46,97,22.3,120,11.2
S04583,ST01,2026-07-18T10:32:00,10,5,44,98,24.9,150,10.0
S04598,ST05,2026-07-18T10:34:00,10,5,24,96,52.3,60,52.3
S04597,ST05,2026-07-18T10:35:00,10,5,31,85,25.9,22,70.6
S04592,ST04,2026-07-18T10:37:00,10,5,35,88,38.5,60,38.5
S04594,ST04,2026-07-18T10:38:00,10,5,46,78,22.8,120,11.4
S04590,ST03,2026-07-18T10:43:00,10,5,40,76,18.1,120,9.1
S04587,ST02,2026-07-18T10:44:00,10,5,29,83,27.8,50,33.4
S04591,ST04,2026-07-18T10:47:00,10,5,40,84,29.0,50,34.8
S04588,ST02,2026-07-18T10:59:00,10,5,30,93,30.2,150,12.1
S04614,ST05,2026-07-18T11:06:00,11,5,15,75,39.2,22,106.9
S04615,ST05,2026-07-18T11:13:00,11,5,43,86,22.3,120,11.2
S04601,ST01,2026-07-18T11:17:00,11,5,42,94,30.2,150,12.1
S04600,ST01,2026-07-18T11:18:00,11,5,28,75,29.5,120,14.8
S04603,ST02,2026-07-18T11:28:00,11,5,20,87,48.2,60,48.2
S04610,ST04,2026-07-18T11:29:00,11,5,10,99,45.8,150,18.3
S04613,ST05,2026-07-18T11:31:00,11,5,20,86,49.4,150,19.8
S04605,ST03,2026-07-18T11:33:00,11,5,18,100,47.7,22,130.1
S04611,ST04,2026-07-18T11:33:00,11,5,29,99,51.7,60,51.7
S04607,ST04,2026-07-18T11:37:00,11,5,39,93,31.8,22,86.7
S04609,ST04,2026-07-18T11:40:00,11,5,48,99,35.7,22,97.4
S04599,ST01,2026-07-18T11:45:00,11,5,15,87,43.8,150,17.5
S04612,ST05,2026-07-18T11:50:00,11,5,27,95,49.2,120,24.6
S04604,ST02,2026-07-18T11:52:00,11,5,41,80,24.3,150,9.7
S04608,ST04,2026-07-18T11:52:00,11,5,18,79,35.7,50,42.8
S04606,ST03,2026-07-18T11:53:00,11,5,47,71,11.1,22,30.3
S04602,ST02,2026-07-18T11:57:00,11,5,49,93,24.7,60,24.7
S04625,ST03,2026-07-18T12:01:00,12,5,17,73,33.7,150,13.5
S04629,ST04,2026-07-18T12:03:00,12,5,43,80,25.5,22,69.5
S04628,ST04,2026-07-18T12:07:00,12,5,25,93,37.4,150,15.0
S04616,ST01,2026-07-18T12:07:00,12,5,15,88,35.5,120,17.8
S04632,ST05,2026-07-18T12:13:00,12,5,35,72,26.5,150,10.6
S04622,ST02,2026-07-18T12:14:00,12,5,33,72,24.2,60,24.2
S04626,ST04,2026-07-18T12:15:00,12,5,44,74,21.0,120,10.5
S04627,ST04,2026-07-18T12:19:00,12,5,18,90,50.6,60,50.6
S04633,ST05,2026-07-18T12:31:00,12,5,23,82,39.2,50,47.0
S04623,ST03,2026-07-18T12:34:00,12,5,11,94,54.2,22,147.8
S04620,ST02,2026-07-18T12:36:00,12,5,13,81,34.7,150,13.9
S04618,ST01,2026-07-18T12:36:00,12,5,10,98,60.5,150,24.2
S04619,ST01,2026-07-18T12:42:00,12,5,46,90,30.6,22,83.5
S04630,ST05,2026-07-18T12:45:00,12,5,17,71,27.0,22,73.6
S04624,ST03,2026-07-18T12:49:00,12,5,30,76,20.4,120,10.2
S04617,ST01,2026-07-18T12:53:00,12,5,44,72,13.9,60,13.9
S04621,ST02,2026-07-18T12:55:00,12,5,37,99,34.0,50,40.8
S04631,ST05,2026-07-18T12:56:00,12,5,18,79,28.9,120,14.4
S04645,ST04,2026-07-18T13:00:00,13,5,31,99,33.1,50,39.7
S04647,ST05,2026-07-18T13:04:00,13,5,12,98,37.6,120,18.8
S04634,ST01,2026-07-18T13:05:00,13,5,23,92,36.0,150,14.4
S04641,ST03,2026-07-18T13:06:00,13,5,34,79,21.9,150,8.8
S04642,ST04,2026-07-18T13:08:00,13,5,42,99,27.6,120,13.8
S04643,ST04,2026-07-18T13:11:00,13,5,39,70,21.7,150,8.7
S04648,ST05,2026-07-18T13:20:00,13,5,50,98,22.6,150,9.0
S04646,ST05,2026-07-18T13:24:00,13,5,26,78,22.1,120,11.1
S04635,ST01,2026-07-18T13:25:00,13,5,46,77,14.7,50,17.6
S04640,ST03,2026-07-18T13:31:00,13,5,46,75,15.2,22,41.5
S04637,ST01,2026-07-18T13:34:00,13,5,30,97,49.7,120,24.9
S04644,ST04,2026-07-18T13:38:00,13,5,36,94,36.4,120,18.2
S04638,ST02,2026-07-18T13:40:00,13,5,28,84,35.4,22,96.5
S04639,ST02,2026-07-18T13:41:00,13,5,31,97,35.3,120,17.6
S04636,ST01,2026-07-18T13:51:00,13,5,49,71,14.2,60,14.2
S04652,ST01,2026-07-18T14:00:00,14,5,26,74,27.4,50,32.9
S04662,ST04,2026-07-18T14:08:00,14,5,41,73,17.9,50,21.5
S04658,ST04,2026-07-18T14:11:00,14,5,42,87,30.0,60,30.0
S04655,ST02,2026-07-18T14:14:00,14,5,47,80,22.4,22,61.1
S04650,ST01,2026-07-18T14:23:00,14,5,17,71,25.2,150,10.1
S04663,ST05,2026-07-18T14:27:00,14,5,45,100,32.8,22,89.5
S04651,ST01,2026-07-18T14:34:00,14,5,10,74,36.6,50,43.9
S04656,ST03,2026-07-18T14:36:00,14,5,12,83,40.7,60,40.7
S04659,ST04,2026-07-18T14:39:00,14,5,42,84,28.0,60,28.0
S04649,ST01,2026-07-18T14:40:00,14,5,29,83,37.3,22,101.7
S04654,ST02,2026-07-18T14:43:00,14,5,27,84,25.1,150,10.0
S04657,ST03,2026-07-18T14:44:00,14,5,48,90,31.0,22,84.5
S04660,ST04,2026-07-18T14:48:00,14,5,32,73,28.7,50,34.4
S04665,ST05,2026-07-18T14:49:00,14,5,12,76,32.4,50,38.9
S04664,ST05,2026-07-18T14:50:00,14,5,16,94,41.7,60,41.7
S04661,ST04,2026-07-18T14:53:00,14,5,31,87,37.1,120,18.6
S04653,ST02,2026-07-18T14:59:00,14,5,42,97,24.0,60,24.0
S04672,ST03,2026-07-18T15:01:00,15,5,21,87,29.4,50,35.3
S04677,ST05,2026-07-18T15:03:00,15,5,41,92,31.0,60,31.0
S04678,ST05,2026-07-18T15:06:00,15,5,46,76,13.7,60,13.7
S04667,ST01,2026-07-18T15:13:00,15,5,45,85,22.2,60,22.2
S04670,ST02,2026-07-18T15:14:00,15,5,10,89,31.9,22,87.0
S04671,ST03,2026-07-18T15:22:00,15,5,22,86,44.1,120,22.1
S04676,ST04,2026-07-18T15:29:00,15,5,18,70,25.7,60,25.7
S04669,ST02,2026-07-18T15:30:00,15,5,38,70,22.1,22,60.3
S04668,ST01,2026-07-18T15:32:00,15,5,24,93,33.3,120,16.6
S04675,ST04,2026-07-18T15:39:00,15,5,12,93,50.9,120,25.4
S04674,ST04,2026-07-18T15:41:00,15,5,20,97,54.2,22,147.8
S04666,ST01,2026-07-18T15:48:00,15,5,43,98,23.3,120,11.7
S04673,ST04,2026-07-18T15:50:00,15,5,20,71,36.9,22,100.6
S04687,ST03,2026-07-18T16:02:00,16,5,22,79,30.4,120,15.2
S04690,ST04,2026-07-18T16:03:00,16,5,19,94,30.9,150,12.4
S04692,ST05,2026-07-18T16:04:00,16,5,46,81,16.4,150,6.6
S04686,ST03,2026-07-18T16:06:00,16,5,16,87,49.0,22,133.6
S04681,ST01,2026-07-18T16:09:00,16,5,27,87,44.0,22,120.0
S04685,ST02,2026-07-18T16:11:00,16,5,28,70,20.7,50,24.8
S04679,ST01,2026-07-18T16:15:00,16,5,45,90,19.2,150,7.7
S04691,ST04,2026-07-18T16:21:00,16,5,25,82,40.6,120,20.3
S04684,ST02,2026-07-18T16:23:00,16,5,15,85,48.6,50,58.3
S04688,ST04,2026-07-18T16:24:00,16,5,23,71,27.2,50,32.6
S04680,ST01,2026-07-18T16:30:00,16,5,49,79,13.0,50,15.6
S04689,ST04,2026-07-18T16:34:00,16,5,35,84,31.5,50,37.8
S04682,ST01,2026-07-18T16:37:00,16,5,45,85,18.1,120,9.1
S04693,ST05,2026-07-18T16:37:00,16,5,11,70,30.6,120,15.3
S04694,ST05,2026-07-18T16:38:00,16,5,30,70,16.8,120,8.4
S04683,ST02,2026-07-18T16:55:00,16,5,46,83,17.5,50,21.0
S04706,ST05,2026-07-18T17:00:00,17,5,19,80,28.3,150,11.3
S04700,ST03,2026-07-18T17:01:00,17,5,26,80,38.0,60,38.0
S04702,ST04,2026-07-18T17:10:00,17,5,45,95,37.4,22,102.0
S04696,ST01,2026-07-18T17:13:00,17,5,49,84,15.1,22,41.2
S04707,ST05,2026-07-18T17:17:00,17,5,15,74,43.3,22,118.1
S04705,ST04,2026-07-18T17:18:00,17,5,18,75,30.0,22,81.8
S04695,ST01,2026-07-18T17:21:00,17,5,46,100,21.8,120,10.9
S04704,ST04,2026-07-18T17:26:00,17,5,13,74,42.0,60,42.0
S04703,ST04,2026-07-18T17:30:00,17,5,10,84,36.3,50,43.6
S04699,ST02,2026-07-18T17:30:00,17,5,14,90,40.8,50,49.0
S04708,ST05,2026-07-18T17:37:00,17,5,27,79,34.3,120,17.1
S04697,ST01,2026-07-18T17:41:00,17,5,38,75,16.9,22,46.1
S04701,ST03,2026-07-18T17:47:00,17,5,36,95,25.9,120,12.9
S04698,ST02,2026-07-18T17:52:00,17,5,34,88,22.4,150,9.0
S04713,ST02,2026-07-18T18:01:00,18,5,18,78,43.9,60,43.9
S04715,ST03,2026-07-18T18:06:00,18,5,46,91,19.7,150,7.9
S04720,ST05,2026-07-18T18:08:00,18,5,23,84,32.5,22,88.6
S04711,ST01,2026-07-18T18:20:00,18,5,16,77,44.1,120,22.1
S04714,ST03,2026-07-18T18:22:00,18,5,17,82,26.8,22,73.1
S04722,ST05,2026-07-18T18:29:00,18,5,26,70,25.5,50,30.6
S04709,ST01,2026-07-18T18:30:00,18,5,21,82,37.6,50,45.1
S04719,ST04,2026-07-18T18:35:00,18,5,37,95,41.0,150,16.4
S04712,ST02,2026-07-18T18:41:00,18,5,39,89,34.3,150,13.7
S04710,ST01,2026-07-18T18:43:00,18,5,21,83,38.7,60,38.7
S04718,ST04,2026-07-18T18:51:00,18,5,44,98,29.4,120,14.7
S04716,ST04,2026-07-18T18:53:00,18,5,15,75,40.9,150,16.4
S04717,ST04,2026-07-18T18:56:00,18,5,35,94,38.1,150,15.2
S04721,ST05,2026-07-18T18:58:00,18,5,10,86,44.4,60,44.4
S04730,ST04,2026-07-18T19:07:00,19,5,24,88,47.2,120,23.6
S04725,ST01,2026-07-18T19:08:00,19,5,15,83,34.4,22,93.8
S04732,ST04,2026-07-18T19:10:00,19,5,14,75,28.7,120,14.3
S04734,ST05,2026-07-18T19:13:00,19,5,23,70,19.8,22,54.0
S04731,ST04,2026-07-18T19:20:00,19,5,27,83,26.1,22,71.2
S04727,ST02,2026-07-18T19:25:00,19,5,48,100,34.1,50,40.9
S04729,ST03,2026-07-18T19:32:00,19,5,37,78,22.8,22,62.2
S04735,ST05,2026-07-18T19:35:00,19,5,43,82,19.0,60,19.0
S04724,ST01,2026-07-18T19:36:00,19,5,12,85,36.6,150,14.6
S04723,ST01,2026-07-18T19:42:00,19,5,45,72,20.0,22,54.5
S04733,ST04,2026-07-18T19:43:00,19,5,19,97,31.6,60,31.6
S04726,ST02,2026-07-18T19:47:00,19,5,43,99,38.5,50,46.2
S04728,ST03,2026-07-18T19:50:00,19,5,30,77,23.4,60,23.4
S04737,ST01,2026-07-18T20:00:00,20,5,10,86,44.3,150,17.7
S04743,ST05,2026-07-18T20:00:00,20,5,44,95,33.5,60,33.5
S04739,ST02,2026-07-18T20:01:00,20,5,47,100,37.1,22,101.2
S04738,ST02,2026-07-18T20:07:00,20,5,26,73,25.5,22,69.5
S04741,ST04,2026-07-18T20:12:00,20,5,39,93,37.3,150,14.9
S04736,ST01,2026-07-18T20:25:00,20,5,39,77,23.1,150,9.2
S04740,ST03,2026-07-18T20:48:00,20,5,50,74,16.5,50,19.8
S04742,ST04,2026-07-18T20:49:00,20,5,46,93,26.4,150,10.6
S04748,ST04,2026-07-18T21:15:00,21,5,38,72,24.7,150,9.9
S04750,ST05,2026-07-18T21:23:00,21,5,26,80,31.1,150,12.4
S04745,ST01,2026-07-18T21:27:00,21,5,40,78,20.4,22,55.6
S04747,ST03,2026-07-18T21:43:00,21,5,24,77,29.3,22,79.9
S04744,ST01,2026-07-18T21:53:00,21,5,15,100,59.4,150,23.8
S04749,ST04,2026-07-18T21:56:00,21,5,15,80,28.1,150,11.2
S04746,ST02,2026-07-18T21:58:00,21,5,48,96,33.3,150,13.3
S04756,ST04,2026-07-18T22:06:00,22,5,13,87,33.2,22,90.5
S04758,ST05,2026-07-18T22:09:00,22,5,18,90,34.4,120,17.2
S04753,ST02,2026-07-18T22:17:00,22,5,36,83,19.3,60,19.3
S04755,ST04,2026-07-18T22:17:00,22,5,35,83,26.6,22,72.5
S04751,ST01,2026-07-18T22:19:00,22,5,19,70,23.8,60,23.8
S04754,ST03,2026-07-18T22:36:00,22,5,48,89,20.0,150,8.0
S04757,ST05,2026-07-18T22:45:00,22,5,44,99,23.8,150,9.5
S04752,ST01,2026-07-18T22:51:00,22,5,10,72,32.7,60,32.7
S04766,ST05,2026-07-18T23:04:00,23,5,50,75,16.9,60,16.9
S04764,ST04,2026-07-18T23:05:00,23,5,20,89,29.9,150,12.0
S04760,ST01,2026-07-18T23:09:00,23,5,12,86,38.6,22,105.3
S04763,ST04,2026-07-18T23:14:00,23,5,32,84,21.1,60,21.1
S04762,ST03,2026-07-18T23:22:00,23,5,50,76,14.1,50,16.9
S04765,ST05,2026-07-18T23:35:00,23,5,31,73,24.9,120,12.4
S04761,ST02,2026-07-18T23:44:00,23,5,30,98,30.4,50,36.5
S04759,ST01,2026-07-18T23:49:00,23,5,28,100,28.8,120,14.4
S04767,ST01,2026-07-19T00:01:00,0,6,28,91,44.3,120,22.1
S04768,ST02,2026-07-19T00:02:00,0,6,13,84,43.4,50,52.1
S04769,ST03,2026-07-19T00:27:00,0,6,36,70,14.2,50,17.0
S04770,ST04,2026-07-19T00:33:00,0,6,19,84,28.0,22,76.4
S04771,ST04,2026-07-19T00:46:00,0,6,21,76,40.9,50,49.1
S04772,ST05,2026-07-19T00:59:00,0,6,50,83,14.0,22,38.2
S04779,ST05,2026-07-19T01:00:00,1,6,33,85,33.9,50,40.7
S04778,ST05,2026-07-19T01:01:00,1,6,16,89,31.5,50,37.8
S04776,ST04,2026-07-19T01:19:00,1,6,21,98,34.7,120,17.4
S04777,ST04,2026-07-19T01:26:00,1,6,24,97,45.4,120,22.7
S04773,ST01,2026-07-19T01:41:00,1,6,26,100,43.4,60,43.4
S04774,ST02,2026-07-19T01:47:00,1,6,37,83,30.5,50,36.6
S04775,ST03,2026-07-19T01:49:00,1,6,26,79,28.3,22,77.2
S04784,ST03,2026-07-19T02:00:00,2,6,42,82,27.9,120,13.9
S04786,ST04,2026-07-19T02:17:00,2,6,14,100,62.3,120,31.1
S04780,ST01,2026-07-19T02:19:00,2,6,41,97,25.3,50,30.4
S04781,ST01,2026-07-19T02:22:00,2,6,45,100,30.1,120,15.1
S04787,ST05,2026-07-19T02:26:00,2,6,44,84,23.1,60,23.1
S04782,ST02,2026-07-19T02:34:00,2,6,20,75,40.1,22,109.4
S04783,ST02,2026-07-19T02:47:00,2,6,18,96,43.7,50,52.4
S04788,ST05,2026-07-19T02:50:00,2,6,49,79,17.0,22,46.4
S04785,ST04,2026-07-19T02:59:00,2,6,35,100,29.5,50,35.4
S04790,ST01,2026-07-19T03:02:00,3,6,36,99,27.6,150,11.0
S04794,ST04,2026-07-19T03:09:00,3,6,15,80,44.0,120,22.0
S04793,ST04,2026-07-19T03:26:00,3,6,34,87,24.0,22,65.5
S04791,ST02,2026-07-19T03:36:00,3,6,40,79,28.9,50,34.7
S04789,ST01,2026-07-19T03:37:00,3,6,13,90,36.4,22,99.3
S04795,ST05,2026-07-19T03:38:00,3,6,32,75,22.6,150,9.0
S04796,ST05,2026-07-19T03:50:00,3,6,21,70,36.2,60,36.2
S04792,ST03,2026-07-19T03:55:00,3,6,27,95,32.2,22,87.8
S04799,ST02,2026-07-19T04:15:00,4,6,10,97,55.2,50,66.2
S04800,ST03,2026-07-19T04:21:00,4,6,47,95,24.0,150,9.6
S04798,ST01,2026-07-19T04:31:00,4,6,22,87,38.5,150,15.4
S04797,ST01,2026-07-19T04:41:00,4,6,15,94,35.0,150,14.0
S04801,ST04,2026-07-19T04:46:00,4,6,14,86,41.8,150,16.7
S04802,ST04,2026-07-19T04:51:00,4,6,36,87,20.8,120,10.4
S04803,ST05,2026-07-19T04:55:00,4,6,11,81,48.7,22,132.8
S04812,ST05,2026-07-19T05:02:00,5,6,10,76,33.3,120,16.6
S04807,ST02,2026-07-19T05:03:00,5,6,29,89,39.6,150,15.8
S04809,ST04,2026-07-19T05:03:00,5,6,22,75,22.4,50,26.9
S04810,ST04,2026-07-19T05:06:00,5,6,48,84,21.3,150,8.5
S04804,ST01,2026-07-19T05:11:00,5,6,15,75,41.1,60,41.1
S04806,ST02,2026-07-19T05:11:00,5,6,25,97,29.5,120,14.8
S04805,ST01,2026-07-19T05:19:00,5,6,22,91,45.7,22,124.6
S04808,ST03,2026-07-19T05:52:00,5,6,25,85,27.0,150,10.8
S04811,ST05,2026-07-19T05:58:00,5,6,13,72,25.4,60,25.4
S04819,ST05,2026-07-19T06:04:00,6,6,23,100,42.6,50,51.1
S04816,ST03,2026-07-19T06:09:00,6,6,32,91,38.4,22,104.7
S04813,ST01,2026-07-19T06:15:00,6,6,16,94,50.0,22,136.4
S04817,ST04,2026-07-19T06:16:00,6,6,16,88,45.1,120,22.6
S04820,ST05,2026-07-19T06:21:00,6,6,43,75,20.7,22,56.5
S04814,ST01,2026-07-19T06:37:00,6,6,39,94,34.6,120,17.3
S04815,ST02,2026-07-19T06:47:00,6,6,16,98,50.9,120,25.4
S04818,ST04,2026-07-19T06:52:00,6,6,43,80,26.0,22,70.9
S04824,ST03,2026-07-19T07:01:00,7,6,45,92,27.2,150,10.9
S04823,ST02,2026-07-19T07:03:00,7,6,24,84,26.4,120,13.2
S04821,ST01,2026-07-19T07:10:00,7,6,45,86,26.1,120,13.1
S04822,ST01,2026-07-19T07:33:00,7,6,10,85,33.6,120,16.8
S04827,ST05,2026-07-19T07:49:00,7,6,17,87,32.9,60,32.9
S04825,ST04,2026-07-19T07:53:00,7,6,19,74,39.2,150,15.7
S04826,ST04,2026-07-19T07:56:00,7,6,47,90,32.1,60,32.1
S04828,ST01,2026-07-19T08:02:00,8,6,38,98,32.8,22,89.5
S04834,ST05,2026-07-19T08:02:00,8,6,34,89,34.9,120,17.4
S04832,ST04,2026-07-19T08:18:00,8,6,22,95,48.8,50,58.6
S04831,ST03,2026-07-19T08:32:00,8,6,12,70,26.6,60,26.6
S04830,ST02,2026-07-19T08:46:00,8,6,45,81,24.3,120,12.2
S04833,ST04,2026-07-19T08:56:00,8,6,35,100,30.2,22,82.4
S04829,ST01,2026-07-19T08:57:00,8,6,10,75,44.2,150,17.7
S04840,ST04,2026-07-19T09:00:00,9,6,40,99,23.8,50,28.6
S04836,ST01,2026-07-19T09:01:00,9,6,34,95,33.8,60,33.8
S04837,ST02,2026-07-19T09:39:00,9,6,17,77,36.1,60,36.1
S04841,ST05,2026-07-19T09:52:00,9,6,43,94,25.0,50,30.0
S04835,ST01,2026-07-19T09:54:00,9,6,39,78,21.0,120,10.5
S04838,ST03,2026-07-19T09:56:00,9,6,19,72,27.2,22,74.2
S04839,ST04,2026-07-19T09:57:00,9,6,29,96,30.2,22,82.4
S04851,ST03,2026-07-19T10:05:00,10,6,10,80,28.4,22,77.5
S04856,ST04,2026-07-19T10:08:00,10,6,44,94,21.3,120,10.7
S04842,ST01,2026-07-19T10:13:00,10,6,17,89,42.4,50,50.9
S04849,ST03,2026-07-19T10:15:00,10,6,24,91,47.1,150,18.8
S04852,ST04,2026-07-19T10:17:00,10,6,41,83,20.6,50,24.7
S04846,ST02,2026-07-19T10:20:00,10,6,24,71,21.2,60,21.2
S04857,ST05,2026-07-19T10:21:00,10,6,16,74,28.0,60,28.0
S04855,ST04,2026-07-19T10:21:00,10,6,30,93,42.1,22,114.8
S04859,ST05,2026-07-19T10:23:00,10,6,26,74,25.5,22,69.5
S04853,ST04,2026-07-19T10:31:00,10,6,42,96,36.9,120,18.4
S04844,ST01,2026-07-19T10:32:00,10,6,14,77,25.7,60,25.7
S04843,ST01,2026-07-19T10:36:00,10,6,18,79,36.0,60,36.0
S04858,ST05,2026-07-19T10:48:00,10,6,46,85,22.5,60,22.5
S04860,ST05,2026-07-19T10:48:00,10,6,48,84,16.4,120,8.2
S04848,ST02,2026-07-19T10:48:00,10,6,45,82,23.8,120,11.9
S04854,ST04,2026-07-19T10:54:00,10,6,17,80,35.6,150,14.2
S04850,ST03,2026-07-19T10:55:00,10,6,31,77,23.4,22,63.8
S04845,ST01,2026-07-19T10:58:00,10,6,16,93,42.3,22,115.4
S04847,ST02,2026-07-19T10:58:00,10,6,14,82,38.5,60,38.5
S04863,ST01,2026-07-19T11:09:00,11,6,12,81,29.2,22,79.6
S04871,ST04,2026-07-19T11:11:00,11,6,31,78,31.5,120,15.8
S04867,ST03,2026-07-19T11:13:00,11,6,16,85,35.3,50,42.4
S04864,ST02,2026-07-19T11:13:00,11,6,13,96,47.7,22,130.1
S04874,ST05,2026-07-19T11:16:00,11,6,18,70,28.9,120,14.4
S04861,ST01,2026-07-19T11:18:00,11,6,28,83,36.6,60,36.6
S04865,ST02,2026-07-19T11:23:00,11,6,34,95,30.0,120,15.0
S04873,ST05,2026-07-19T11:33:00,11,6,29,71,23.4,120,11.7
S04866,ST03,2026-07-19T11:41:00,11,6,24,85,38.6,22,105.3
S04870,ST04,2026-07-19T11:42:00,11,6,21,82,25.5,150,10.2
S04872,ST04,2026-07-19T11:43:00,11,6,43,82,29.0,120,14.5
S04875,ST05,2026-07-19T11:43:00,11,6,23,74,28.9,22,78.8
S04862,ST01,2026-07-19T11:49:00,11,6,27,83,37.6,120,18.8
S04868,ST04,2026-07-19T11:49:00,11,6,21,98,42.7,22,116.5
S04869,ST04,2026-07-19T11:53:00,11,6,29,86,39.7,120,19.9
S04890,ST05,2026-07-19T12:01:00,12,6,25,96,47.8,60,47.8
S04891,ST05,2026-07-19T12:09:00,12,6,21,85,30.3,120,15.2
S04886,ST04,2026-07-19T12:16:00,12,6,10,80,32.7,60,32.7
S04889,ST04,2026-07-19T12:16:00,12,6,20,83,44.0,150,17.6
S04878,ST01,2026-07-19T12:22:00,12,6,48,74,12.4,150,5.0
S04883,ST03,2026-07-19T12:22:00,12,6,11,91,46.7,150,18.7
S04881,ST02,2026-07-19T12:25:00,12,6,47,91,21.2,22,57.8
S04887,ST04,2026-07-19T12:26:00,12,6,38,71,21.7,150,8.7
S04879,ST01,2026-07-19T12:27:00,12,6,42,96,30.6,22,83.5
S04888,ST04,2026-07-19T12:38:00,12,6,39,85,29.8,60,29.8
S04880,ST02,2026-07-19T12:42:00,12,6,11,95,41.3,150,16.5
S04882,ST02,2026-07-19T12:44:00,12,6,31,94,33.4,50,40.1
S04876,ST01,2026-07-19T12:45:00,12,6,23,100,39.9,150,16.0
S04892,ST05,2026-07-19T12:47:00,12,6,18,84,43.2,50,51.8
S04884,ST03,2026-07-19T12:49:00,12,6,19,85,31.0,120,15.5
S04885,ST04,2026-07-19T12:57:00,12,6,30,89,41.2,120,20.6
S04877,ST01,2026-07-19T12:58:00,12,6,35,85,27.3,50,32.8
S04899,ST03,2026-07-19T13:02:00,13,6,33,75,30.6,120,15.3
S04904,ST04,2026-07-19T13:03:00,13,6,37,87,20.4,22,55.6
S04894,ST01,2026-07-19T13:06:00,13,6,16,94,33.2,120,16.6
S04897,ST02,2026-07-19T13:10:00,13,6,49,98,28.9,22,78.8
S04893,ST01,2026-07-19T13:11:00,13,6,21,100,49.4,120,24.7
S04903,ST04,2026-07-19T13:11:00,13,6,35,78,24.7,22,67.4
S04898,ST02,2026-07-19T13:18:00,13,6,27,96,40.9,150,16.4
S04906,ST05,2026-07-19T13:25:00,13,6,22,84,44.0,22,120.0
S04896,ST02,2026-07-19T13:31:00,13,6,16,83,30.7,60,30.7
S04900,ST03,2026-07-19T13:37:00,13,6,10,76,39.9,50,47.9
S04902,ST04,2026-07-19T13:50:00,13,6,45,70,10.8,60,10.8
S04895,ST01,2026-07-19T13:53:00,13,6,33,90,40.5,120,20.2
S04905,ST05,2026-07-19T13:56:00,13,6,11,99,41.9,22,114.3
S04907,ST05,2026-07-19T13:56:00,13,6,31,91,24.2,22,66.0
S04901,ST04,2026-07-19T13:57:00,13,6,21,93,39.2,150,15.7
S04912,ST02,2026-07-19T14:00:00,14,6,44,77,24.3,22,66.3
S04914,ST02,2026-07-19T14:03:00,14,6,20,98,40.7,150,16.3
S04909,ST01,2026-07-19T14:11:00,14,6,26,99,36.3,150,14.5
S04908,ST01,2026-07-19T14:12:00,14,6,23,75,28.3,120,14.2
S04923,ST05,2026-07-19T14:13:00,14,6,47,85,18.7,150,7.5
S04910,ST01,2026-07-19T14:14:00,14,6,17,97,54.6,50,65.5
S04924,ST05,2026-07-19T14:23:00,14,6,11,84,47.7,150,19.1
S04922,ST05,2026-07-19T14:29:00,14,6,20,87,41.9,60,41.9
S04915,ST03,2026-07-19T14:35:00,14,6,30,73,27.7,50,33.2
S04911,ST01,2026-07-19T14:36:00,14,6,27,95,37.8,50,45.4
S04918,ST04,2026-07-19T14:36:00,14,6,17,96,42.3,60,42.3
S04919,ST04,2026-07-19T14:41:00,14,6,13,79,48.9,150,19.6
S04921,ST04,2026-07-19T14:45:00,14,6,36,84,25.8,60,25.8
S04916,ST03,2026-07-19T14:47:00,14,6,48,77,12.9,50,15.5
S04913,ST02,2026-07-19T14:47:00,14,6,35,94,42.8,60,42.8
S04917,ST03,2026-07-19T14:48:00,14,6,41,75,20.0,22,54.5
S04920,ST04,2026-07-19T14:52:00,14,6,37,71,15.1,120,7.5
S04925,ST05,2026-07-19T14:54:00,14,6,44,83,19.7,22,53.7
S04934,ST04,2026-07-19T15:09:00,15,6,33,98,40.8,60,40.8
S04932,ST03,2026-07-19T15:10:00,15,6,32,100,31.8,50,38.2
S04927,ST01,2026-07-19T15:10:00,15,6,12,87,30.3,22,82.6
S04933,ST03,2026-07-19T15:11:00,15,6,10,100,41.3,60,41.3
S04939,ST05,2026-07-19T15:12:00,15,6,20,79,41.1,120,20.6
S04937,ST04,2026-07-19T15:14:00,15,6,35,88,30.6,150,12.2
S04938,ST05,2026-07-19T15:18:00,15,6,23,89,30.9,50,37.1
S04936,ST04,2026-07-19T15:21:00,15,6,28,80,35.3,22,96.3
S04935,ST04,2026-07-19T15:22:00,15,6,13,73,37.0,50,44.4
S04926,ST01,2026-07-19T15:31:00,15,6,33,94,33.2,22,90.5
S04931,ST02,2026-07-19T15:34:00,15,6,46,99,21.8,50,26.2
S04928,ST01,2026-07-19T15:36:00,15,6,20,89,28.7,50,34.4
S04930,ST02,2026-07-19T15:56:00,15,6,25,89,26.3,60,26.3
S04929,ST02,2026-07-19T15:57:00,15,6,33,94,42.0,60,42.0
S04940,ST05,2026-07-19T15:58:00,15,6,20,88,37.4,22,102.0
S04941,ST01,2026-07-19T16:01:00,16,6,32,88,37.0,150,14.8
S04944,ST01,2026-07-19T16:03:00,16,6,38,94,28.9,150,11.6
S04946,ST02,2026-07-19T16:07:00,16,6,19,77,42.8,120,21.4
S04953,ST05,2026-07-19T16:08:00,16,6,37,97,44.0,120,22.0
S04948,ST03,2026-07-19T16:10:00,16,6,14,99,34.4,50,41.3
S04955,ST05,2026-07-19T16:16:00,16,6,34,73,27.8,50,33.4
S04954,ST05,2026-07-19T16:20:00,16,6,19,91,50.3,120,25.1
S04947,ST03,2026-07-19T16:30:00,16,6,39,79,24.2,60,24.2
S04951,ST04,2026-07-19T16:37:00,16,6,18,75,30.7,22,83.7
S04942,ST01,2026-07-19T16:41:00,16,6,24,73,21.8,60,21.8
S04952,ST04,2026-07-19T16:44:00,16,6,24,73,27.9,50,33.5
S04943,ST01,2026-07-19T16:48:00,16,6,27,72,20.5,150,8.2
S04949,ST04,2026-07-19T16:55:00,16,6,27,90,27.2,50,32.6
S04950,ST04,2026-07-19T16:57:00,16,6,38,80,25.9,22,70.6
S04945,ST02,2026-07-19T16:58:00,16,6,49,89,24.6,22,67.1
S04957,ST01,2026-07-19T17:01:00,17,6,10,88,47.4,150,19.0
S04959,ST02,2026-07-19T17:10:00,17,6,16,72,29.3,50,35.2
S04962,ST03,2026-07-19T17:19:00,17,6,25,91,45.8,150,18.3
S04968,ST05,2026-07-19T17:19:00,17,6,44,85,23.5,120,11.8
S04964,ST04,2026-07-19T17:29:00,17,6,48,74,13.8,60,13.8
S04963,ST04,2026-07-19T17:31:00,17,6,47,84,23.1,60,23.1
S04969,ST05,2026-07-19T17:31:00,17,6,50,82,22.1,50,26.5
S04966,ST04,2026-07-19T17:34:00,17,6,25,92,46.0,60,46.0
S04967,ST05,2026-07-19T17:34:00,17,6,17,88,32.9,22,89.7
S04961,ST03,2026-07-19T17:46:00,17,6,18,73,33.2,22,90.5
S04960,ST02,2026-07-19T17:55:00,17,6,31,81,20.2,22,55.1
S04965,ST04,2026-07-19T17:55:00,17,6,18,74,41.4,150,16.6
S04956,ST01,2026-07-19T17:56:00,17,6,49,83,15.0,50,18.0
S04958,ST01,2026-07-19T17:57:00,17,6,27,80,37.4,60,37.4
S04982,ST04,2026-07-19T18:00:00,18,6,16,87,33.0,120,16.5
S04972,ST01,2026-07-19T18:03:00,18,6,20,80,33.8,150,13.5
S04976,ST02,2026-07-19T18:10:00,18,6,30,92,34.3,120,17.1
S04981,ST04,2026-07-19T18:10:00,18,6,45,75,13.8,60,13.8
S04984,ST05,2026-07-19T18:12:00,18,6,47,94,22.9,50,27.5
S04974,ST02,2026-07-19T18:21:00,18,6,50,86,24.3,60,24.3
S04978,ST03,2026-07-19T18:25:00,18,6,40,74,21.4,50,25.7
S04971,ST01,2026-07-19T18:35:00,18,6,37,81,19.1,150,7.6
S04973,ST01,2026-07-19T18:42:00,18,6,28,100,39.7,22,108.3
S04980,ST04,2026-07-19T18:47:00,18,6,33,72,26.3,120,13.2
S04975,ST02,2026-07-19T18:47:00,18,6,43,86,20.1,150,8.0
S04977,ST03,2026-07-19T18:50:00,18,6,21,70,32.3,60,32.3
S04970,ST01,2026-07-19T18:56:00,18,6,25,94,31.7,150,12.7
S04983,ST05,2026-07-19T18:56:00,18,6,29,84,25.3,120,12.7
S04979,ST04,2026-07-19T18:59:00,18,6,23,97,49.8,60,49.8
S04987,ST01,2026-07-19T19:00:00,19,6,10,89,51.0,120,25.5
S04989,ST02,2026-07-19T19:00:00,19,6,26,99,50.4,60,50.4
S04990,ST03,2026-07-19T19:03:00,19,6,47,81,18.7,50,22.4
S04991,ST03,2026-07-19T19:04:00,19,6,40,96,28.0,22,76.4
S04985,ST01,2026-07-19T19:05:00,19,6,20,95,34.3,60,34.3
S04986,ST01,2026-07-19T19:05:00,19,6,28,88,36.0,150,14.4
S04992,ST04,2026-07-19T19:14:00,19,6,49,72,9.6,22,26.2
S04998,ST05,2026-07-19T19:20:00,19,6,35,78,23.2,120,11.6
S04994,ST04,2026-07-19T19:34:00,19,6,49,75,11.6,60,11.6
S04993,ST04,2026-07-19T19:36:00,19,6,24,77,28.1,50,33.7
S04995,ST04,2026-07-19T19:53:00,19,6,39,72,14.2,150,5.7
S04988,ST02,2026-07-19T19:53:00,19,6,38,71,14.8,120,7.4
S04996,ST05,2026-07-19T19:54:00,19,6,10,92,34.1,22,93.0
S04997,ST05,2026-07-19T19:59:00,19,6,43,74,17.4,22,47.5
S04999,ST01,2026-07-19T20:03:00,20,6,40,83,30.3,120,15.2
S05002,ST03,2026-07-19T20:05:00,20,6,38,96,31.8,50,38.2
S05000,ST01,2026-07-19T20:18:00,20,6,23,92,40.3,60,40.3
S05001,ST02,2026-07-19T20:36:00,20,6,30,77,26.4,50,31.7
S05003,ST04,2026-07-19T20:43:00,20,6,17,76,43.9,50,52.7
S05005,ST05,2026-07-19T20:45:00,20,6,15,100,46.9,50,56.3
S05004,ST04,2026-07-19T20:50:00,20,6,36,73,15.0,150,6.0
S05007,ST01,2026-07-19T21:07:00,21,6,22,84,28.7,120,14.3
S05008,ST02,2026-07-19T21:24:00,21,6,43,81,21.5,120,10.8
S05010,ST04,2026-07-19T21:38:00,21,6,28,75,29.1,22,79.4
S05006,ST01,2026-07-19T21:45:00,21,6,16,82,34.5,60,34.5
S05009,ST03,2026-07-19T21:48:00,21,6,12,83,49.7,50,59.6
S05011,ST04,2026-07-19T21:52:00,21,6,27,98,39.0,22,106.4
S05012,ST05,2026-07-19T21:54:00,21,6,31,73,24.3,120,12.2
S05013,ST01,2026-07-19T22:05:00,22,6,41,89,29.5,50,35.4
S05016,ST04,2026-07-19T22:10:00,22,6,24,78,28.1,60,28.1
S05015,ST03,2026-07-19T22:28:00,22,6,29,78,32.8,22,89.5
S05018,ST05,2026-07-19T22:36:00,22,6,10,75,34.2,60,34.2
S05014,ST02,2026-07-19T22:44:00,22,6,21,71,35.4,60,35.4
S05017,ST04,2026-07-19T22:50:00,22,6,22,86,44.1,150,17.6
S05022,ST03,2026-07-19T23:00:00,23,6,48,80,15.3,60,15.3
S05024,ST04,2026-07-19T23:05:00,23,6,35,93,28.9,60,28.9
S05023,ST04,2026-07-19T23:20:00,23,6,40,93,38.7,50,46.4
S05019,ST01,2026-07-19T23:23:00,23,6,24,82,40.3,50,48.4
S05020,ST01,2026-07-19T23:26:00,23,6,45,88,17.8,120,8.9
S05021,ST02,2026-07-19T23:33:00,23,6,37,93,36.2,22,98.7
S05025,ST05,2026-07-19T23:38:00,23,6,11,96,57.7,150,23.1
S05026,ST05,2026-07-19T23:49:00,23,6,24,85,35.8,60,35.8
S05029,ST04,2026-07-20T00:03:00,0,0,35,93,30.8,150,12.3
S05027,ST01,2026-07-20T00:03:00,0,0,29,85,39.0,120,19.5
S05028,ST02,2026-07-20T00:18:00,0,0,24,84,34.6,150,13.8
S05030,ST05,2026-07-20T00:53:00,0,0,32,98,36.0,120,18.0
S05031,ST01,2026-07-20T01:08:00,1,0,34,94,28.9,150,11.6
S05034,ST04,2026-07-20T01:09:00,1,0,38,85,34.0,50,40.8
S05035,ST04,2026-07-20T01:36:00,1,0,17,70,35.6,60,35.6
S05036,ST05,2026-07-20T01:44:00,1,0,39,90,35.4,150,14.2
S05033,ST03,2026-07-20T01:52:00,1,0,43,93,30.7,22,83.7
S05032,ST02,2026-07-20T01:57:00,1,0,14,81,42.3,22,115.4
S05040,ST05,2026-07-20T02:01:00,2,0,35,85,32.3,22,88.1
S05038,ST03,2026-07-20T02:14:00,2,0,25,84,29.1,120,14.6
S05039,ST04,2026-07-20T02:15:00,2,0,23,70,25.3,120,12.7
S05037,ST01,2026-07-20T02:18:00,2,0,25,81,30.5,120,15.2
S05045,ST05,2026-07-20T03:02:00,3,0,34,85,33.8,150,13.5
S05041,ST01,2026-07-20T03:08:00,3,0,21,93,33.4,120,16.7
S05044,ST04,2026-07-20T03:13:00,3,0,42,94,26.8,150,10.7
S05042,ST02,2026-07-20T03:30:00,3,0,46,90,21.9,22,59.7
S05043,ST03,2026-07-20T03:49:00,3,0,42,84,24.3,150,9.7
S05049,ST04,2026-07-20T04:08:00,4,0,17,92,42.0,60,42.0
S05046,ST01,2026-07-20T04:19:00,4,0,20,92,41.8,150,16.7
S05047,ST02,2026-07-20T04:32:00,4,0,40,82,17.2,60,17.2
S05050,ST05,2026-07-20T04:35:00,4,0,37,94,36.8,22,100.4
S05048,ST03,2026-07-20T04:40:00,4,0,30,97,27.3,60,27.3
S05051,ST01,2026-07-20T05:25:00,5,0,38,70,17.4,50,20.9
S05052,ST04,2026-07-20T05:48:00,5,0,20,88,49.4,22,134.7
S05053,ST05,2026-07-20T05:51:00,5,0,47,88,18.9,150,7.6
S05054,ST01,2026-07-20T06:05:00,6,0,46,96,29.4,50,35.3
S05058,ST05,2026-07-20T06:10:00,6,0,11,76,42.3,150,16.9
S05056,ST03,2026-07-20T06:14:00,6,0,39,72,18.5,22,50.5
S05055,ST02,2026-07-20T06:35:00,6,0,19,83,41.3,50,49.6
S05057,ST04,2026-07-20T06:52:00,6,0,29,89,29.5,120,14.8
S05063,ST05,2026-07-20T07:00:00,7,0,33,78,33.7,150,13.5
S05060,ST02,2026-07-20T07:19:00,7,0,50,89,25.1,22,68.5
S05062,ST04,2026-07-20T07:38:00,7,0,21,72,31.4,150,12.6
S05061,ST04,2026-07-20T07:39:00,7,0,36,84,19.6,120,9.8
S05059,ST01,2026-07-20T07:42:00,7,0,25,98,31.4,50,37.7
S05083,ST05,2026-07-20T08:00:00,8,0,37,99,37.7,22,102.8
S05080,ST05,2026-07-20T08:01:00,8,0,39,74,20.3,150,8.1
S05072,ST03,2026-07-20T08:05:00,8,0,31,70,18.3,120,9.2
S05070,ST02,2026-07-20T08:06:00,8,0,34,90,39.1,150,15.6
S05075,ST04,2026-07-20T08:13:00,8,0,11,86,46.5,22,126.8
S05064,ST01,2026-07-20T08:17:00,8,0,24,87,45.3,60,45.3
S05069,ST02,2026-07-20T08:21:00,8,0,43,88,31.6,22,86.2
S05081,ST05,2026-07-20T08:21:00,8,0,46,75,18.1,120,9.1
S05068,ST02,2026-07-20T08:24:00,8,0,27,91,30.6,22,83.5
S05074,ST04,2026-07-20T08:26:00,8,0,50,79,12.0,22,32.7
S05067,ST01,2026-07-20T08:26:00,8,0,40,86,32.2,22,87.8
S05077,ST04,2026-07-20T08:29:00,8,0,20,82,28.1,50,33.7
S05076,ST04,2026-07-20T08:33:00,8,0,50,98,33.8,22,92.2
S05078,ST04,2026-07-20T08:38:00,8,0,36,87,23.5,60,23.5
S05082,ST05,2026-07-20T08:40:00,8,0,27,72,19.2,150,7.7
S05065,ST01,2026-07-20T08:42:00,8,0,25,95,29.3,50,35.2
S05071,ST03,2026-07-20T08:42:00,8,0,19,98,55.1,150,22.0
S05073,ST03,2026-07-20T08:49:00,8,0,12,73,34.6,150,13.8
S05066,ST01,2026-07-20T08:50:00,8,0,14,84,45.8,22,124.9
S05079,ST04,2026-07-20T08:53:00,8,0,29,96,39.1,22,106.6
S05098,ST04,2026-07-20T09:00:00,9,0,18,99,53.8,50,64.6
S05100,ST04,2026-07-20T09:02:00,9,0,32,81,23.4,120,11.7
S05092,ST03,2026-07-20T09:05:00,9,0,21,70,32.2,60,32.2
S05087,ST01,2026-07-20T09:07:00,9,0,39,71,19.9,50,23.9
S05095,ST04,2026-07-20T09:09:00,9,0,24,84,31.6,22,86.2
S05096,ST04,2026-07-20T09:11:00,9,0,45,99,26.6,120,13.3
S05094,ST03,2026-07-20T09:13:00,9,0,36,89,21.5,22,58.6
S05103,ST05,2026-07-20T09:15:00,9,0,35,96,39.4,150,15.8
S05089,ST02,2026-07-20T09:17:00,9,0,27,76,25.2,150,10.1
S05091,ST02,2026-07-20T09:21:00,9,0,43,91,33.0,120,16.5
S05090,ST02,2026-07-20T09:24:00,9,0,50,90,18.6,60,18.6
S05099,ST04,2026-07-20T09:24:00,9,0,30,74,30.6,60,30.6
S05097,ST04,2026-07-20T09:25:00,9,0,13,77,39.3,120,19.6
S05085,ST01,2026-07-20T09:25:00,9,0,35,74,15.8,22,43.1
S05088,ST02,2026-07-20T09:26:00,9,0,22,91,49.4,60,49.4
S05086,ST01,2026-07-20T09:33:00,9,0,18,96,31.7,150,12.7
S05101,ST05,2026-07-20T09:48:00,9,0,15,92,45.2,120,22.6
S05102,ST05,2026-07-20T09:50:00,9,0,33,94,44.5,22,121.4
S05093,ST03,2026-07-20T09:51:00,9,0,19,79,27.4,60,27.4
S05084,ST01,2026-07-20T09:56:00,9,0,34,97,27.6,120,13.8
S05120,ST05,2026-07-20T10:00:00,10,0,29,73,21.4,150,8.6
S05104,ST01,2026-07-20T10:07:00,10,0,32,97,42.3,120,21.1
S05109,ST02,2026-07-20T10:08:00,10,0,33,88,28.0,120,14.0
S05121,ST05,2026-07-20T10:11:00,10,0,13,86,53.4,60,53.4
S05117,ST04,2026-07-20T10:15:00,10,0,23,80,37.8,120,18.9
S05118,ST05,2026-07-20T10:25:00,10,0,45,86,23.1,120,11.6
S05106,ST01,2026-07-20T10:26:00,10,0,19,76,42.0,50,50.4
S05107,ST01,2026-07-20T10:27:00,10,0,12,82,37.9,120,18.9
S05119,ST05,2026-07-20T10:28:00,10,0,49,75,13.8,120,6.9
S05113,ST04,2026-07-20T10:29:00,10,0,46,88,22.8,50,27.4
S05105,ST01,2026-07-20T10:31:00,10,0,25,86,32.3,120,16.1
S05111,ST03,2026-07-20T10:33:00,10,0,34,75,18.8,120,9.4
S05112,ST03,2026-07-20T10:36:00,10,0,49,74,10.1,120,5.0
S05108,ST02,2026-07-20T10:39:00,10,0,43,83,20.0,22,54.5
S05114,ST04,2026-07-20T10:57:00,10,0,32,82,30.7,150,12.3
S05115,ST04,2026-07-20T10:58:00,10,0,48,91,29.6,150,11.8
S05116,ST04,2026-07-20T10:58:00,10,0,48,95,34.4,150,13.8
S05110,ST02,2026-07-20T10:58:00,10,0,21,74,35.1,60,35.1
S05125,ST02,2026-07-20T11:03:00,11,0,39,99,32.4,150,13.0
S05124,ST01,2026-07-20T11:08:00,11,0,35,70,14.4,22,39.3
S05132,ST04,2026-07-20T11:10:00,11,0,18,79,43.8,60,43.8
S05128,ST03,2026-07-20T11:13:00,11,0,29,73,17.9,150,7.2
S05134,ST05,2026-07-20T11:21:00,11,0,24,70,27.6,120,13.8
S05131,ST04,2026-07-20T11:27:00,11,0,30,96,41.9,60,41.9
S05130,ST04,2026-07-20T11:30:00,11,0,18,71,32.2,150,12.9
S05129,ST04,2026-07-20T11:31:00,11,0,30,74,31.5,150,12.6
S05123,ST01,2026-07-20T11:33:00,11,0,22,94,43.9,50,52.7
S05133,ST05,2026-07-20T11:45:00,11,0,19,71,30.2,50,36.2
S05126,ST02,2026-07-20T11:46:00,11,0,14,100,58.3,50,70.0
S05122,ST01,2026-07-20T11:52:00,11,0,25,73,24.7,150,9.9
S05127,ST03,2026-07-20T11:55:00,11,0,28,93,47.3,22,129.0
S05145,ST05,2026-07-20T12:04:00,12,0,22,85,39.8,60,39.8
S05136,ST01,2026-07-20T12:16:00,12,0,45,98,32.7,50,39.2
S05142,ST04,2026-07-20T12:21:00,12,0,40,74,22.6,60,22.6
S05140,ST03,2026-07-20T12:23:00,12,0,25,90,47.3,120,23.6
S05139,ST02,2026-07-20T12:25:00,12,0,44,74,21.2,22,57.8
S05135,ST01,2026-07-20T12:27:00,12,0,48,100,35.4,150,14.2
S05144,ST04,2026-07-20T12:31:00,12,0,26,73,30.5,60,30.5
S05141,ST03,2026-07-20T12:39:00,12,0,36,83,20.5,150,8.2
S05138,ST02,2026-07-20T12:52:00,12,0,12,90,58.2,60,58.2
S05146,ST05,2026-07-20T12:54:00,12,0,35,73,15.4,120,7.7
S05143,ST04,2026-07-20T12:54:00,12,0,10,79,33.6,60,33.6
S05137,ST01,2026-07-20T12:58:00,12,0,46,100,40.1,150,16.0
S05148,ST01,2026-07-20T13:03:00,13,0,24,83,25.4,150,10.2
S05151,ST02,2026-07-20T13:12:00,13,0,43,85,19.6,120,9.8
S05147,ST01,2026-07-20T13:12:00,13,0,20,72,29.8,60,29.8
S05152,ST03,2026-07-20T13:19:00,13,0,21,95,37.2,60,37.2
S05157,ST05,2026-07-20T13:20:00,13,0,14,94,53.2,22,145.1
S05155,ST04,2026-07-20T13:26:00,13,0,18,94,36.4,22,99.3
S05153,ST04,2026-07-20T13:28:00,13,0,28,87,36.2,60,36.2
S05154,ST04,2026-07-20T13:31:00,13,0,37,70,18.3,150,7.3
S05150,ST02,2026-07-20T13:47:00,13,0,47,89,27.4,150,11.0
S05149,ST01,2026-07-20T13:48:00,13,0,21,100,32.8,60,32.8
S05158,ST05,2026-07-20T13:50:00,13,0,40,90,20.6,150,8.2
S05156,ST05,2026-07-20T13:56:00,13,0,10,92,56.8,120,28.4
S05166,ST04,2026-07-20T14:03:00,14,0,41,96,31.1,22,84.8
S05162,ST02,2026-07-20T14:04:00,14,0,45,95,26.2,22,71.5
S05170,ST05,2026-07-20T14:09:00,14,0,21,72,34.8,22,94.9
S05167,ST04,2026-07-20T14:18:00,14,0,10,88,37.9,22,103.4
S05168,ST05,2026-07-20T14:20:00,14,0,29,73,25.9,22,70.6
S05163,ST02,2026-07-20T14:22:00,14,0,32,87,36.3,22,99.0
S05159,ST01,2026-07-20T14:22:00,14,0,15,85,45.0,50,54.0
S05161,ST01,2026-07-20T14:22:00,14,0,34,76,31.1,22,84.8
S05165,ST04,2026-07-20T14:23:00,14,0,25,89,40.5,120,20.2
S05169,ST05,2026-07-20T14:48:00,14,0,25,89,46.3,150,18.5
S05164,ST03,2026-07-20T14:53:00,14,0,38,78,19.8,150,7.9
S05160,ST01,2026-07-20T14:55:00,14,0,44,88,22.9,60,22.9
S05175,ST02,2026-07-20T15:10:00,15,0,48,92,22.8,120,11.4
S05172,ST01,2026-07-20T15:15:00,15,0,42,81,28.1,150,11.2
S05177,ST04,2026-07-20T15:26:00,15,0,18,76,24.3,50,29.2
S05176,ST03,2026-07-20T15:27:00,15,0,48,76,19.7,50,23.6
S05179,ST04,2026-07-20T15:32:00,15,0,42,98,23.4,120,11.7
S05180,ST05,2026-07-20T15:32:00,15,0,48,87,22.2,22,60.5
S05174,ST02,2026-07-20T15:34:00,15,0,44,70,11.8,60,11.8
S05173,ST01,2026-07-20T15:35:00,15,0,35,91,41.0,22,111.8
S05171,ST01,2026-07-20T15:37:00,15,0,34,82,32.1,22,87.5
S05181,ST05,2026-07-20T15:38:00,15,0,20,71,37.9,22,103.4
S05178,ST04,2026-07-20T15:38:00,15,0,39,79,19.7,22,53.7
S05190,ST04,2026-07-20T16:17:00,16,0,33,92,29.4,120,14.7
S05193,ST05,2026-07-20T16:18:00,16,0,34,93,25.1,150,10.0
S05185,ST02,2026-07-20T16:35:00,16,0,31,87,23.3,50,28.0
S05194,ST05,2026-07-20T16:36:00,16,0,31,93,30.1,60,30.1
S05189,ST04,2026-07-20T16:38:00,16,0,40,91,20.5,120,10.2
S05182,ST01,2026-07-20T16:39:00,16,0,15,87,49.9,60,49.9
S05187,ST03,2026-07-20T16:41:00,16,0,35,71,18.1,120,9.1
S05188,ST04,2026-07-20T16:43:00,16,0,20,74,21.9,50,26.3
S05191,ST04,2026-07-20T16:46:00,16,0,13,97,49.2,50,59.0
S05184,ST01,2026-07-20T16:51:00,16,0,34,82,20.9,60,20.9
S05186,ST02,2026-07-20T16:51:00,16,0,35,77,19.5,22,53.2
S05183,ST01,2026-07-20T16:55:00,16,0,24,72,20.7,50,24.8
S05192,ST05,2026-07-20T16:57:00,16,0,22,72,27.8,22,75.8
S05200,ST02,2026-07-20T17:00:00,17,0,23,99,40.7,120,20.4
S05199,ST01,2026-07-20T17:01:00,17,0,18,81,35.9,150,14.4
S05201,ST02,2026-07-20T17:03:00,17,0,31,99,46.5,120,23.2
S05204,ST03,2026-07-20T17:05:00,17,0,50,83,16.3,22,44.5
S05198,ST01,2026-07-20T17:08:00,17,0,34,72,25.0,60,25.0
S05213,ST05,2026-07-20T17:08:00,17,0,39,81,30.3,120,15.2
S05196,ST01,2026-07-20T17:08:00,17,0,36,75,19.0,150,7.6
S05208,ST04,2026-07-20T17:08:00,17,0,11,89,38.4,50,46.1
S05202,ST02,2026-07-20T17:15:00,17,0,12,82,37.7,120,18.9
S05216,ST05,2026-07-20T17:18:00,17,0,45,100,33.6,60,33.6
S05197,ST01,2026-07-20T17:24:00,17,0,10,81,34.2,22,93.3
S05212,ST04,2026-07-20T17:25:00,17,0,12,71,36.5,150,14.6
S05210,ST04,2026-07-20T17:36:00,17,0,39,92,32.3,50,38.8
S05206,ST03,2026-07-20T17:37:00,17,0,12,88,33.5,50,40.2
S05205,ST03,2026-07-20T17:39:00,17,0,44,88,19.5,50,23.4
S05215,ST05,2026-07-20T17:40:00,17,0,47,100,23.7,60,23.7
S05209,ST04,2026-07-20T17:44:00,17,0,22,94,52.6,60,52.6
S05207,ST04,2026-07-20T17:47:00,17,0,25,90,26.7,60,26.7
S05195,ST01,2026-07-20T17:50:00,17,0,41,95,28.9,120,14.4
S05203,ST02,2026-07-20T17:53:00,17,0,10,81,29.5,150,11.8
S05211,ST04,2026-07-20T17:54:00,17,0,17,88,44.5,50,53.4
S05214,ST05,2026-07-20T17:59:00,17,0,28,91,32.3,60,32.3
S05231,ST04,2026-07-20T18:03:00,18,0,32,86,29.9,22,81.5
S05234,ST05,2026-07-20T18:03:00,18,0,34,100,32.5,60,32.5
S05224,ST02,2026-07-20T18:06:00,18,0,36,96,26.9,150,10.8
S05227,ST03,2026-07-20T18:08:00,18,0,22,81,40.1,22,109.4
S05221,ST01,2026-07-20T18:10:00,18,0,20,89,46.8,60,46.8
S05235,ST05,2026-07-20T18:13:00,18,0,16,91,51.3,120,25.6
S05233,ST04,2026-07-20T18:13:00,18,0,25,88,32.4,120,16.2
S05217,ST01,2026-07-20T18:14:00,18,0,42,72,13.3,22,36.3
S05220,ST01,2026-07-20T18:18:00,18,0,28,94,34.0,120,17.0
S05228,ST04,2026-07-20T18:23:00,18,0,11,72,32.4,50,38.9
S05232,ST04,2026-07-20T18:23:00,18,0,18,75,27.9,22,76.1
S05219,ST01,2026-07-20T18:24:00,18,0,32,90,30.3,50,36.4
S05223,ST02,2026-07-20T18:24:00,18,0,10,77,49.5,120,24.8
S05230,ST04,2026-07-20T18:27:00,18,0,41,95,23.4,120,11.7
S05225,ST03,2026-07-20T18:28:00,18,0,10,79,38.4,50,46.1
S05222,ST02,2026-07-20T18:31:00,18,0,49,85,15.1,120,7.5
S05237,ST05,2026-07-20T18:36:00,18,0,15,94,49.4,150,19.8
S05236,ST05,2026-07-20T18:37:00,18,0,13,80,43.7,22,119.2
S05218,ST01,2026-07-20T18:40:00,18,0,45,73,18.2,150,7.3
S05229,ST04,2026-07-20T18:43:00,18,0,10,72,34.4,22,93.8
S05226,ST03,2026-07-20T18:48:00,18,0,36,98,44.8,22,122.2
S05243,ST02,2026-07-20T19:03:00,19,0,21,77,41.9,120,20.9
S05256,ST05,2026-07-20T19:06:00,19,0,26,92,49.3,22,134.5
S05249,ST03,2026-07-20T19:13:00,19,0,46,97,27.6,60,27.6
S05247,ST03,2026-07-20T19:15:00,19,0,23,76,37.0,50,44.4
S05245,ST02,2026-07-20T19:16:00,19,0,25,97,29.0,22,79.1
S05253,ST04,2026-07-20T19:16:00,19,0,20,84,36.2,50,43.4
S05240,ST01,2026-07-20T19:24:00,19,0,17,87,33.8,60,33.8
S05252,ST04,2026-07-20T19:24:00,19,0,49,97,29.2,50,35.0
S05257,ST05,2026-07-20T19:27:00,19,0,49,76,13.0,50,15.6
S05242,ST01,2026-07-20T19:29:00,19,0,35,87,38.2,60,38.2
S05259,ST05,2026-07-20T19:31:00,19,0,14,89,45.5,50,54.6
S05258,ST05,2026-07-20T19:33:00,19,0,27,79,23.3,60,23.3
S05238,ST01,2026-07-20T19:34:00,19,0,35,83,35.4,60,35.4
S05246,ST02,2026-07-20T19:36:00,19,0,21,75,22.1,60,22.1
S05254,ST04,2026-07-20T19:39:00,19,0,20,77,37.2,60,37.2
S05255,ST04,2026-07-20T19:41:00,19,0,19,71,23.3,50,28.0
S05248,ST03,2026-07-20T19:44:00,19,0,48,92,25.0,50,30.0
S05241,ST01,2026-07-20T19:45:00,19,0,48,85,18.2,150,7.3
S05251,ST04,2026-07-20T19:48:00,19,0,20,96,40.9,120,20.4
S05244,ST02,2026-07-20T19:54:00,19,0,40,95,36.1,150,14.4
S05239,ST01,2026-07-20T19:54:00,19,0,35,88,25.2,60,25.2
S05250,ST04,2026-07-20T19:55:00,19,0,45,99,24.1,50,28.9
S05260,ST01,2026-07-20T20:00:00,20,0,40,80,27.5,22,75.0
S05278,ST05,2026-07-20T20:00:00,20,0,12,77,42.1,50,50.5
S05270,ST03,2026-07-20T20:00:00,20,0,23,87,33.7,50,40.4
S05275,ST04,2026-07-20T20:01:00,20,0,37,85,32.3,60,32.3
S05262,ST01,2026-07-20T20:03:00,20,0,38,80,23.2,150,9.3
S05264,ST01,2026-07-20T20:07:00,20,0,11,70,38.4,120,19.2
S05265,ST02,2026-07-20T20:15:00,20,0,23,91,30.9,120,15.5
S05281,ST05,2026-07-20T20:18:00,20,0,46,84,18.8,150,7.5
S05269,ST03,2026-07-20T20:19:00,20,0,40,70,21.7,120,10.8
S05261,ST01,2026-07-20T20:21:00,20,0,27,92,33.8,120,16.9
S05277,ST04,2026-07-20T20:23:00,20,0,46,99,21.2,120,10.6
S05271,ST03,2026-07-20T20:24:00,20,0,12,80,41.8,50,50.2
S05268,ST02,2026-07-20T20:26:00,20,0,42,92,36.8,120,18.4
S05267,ST02,2026-07-20T20:29:00,20,0,39,76,17.4,22,47.5
S05282,ST05,2026-07-20T20:31:00,20,0,47,76,12.7,50,15.2
S05276,ST04,2026-07-20T20:32:00,20,0,20,83,35.2,50,42.2
S05263,ST01,2026-07-20T20:39:00,20,0,14,76,36.8,50,44.2
S05266,ST02,2026-07-20T20:40:00,20,0,19,99,35.6,120,17.8
S05273,ST04,2026-07-20T20:46:00,20,0,12,90,44.1,60,44.1
S05274,ST04,2026-07-20T20:46:00,20,0,13,74,43.6,60,43.6
S05272,ST04,2026-07-20T20:50:00,20,0,29,74,27.9,22,76.1
S05279,ST05,2026-07-20T20:51:00,20,0,42,91,36.4,120,18.2
S05280,ST05,2026-07-20T20:56:00,20,0,26,100,40.3,22,109.9
S05288,ST05,2026-07-20T21:08:00,21,0,18,93,35.8,150,14.3
S05285,ST02,2026-07-20T21:16:00,21,0,48,99,33.0,120,16.5
S05287,ST04,2026-07-20T21:38:00,21,0,23,74,35.1,120,17.6
S05283,ST01,2026-07-20T21:44:00,21,0,46,91,25.6,150,10.2
S05284,ST01,2026-07-20T21:53:00,21,0,44,92,23.9,150,9.6
S05286,ST04,2026-07-20T21:56:00,21,0,30,96,33.6,60,33.6
S05292,ST05,2026-07-20T22:11:00,22,0,38,83,29.7,50,35.6
S05289,ST01,2026-07-20T22:24:00,22,0,16,74,25.2,150,10.1
S05291,ST04,2026-07-20T22:59:00,22,0,31,77,22.4,22,61.1
S05290,ST02,2026-07-20T22:59:00,22,0,44,95,32.0,22,87.3
S05293,ST01,2026-07-20T23:12:00,23,0,47,86,25.2,60,25.2
S05294,ST02,2026-07-20T23:19:00,23,0,21,96,53.3,50,64.0
S05296,ST04,2026-07-20T23:32:00,23,0,42,86,19.8,50,23.8
S05297,ST05,2026-07-20T23:33:00,23,0,44,90,26.2,60,26.2
S05295,ST03,2026-07-20T23:45:00,23,0,39,93,31.1,120,15.5
S05299,ST02,2026-07-21T00:04:00,0,1,22,92,45.7,150,18.3
S05300,ST03,2026-07-21T00:25:00,0,1,29,84,36.4,150,14.6
S05302,ST05,2026-07-21T00:43:00,0,1,38,89,25.2,120,12.6
S05298,ST01,2026-07-21T00:54:00,0,1,28,72,23.6,22,64.4
S05301,ST04,2026-07-21T00:55:00,0,1,27,82,22.5,60,22.5
S05306,ST05,2026-07-21T01:06:00,1,1,36,80,23.1,60,23.1
S05304,ST02,2026-07-21T01:28:00,1,1,19,76,30.7,22,83.7
S05305,ST04,2026-07-21T01:36:00,1,1,19,83,27.5,120,13.8
S05303,ST01,2026-07-21T01:43:00,1,1,44,77,24.4,150,9.8
S05311,ST05,2026-07-21T02:21:00,2,1,43,95,35.5,150,14.2
S05309,ST03,2026-07-21T02:22:00,2,1,41,81,17.4,50,20.9
S05310,ST04,2026-07-21T02:27:00,2,1,27,70,17.3,120,8.7
S05307,ST01,2026-07-21T02:43:00,2,1,42,83,30.0,60,30.0
S05308,ST02,2026-07-21T02:59:00,2,1,43,100,30.8,60,30.8
S05314,ST03,2026-07-21T03:16:00,3,1,14,94,46.3,150,18.5
S05312,ST01,2026-07-21T03:18:00,3,1,13,81,28.9,120,14.4
S05315,ST04,2026-07-21T03:18:00,3,1,10,74,43.6,50,52.3
S05313,ST02,2026-07-21T03:20:00,3,1,16,74,26.8,60,26.8
S05316,ST05,2026-07-21T03:26:00,3,1,44,83,15.8,50,19.0
S05319,ST04,2026-07-21T04:09:00,4,1,23,86,39.4,22,107.5
S05320,ST04,2026-07-21T04:11:00,4,1,12,95,53.4,22,145.6
S05318,ST02,2026-07-21T04:15:00,4,1,36,76,16.6,150,6.6
S05321,ST05,2026-07-21T04:47:00,4,1,44,77,13.6,150,5.4
S05317,ST01,2026-07-21T04:52:00,4,1,40,97,23.6,22,64.4
S05325,ST05,2026-07-21T05:09:00,5,1,45,78,14.5,60,14.5
S05322,ST01,2026-07-21T05:17:00,5,1,14,76,30.6,150,12.2
S05323,ST03,2026-07-21T05:40:00,5,1,14,96,50.2,150,20.1
S05324,ST04,2026-07-21T05:54:00,5,1,46,98,29.7,60,29.7
S05328,ST03,2026-07-21T06:00:00,6,1,46,80,19.5,50,23.4
S05326,ST01,2026-07-21T06:17:00,6,1,43,70,13.6,22,37.1
S05327,ST02,2026-07-21T06:22:00,6,1,34,94,38.5,60,38.5
S05329,ST04,2026-07-21T06:43:00,6,1,11,98,45.1,150,18.0
S05334,ST05,2026-07-21T07:14:00,7,1,16,88,47.6,120,23.8
S05330,ST01,2026-07-21T07:27:00,7,1,10,75,42.3,60,42.3
S05332,ST03,2026-07-21T07:33:00,7,1,48,94,20.7,150,8.3
S05331,ST02,2026-07-21T07:41:00,7,1,12,95,40.0,22,109.1
S05333,ST04,2026-07-21T07:53:00,7,1,11,84,34.1,60,34.1
S05342,ST02,2026-07-21T08:01:00,8,1,33,93,35.5,150,14.2
S05336,ST01,2026-07-21T08:07:00,8,1,29,72,24.9,120,12.4
S05343,ST03,2026-07-21T08:10:00,8,1,39,83,30.5,60,30.5
S05345,ST03,2026-07-21T08:12:00,8,1,10,82,39.0,150,15.6
S05338,ST01,2026-07-21T08:12:00,8,1,10,86,44.3,50,53.2
S05341,ST02,2026-07-21T08:15:00,8,1,24,75,37.7,120,18.9
S05351,ST05,2026-07-21T08:15:00,8,1,18,84,43.1,50,51.7
S05348,ST04,2026-07-21T08:18:00,8,1,19,98,42.1,60,42.1
S05339,ST02,2026-07-21T08:20:00,8,1,43,97,29.1,150,11.6
S05354,ST05,2026-07-21T08:30:00,8,1,46,71,10.3,120,5.2
S05335,ST01,2026-07-21T08:34:00,8,1,37,84,24.8,60,24.8
S05350,ST04,2026-07-21T08:35:00,8,1,47,96,20.0,120,10.0
S05353,ST05,2026-07-21T08:37:00,8,1,11,74,44.7,50,53.6
S05346,ST04,2026-07-21T08:41:00,8,1,15,81,28.5,150,11.4
S05352,ST05,2026-07-21T08:41:00,8,1,40,73,18.4,150,7.4
S05337,ST01,2026-07-21T08:47:00,8,1,27,99,46.1,50,55.3
S05340,ST02,2026-07-21T08:51:00,8,1,27,73,27.6,50,33.1
S05349,ST04,2026-07-21T08:52:00,8,1,31,88,29.0,150,11.6
S05347,ST04,2026-07-21T08:59:00,8,1,15,84,40.7,50,48.8
S05344,ST03,2026-07-21T08:59:00,8,1,43,76,14.3,120,7.2
S05361,ST02,2026-07-21T09:04:00,9,1,32,88,23.7,120,11.8
S05364,ST03,2026-07-21T09:13:00,9,1,42,78,21.3,120,10.7
S05355,ST01,2026-07-21T09:17:00,9,1,44,90,28.7,22,78.3
S05358,ST01,2026-07-21T09:26:00,9,1,41,80,19.9,150,8.0
S05372,ST05,2026-07-21T09:32:00,9,1,18,96,53.3,120,26.6
S05365,ST04,2026-07-21T09:33:00,9,1,11,97,39.1,22,106.6
S05362,ST03,2026-07-21T09:35:00,9,1,47,79,16.9,150,6.8
S05357,ST01,2026-07-21T09:37:00,9,1,30,92,30.4,120,15.2
S05367,ST04,2026-07-21T09:37:00,9,1,35,91,24.5,22,66.8
S05369,ST04,2026-07-21T09:40:00,9,1,31,93,26.7,150,10.7
S05371,ST05,2026-07-21T09:41:00,9,1,34,97,39.7,22,108.3
S05356,ST01,2026-07-21T09:42:00,9,1,45,78,22.6,120,11.3
S05366,ST04,2026-07-21T09:43:00,9,1,40,82,18.0,50,21.6
S05363,ST03,2026-07-21T09:48:00,9,1,50,82,14.7,150,5.9
S05359,ST02,2026-07-21T09:52:00,9,1,44,87,26.6,22,72.5
S05360,ST02,2026-07-21T09:53:00,9,1,38,93,26.0,150,10.4
S05370,ST05,2026-07-21T09:59:00,9,1,46,90,29.8,150,11.9
S05368,ST04,2026-07-21T09:59:00,9,1,50,95,28.5,22,77.7
S05374,ST01,2026-07-21T10:02:00,10,1,17,71,30.2,50,36.2
S05388,ST04,2026-07-21T10:02:00,10,1,29,81,38.7,150,15.5
S05390,ST05,2026-07-21T10:03:00,10,1,16,94,35.4,50,42.5
S05389,ST05,2026-07-21T10:04:00,10,1,29,72,21.8,120,10.9
S05376,ST01,2026-07-21T10:09:00,10,1,34,87,32.5,50,39.0
S05381,ST03,2026-07-21T10:12:00,10,1,31,81,32.1,22,87.5
S05375,ST01,2026-07-21T10:14:00,10,1,40,94,24.4,150,9.8
S05379,ST02,2026-07-21T10:15:00,10,1,30,71,22.4,60,22.4
S05373,ST01,2026-07-21T10:25:00,10,1,34,92,38.6,150,15.4
S05385,ST04,2026-07-21T10:28:00,10,1,12,81,30.7,22,83.7
S05387,ST04,2026-07-21T10:33:00,10,1,27,92,44.7,60,44.7
S05386,ST04,2026-07-21T10:33:00,10,1,40,89,30.0,50,36.0
S05380,ST03,2026-07-21T10:39:00,10,1,36,97,35.5,50,42.6
S05384,ST04,2026-07-21T10:40:00,10,1,12,91,54.9,60,54.9
S05391,ST05,2026-07-21T10:41:00,10,1,30,97,28.0,120,14.0
S05378,ST02,2026-07-21T10:42:00,10,1,29,89,42.9,22,117.0
S05382,ST03,2026-07-21T10:51:00,10,1,41,84,20.8,22,56.7
S05383,ST04,2026-07-21T10:53:00,10,1,23,73,25.7,60,25.7
S05377,ST02,2026-07-21T10:57:00,10,1,42,91,35.5,120,17.8
S05400,ST04,2026-07-21T11:04:00,11,1,37,76,28.4,150,11.4
S05401,ST04,2026-07-21T11:20:00,11,1,40,76,24.0,150,9.6
S05403,ST05,2026-07-21T11:23:00,11,1,38,92,38.9,150,15.6
S05399,ST04,2026-07-21T11:27:00,11,1,37,100,31.8,22,86.7
S05392,ST01,2026-07-21T11:28:00,11,1,17,80,39.0,120,19.5
S05405,ST05,2026-07-21T11:32:00,11,1,35,100,38.7,50,46.4
S05397,ST03,2026-07-21T11:32:00,11,1,28,78,27.2,120,13.6
S05395,ST02,2026-07-21T11:34:00,11,1,13,97,59.5,50,71.4
S05398,ST03,2026-07-21T11:36:00,11,1,28,70,30.3,50,36.4
S05394,ST01,2026-07-21T11:37:00,11,1,50,84,24.1,120,12.1
S05396,ST02,2026-07-21T11:40:00,11,1,29,95,44.4,60,44.4
S05402,ST04,2026-07-21T11:42:00,11,1,23,97,32.7,150,13.1
S05393,ST01,2026-07-21T11:52:00,11,1,44,89,19.2,22,52.4
S05404,ST05,2026-07-21T11:58:00,11,1,19,91,39.9,22,108.8
S05415,ST04,2026-07-21T12:07:00,12,1,37,72,19.4,60,19.4
S05406,ST01,2026-07-21T12:08:00,12,1,46,96,21.6,150,8.6
S05416,ST05,2026-07-21T12:10:00,12,1,20,72,30.1,22,82.1
S05408,ST01,2026-07-21T12:14:00,12,1,21,79,25.0,60,25.0
S05411,ST03,2026-07-21T12:19:00,12,1,28,95,35.8,120,17.9
S05409,ST02,2026-07-21T12:22:00,12,1,50,93,21.0,50,25.2
S05407,ST01,2026-07-21T12:23:00,12,1,29,90,27.9,50,33.5
S05417,ST05,2026-07-21T12:25:00,12,1,46,87,17.4,60,17.4
S05410,ST02,2026-07-21T12:37:00,12,1,37,95,31.1,120,15.5
S05413,ST04,2026-07-21T12:40:00,12,1,46,81,20.7,22,56.5
S05412,ST03,2026-07-21T12:45:00,12,1,26,82,25.9,22,70.6
S05414,ST04,2026-07-21T12:58:00,12,1,50,85,17.3,150,6.9
S05418,ST01,2026-07-21T13:06:00,13,1,24,95,47.4,60,47.4
S05428,ST05,2026-07-21T13:20:00,13,1,35,99,31.0,50,37.2
S05426,ST04,2026-07-21T13:26:00,13,1,34,84,28.0,150,11.2
S05422,ST02,2026-07-21T13:37:00,13,1,18,87,37.4,50,44.9
S05419,ST01,2026-07-21T13:42:00,13,1,40,82,27.1,22,73.9
S05420,ST01,2026-07-21T13:45:00,13,1,47,78,21.3,50,25.6
S05427,ST04,2026-07-21T13:47:00,13,1,34,83,26.7,22,72.8
S05423,ST03,2026-07-21T13:49:00,13,1,11,95,38.1,60,38.1
S05421,ST02,2026-07-21T13:51:00,13,1,38,79,16.8,50,20.2
S05429,ST05,2026-07-21T13:51:00,13,1,12,74,42.0,50,50.4
S05425,ST04,2026-07-21T13:52:00,13,1,21,73,31.0,50,37.2
S05424,ST03,2026-07-21T13:59:00,13,1,11,88,50.4,150,20.2
S05431,ST01,2026-07-21T14:02:00,14,1,14,98,62.7,120,31.4
S05435,ST03,2026-07-21T14:07:00,14,1,27,79,21.3,50,25.6
S05434,ST03,2026-07-21T14:20:00,14,1,19,90,36.0,120,18.0
S05439,ST05,2026-07-21T14:31:00,14,1,18,82,30.5,150,12.2
S05432,ST02,2026-07-21T14:35:00,14,1,24,98,40.5,60,40.5
S05440,ST05,2026-07-21T14:37:00,14,1,32,93,43.7,120,21.9
S05433,ST02,2026-07-21T14:39:00,14,1,11,73,35.1,120,17.6
S05430,ST01,2026-07-21T14:44:00,14,1,24,78,33.2,150,13.3
S05436,ST04,2026-07-21T14:49:00,14,1,32,72,22.4,120,11.2
S05438,ST04,2026-07-21T14:55:00,14,1,34,96,25.9,150,10.4
S05437,ST04,2026-07-21T14:58:00,14,1,33,83,35.4,50,42.5
S05444,ST02,2026-07-21T15:13:00,15,1,45,80,14.0,50,16.8
S05452,ST05,2026-07-21T15:22:00,15,1,15,73,28.5,150,11.4
S05451,ST05,2026-07-21T15:30:00,15,1,28,88,41.4,50,49.7
S05448,ST04,2026-07-21T15:34:00,15,1,24,88,25.6,120,12.8
S05441,ST01,2026-07-21T15:40:00,15,1,31,81,30.2,50,36.2
S05442,ST01,2026-07-21T15:40:00,15,1,21,85,41.0,120,20.5
S05445,ST02,2026-07-21T15:47:00,15,1,31,80,20.7,50,24.8
S05449,ST04,2026-07-21T15:48:00,15,1,25,100,36.1,60,36.1
S05446,ST03,2026-07-21T15:50:00,15,1,27,94,33.6,60,33.6
S05443,ST01,2026-07-21T15:54:00,15,1,26,95,29.8,150,11.9
S05447,ST03,2026-07-21T15:56:00,15,1,45,82,21.0,50,25.2
S05450,ST04,2026-07-21T15:59:00,15,1,33,78,24.0,22,65.5
S05455,ST01,2026-07-21T16:00:00,16,1,47,80,16.5,120,8.2
S05454,ST01,2026-07-21T16:04:00,16,1,18,97,50.6,60,50.6
S05461,ST04,2026-07-21T16:10:00,16,1,50,73,16.8,22,45.8
S05460,ST04,2026-07-21T16:16:00,16,1,24,83,33.5,120,16.8
S05456,ST02,2026-07-21T16:27:00,16,1,37,73,20.9,22,57.0
S05453,ST01,2026-07-21T16:33:00,16,1,39,88,33.7,50,40.4
S05462,ST05,2026-07-21T16:35:00,16,1,14,87,40.9,22,111.5
S05459,ST04,2026-07-21T16:37:00,16,1,15,80,28.1,22,76.6
S05463,ST05,2026-07-21T16:39:00,16,1,35,90,32.1,120,16.1
S05457,ST02,2026-07-21T16:44:00,16,1,43,95,27.6,22,75.3
S05458,ST03,2026-07-21T16:46:00,16,1,44,85,30.2,22,82.4
S05468,ST01,2026-07-21T17:00:00,17,1,35,71,15.1,50,18.1
S05472,ST03,2026-07-21T17:01:00,17,1,35,83,27.3,22,74.5
S05477,ST04,2026-07-21T17:02:00,17,1,30,77,33.1,150,13.2
S05483,ST05,2026-07-21T17:07:00,17,1,23,75,25.2,150,10.1
S05478,ST04,2026-07-21T17:08:00,17,1,21,91,32.3,60,32.3
S05476,ST04,2026-07-21T17:08:00,17,1,18,97,35.4,22,96.5
S05471,ST02,2026-07-21T17:10:00,17,1,28,93,28.2,60,28.2
S05482,ST05,2026-07-21T17:14:00,17,1,21,81,27.8,120,13.9
S05475,ST04,2026-07-21T17:15:00,17,1,23,97,48.8,50,58.6
S05484,ST05,2026-07-21T17:16:00,17,1,31,96,45.6,60,45.6
S05481,ST05,2026-07-21T17:19:00,17,1,23,77,32.5,50,39.0
S05473,ST03,2026-07-21T17:20:00,17,1,14,78,32.8,150,13.1
S05464,ST01,2026-07-21T17:21:00,17,1,39,96,23.9,150,9.6
S05467,ST01,2026-07-21T17:23:00,17,1,26,75,31.7,50,38.0
S05479,ST04,2026-07-21T17:24:00,17,1,18,90,29.5,150,11.8
S05469,ST02,2026-07-21T17:32:00,17,1,37,97,31.0,60,31.0
S05474,ST03,2026-07-21T17:36:00,17,1,19,70,22.1,120,11.1
S05465,ST01,2026-07-21T17:41:00,17,1,10,74,44.9,150,18.0
S05466,ST01,2026-07-21T17:42:00,17,1,22,77,39.8,22,108.5
S05480,ST04,2026-07-21T17:48:00,17,1,12,97,36.2,50,43.4
S05470,ST02,2026-07-21T17:58:00,17,1,11,91,41.1,50,49.3
S05497,ST04,2026-07-21T18:06:00,18,1,27,85,39.1,60,39.1
S05502,ST04,2026-07-21T18:08:00,18,1,50,98,32.1,150,12.8
S05499,ST04,2026-07-21T18:10:00,18,1,28,98,38.8,60,38.8
S05487,ST01,2026-07-21T18:11:00,18,1,26,88,35.9,120,17.9
S05506,ST05,2026-07-21T18:12:00,18,1,50,87,26.9,60,26.9
S05488,ST01,2026-07-21T18:12:00,18,1,27,75,31.7,150,12.7
S05485,ST01,2026-07-21T18:13:00,18,1,29,75,26.5,60,26.5
S05498,ST04,2026-07-21T18:14:00,18,1,25,82,39.7,60,39.7
S05507,ST05,2026-07-21T18:17:00,18,1,23,100,48.6,120,24.3
S05501,ST04,2026-07-21T18:21:00,18,1,23,87,38.6,120,19.3
S05494,ST03,2026-07-21T18:21:00,18,1,46,97,21.6,120,10.8
S05493,ST02,2026-07-21T18:21:00,18,1,21,82,45.4,120,22.7
S05489,ST01,2026-07-21T18:22:00,18,1,25,83,38.4,120,19.2
S05505,ST05,2026-07-21T18:30:00,18,1,15,75,37.5,120,18.8
S05504,ST05,2026-07-21T18:31:00,18,1,47,74,13.6,60,13.6
S05491,ST02,2026-07-21T18:40:00,18,1,50,81,14.3,120,7.2
S05503,ST05,2026-07-21T18:47:00,18,1,25,74,24.6,120,12.3
S05495,ST03,2026-07-21T18:48:00,18,1,34,100,30.0,50,36.0
S05486,ST01,2026-07-21T18:49:00,18,1,29,89,33.3,22,90.8
S05492,ST02,2026-07-21T18:53:00,18,1,24,81,30.9,22,84.3
S05496,ST03,2026-07-21T18:55:00,18,1,50,86,15.2,120,7.6
S05490,ST02,2026-07-21T18:55:00,18,1,25,78,33.5,150,13.4
S05500,ST04,2026-07-21T18:59:00,18,1,35,83,31.3,50,37.6
S05516,ST02,2026-07-21T19:08:00,19,1,34,71,20.9,50,25.1
S05527,ST05,2026-07-21T19:13:00,19,1,35,96,36.6,150,14.6
S05515,ST02,2026-07-21T19:15:00,19,1,11,85,50.5,120,25.2
S05521,ST04,2026-07-21T19:18:00,19,1,35,95,28.1,60,28.1
S05510,ST01,2026-07-21T19:18:00,19,1,46,85,23.7,50,28.4
S05524,ST04,2026-07-21T19:24:00,19,1,28,81,35.1,50,42.1
S05509,ST01,2026-07-21T19:26:00,19,1,16,82,43.3,50,52.0
S05513,ST02,2026-07-21T19:32:00,19,1,15,73,31.2,150,12.5
S05508,ST01,2026-07-21T19:32:00,19,1,37,77,25.4,22,69.3
S05520,ST04,2026-07-21T19:36:00,19,1,23,73,22.3,22,60.8
S05526,ST05,2026-07-21T19:37:00,19,1,47,90,30.7,22,83.7
S05511,ST01,2026-07-21T19:39:00,19,1,48,94,32.7,150,13.1
S05518,ST03,2026-07-21T19:39:00,19,1,37,96,33.6,150,13.4
S05514,ST02,2026-07-21T19:41:00,19,1,22,92,39.3,22,107.2
S05529,ST05,2026-07-21T19:44:00,19,1,34,92,29.1,120,14.6
S05517,ST03,2026-07-21T19:49:00,19,1,10,100,39.0,150,15.6
S05512,ST01,2026-07-21T19:50:00,19,1,14,83,29.9,50,35.9
S05522,ST04,2026-07-21T19:50:00,19,1,38,82,20.4,60,20.4
S05523,ST04,2026-07-21T19:53:00,19,1,19,93,44.6,50,53.5
S05528,ST05,2026-07-21T19:54:00,19,1,15,91,33.3,120,16.6
S05519,ST03,2026-07-21T19:57:00,19,1,11,87,54.2,120,27.1
S05525,ST04,2026-07-21T19:58:00,19,1,22,89,29.4,50,35.3
S05546,ST04,2026-07-21T20:02:00,20,1,14,98,51.9,22,141.5
S05532,ST01,2026-07-21T20:02:00,20,1,16,100,45.1,50,54.1
S05543,ST04,2026-07-21T20:03:00,20,1,29,90,43.6,50,52.3
S05541,ST04,2026-07-21T20:05:00,20,1,16,82,26.6,60,26.6
S05539,ST03,2026-07-21T20:05:00,20,1,13,100,37.0,120,18.5
S05547,ST05,2026-07-21T20:09:00,20,1,17,100,57.8,50,69.4
S05535,ST02,2026-07-21T20:12:00,20,1,24,77,26.2,60,26.2
S05550,ST05,2026-07-21T20:13:00,20,1,30,76,19.6,22,53.5
S05536,ST02,2026-07-21T20:13:00,20,1,40,99,37.4,120,18.7
S05531,ST01,2026-07-21T20:14:00,20,1,23,80,27.2,22,74.2
S05548,ST05,2026-07-21T20:16:00,20,1,42,98,37.0,60,37.0
S05534,ST02,2026-07-21T20:17:00,20,1,47,71,16.0,22,43.6
S05538,ST03,2026-07-21T20:18:00,20,1,12,96,50.2,60,50.2
S05549,ST05,2026-07-21T20:19:00,20,1,45,78,23.5,22,64.1
S05533,ST01,2026-07-21T20:22:00,20,1,46,70,10.6,50,12.7
S05530,ST01,2026-07-21T20:26:00,20,1,38,91,21.7,150,8.7
S05540,ST03,2026-07-21T20:31:00,20,1,48,76,11.6,60,11.6
S05542,ST04,2026-07-21T20:37:00,20,1,47,91,27.7,22,75.5
S05537,ST02,2026-07-21T20:42:00,20,1,23,100,49.3,150,19.7
S05545,ST04,2026-07-21T20:54:00,20,1,36,99,27.8,150,11.1
S05544,ST04,2026-07-21T20:57:00,20,1,12,74,36.3,120,18.1
S05552,ST03,2026-07-21T21:24:00,21,1,13,72,30.3,120,15.2
S05551,ST01,2026-07-21T21:36:00,21,1,16,85,47.8,150,19.1
S05553,ST04,2026-07-21T21:44:00,21,1,15,95,45.9,50,55.1
S05554,ST05,2026-07-21T21:50:00,21,1,16,88,46.0,22,125.5
S05557,ST02,2026-07-21T22:07:00,22,1,18,96,45.8,60,45.8
S05555,ST01,2026-07-21T22:19:00,22,1,39,91,36.6,50,43.9
S05559,ST04,2026-07-21T22:27:00,22,1,40,97,33.0,120,16.5
S05560,ST05,2026-07-21T22:55:00,22,1,37,76,23.9,50,28.7
S05558,ST04,2026-07-21T22:59:00,22,1,14,94,58.0,50,69.6
S05556,ST01,2026-07-21T22:59:00,22,1,43,87,30.0,22,81.8
S05561,ST01,2026-07-21T23:05:00,23,1,12,99,54.2,60,54.2
S05564,ST05,2026-07-21T23:05:00,23,1,31,76,23.2,120,11.6
S05563,ST04,2026-07-21T23:07:00,23,1,32,79,33.2,22,90.5
S05562,ST02,2026-07-21T23:07:00,23,1,34,73,26.3,60,26.3
S05568,ST04,2026-07-22T00:18:00,0,2,41,93,35.5,120,17.8
S05566,ST02,2026-07-22T00:22:00,0,2,31,75,33.0,50,39.6
S05565,ST01,2026-07-22T00:27:00,0,2,21,82,25.8,150,10.3
S05567,ST03,2026-07-22T00:31:00,0,2,29,98,29.4,50,35.3
S05569,ST05,2026-07-22T00:38:00,0,2,49,78,16.9,60,16.9
S05571,ST02,2026-07-22T01:03:00,1,2,11,81,30.6,60,30.6
S05573,ST04,2026-07-22T01:09:00,1,2,21,84,39.3,22,107.2
S05572,ST03,2026-07-22T01:22:00,1,2,35,76,21.6,150,8.6
S05574,ST05,2026-07-22T01:24:00,1,2,35,74,26.0,60,26.0
S05570,ST01,2026-07-22T01:38:00,1,2,28,86,34.8,150,13.9
S05575,ST01,2026-07-22T02:01:00,2,2,26,82,39.5,120,19.8
S05577,ST05,2026-07-22T02:24:00,2,2,42,90,35.3,120,17.6
S05576,ST04,2026-07-22T02:41:00,2,2,27,73,31.9,22,87.0
S05579,ST02,2026-07-22T03:06:00,3,2,10,70,44.3,120,22.1
S05578,ST01,2026-07-22T03:16:00,3,2,12,95,53.5,120,26.8
S05581,ST04,2026-07-22T03:34:00,3,2,19,70,28.8,50,34.6
S05580,ST03,2026-07-22T03:38:00,3,2,13,91,38.6,22,105.3
S05582,ST05,2026-07-22T03:46:00,3,2,17,73,29.3,50,35.2
S05583,ST01,2026-07-22T04:09:00,4,2,45,74,13.4,150,5.4
S05585,ST05,2026-07-22T04:19:00,4,2,12,70,28.7,22,78.3
S05584,ST04,2026-07-22T04:20:00,4,2,19,86,31.3,150,12.5
S05588,ST03,2026-07-22T05:01:00,5,2,30,76,23.5,120,11.8
S05589,ST04,2026-07-22T05:10:00,5,2,43,88,20.1,22,54.8
S05586,ST01,2026-07-22T05:35:00,5,2,27,84,34.9,22,95.2
S05591,ST05,2026-07-22T05:35:00,5,2,12,89,51.3,150,20.5
S05590,ST04,2026-07-22T05:50:00,5,2,37,79,18.5,60,18.5
S05587,ST02,2026-07-22T05:56:00,5,2,16,92,33.5,50,40.2
S05593,ST02,2026-07-22T06:06:00,6,2,49,79,21.6,60,21.6
S05592,ST01,2026-07-22T06:08:00,6,2,44,70,18.1,22,49.4
S05595,ST05,2026-07-22T06:16:00,6,2,28,85,33.9,120,16.9
S05594,ST04,2026-07-22T06:21:00,6,2,18,95,51.3,22,139.9
S05600,ST05,2026-07-22T07:06:00,7,2,24,96,45.4,120,22.7
S05598,ST04,2026-07-22T07:31:00,7,2,45,90,29.2,22,79.6
S05597,ST03,2026-07-22T07:35:00,7,2,49,77,11.4,50,13.7
S05599,ST04,2026-07-22T07:43:00,7,2,24,84,35.7,22,97.4
S05596,ST01,2026-07-22T07:56:00,7,2,50,74,14.2,50,17.0
S05611,ST04,2026-07-22T08:02:00,8,2,15,82,34.3,120,17.1
S05613,ST04,2026-07-22T08:04:00,8,2,29,88,42.2,22,115.1
S05614,ST04,2026-07-22T08:08:00,8,2,32,77,28.0,150,11.2
S05619,ST05,2026-07-22T08:15:00,8,2,19,98,38.5,50,46.2
S05610,ST03,2026-07-22T08:15:00,8,2,24,84,39.9,60,39.9
S05615,ST04,2026-07-22T08:17:00,8,2,22,85,41.1,150,16.4
S05605,ST02,2026-07-22T08:17:00,8,2,21,88,47.8,22,130.4
S05617,ST05,2026-07-22T08:19:00,8,2,39,94,38.1,50,45.7
S05603,ST01,2026-07-22T08:20:00,8,2,32,99,38.4,60,38.4
S05618,ST05,2026-07-22T08:20:00,8,2,10,87,38.4,50,46.1
S05612,ST04,2026-07-22T08:26:00,8,2,15,99,40.1,150,16.0
S05602,ST01,2026-07-22T08:36:00,8,2,10,80,48.0,150,19.2
S05604,ST01,2026-07-22T08:37:00,8,2,46,79,21.3,22,58.1
S05616,ST05,2026-07-22T08:40:00,8,2,49,97,25.9,60,25.9
S05607,ST02,2026-07-22T08:40:00,8,2,13,92,39.8,50,47.8
S05609,ST03,2026-07-22T08:46:00,8,2,13,82,35.6,120,17.8
S05608,ST03,2026-07-22T08:51:00,8,2,44,83,15.8,22,43.1
S05606,ST02,2026-07-22T08:53:00,8,2,36,89,39.1,150,15.6
S05601,ST01,2026-07-22T08:58:00,8,2,25,96,46.3,150,18.5
S05625,ST02,2026-07-22T09:00:00,9,2,20,78,26.5,120,13.2
S05620,ST01,2026-07-22T09:00:00,9,2,12,78,28.2,50,33.8
S05633,ST04,2026-07-22T09:01:00,9,2,29,72,23.3,150,9.3
S05626,ST02,2026-07-22T09:03:00,9,2,25,94,32.7,50,39.2
S05638,ST05,2026-07-22T09:07:00,9,2,24,88,29.1,22,79.4
S05630,ST04,2026-07-22T09:08:00,9,2,48,83,18.8,150,7.5
S05628,ST03,2026-07-22T09:14:00,9,2,15,80,40.6,50,48.7
S05632,ST04,2026-07-22T09:18:00,9,2,20,89,31.0,50,37.2
S05621,ST01,2026-07-22T09:19:00,9,2,17,93,39.2,50,47.0
S05623,ST01,2026-07-22T09:21:00,9,2,30,84,26.9,150,10.8
S05624,ST02,2026-07-22T09:24:00,9,2,21,96,43.1,120,21.6
S05629,ST03,2026-07-22T09:33:00,9,2,34,77,17.9,22,48.8
S05635,ST04,2026-07-22T09:37:00,9,2,21,98,41.7,150,16.7
S05631,ST04,2026-07-22T09:38:00,9,2,15,84,31.4,120,15.7
S05627,ST02,2026-07-22T09:39:00,9,2,31,91,36.6,60,36.6
S05637,ST05,2026-07-22T09:52:00,9,2,32,94,25.5,50,30.6
S05636,ST05,2026-07-22T09:54:00,9,2,10,82,34.4,50,41.3
S05622,ST01,2026-07-22T09:55:00,9,2,35,89,23.6,150,9.4
S05634,ST04,2026-07-22T09:59:00,9,2,21,98,34.0,50,40.8
S05643,ST02,2026-07-22T10:00:00,10,2,13,90,31.4,150,12.6
S05656,ST05,2026-07-22T10:03:00,10,2,32,75,27.1,120,13.6
S05657,ST05,2026-07-22T10:04:00,10,2,18,70,35.1,50,42.1
S05646,ST03,2026-07-22T10:04:00,10,2,42,93,27.0,150,10.8
S05645,ST02,2026-07-22T10:11:00,10,2,31,82,33.2,60,33.2
S05654,ST04,2026-07-22T10:12:00,10,2,49,92,30.9,22,84.3
S05649,ST04,2026-07-22T10:13:00,10,2,18,93,36.2,120,18.1
S05647,ST03,2026-07-22T10:19:00,10,2,10,93,46.3,150,18.5
S05640,ST01,2026-07-22T10:26:00,10,2,16,91,45.4,22,123.8
S05652,ST04,2026-07-22T10:28:00,10,2,28,96,33.0,22,90.0
S05655,ST05,2026-07-22T10:31:00,10,2,37,83,29.9,60,29.9
S05658,ST05,2026-07-22T10:35:00,10,2,15,96,52.3,60,52.3
S05641,ST01,2026-07-22T10:36:00,10,2,25,90,31.5,60,31.5
S05642,ST01,2026-07-22T10:39:00,10,2,24,85,37.3,22,101.7
S05644,ST02,2026-07-22T10:41:00,10,2,31,83,22.6,50,27.1
S05650,ST04,2026-07-22T10:41:00,10,2,50,84,19.1,150,7.6
S05639,ST01,2026-07-22T10:49:00,10,2,32,70,17.7,22,48.3
S05651,ST04,2026-07-22T10:49:00,10,2,14,79,33.5,60,33.5
S05653,ST04,2026-07-22T10:50:00,10,2,17,89,36.3,60,36.3
S05648,ST03,2026-07-22T10:51:00,10,2,19,77,23.2,60,23.2
S05668,ST05,2026-07-22T11:02:00,11,2,11,100,58.9,120,29.4
S05659,ST01,2026-07-22T11:03:00,11,2,36,91,23.4,150,9.4
S05660,ST01,2026-07-22T11:03:00,11,2,19,74,26.7,22,72.8
S05667,ST04,2026-07-22T11:05:00,11,2,28,97,31.3,60,31.3
S05663,ST02,2026-07-22T11:15:00,11,2,18,74,26.3,120,13.2
S05664,ST03,2026-07-22T11:22:00,11,2,47,74,11.5,50,13.8
S05666,ST04,2026-07-22T11:23:00,11,2,36,77,29.5,22,80.5
S05661,ST01,2026-07-22T11:25:00,11,2,40,90,29.6,120,14.8
S05665,ST04,2026-07-22T11:40:00,11,2,43,93,25.0,150,10.0
S05662,ST02,2026-07-22T11:40:00,11,2,40,90,27.5,60,27.5
S05669,ST05,2026-07-22T11:53:00,11,2,31,94,45.2,150,18.1
S05674,ST02,2026-07-22T12:06:00,12,2,41,91,29.7,120,14.8
S05673,ST02,2026-07-22T12:08:00,12,2,40,94,39.8,60,39.8
S05678,ST04,2026-07-22T12:10:00,12,2,37,82,22.6,120,11.3
S05671,ST01,2026-07-22T12:13:00,12,2,19,78,32.6,150,13.0
S05681,ST05,2026-07-22T12:22:00,12,2,24,100,51.9,50,62.3
S05679,ST04,2026-07-22T12:28:00,12,2,24,97,51.9,22,141.5
S05682,ST05,2026-07-22T12:31:00,12,2,33,91,31.2,120,15.6
S05675,ST03,2026-07-22T12:36:00,12,2,14,98,62.6,50,75.1
S05670,ST01,2026-07-22T12:36:00,12,2,19,97,37.8,22,103.1
S05677,ST04,2026-07-22T12:42:00,12,2,11,96,45.5,60,45.5
S05672,ST01,2026-07-22T12:42:00,12,2,50,86,25.1,120,12.6
S05680,ST04,2026-07-22T12:51:00,12,2,19,85,30.6,60,30.6
S05676,ST03,2026-07-22T12:58:00,12,2,43,74,12.8,22,34.9
S05686,ST02,2026-07-22T13:08:00,13,2,30,70,29.4,150,11.8
S05687,ST02,2026-07-22T13:08:00,13,2,46,83,19.0,150,7.6
S05685,ST01,2026-07-22T13:18:00,13,2,33,96,27.9,60,27.9
S05683,ST01,2026-07-22T13:26:00,13,2,26,86,33.3,60,33.3
S05692,ST04,2026-07-22T13:37:00,13,2,23,78,35.2,60,35.2
S05684,ST01,2026-07-22T13:37:00,13,2,37,75,17.4,150,7.0
S05690,ST04,2026-07-22T13:45:00,13,2,41,75,20.7,50,24.8
S05691,ST04,2026-07-22T13:47:00,13,2,30,92,25.3,120,12.7
S05695,ST05,2026-07-22T13:50:00,13,2,22,79,40.6,120,20.3
S05688,ST03,2026-07-22T13:54:00,13,2,17,74,39.1,22,106.6
S05689,ST03,2026-07-22T13:55:00,13,2,36,94,25.8,120,12.9
S05693,ST04,2026-07-22T13:55:00,13,2,18,72,24.1,22,65.7
S05694,ST05,2026-07-22T13:55:00,13,2,33,98,26.1,50,31.3
S05704,ST04,2026-07-22T14:00:00,14,2,35,76,22.2,50,26.6
S05706,ST05,2026-07-22T14:00:00,14,2,17,72,41.0,50,49.2
S05707,ST05,2026-07-22T14:01:00,14,2,13,98,60.4,150,24.2
S05700,ST02,2026-07-22T14:05:00,14,2,28,84,33.3,50,40.0
S05701,ST03,2026-07-22T14:12:00,14,2,38,90,34.1,50,40.9
S05699,ST02,2026-07-22T14:13:00,14,2,24,90,40.5,50,48.6
S05698,ST01,2026-07-22T14:23:00,14,2,17,97,46.6,22,127.1
S05705,ST04,2026-07-22T14:42:00,14,2,18,97,55.5,150,22.2
S05702,ST03,2026-07-22T14:44:00,14,2,13,99,51.5,60,51.5
S05703,ST04,2026-07-22T14:45:00,14,2,35,85,27.0,120,13.5
S05697,ST01,2026-07-22T14:46:00,14,2,46,84,26.6,50,31.9
S05696,ST01,2026-07-22T14:54:00,14,2,10,79,49.6,120,24.8
S05718,ST05,2026-07-22T15:04:00,15,2,16,98,42.3,120,21.1
S05719,ST05,2026-07-22T15:07:00,15,2,40,81,27.7,150,11.1
S05711,ST02,2026-07-22T15:10:00,15,2,44,89,24.4,22,66.5
S05716,ST04,2026-07-22T15:16:00,15,2,49,81,21.4,22,58.4
S05712,ST03,2026-07-22T15:24:00,15,2,10,97,45.0,60,45.0
S05710,ST02,2026-07-22T15:28:00,15,2,46,82,14.7,150,5.9
S05714,ST04,2026-07-22T15:35:00,15,2,33,99,36.1,150,14.4
S05713,ST03,2026-07-22T15:38:00,15,2,28,98,38.7,150,15.5
S05715,ST04,2026-07-22T15:45:00,15,2,13,73,42.2,50,50.6
S05709,ST01,2026-07-22T15:49:00,15,2,44,76,15.1,50,18.1
S05708,ST01,2026-07-22T15:58:00,15,2,27,74,25.2,60,25.2
S05717,ST05,2026-07-22T15:59:00,15,2,23,81,24.2,22,66.0
S05727,ST04,2026-07-22T16:02:00,16,2,49,90,16.6,120,8.3
S05723,ST02,2026-07-22T16:15:00,16,2,14,81,36.3,150,14.5
S05722,ST01,2026-07-22T16:18:00,16,2,26,90,27.1,60,27.1
S05724,ST02,2026-07-22T16:21:00,16,2,14,91,36.6,60,36.6
S05726,ST04,2026-07-22T16:29:00,16,2,30,81,29.4,50,35.3
S05721,ST01,2026-07-22T16:33:00,16,2,42,88,28.7,22,78.3
S05728,ST04,2026-07-22T16:33:00,16,2,30,82,25.9,22,70.6
S05725,ST03,2026-07-22T16:40:00,16,2,16,78,36.0,50,43.2
S05729,ST05,2026-07-22T16:52:00,16,2,38,87,24.1,22,65.7
S05720,ST01,2026-07-22T16:57:00,16,2,13,87,52.3,50,62.8
S05730,ST05,2026-07-22T16:59:00,16,2,48,71,10.4,120,5.2
S05747,ST04,2026-07-22T17:00:00,17,2,22,70,21.7,150,8.7
S05751,ST05,2026-07-22T17:10:00,17,2,30,74,31.1,60,31.1
S05743,ST04,2026-07-22T17:10:00,17,2,34,82,30.3,22,82.6
S05737,ST02,2026-07-22T17:12:00,17,2,22,75,28.9,120,14.4
S05742,ST03,2026-07-22T17:15:00,17,2,25,88,39.7,150,15.9
S05750,ST05,2026-07-22T17:16:00,17,2,30,72,26.2,22,71.5
S05752,ST05,2026-07-22T17:19:00,17,2,37,73,26.6,22,72.5
S05748,ST04,2026-07-22T17:21:00,17,2,23,75,37.2,120,18.6
S05739,ST02,2026-07-22T17:21:00,17,2,44,76,17.0,60,17.0
S05736,ST02,2026-07-22T17:24:00,17,2,38,81,25.9,150,10.4
S05746,ST04,2026-07-22T17:27:00,17,2,45,85,24.5,50,29.4
S05735,ST01,2026-07-22T17:27:00,17,2,17,72,32.9,120,16.4
S05741,ST03,2026-07-22T17:28:00,17,2,19,87,36.0,60,36.0
S05744,ST04,2026-07-22T17:29:00,17,2,40,80,23.8,22,64.9
S05734,ST01,2026-07-22T17:33:00,17,2,34,83,36.4,150,14.6
S05740,ST03,2026-07-22T17:34:00,17,2,14,88,38.6,60,38.6
S05731,ST01,2026-07-22T17:42:00,17,2,16,82,47.1,150,18.8
S05745,ST04,2026-07-22T17:43:00,17,2,31,87,38.4,120,19.2
S05733,ST01,2026-07-22T17:44:00,17,2,16,83,29.0,60,29.0
S05732,ST01,2026-07-22T17:44:00,17,2,45,90,29.1,120,14.6
S05749,ST05,2026-07-22T17:48:00,17,2,34,83,29.8,50,35.8
S05738,ST02,2026-07-22T17:55:00,17,2,12,93,41.5,22,113.2
S05771,ST05,2026-07-22T18:01:00,18,2,49,92,22.7,50,27.2
S05761,ST03,2026-07-22T18:05:00,18,2,19,72,22.1,50,26.5
S05767,ST04,2026-07-22T18:06:00,18,2,34,81,30.5,120,15.2
S05760,ST02,2026-07-22T18:12:00,18,2,10,94,51.3,22,139.9
S05770,ST05,2026-07-22T18:15:00,18,2,22,79,38.3,22,104.5
S05769,ST04,2026-07-22T18:18:00,18,2,12,89,47.2,120,23.6
S05768,ST04,2026-07-22T18:22:00,18,2,35,82,31.5,120,15.8
S05753,ST01,2026-07-22T18:29:00,18,2,22,100,56.2,150,22.5
S05757,ST01,2026-07-22T18:30:00,18,2,39,99,39.7,22,108.3
S05765,ST04,2026-07-22T18:30:00,18,2,16,94,48.1,120,24.1
S05763,ST03,2026-07-22T18:31:00,18,2,23,98,47.8,22,130.4
S05755,ST01,2026-07-22T18:40:00,18,2,39,94,38.0,150,15.2
S05764,ST04,2026-07-22T18:42:00,18,2,40,97,39.2,120,19.6
S05773,ST05,2026-07-22T18:43:00,18,2,33,76,28.9,150,11.6
S05759,ST02,2026-07-22T18:44:00,18,2,40,90,28.8,120,14.4
S05762,ST03,2026-07-22T18:45:00,18,2,27,74,22.0,60,22.0
S05758,ST02,2026-07-22T18:48:00,18,2,42,79,16.6,50,19.9
S05756,ST01,2026-07-22T18:55:00,18,2,20,100,45.5,120,22.8
S05754,ST01,2026-07-22T18:58:00,18,2,46,99,30.0,22,81.8
S05766,ST04,2026-07-22T18:59:00,18,2,17,91,44.6,120,22.3
S05772,ST05,2026-07-22T18:59:00,18,2,28,100,32.3,120,16.1
S05780,ST02,2026-07-22T19:04:00,19,2,35,92,39.3,50,47.2
S05775,ST01,2026-07-22T19:04:00,19,2,26,77,38.0,22,103.6
S05795,ST05,2026-07-22T19:18:00,19,2,10,71,41.7,50,50.0
S05778,ST01,2026-07-22T19:21:00,19,2,41,95,33.7,22,91.9
S05779,ST02,2026-07-22T19:21:00,19,2,12,93,52.3,22,142.6
S05792,ST05,2026-07-22T19:23:00,19,2,19,94,43.6,60,43.6
S05788,ST04,2026-07-22T19:24:00,19,2,25,98,47.4,120,23.7
S05793,ST05,2026-07-22T19:25:00,19,2,44,80,17.7,150,7.1
S05781,ST02,2026-07-22T19:26:00,19,2,10,70,34.6,50,41.5
S05776,ST01,2026-07-22T19:29:00,19,2,11,81,45.0,120,22.5
S05791,ST05,2026-07-22T19:31:00,19,2,18,96,49.1,120,24.6
S05785,ST04,2026-07-22T19:32:00,19,2,42,92,23.6,120,11.8
S05782,ST03,2026-07-22T19:35:00,19,2,46,92,21.8,60,21.8
S05787,ST04,2026-07-22T19:36:00,19,2,35,85,30.0,60,30.0
S05789,ST04,2026-07-22T19:40:00,19,2,34,97,31.5,50,37.8
S05777,ST01,2026-07-22T19:42:00,19,2,25,83,24.2,22,66.0
S05774,ST01,2026-07-22T19:44:00,19,2,21,74,36.7,150,14.7
S05790,ST04,2026-07-22T19:51:00,19,2,19,70,36.0,22,98.2
S05783,ST03,2026-07-22T19:54:00,19,2,39,99,31.1,120,15.5
S05784,ST03,2026-07-22T19:55:00,19,2,45,99,37.7,50,45.2
S05794,ST05,2026-07-22T19:57:00,19,2,20,93,41.9,50,50.3
S05786,ST04,2026-07-22T19:57:00,19,2,15,89,34.4,60,34.4
S05816,ST05,2026-07-22T20:02:00,20,2,32,91,34.9,50,41.9
S05804,ST03,2026-07-22T20:04:00,20,2,45,84,22.7,22,61.9
S05806,ST03,2026-07-22T20:11:00,20,2,43,90,35.0,50,42.0
S05807,ST04,2026-07-22T20:17:00,20,2,14,80,39.0,150,15.6
S05813,ST05,2026-07-22T20:22:00,20,2,46,79,22.2,60,22.2
S05796,ST01,2026-07-22T20:25:00,20,2,13,72,29.9,120,14.9
S05799,ST01,2026-07-22T20:31:00,20,2,17,82,47.7,50,57.2
S05812,ST04,2026-07-22T20:32:00,20,2,15,74,43.9,120,21.9
S05798,ST01,2026-07-22T20:35:00,20,2,31,78,22.2,50,26.6
S05810,ST04,2026-07-22T20:40:00,20,2,38,83,24.7,50,29.6
S05803,ST02,2026-07-22T20:46:00,20,2,12,88,31.8,150,12.7
S05809,ST04,2026-07-22T20:47:00,20,2,24,71,34.0,50,40.8
S05808,ST04,2026-07-22T20:48:00,20,2,21,89,43.5,150,17.4
S05811,ST04,2026-07-22T20:49:00,20,2,36,82,21.1,22,57.5
S05814,ST05,2026-07-22T20:49:00,20,2,39,97,23.3,60,23.3
S05797,ST01,2026-07-22T20:50:00,20,2,11,80,29.7,22,81.0
S05802,ST02,2026-07-22T20:51:00,20,2,10,72,44.5,22,121.4
S05805,ST03,2026-07-22T20:51:00,20,2,29,97,46.8,22,127.6
S05801,ST02,2026-07-22T20:54:00,20,2,23,82,36.0,50,43.2
S05800,ST02,2026-07-22T20:56:00,20,2,22,77,28.2,120,14.1
S05815,ST05,2026-07-22T20:58:00,20,2,24,72,35.9,22,97.9
S05819,ST03,2026-07-22T21:06:00,21,2,45,88,32.1,60,32.1
S05818,ST02,2026-07-22T21:12:00,21,2,48,84,22.2,60,22.2
S05821,ST05,2026-07-22T21:22:00,21,2,11,94,54.4,120,27.2
S05820,ST04,2026-07-22T21:27:00,21,2,48,77,16.4,120,8.2
S05817,ST01,2026-07-22T21:47:00,21,2,25,70,31.6,120,15.8
S05824,ST03,2026-07-22T22:15:00,22,2,37,87,29.2,60,29.2
S05826,ST05,2026-07-22T22:25:00,22,2,21,88,30.5,120,15.2
S05823,ST02,2026-07-22T22:25:00,22,2,18,91,42.8,50,51.4
S05822,ST01,2026-07-22T22:27:00,22,2,40,92,36.6,150,14.6
S05825,ST04,2026-07-22T22:46:00,22,2,35,98,42.3,50,50.8
S05832,ST05,2026-07-22T23:06:00,23,2,18,80,32.2,120,16.1
S05831,ST04,2026-07-22T23:18:00,23,2,47,88,19.9,60,19.9
S05827,ST01,2026-07-22T23:28:00,23,2,42,96,34.7,22,94.6
S05828,ST02,2026-07-22T23:44:00,23,2,22,84,38.8,22,105.8
S05830,ST04,2026-07-22T23:45:00,23,2,44,100,34.3,120,17.1
S05829,ST03,2026-07-22T23:52:00,23,2,30,75,20.9,150,8.4
S05834,ST02,2026-07-23T00:01:00,0,3,45,96,23.8,150,9.5
S05838,ST05,2026-07-23T00:04:00,0,3,18,88,51.5,60,51.5
S05833,ST01,2026-07-23T00:09:00,0,3,37,80,31.9,120,15.9
S05835,ST03,2026-07-23T00:47:00,0,3,44,70,13.3,22,36.3
S05837,ST04,2026-07-23T00:57:00,0,3,34,80,26.2,150,10.5
S05836,ST04,2026-07-23T00:59:00,0,3,28,73,30.2,22,82.4
S05839,ST01,2026-07-23T01:22:00,1,3,15,87,42.2,22,115.1
S05841,ST03,2026-07-23T01:23:00,1,3,12,70,37.8,50,45.4
S05842,ST04,2026-07-23T01:38:00,1,3,50,75,14.6,120,7.3
S05840,ST02,2026-07-23T01:53:00,1,3,29,86,31.3,22,85.4
S05843,ST05,2026-07-23T01:56:00,1,3,41,81,25.0,22,68.2
S05847,ST05,2026-07-23T02:01:00,2,3,35,91,35.0,60,35.0
S05845,ST04,2026-07-23T02:21:00,2,3,50,70,8.4,150,3.4
S05846,ST04,2026-07-23T02:25:00,2,3,50,71,12.0,50,14.4
S05844,ST01,2026-07-23T02:41:00,2,3,11,94,37.3,50,44.8
S05848,ST01,2026-07-23T03:11:00,3,3,20,77,39.8,120,19.9
S05851,ST05,2026-07-23T03:50:00,3,3,21,98,41.2,120,20.6
S05850,ST04,2026-07-23T03:50:00,3,3,41,90,23.0,50,27.6
S05849,ST02,2026-07-23T03:52:00,3,3,17,90,43.5,120,21.8
S05855,ST04,2026-07-23T04:42:00,4,3,48,81,23.6,120,11.8
S05852,ST01,2026-07-23T04:44:00,4,3,46,84,20.0,120,10.0
S05856,ST05,2026-07-23T04:46:00,4,3,34,87,38.0,50,45.6
S05853,ST02,2026-07-23T04:47:00,4,3,50,79,21.7,60,21.7
S05854,ST03,2026-07-23T04:50:00,4,3,15,95,50.0,60,50.0
S05858,ST02,2026-07-23T05:04:00,5,3,27,82,34.6,150,13.8
S05857,ST01,2026-07-23T05:19:00,5,3,26,100,39.3,60,39.3
S05859,ST03,2026-07-23T05:42:00,5,3,36,81,32.6,150,13.0
S05860,ST04,2026-07-23T05:47:00,5,3,27,86,27.7,60,27.7
S05861,ST05,2026-07-23T05:54:00,5,3,24,91,48.8,60,48.8
S05863,ST02,2026-07-23T06:25:00,6,3,29,86,29.0,50,34.8
S05862,ST01,2026-07-23T06:27:00,6,3,50,75,17.5,120,8.8
S05864,ST04,2026-07-23T06:29:00,6,3,40,81,23.9,22,65.2
S05865,ST05,2026-07-23T06:57:00,6,3,48,79,15.0,120,7.5
S05869,ST05,2026-07-23T07:02:00,7,3,48,75,15.8,120,7.9
S05866,ST01,2026-07-23T07:39:00,7,3,45,76,19.5,60,19.5
S05868,ST04,2026-07-23T07:46:00,7,3,29,80,34.7,60,34.7
S05867,ST02,2026-07-23T07:55:00,7,3,37,89,33.4,150,13.4
S05884,ST04,2026-07-23T08:01:00,8,3,27,97,32.1,60,32.1
S05879,ST03,2026-07-23T08:06:00,8,3,29,76,24.4,22,66.5
S05883,ST04,2026-07-23T08:07:00,8,3,19,77,36.5,150,14.6
S05876,ST02,2026-07-23T08:08:00,8,3,31,87,41.9,22,114.3
S05871,ST01,2026-07-23T08:11:00,8,3,48,94,21.6,22,58.9
S05882,ST04,2026-07-23T08:12:00,8,3,15,95,52.2,22,142.4
S05875,ST02,2026-07-23T08:15:00,8,3,45,99,22.1,120,11.1
S05878,ST03,2026-07-23T08:19:00,8,3,31,70,24.6,150,9.8
S05880,ST04,2026-07-23T08:29:00,8,3,48,78,20.1,50,24.1
S05885,ST05,2026-07-23T08:29:00,8,3,26,74,28.5,120,14.2
S05877,ST03,2026-07-23T08:43:00,8,3,18,92,47.7,22,130.1
S05887,ST05,2026-07-23T08:44:00,8,3,13,86,38.5,50,46.2
S05872,ST01,2026-07-23T08:44:00,8,3,39,84,21.6,120,10.8
S05870,ST01,2026-07-23T08:46:00,8,3,10,71,34.2,60,34.2
S05874,ST02,2026-07-23T08:50:00,8,3,32,91,36.6,22,99.8
S05881,ST04,2026-07-23T08:52:00,8,3,24,94,40.0,60,40.0
S05886,ST05,2026-07-23T08:57:00,8,3,21,95,46.9,22,127.9
S05873,ST01,2026-07-23T08:58:00,8,3,19,97,57.7,60,57.7
S05904,ST05,2026-07-23T09:04:00,9,3,37,93,32.1,22,87.5
S05900,ST04,2026-07-23T09:07:00,9,3,42,95,33.4,120,16.7
S05901,ST04,2026-07-23T09:10:00,9,3,10,88,48.2,22,131.5
S05899,ST04,2026-07-23T09:11:00,9,3,37,70,19.1,150,7.6
S05903,ST04,2026-07-23T09:15:00,9,3,11,95,58.4,150,23.4
S05889,ST01,2026-07-23T09:16:00,9,3,50,94,24.2,22,66.0
S05905,ST05,2026-07-23T09:19:00,9,3,31,71,26.0,150,10.4
S05896,ST03,2026-07-23T09:24:00,9,3,16,96,35.9,22,97.9
S05895,ST03,2026-07-23T09:26:00,9,3,39,76,18.0,60,18.0
S05902,ST04,2026-07-23T09:27:00,9,3,46,77,13.3,120,6.7
S05888,ST01,2026-07-23T09:35:00,9,3,32,81,24.6,22,67.1
S05891,ST01,2026-07-23T09:37:00,9,3,24,80,24.2,120,12.1
S05897,ST03,2026-07-23T09:42:00,9,3,30,96,37.4,120,18.7
S05893,ST02,2026-07-23T09:48:00,9,3,24,92,38.0,22,103.6
S05898,ST04,2026-07-23T09:48:00,9,3,20,94,40.6,22,110.7
S05890,ST01,2026-07-23T09:51:00,9,3,48,96,34.5,22,94.1
S05906,ST05,2026-07-23T09:52:00,9,3,47,87,18.0,50,21.6
S05907,ST05,2026-07-23T09:58:00,9,3,36,84,23.0,22,62.7
S05892,ST02,2026-07-23T09:59:00,9,3,29,81,35.9,60,35.9
S05894,ST02,2026-07-23T09:59:00,9,3,36,74,21.5,150,8.6
S05922,ST04,2026-07-23T10:01:00,10,3,36,74,24.3,22,66.3
S05917,ST03,2026-07-23T10:01:00,10,3,28,90,30.4,22,82.9
S05914,ST02,2026-07-23T10:06:00,10,3,25,78,23.7,60,23.7
S05913,ST02,2026-07-23T10:09:00,10,3,45,75,20.2,50,24.2
S05919,ST04,2026-07-23T10:23:00,10,3,24,99,50.9,22,138.8
S05921,ST04,2026-07-23T10:30:00,10,3,17,91,46.2,60,46.2
S05910,ST01,2026-07-23T10:32:00,10,3,32,97,47.3,60,47.3
S05918,ST03,2026-07-23T10:33:00,10,3,22,90,34.3,120,17.1
S05928,ST05,2026-07-23T10:35:00,10,3,25,82,34.1,22,93.0
S05916,ST02,2026-07-23T10:38:00,10,3,49,72,10.1,60,10.1
S05911,ST01,2026-07-23T10:41:00,10,3,19,71,23.4,150,9.4
S05923,ST04,2026-07-23T10:43:00,10,3,39,89,22.2,60,22.2
S05920,ST04,2026-07-23T10:43:00,10,3,20,91,52.8,120,26.4
S05926,ST05,2026-07-23T10:47:00,10,3,13,93,46.1,50,55.3
S05908,ST01,2026-07-23T10:48:00,10,3,23,78,37.0,150,14.8
S05915,ST02,2026-07-23T10:49:00,10,3,33,84,27.2,50,32.6
S05924,ST04,2026-07-23T10:51:00,10,3,14,99,47.4,50,56.9
S05927,ST05,2026-07-23T10:52:00,10,3,49,74,11.4,150,4.6
S05912,ST01,2026-07-23T10:52:00,10,3,25,82,28.7,22,78.3
S05925,ST05,2026-07-23T10:53:00,10,3,37,74,23.7,22,64.6
S05909,ST01,2026-07-23T10:58:00,10,3,45,86,30.1,60,30.1
S05936,ST04,2026-07-23T11:02:00,11,3,23,93,51.0,60,51.0
S05939,ST05,2026-07-23T11:03:00,11,3,27,70,26.3,50,31.6
S05930,ST01,2026-07-23T11:07:00,11,3,11,81,31.4,150,12.6
S05940,ST05,2026-07-23T11:17:00,11,3,36,91,35.3,60,35.3
S05938,ST04,2026-07-23T11:25:00,11,3,38,94,30.2,50,36.2
S05929,ST01,2026-07-23T11:28:00,11,3,23,91,38.2,120,19.1
S05935,ST04,2026-07-23T11:33:00,11,3,25,87,35.5,150,14.2
S05932,ST02,2026-07-23T11:38:00,11,3,49,96,30.8,60,30.8
S05931,ST01,2026-07-23T11:43:00,11,3,38,85,18.8,60,18.8
S05934,ST03,2026-07-23T11:51:00,11,3,21,70,21.8,120,10.9
S05933,ST02,2026-07-23T11:55:00,11,3,22,71,24.0,60,24.0
S05937,ST04,2026-07-23T11:56:00,11,3,13,75,37.7,150,15.1
S05946,ST04,2026-07-23T12:00:00,12,3,16,77,35.8,150,14.3
S05944,ST02,2026-07-23T12:04:00,12,3,13,97,55.7,22,151.9
S05941,ST01,2026-07-23T12:04:00,12,3,44,92,31.4,50,37.7
S05947,ST04,2026-07-23T12:10:00,12,3,33,95,29.9,22,81.5
S05950,ST05,2026-07-23T12:14:00,12,3,36,96,24.2,150,9.7
S05943,ST02,2026-07-23T12:15:00,12,3,45,91,20.5,50,24.6
S05945,ST03,2026-07-23T12:17:00,12,3,34,71,16.1,60,16.1
S05951,ST05,2026-07-23T12:36:00,12,3,15,90,54.6,120,27.3
S05949,ST05,2026-07-23T12:43:00,12,3,34,86,23.0,120,11.5
S05948,ST04,2026-07-23T12:49:00,12,3,45,93,22.5,22,61.4
S05942,ST01,2026-07-23T12:50:00,12,3,37,87,28.8,22,78.5
S05954,ST01,2026-07-23T13:11:00,13,3,12,71,24.1,50,28.9
S05958,ST04,2026-07-23T13:20:00,13,3,16,75,28.1,22,76.6
S05957,ST03,2026-07-23T13:23:00,13,3,11,95,52.8,150,21.1
S05961,ST04,2026-07-23T13:23:00,13,3,26,99,38.5,150,15.4
S05959,ST04,2026-07-23T13:33:00,13,3,33,72,26.0,150,10.4
S05953,ST01,2026-07-23T13:37:00,13,3,29,90,34.8,120,17.4
S05963,ST05,2026-07-23T13:38:00,13,3,21,84,34.6,22,94.4
S05962,ST05,2026-07-23T13:39:00,13,3,35,81,23.8,22,64.9
S05955,ST02,2026-07-23T13:44:00,13,3,16,94,32.6,120,16.3
S05952,ST01,2026-07-23T13:47:00,13,3,34,89,22.2,150,8.9
S05960,ST04,2026-07-23T13:48:00,13,3,15,89,36.5,60,36.5
S05956,ST02,2026-07-23T13:58:00,13,3,10,84,32.6,50,39.1
S05968,ST03,2026-07-23T14:01:00,14,3,33,81,27.5,120,13.8
S05974,ST05,2026-07-23T14:04:00,14,3,39,83,29.6,60,29.6
S05970,ST04,2026-07-23T14:10:00,14,3,18,76,37.2,60,37.2
S05966,ST02,2026-07-23T14:22:00,14,3,35,73,17.0,120,8.5
S05964,ST01,2026-07-23T14:28:00,14,3,17,92,49.8,150,19.9
S05965,ST01,2026-07-23T14:32:00,14,3,36,94,26.1,120,13.1
S05969,ST04,2026-07-23T14:34:00,14,3,43,85,27.8,22,75.8
S05971,ST04,2026-07-23T14:42:00,14,3,34,100,28.0,60,28.0
S05973,ST05,2026-07-23T14:46:00,14,3,23,70,23.7,22,64.6
S05967,ST02,2026-07-23T14:48:00,14,3,34,99,43.7,150,17.5
S05972,ST05,2026-07-23T14:56:00,14,3,34,75,23.5,50,28.2
S05977,ST02,2026-07-23T15:13:00,15,3,36,78,23.8,60,23.8
S05976,ST01,2026-07-23T15:14:00,15,3,17,89,38.8,150,15.5
S05985,ST05,2026-07-23T15:21:00,15,3,48,77,14.4,22,39.3
S05978,ST02,2026-07-23T15:24:00,15,3,30,82,30.6,150,12.2
S05982,ST04,2026-07-23T15:25:00,15,3,24,92,47.3,60,47.3
S05979,ST03,2026-07-23T15:32:00,15,3,40,99,24.1,120,12.1
S05981,ST04,2026-07-23T15:34:00,15,3,24,85,39.0,50,46.8
S05980,ST03,2026-07-23T15:35:00,15,3,45,94,36.1,22,98.5
S05983,ST04,2026-07-23T15:36:00,15,3,21,93,52.8,150,21.1
S05984,ST05,2026-07-23T15:41:00,15,3,20,85,47.3,120,23.6
S05975,ST01,2026-07-23T15:42:00,15,3,16,81,30.2,150,12.1
S05989,ST02,2026-07-23T16:01:00,16,3,15,87,31.7,150,12.7
S05986,ST01,2026-07-23T16:03:00,16,3,34,93,42.9,50,51.5
S05988,ST01,2026-07-23T16:08:00,16,3,42,75,16.4,22,44.7
S05995,ST04,2026-07-23T16:17:00,16,3,44,97,28.8,60,28.8
S05996,ST05,2026-07-23T16:22:00,16,3,43,93,21.7,150,8.7
S05998,ST05,2026-07-23T16:27:00,16,3,14,85,33.6,60,33.6
S05991,ST03,2026-07-23T16:28:00,16,3,43,89,30.1,150,12.0
S05993,ST04,2026-07-23T16:28:00,16,3,49,89,16.8,50,20.2
S05997,ST05,2026-07-23T16:34:00,16,3,16,100,59.8,22,163.1
S05987,ST01,2026-07-23T16:37:00,16,3,16,72,33.0,50,39.6
S05992,ST03,2026-07-23T16:41:00,16,3,26,96,42.1,60,42.1
S05990,ST02,2026-07-23T16:49:00,16,3,35,90,23.0,120,11.5
S05994,ST04,2026-07-23T16:59:00,16,3,18,73,31.4,22,85.6
S06007,ST03,2026-07-23T17:00:00,17,3,41,72,17.0,120,8.5
S06002,ST01,2026-07-23T17:06:00,17,3,36,89,26.9,120,13.4
S06009,ST03,2026-07-23T17:07:00,17,3,34,77,29.3,50,35.2
S06010,ST04,2026-07-23T17:07:00,17,3,25,72,26.5,150,10.6
S06017,ST05,2026-07-23T17:09:00,17,3,40,97,28.4,50,34.1
S06000,ST01,2026-07-23T17:10:00,17,3,48,84,26.8,60,26.8
S06003,ST01,2026-07-23T17:13:00,17,3,41,99,34.6,22,94.4
S05999,ST01,2026-07-23T17:15:00,17,3,16,83,31.5,22,85.9
S06012,ST04,2026-07-23T17:19:00,17,3,48,96,20.1,120,10.1
S06011,ST04,2026-07-23T17:21:00,17,3,27,88,25.2,22,68.7
S06015,ST04,2026-07-23T17:21:00,17,3,36,98,45.8,50,55.0
S06008,ST03,2026-07-23T17:22:00,17,3,22,95,46.7,50,56.0
S06014,ST04,2026-07-23T17:23:00,17,3,43,94,26.3,50,31.6
S06006,ST02,2026-07-23T17:33:00,17,3,20,92,30.0,50,36.0
S06018,ST05,2026-07-23T17:38:00,17,3,50,74,10.8,60,10.8
S06005,ST02,2026-07-23T17:41:00,17,3,47,98,30.8,120,15.4
S06013,ST04,2026-07-23T17:43:00,17,3,20,89,36.2,60,36.2
S06019,ST05,2026-07-23T17:49:00,17,3,31,73,23.2,60,23.2
S06001,ST01,2026-07-23T17:53:00,17,3,32,84,35.7,120,17.9
S06004,ST02,2026-07-23T17:53:00,17,3,23,86,44.0,150,17.6
S06016,ST05,2026-07-23T17:58:00,17,3,47,87,26.6,22,72.5
S06031,ST04,2026-07-23T18:02:00,18,3,45,93,29.5,50,35.4
S06034,ST04,2026-07-23T18:04:00,18,3,23,76,39.1,120,19.6
S06039,ST05,2026-07-23T18:06:00,18,3,49,86,26.2,50,31.4
S06036,ST04,2026-07-23T18:07:00,18,3,40,91,24.4,60,24.4
S06041,ST05,2026-07-23T18:11:00,18,3,25,83,29.5,22,80.5
S06035,ST04,2026-07-23T18:12:00,18,3,37,84,19.3,50,23.2
S06027,ST02,2026-07-23T18:13:00,18,3,13,89,36.8,120,18.4
S06026,ST02,2026-07-23T18:16:00,18,3,30,77,20.3,120,10.2
S06025,ST02,2026-07-23T18:16:00,18,3,16,96,37.8,150,15.1
S06033,ST04,2026-07-23T18:21:00,18,3,15,83,36.7,22,100.1
S06030,ST03,2026-07-23T18:23:00,18,3,47,87,22.5,60,22.5
S06024,ST02,2026-07-23T18:25:00,18,3,24,88,39.0,60,39.0
S06028,ST03,2026-07-23T18:33:00,18,3,31,94,46.3,22,126.3
S06020,ST01,2026-07-23T18:38:00,18,3,21,80,35.1,22,95.7
S06021,ST01,2026-07-23T18:40:00,18,3,26,96,40.1,120,20.1
S06038,ST05,2026-07-23T18:41:00,18,3,20,93,50.9,60,50.9
S06029,ST03,2026-07-23T18:41:00,18,3,47,83,23.2,60,23.2
S06032,ST04,2026-07-23T18:44:00,18,3,16,84,38.7,50,46.4
S06037,ST05,2026-07-23T18:45:00,18,3,21,79,25.9,50,31.1
S06023,ST01,2026-07-23T18:45:00,18,3,22,82,41.0,22,111.8
S06040,ST05,2026-07-23T18:51:00,18,3,13,83,44.5,50,53.4
S06022,ST01,2026-07-23T18:57:00,18,3,21,98,56.0,50,67.2
S06054,ST04,2026-07-23T19:01:00,19,3,22,80,31.0,150,12.4
S06056,ST04,2026-07-23T19:02:00,19,3,50,100,23.1,120,11.6
S06052,ST04,2026-07-23T19:05:00,19,3,50,89,16.4,50,19.7
S06047,ST02,2026-07-23T19:07:00,19,3,42,83,25.8,60,25.8
S06045,ST01,2026-07-23T19:10:00,19,3,27,77,34.1,60,34.1
S06043,ST01,2026-07-23T19:17:00,19,3,20,79,39.3,150,15.7
S06055,ST04,2026-07-23T19:17:00,19,3,21,93,43.4,50,52.1
S06049,ST03,2026-07-23T19:19:00,19,3,41,81,18.7,150,7.5
S06051,ST03,2026-07-23T19:20:00,19,3,29,96,41.7,60,41.7
S06057,ST04,2026-07-23T19:24:00,19,3,34,83,29.6,120,14.8
S06053,ST04,2026-07-23T19:24:00,19,3,14,91,55.1,22,150.3
S06048,ST02,2026-07-23T19:26:00,19,3,27,70,26.4,150,10.6
S06059,ST05,2026-07-23T19:34:00,19,3,34,72,22.8,22,62.2
S06042,ST01,2026-07-23T19:34:00,19,3,16,90,50.1,60,50.1
S06061,ST05,2026-07-23T19:38:00,19,3,11,96,52.5,50,63.0
S06046,ST02,2026-07-23T19:38:00,19,3,29,84,29.9,22,81.5
S06050,ST03,2026-07-23T19:39:00,19,3,14,98,39.3,22,107.2
S06058,ST05,2026-07-23T19:49:00,19,3,20,88,35.5,50,42.6
S06060,ST05,2026-07-23T19:53:00,19,3,14,90,52.3,50,62.8
S06044,ST01,2026-07-23T19:55:00,19,3,27,74,29.8,22,81.3
S06066,ST01,2026-07-23T20:14:00,20,3,25,78,25.1,60,25.1
S06068,ST02,2026-07-23T20:16:00,20,3,12,86,40.9,60,40.9
S06063,ST01,2026-07-23T20:18:00,20,3,10,82,39.5,50,47.4
S06062,ST01,2026-07-23T20:19:00,20,3,18,78,37.7,50,45.2
S06077,ST04,2026-07-23T20:20:00,20,3,23,80,34.8,120,17.4
S06078,ST04,2026-07-23T20:25:00,20,3,31,71,19.6,22,53.5
S06076,ST04,2026-07-23T20:27:00,20,3,48,97,36.1,60,36.1
S06071,ST03,2026-07-23T20:28:00,20,3,27,76,25.4,22,69.3
S06081,ST05,2026-07-23T20:32:00,20,3,39,76,26.9,60,26.9
S06064,ST01,2026-07-23T20:32:00,20,3,22,78,30.4,50,36.5
S06083,ST05,2026-07-23T20:33:00,20,3,37,83,25.6,150,10.2
S06079,ST05,2026-07-23T20:33:00,20,3,22,70,19.8,150,7.9
S06072,ST03,2026-07-23T20:36:00,20,3,32,75,31.9,150,12.8
S06074,ST04,2026-07-23T20:38:00,20,3,27,98,52.9,120,26.4
S06070,ST03,2026-07-23T20:39:00,20,3,18,87,35.6,22,97.1
S06082,ST05,2026-07-23T20:47:00,20,3,49,90,22.2,120,11.1
S06067,ST02,2026-07-23T20:47:00,20,3,43,82,21.6,150,8.6
S06065,ST01,2026-07-23T20:51:00,20,3,29,91,36.0,150,14.4
S06069,ST02,2026-07-23T20:51:00,20,3,28,75,23.5,150,9.4
S06080,ST05,2026-07-23T20:51:00,20,3,47,80,16.4,150,6.6
S06075,ST04,2026-07-23T20:53:00,20,3,50,97,18.9,150,7.6
S06073,ST04,2026-07-23T20:59:00,20,3,43,95,32.1,60,32.1
S06086,ST03,2026-07-23T21:05:00,21,3,26,89,34.9,22,95.2
S06084,ST01,2026-07-23T21:16:00,21,3,39,70,16.8,22,45.8
S06088,ST05,2026-07-23T21:25:00,21,3,40,96,29.4,120,14.7
S06087,ST04,2026-07-23T21:48:00,21,3,23,95,42.0,120,21.0
S06085,ST02,2026-07-23T21:54:00,21,3,11,97,60.4,120,30.2
S06089,ST01,2026-07-23T22:00:00,22,3,31,72,24.2,150,9.7
S06090,ST02,2026-07-23T22:01:00,22,3,16,82,37.8,60,37.8
S06093,ST05,2026-07-23T22:20:00,22,3,11,98,64.5,60,64.5
S06092,ST04,2026-07-23T22:23:00,22,3,49,98,30.6,120,15.3
S06091,ST04,2026-07-23T22:43:00,22,3,21,76,27.5,50,33.0
S06099,ST05,2026-07-23T23:02:00,23,3,18,80,26.0,50,31.2
S06096,ST03,2026-07-23T23:02:00,23,3,18,96,50.6,60,50.6
S06098,ST04,2026-07-23T23:37:00,23,3,20,98,40.2,120,20.1
S06095,ST02,2026-07-23T23:45:00,23,3,46,95,35.9,120,17.9
S06097,ST04,2026-07-23T23:50:00,23,3,45,83,16.2,150,6.5
S06094,ST01,2026-07-23T23:58:00,23,3,11,90,40.9,120,20.4
S06105,ST05,2026-07-24T00:05:00,0,4,11,94,35.5,50,42.6
S06104,ST04,2026-07-24T00:12:00,0,4,30,86,29.3,22,79.9
S06102,ST03,2026-07-24T00:15:00,0,4,43,90,23.5,50,28.2
S06101,ST02,2026-07-24T00:19:00,0,4,42,95,22.5,120,11.2
S06103,ST04,2026-07-24T00:26:00,0,4,45,97,21.7,120,10.8
S06100,ST01,2026-07-24T00:55:00,0,4,41,83,27.7,120,13.8
S06107,ST02,2026-07-24T01:00:00,1,4,28,90,44.8,60,44.8
S06110,ST05,2026-07-24T01:09:00,1,4,13,100,40.7,120,20.4
S06106,ST01,2026-07-24T01:36:00,1,4,34,89,28.4,150,11.4
S06108,ST04,2026-07-24T01:45:00,1,4,41,84,22.5,120,11.2
S06109,ST04,2026-07-24T01:48:00,1,4,40,71,22.1,120,11.1
S06114,ST05,2026-07-24T02:05:00,2,4,40,92,36.1,22,98.5
S06111,ST01,2026-07-24T02:19:00,2,4,28,76,29.8,60,29.8
S06113,ST04,2026-07-24T02:43:00,2,4,19,76,27.2,120,13.6
S06112,ST02,2026-07-24T02:49:00,2,4,48,82,22.5,50,27.0
S06118,ST04,2026-07-24T03:02:00,3,4,42,89,33.6,150,13.4
S06115,ST01,2026-07-24T03:14:00,3,4,17,98,45.1,60,45.1
S06117,ST03,2026-07-24T03:24:00,3,4,25,100,40.3,150,16.1
S06116,ST02,2026-07-24T03:29:00,3,4,39,98,32.4,120,16.2
S06119,ST05,2026-07-24T03:38:00,3,4,41,96,31.5,120,15.8
S06122,ST02,2026-07-24T04:08:00,4,4,47,81,23.7,120,11.8
S06125,ST04,2026-07-24T04:35:00,4,4,40,79,15.9,50,19.1
S06121,ST01,2026-07-24T04:41:00,4,4,25,100,37.5,150,15.0
S06124,ST04,2026-07-24T04:50:00,4,4,25,85,32.2,120,16.1
S06123,ST03,2026-07-24T04:50:00,4,4,26,98,49.6,22,135.3
S06120,ST01,2026-07-24T04:54:00,4,4,33,89,27.7,60,27.7
S06127,ST02,2026-07-24T05:12:00,5,4,29,72,18.3,120,9.2
S06126,ST01,2026-07-24T05:26:00,5,4,39,81,18.0,150,7.2
S06129,ST04,2026-07-24T05:41:00,5,4,12,88,53.0,22,144.5
S06128,ST03,2026-07-24T05:41:00,5,4,23,71,29.6,22,80.7
S06131,ST05,2026-07-24T05:47:00,5,4,28,93,32.0,50,38.4
S06130,ST04,2026-07-24T05:50:00,5,4,36,81,24.3,150,9.7
S06135,ST04,2026-07-24T06:02:00,6,4,26,84,23.8,150,9.5
S06134,ST03,2026-07-24T06:02:00,6,4,50,91,29.5,22,80.5
S06133,ST02,2026-07-24T06:11:00,6,4,22,97,47.8,120,23.9
S06137,ST05,2026-07-24T06:37:00,6,4,33,96,34.5,22,94.1
S06136,ST04,2026-07-24T06:47:00,6,4,15,72,24.0,50,28.8
S06132,ST01,2026-07-24T06:51:00,6,4,31,90,37.2,60,37.2
S06139,ST02,2026-07-24T07:05:00,7,4,15,87,31.4,60,31.4
S06141,ST04,2026-07-24T07:19:00,7,4,29,85,31.2,22,85.1
S06140,ST03,2026-07-24T07:47:00,7,4,38,95,41.3,120,20.6
S06138,ST01,2026-07-24T07:48:00,7,4,48,86,22.8,120,11.4
S06142,ST05,2026-07-24T07:48:00,7,4,36,86,28.5,22,77.7
S06148,ST02,2026-07-24T08:00:00,8,4,21,88,43.3,120,21.6
S06152,ST03,2026-07-24T08:04:00,8,4,23,98,32.3,120,16.1
S06154,ST04,2026-07-24T08:13:00,8,4,45,88,29.8,60,29.8
S06153,ST04,2026-07-24T08:19:00,8,4,41,79,21.2,50,25.4
S06156,ST04,2026-07-24T08:19:00,8,4,29,96,29.8,50,35.8
S06157,ST04,2026-07-24T08:20:00,8,4,48,78,15.0,22,40.9
S06149,ST02,2026-07-24T08:27:00,8,4,28,97,28.0,60,28.0
S06155,ST04,2026-07-24T08:29:00,8,4,42,80,17.4,120,8.7
S06143,ST01,2026-07-24T08:29:00,8,4,47,83,19.4,120,9.7
S06159,ST05,2026-07-24T08:30:00,8,4,24,96,37.8,22,103.1
S06161,ST05,2026-07-24T08:30:00,8,4,29,73,20.7,50,24.8
S06160,ST05,2026-07-24T08:34:00,8,4,36,83,23.9,120,11.9
S06144,ST01,2026-07-24T08:35:00,8,4,19,92,44.9,60,44.9
S06146,ST01,2026-07-24T08:37:00,8,4,33,70,21.6,150,8.6
S06150,ST03,2026-07-24T08:43:00,8,4,25,89,37.6,50,45.1
S06145,ST01,2026-07-24T08:45:00,8,4,18,81,34.1,150,13.6
S06147,ST02,2026-07-24T08:45:00,8,4,20,92,34.7,50,41.6
S06158,ST05,2026-07-24T08:47:00,8,4,20,99,51.6,150,20.6
S06151,ST03,2026-07-24T08:58:00,8,4,19,72,25.9,60,25.9
S06168,ST02,2026-07-24T09:03:00,9,4,46,86,20.3,22,55.4
S06162,ST01,2026-07-24T09:04:00,9,4,42,91,22.8,50,27.4
S06180,ST05,2026-07-24T09:05:00,9,4,28,93,35.1,50,42.1
S06179,ST05,2026-07-24T09:09:00,9,4,40,98,27.1,22,73.9
S06171,ST03,2026-07-24T09:11:00,9,4,23,87,30.2,22,82.4
S06175,ST04,2026-07-24T09:12:00,9,4,26,74,31.0,50,37.2
S06165,ST01,2026-07-24T09:13:00,9,4,49,99,29.2,150,11.7
S06181,ST05,2026-07-24T09:15:00,9,4,15,80,46.1,60,46.1
S06176,ST04,2026-07-24T09:19:00,9,4,20,73,34.0,60,34.0
S06167,ST02,2026-07-24T09:20:00,9,4,31,98,41.4,150,16.6
S06163,ST01,2026-07-24T09:22:00,9,4,42,81,18.3,120,9.2
S06166,ST01,2026-07-24T09:23:00,9,4,50,75,16.1,120,8.1
S06170,ST03,2026-07-24T09:33:00,9,4,17,82,36.5,150,14.6
S06174,ST04,2026-07-24T09:34:00,9,4,14,96,40.2,120,20.1
S06177,ST04,2026-07-24T09:36:00,9,4,39,93,37.5,22,102.3
S06172,ST03,2026-07-24T09:37:00,9,4,24,79,32.3,150,12.9
S06178,ST05,2026-07-24T09:47:00,9,4,16,75,24.9,60,24.9
S06164,ST01,2026-07-24T09:49:00,9,4,30,87,39.1,60,39.1
S06173,ST04,2026-07-24T09:57:00,9,4,12,93,34.0,50,40.8
S06169,ST02,2026-07-24T09:58:00,9,4,20,87,49.8,60,49.8
S06184,ST01,2026-07-24T10:00:00,10,4,38,84,27.0,22,73.6
S06183,ST01,2026-07-24T10:02:00,10,4,22,71,33.5,60,33.5
S06191,ST04,2026-07-24T10:03:00,10,4,36,79,27.5,150,11.0
S06194,ST04,2026-07-24T10:05:00,10,4,11,71,42.8,150,17.1
S06196,ST05,2026-07-24T10:07:00,10,4,35,87,23.4,150,9.4
S06188,ST02,2026-07-24T10:15:00,10,4,29,80,38.0,60,38.0
S06198,ST05,2026-07-24T10:22:00,10,4,50,82,14.7,120,7.3
S06190,ST03,2026-07-24T10:26:00,10,4,49,97,34.4,60,34.4
S06187,ST02,2026-07-24T10:29:00,10,4,36,93,39.5,120,19.8
S06189,ST03,2026-07-24T10:35:00,10,4,21,89,41.3,50,49.6
S06186,ST02,2026-07-24T10:35:00,10,4,29,91,41.5,60,41.5
S06195,ST04,2026-07-24T10:40:00,10,4,18,75,36.0,50,43.2
S06199,ST05,2026-07-24T10:53:00,10,4,49,88,26.2,50,31.4
S06182,ST01,2026-07-24T10:54:00,10,4,13,100,36.7,50,44.0
S06185,ST01,2026-07-24T10:57:00,10,4,13,89,57.0,120,28.5
S06192,ST04,2026-07-24T10:58:00,10,4,16,70,29.5,22,80.5
S06193,ST04,2026-07-24T10:58:00,10,4,34,90,29.9,150,12.0
S06197,ST05,2026-07-24T10:59:00,10,4,18,74,35.9,120,17.9
S06207,ST04,2026-07-24T11:09:00,11,4,49,81,13.8,60,13.8
S06208,ST04,2026-07-24T11:11:00,11,4,12,80,43.3,150,17.3
S06204,ST03,2026-07-24T11:12:00,11,4,20,74,22.2,120,11.1
S06200,ST01,2026-07-24T11:12:00,11,4,50,78,16.1,22,43.9
S06206,ST04,2026-07-24T11:16:00,11,4,22,87,36.5,22,99.5
S06205,ST04,2026-07-24T11:17:00,11,4,45,80,21.5,50,25.8
S06210,ST05,2026-07-24T11:25:00,11,4,11,95,44.8,60,44.8
S06203,ST02,2026-07-24T11:31:00,11,4,18,94,33.9,120,16.9
S06211,ST05,2026-07-24T11:35:00,11,4,11,75,43.3,50,52.0
S06201,ST01,2026-07-24T11:47:00,11,4,10,70,31.3,50,37.6
S06202,ST02,2026-07-24T11:51:00,11,4,50,90,28.9,60,28.9
S06209,ST05,2026-07-24T11:51:00,11,4,11,92,58.8,150,23.5
S06214,ST02,2026-07-24T12:02:00,12,4,47,70,11.3,22,30.8
S06222,ST05,2026-07-24T12:06:00,12,4,22,87,34.7,60,34.7
S06221,ST05,2026-07-24T12:08:00,12,4,18,96,47.4,22,129.3
S06213,ST01,2026-07-24T12:16:00,12,4,38,100,42.3,150,16.9
S06217,ST03,2026-07-24T12:21:00,12,4,50,96,24.1,50,28.9
S06212,ST01,2026-07-24T12:26:00,12,4,32,97,32.8,120,16.4
S06219,ST04,2026-07-24T12:28:00,12,4,34,81,25.8,150,10.3
S06218,ST04,2026-07-24T12:35:00,12,4,41,86,26.0,150,10.4
S06220,ST04,2026-07-24T12:39:00,12,4,25,72,22.2,22,60.5
S06215,ST02,2026-07-24T12:40:00,12,4,42,93,30.8,60,30.8
S06216,ST03,2026-07-24T12:44:00,12,4,26,76,20.6,120,10.3
S06225,ST01,2026-07-24T13:01:00,13,4,23,80,25.2,60,25.2
S06232,ST05,2026-07-24T13:03:00,13,4,46,80,22.3,50,26.8
S06228,ST03,2026-07-24T13:04:00,13,4,47,92,29.9,60,29.9
S06230,ST04,2026-07-24T13:28:00,13,4,18,87,33.4,60,33.4
S06226,ST02,2026-07-24T13:33:00,13,4,47,95,35.8,60,35.8
S06229,ST04,2026-07-24T13:36:00,13,4,13,100,45.8,60,45.8
S06223,ST01,2026-07-24T13:37:00,13,4,27,91,42.5,22,115.9
S06233,ST05,2026-07-24T13:42:00,13,4,35,85,20.1,150,8.0
S06227,ST02,2026-07-24T13:46:00,13,4,25,87,28.5,150,11.4
S06224,ST01,2026-07-24T13:48:00,13,4,46,89,17.4,150,7.0
S06231,ST04,2026-07-24T13:56:00,13,4,15,100,55.9,120,27.9
S06236,ST02,2026-07-24T14:09:00,14,4,47,98,23.4,150,9.4
S06243,ST05,2026-07-24T14:25:00,14,4,27,80,36.1,50,43.3
S06244,ST05,2026-07-24T14:30:00,14,4,27,93,32.9,60,32.9
S06242,ST04,2026-07-24T14:31:00,14,4,36,90,31.0,22,84.5
S06234,ST01,2026-07-24T14:32:00,14,4,43,82,26.7,150,10.7
S06239,ST03,2026-07-24T14:33:00,14,4,23,74,24.8,50,29.8
S06237,ST02,2026-07-24T14:42:00,14,4,21,97,54.0,150,21.6
S06238,ST03,2026-07-24T14:45:00,14,4,44,98,21.6,22,58.9
S06241,ST04,2026-07-24T14:46:00,14,4,29,91,45.2,120,22.6
S06235,ST01,2026-07-24T14:47:00,14,4,36,96,40.8,120,20.4
S06240,ST04,2026-07-24T14:57:00,14,4,42,86,22.9,150,9.2
S06254,ST04,2026-07-24T15:04:00,15,4,32,94,38.7,60,38.7
S06248,ST02,2026-07-24T15:10:00,15,4,42,92,30.9,60,30.9
S06257,ST05,2026-07-24T15:13:00,15,4,32,93,35.2,50,42.2
S06256,ST05,2026-07-24T15:15:00,15,4,10,99,60.8,150,24.3
S06253,ST04,2026-07-24T15:17:00,15,4,49,83,17.8,60,17.8
S06250,ST03,2026-07-24T15:18:00,15,4,43,82,24.9,50,29.9
S06251,ST03,2026-07-24T15:27:00,15,4,38,80,28.0,22,76.4
S06245,ST01,2026-07-24T15:30:00,15,4,31,74,18.4,60,18.4
S06249,ST02,2026-07-24T15:34:00,15,4,39,100,30.3,22,82.6
S06252,ST04,2026-07-24T15:39:00,15,4,41,83,20.6,50,24.7
S06246,ST01,2026-07-24T15:40:00,15,4,22,72,36.4,60,36.4
S06255,ST04,2026-07-24T15:56:00,15,4,17,89,39.0,150,15.6
S06247,ST01,2026-07-24T15:57:00,15,4,32,91,39.9,60,39.9
S06264,ST04,2026-07-24T16:02:00,16,4,27,70,29.1,50,34.9
S06259,ST01,2026-07-24T16:05:00,16,4,30,88,32.9,50,39.5
S06268,ST05,2026-07-24T16:06:00,16,4,32,80,23.6,120,11.8
S06258,ST01,2026-07-24T16:07:00,16,4,35,95,28.0,22,76.4
S06260,ST02,2026-07-24T16:17:00,16,4,19,74,32.1,150,12.8
S06262,ST03,2026-07-24T16:24:00,16,4,36,87,21.3,150,8.5
S06263,ST04,2026-07-24T16:27:00,16,4,13,100,37.3,150,14.9
S06267,ST05,2026-07-24T16:33:00,16,4,35,82,35.0,120,17.5
S06261,ST02,2026-07-24T16:50:00,16,4,23,79,37.5,150,15.0
S06266,ST04,2026-07-24T16:55:00,16,4,24,84,39.7,60,39.7
S06269,ST05,2026-07-24T16:56:00,16,4,11,81,34.0,50,40.8
S06265,ST04,2026-07-24T16:58:00,16,4,29,87,23.3,60,23.3
S06270,ST01,2026-07-24T17:02:00,17,4,49,98,27.1,60,27.1
S06283,ST04,2026-07-24T17:05:00,17,4,46,92,27.6,22,75.3
S06279,ST03,2026-07-24T17:05:00,17,4,20,82,28.8,60,28.8
S06272,ST01,2026-07-24T17:08:00,17,4,13,90,39.8,50,47.8
S06288,ST05,2026-07-24T17:11:00,17,4,43,94,32.4,50,38.9
S06280,ST03,2026-07-24T17:13:00,17,4,48,81,17.8,150,7.1
S06281,ST03,2026-07-24T17:17:00,17,4,28,93,35.0,120,17.5
S06286,ST04,2026-07-24T17:19:00,17,4,16,95,40.1,50,48.1
S06277,ST02,2026-07-24T17:20:00,17,4,23,87,31.1,22,84.8
S06287,ST04,2026-07-24T17:21:00,17,4,23,91,29.6,60,29.6
S06276,ST02,2026-07-24T17:23:00,17,4,12,75,46.8,60,46.8
S06285,ST04,2026-07-24T17:23:00,17,4,14,74,36.0,60,36.0
S06273,ST01,2026-07-24T17:25:00,17,4,29,89,36.0,22,98.2
S06290,ST05,2026-07-24T17:28:00,17,4,38,83,23.5,60,23.5
S06289,ST05,2026-07-24T17:33:00,17,4,31,91,36.0,60,36.0
S06291,ST05,2026-07-24T17:37:00,17,4,12,85,29.7,60,29.7
S06284,ST04,2026-07-24T17:38:00,17,4,42,72,16.8,60,16.8
S06274,ST01,2026-07-24T17:38:00,17,4,19,92,42.8,60,42.8
S06278,ST02,2026-07-24T17:43:00,17,4,41,84,22.3,60,22.3
S06275,ST02,2026-07-24T17:47:00,17,4,50,99,31.3,150,12.5
S06282,ST04,2026-07-24T17:49:00,17,4,11,96,48.3,60,48.3
S06271,ST01,2026-07-24T17:59:00,17,4,35,90,35.5,120,17.8
S06297,ST02,2026-07-24T18:03:00,18,4,41,82,30.0,50,36.0
S06300,ST02,2026-07-24T18:07:00,18,4,17,100,42.9,60,42.9
S06305,ST04,2026-07-24T18:14:00,18,4,31,78,29.5,120,14.8
S06308,ST04,2026-07-24T18:15:00,18,4,19,87,35.9,60,35.9
S06302,ST03,2026-07-24T18:15:00,18,4,14,96,58.5,60,58.5
S06298,ST02,2026-07-24T18:19:00,18,4,17,81,30.3,150,12.1
S06306,ST04,2026-07-24T18:19:00,18,4,16,82,38.7,60,38.7
S06309,ST04,2026-07-24T18:22:00,18,4,45,70,17.3,150,6.9
S06299,ST02,2026-07-24T18:29:00,18,4,39,73,25.4,22,69.3
S06304,ST04,2026-07-24T18:29:00,18,4,42,80,20.5,22,55.9
S06307,ST04,2026-07-24T18:29:00,18,4,23,89,41.8,50,50.2
S06294,ST01,2026-07-24T18:34:00,18,4,40,91,29.2,60,29.2
S06292,ST01,2026-07-24T18:39:00,18,4,26,90,43.4,50,52.1
S06293,ST01,2026-07-24T18:40:00,18,4,29,77,35.7,120,17.9
S06312,ST05,2026-07-24T18:41:00,18,4,36,82,19.1,150,7.6
S06303,ST03,2026-07-24T18:44:00,18,4,44,85,18.3,60,18.3
S06296,ST01,2026-07-24T18:46:00,18,4,10,96,51.9,150,20.8
S06313,ST05,2026-07-24T18:49:00,18,4,26,90,39.9,50,47.9
S06311,ST05,2026-07-24T18:53:00,18,4,41,81,29.0,22,79.1
S06310,ST05,2026-07-24T18:53:00,18,4,32,85,35.1,60,35.1
S06301,ST03,2026-07-24T18:54:00,18,4,24,94,35.0,60,35.0
S06295,ST01,2026-07-24T18:55:00,18,4,36,95,35.2,50,42.2
S06333,ST05,2026-07-24T19:02:00,19,4,41,71,16.8,50,20.2
S06323,ST03,2026-07-24T19:04:00,19,4,39,81,25.9,22,70.6
S06319,ST02,2026-07-24T19:07:00,19,4,45,81,23.4,150,9.4
S06322,ST02,2026-07-24T19:07:00,19,4,39,70,14.5,120,7.2
S06331,ST04,2026-07-24T19:12:00,19,4,37,85,36.0,60,36.0
S06335,ST05,2026-07-24T19:13:00,19,4,24,95,37.0,22,100.9
S06314,ST01,2026-07-24T19:15:00,19,4,23,93,46.0,60,46.0
S06316,ST01,2026-07-24T19:16:00,19,4,35,95,36.5,120,18.2
S06321,ST02,2026-07-24T19:18:00,19,4,33,92,39.4,22,107.5
S06320,ST02,2026-07-24T19:21:00,19,4,12,86,48.1,120,24.1
S06325,ST03,2026-07-24T19:24:00,19,4,39,88,33.2,60,33.2
S06330,ST04,2026-07-24T19:27:00,19,4,38,82,28.0,60,28.0
S06315,ST01,2026-07-24T19:28:00,19,4,10,79,28.0,22,76.4
S06326,ST04,2026-07-24T19:31:00,19,4,44,83,25.2,50,30.2
S06327,ST04,2026-07-24T19:33:00,19,4,30,80,31.9,120,15.9
S06334,ST05,2026-07-24T19:34:00,19,4,44,76,15.8,22,43.1
S06329,ST04,2026-07-24T19:37:00,19,4,25,91,39.1,150,15.6
S06317,ST01,2026-07-24T19:40:00,19,4,16,78,40.6,120,20.3
S06318,ST01,2026-07-24T19:42:00,19,4,47,85,24.8,50,29.8
S06324,ST03,2026-07-24T19:42:00,19,4,12,94,35.8,22,97.6
S06336,ST05,2026-07-24T19:48:00,19,4,22,89,27.0,60,27.0
S06332,ST05,2026-07-24T19:50:00,19,4,32,92,35.1,120,17.6
S06328,ST04,2026-07-24T19:57:00,19,4,19,73,35.8,60,35.8
S06342,ST02,2026-07-24T20:01:00,20,4,22,92,46.8,22,127.6
S06358,ST05,2026-07-24T20:07:00,20,4,43,73,20.4,150,8.2
S06345,ST03,2026-07-24T20:09:00,20,4,34,96,25.3,50,30.4
S06354,ST05,2026-07-24T20:09:00,20,4,31,95,39.5,60,39.5
S06347,ST03,2026-07-24T20:15:00,20,4,40,95,33.4,60,33.4
S06352,ST04,2026-07-24T20:20:00,20,4,20,95,39.9,22,108.8
S06340,ST01,2026-07-24T20:20:00,20,4,40,92,34.8,150,13.9
S06356,ST05,2026-07-24T20:24:00,20,4,33,92,28.0,60,28.0
S06349,ST04,2026-07-24T20:24:00,20,4,37,100,38.1,22,103.9
S06355,ST05,2026-07-24T20:25:00,20,4,30,84,39.8,60,39.8
S06339,ST01,2026-07-24T20:27:00,20,4,35,97,39.4,50,47.3
S06338,ST01,2026-07-24T20:31:00,20,4,50,79,21.5,50,25.8
S06353,ST04,2026-07-24T20:37:00,20,4,41,95,33.7,150,13.5
S06337,ST01,2026-07-24T20:38:00,20,4,39,99,42.0,50,50.4
S06343,ST02,2026-07-24T20:42:00,20,4,13,99,48.1,50,57.7
S06357,ST05,2026-07-24T20:43:00,20,4,30,78,24.0,22,65.5
S06341,ST02,2026-07-24T20:49:00,20,4,14,100,55.3,150,22.1
S06351,ST04,2026-07-24T20:50:00,20,4,20,72,25.6,50,30.7
S06350,ST04,2026-07-24T20:51:00,20,4,18,91,32.5,50,39.0
S06348,ST04,2026-07-24T20:51:00,20,4,14,74,42.6,150,17.0
S06344,ST02,2026-07-24T20:51:00,20,4,33,94,37.8,60,37.8
S06346,ST03,2026-07-24T20:54:00,20,4,31,75,32.2,120,16.1
S06362,ST04,2026-07-24T21:28:00,21,4,37,86,24.8,22,67.6
S06361,ST04,2026-07-24T21:41:00,21,4,44,73,18.6,50,22.3
S06360,ST03,2026-07-24T21:43:00,21,4,31,74,18.1,150,7.2
S06359,ST01,2026-07-24T21:48:00,21,4,31,72,19.5,120,9.8
S06363,ST05,2026-07-24T21:57:00,21,4,27,97,40.2,22,109.6
S06365,ST02,2026-07-24T22:33:00,22,4,25,76,24.7,60,24.7
S06364,ST01,2026-07-24T22:42:00,22,4,18,75,23.4,22,63.8
S06368,ST05,2026-07-24T22:49:00,22,4,35,99,32.1,120,16.1
S06366,ST03,2026-07-24T22:57:00,22,4,16,73,26.5,50,31.8
S06367,ST04,2026-07-24T22:58:00,22,4,34,70,16.9,150,6.8
S06372,ST04,2026-07-24T23:04:00,23,4,50,83,15.3,22,41.7
S06371,ST03,2026-07-24T23:23:00,23,4,10,85,41.1,120,20.6
S06374,ST05,2026-07-24T23:25:00,23,4,45,71,16.4,22,44.7
S06373,ST04,2026-07-24T23:31:00,23,4,19,71,25.9,150,10.4
S06370,ST02,2026-07-24T23:34:00,23,4,25,94,38.8,50,46.6
S06369,ST01,2026-07-24T23:36:00,23,4,10,83,46.1,120,23.1
S06379,ST04,2026-07-25T00:01:00,0,5,34,95,43.9,150,17.6
S06378,ST03,2026-07-25T00:02:00,0,5,30,92,44.5,50,53.4
S06380,ST04,2026-07-25T00:02:00,0,5,46,93,30.5,120,15.2
S06381,ST05,2026-07-25T00:14:00,0,5,29,74,23.3,22,63.5
S06376,ST01,2026-07-25T00:24:00,0,5,29,90,31.4,120,15.7
S06377,ST02,2026-07-25T00:27:00,0,5,39,79,17.5,150,7.0
S06382,ST05,2026-07-25T00:45:00,0,5,48,84,23.0,22,62.7
S06375,ST01,2026-07-25T00:52:00,0,5,46,77,12.9,50,15.5
S06388,ST04,2026-07-25T01:07:00,1,5,37,88,33.5,22,91.4
S06390,ST05,2026-07-25T01:09:00,1,5,48,77,13.6,60,13.6
S06384,ST01,2026-07-25T01:25:00,1,5,44,74,18.1,120,9.1
S06385,ST02,2026-07-25T01:29:00,1,5,27,75,21.2,60,21.2
S06389,ST04,2026-07-25T01:35:00,1,5,42,84,22.2,60,22.2
S06383,ST01,2026-07-25T01:47:00,1,5,33,87,32.4,50,38.9
S06387,ST03,2026-07-25T01:49:00,1,5,31,100,31.8,22,86.7
S06386,ST02,2026-07-25T01:59:00,1,5,25,72,28.6,120,14.3
S06394,ST03,2026-07-25T02:16:00,2,5,34,88,25.7,60,25.7
S06397,ST05,2026-07-25T02:36:00,2,5,31,81,29.0,150,11.6
S06392,ST01,2026-07-25T02:40:00,2,5,15,70,29.9,120,14.9
S06391,ST01,2026-07-25T02:48:00,2,5,42,96,27.2,150,10.9
S06393,ST02,2026-07-25T02:51:00,2,5,30,97,28.8,60,28.8
S06395,ST04,2026-07-25T02:56:00,2,5,20,93,31.3,22,85.4
S06396,ST04,2026-07-25T02:58:00,2,5,15,74,42.4,50,50.9
S06404,ST05,2026-07-25T03:13:00,3,5,25,84,31.6,60,31.6
S06403,ST04,2026-07-25T03:16:00,3,5,44,95,24.5,150,9.8
S06400,ST02,2026-07-25T03:31:00,3,5,11,76,26.7,120,13.3
S06398,ST01,2026-07-25T03:36:00,3,5,47,70,16.7,60,16.7
S06399,ST01,2026-07-25T03:51:00,3,5,48,84,15.7,120,7.8
S06402,ST04,2026-07-25T03:58:00,3,5,34,70,18.6,120,9.3
S06401,ST03,2026-07-25T03:58:00,3,5,13,98,51.1,22,139.4
S06410,ST05,2026-07-25T04:16:00,4,5,47,95,26.3,120,13.2
S06407,ST03,2026-07-25T04:19:00,4,5,30,100,51.4,150,20.6
S06408,ST04,2026-07-25T04:29:00,4,5,50,91,28.5,22,77.7
S06405,ST01,2026-07-25T04:35:00,4,5,39,94,38.0,120,19.0
S06409,ST04,2026-07-25T04:40:00,4,5,40,94,26.1,50,31.3
S06406,ST02,2026-07-25T04:42:00,4,5,37,97,25.3,120,12.7
S06412,ST02,2026-07-25T05:00:00,5,5,29,87,28.9,150,11.6
S06416,ST05,2026-07-25T05:03:00,5,5,39,89,33.6,150,13.4
S06414,ST04,2026-07-25T05:13:00,5,5,17,87,30.3,60,30.3
S06415,ST04,2026-07-25T05:24:00,5,5,11,97,44.7,60,44.7
S06413,ST03,2026-07-25T05:37:00,5,5,29,92,44.5,120,22.2
S06411,ST01,2026-07-25T05:48:00,5,5,41,98,42.4,60,42.4
S06425,ST05,2026-07-25T06:00:00,6,5,37,82,29.4,150,11.8
S06421,ST03,2026-07-25T06:09:00,6,5,42,88,31.1,50,37.3
S06424,ST05,2026-07-25T06:16:00,6,5,34,86,36.4,120,18.2
S06423,ST04,2026-07-25T06:17:00,6,5,11,94,39.1,22,106.6
S06417,ST01,2026-07-25T06:23:00,6,5,47,92,32.0,120,16.0
S06420,ST02,2026-07-25T06:23:00,6,5,28,91,41.6,120,20.8
S06418,ST01,2026-07-25T06:26:00,6,5,17,73,24.5,120,12.2
S06419,ST02,2026-07-25T06:36:00,6,5,40,82,21.3,120,10.7
S06422,ST04,2026-07-25T06:43:00,6,5,46,76,15.1,60,15.1
S06429,ST03,2026-07-25T07:02:00,7,5,23,88,38.9,120,19.4
S06431,ST04,2026-07-25T07:04:00,7,5,15,71,40.9,50,49.1
S06432,ST05,2026-07-25T07:07:00,7,5,18,87,42.0,50,50.4
S06433,ST05,2026-07-25T07:11:00,7,5,12,83,41.8,50,50.2
S06430,ST04,2026-07-25T07:14:00,7,5,41,84,26.1,120,13.1
S06427,ST02,2026-07-25T07:50:00,7,5,45,85,16.5,120,8.2
S06426,ST01,2026-07-25T07:55:00,7,5,36,72,17.2,50,20.6
S06428,ST02,2026-07-25T07:56:00,7,5,38,98,33.6,150,13.4
S06435,ST02,2026-07-25T08:09:00,8,5,23,89,40.0,50,48.0
S06434,ST01,2026-07-25T08:10:00,8,5,24,76,33.3,50,40.0
S06436,ST03,2026-07-25T08:24:00,8,5,11,95,45.4,22,123.8
S06437,ST04,2026-07-25T08:24:00,8,5,46,78,20.7,22,56.5
S06438,ST04,2026-07-25T08:25:00,8,5,49,81,20.1,50,24.1
S06439,ST05,2026-07-25T08:34:00,8,5,35,80,30.3,150,12.1
S06440,ST01,2026-07-25T09:08:00,9,5,42,80,18.4,22,50.2
S06446,ST05,2026-07-25T09:15:00,9,5,38,83,30.0,60,30.0
S06441,ST02,2026-07-25T09:24:00,9,5,26,78,30.5,150,12.2
S06442,ST03,2026-07-25T09:34:00,9,5,40,94,39.5,50,47.4
S06443,ST04,2026-07-25T09:37:00,9,5,50,94,29.4,150,11.8
S06444,ST04,2026-07-25T09:50:00,9,5,10,78,31.2,60,31.2
S06445,ST05,2026-07-25T09:57:00,9,5,19,86,45.6,60,45.6
S06451,ST02,2026-07-25T10:04:00,10,5,40,71,22.2,22,60.5
S06462,ST05,2026-07-25T10:09:00,10,5,11,74,40.2,22,109.6
S06455,ST03,2026-07-25T10:10:00,10,5,43,85,19.8,22,54.0
S06456,ST04,2026-07-25T10:10:00,10,5,29,88,31.1,120,15.5
S06461,ST05,2026-07-25T10:11:00,10,5,43,85,21.4,22,58.4
S06457,ST04,2026-07-25T10:11:00,10,5,46,96,22.0,150,8.8
S06450,ST01,2026-07-25T10:14:00,10,5,47,100,23.6,22,64.4
S06459,ST04,2026-07-25T10:15:00,10,5,22,94,33.4,150,13.4
S06447,ST01,2026-07-25T10:23:00,10,5,31,95,26.3,150,10.5
S06458,ST04,2026-07-25T10:25:00,10,5,29,79,22.0,22,60.0
S06460,ST05,2026-07-25T10:30:00,10,5,10,70,30.8,22,84.0
S06454,ST03,2026-07-25T10:34:00,10,5,40,88,28.0,120,14.0
S06449,ST01,2026-07-25T10:34:00,10,5,35,70,22.3,22,60.8
S06452,ST02,2026-07-25T10:39:00,10,5,30,87,30.8,120,15.4
S06448,ST01,2026-07-25T10:55:00,10,5,37,87,29.3,120,14.7
S06453,ST02,2026-07-25T10:59:00,10,5,23,100,46.8,150,18.7
S06477,ST05,2026-07-25T11:00:00,11,5,16,81,27.0,22,73.6
S06464,ST01,2026-07-25T11:04:00,11,5,35,78,25.2,150,10.1
S06465,ST01,2026-07-25T11:08:00,11,5,14,71,40.1,60,40.1
S06475,ST05,2026-07-25T11:08:00,11,5,35,85,21.3,150,8.5
S06466,ST02,2026-07-25T11:08:00,11,5,39,80,25.7,22,70.1
S06470,ST03,2026-07-25T11:18:00,11,5,44,99,40.1,50,48.1
S06476,ST05,2026-07-25T11:21:00,11,5,42,92,21.7,120,10.8
S06468,ST02,2026-07-25T11:28:00,11,5,26,78,23.9,22,65.2
S06473,ST04,2026-07-25T11:34:00,11,5,10,83,30.5,22,83.2
S06471,ST04,2026-07-25T11:36:00,11,5,33,86,38.9,50,46.7
S06469,ST03,2026-07-25T11:46:00,11,5,35,71,20.5,60,20.5
S06467,ST02,2026-07-25T11:49:00,11,5,16,81,29.9,150,12.0
S06474,ST04,2026-07-25T11:55:00,11,5,26,80,30.0,150,12.0
S06463,ST01,2026-07-25T11:56:00,11,5,41,81,20.2,60,20.2
S06472,ST04,2026-07-25T11:57:00,11,5,25,92,39.8,120,19.9
S06479,ST01,2026-07-25T12:01:00,12,5,49,74,13.1,150,5.2
S06480,ST01,2026-07-25T12:08:00,12,5,12,73,42.5,50,51.0
S06491,ST04,2026-07-25T12:10:00,12,5,34,74,20.8,22,56.7
S06495,ST05,2026-07-25T12:19:00,12,5,22,90,34.5,60,34.5
S06482,ST02,2026-07-25T12:28:00,12,5,10,96,42.5,50,51.0
S06478,ST01,2026-07-25T12:31:00,12,5,48,97,36.3,50,43.6
S06492,ST04,2026-07-25T12:33:00,12,5,44,77,21.2,50,25.4
S06481,ST01,2026-07-25T12:35:00,12,5,32,74,20.3,50,24.4
S06493,ST05,2026-07-25T12:36:00,12,5,40,93,29.5,120,14.8
S06484,ST02,2026-07-25T12:37:00,12,5,16,80,37.6,60,37.6
S06487,ST03,2026-07-25T12:38:00,12,5,20,70,35.8,120,17.9
S06494,ST05,2026-07-25T12:45:00,12,5,39,85,21.2,60,21.2
S06483,ST02,2026-07-25T12:48:00,12,5,40,88,24.9,50,29.9
S06489,ST04,2026-07-25T12:50:00,12,5,29,99,32.5,150,13.0
S06485,ST03,2026-07-25T12:51:00,12,5,17,72,30.3,50,36.4
S06486,ST03,2026-07-25T12:51:00,12,5,48,90,23.3,60,23.3
S06490,ST04,2026-07-25T12:51:00,12,5,39,96,27.6,120,13.8
S06488,ST04,2026-07-25T12:59:00,12,5,39,79,25.7,22,70.1
S06504,ST03,2026-07-25T13:00:00,13,5,48,72,13.1,60,13.1
S06502,ST02,2026-07-25T13:08:00,13,5,28,85,34.4,120,17.2
S06507,ST04,2026-07-25T13:08:00,13,5,33,78,27.4,22,74.7
S06499,ST01,2026-07-25T13:14:00,13,5,43,97,34.4,22,93.8
S06508,ST04,2026-07-25T13:14:00,13,5,36,95,36.0,22,98.2
S06501,ST02,2026-07-25T13:17:00,13,5,44,90,18.7,60,18.7
S06512,ST05,2026-07-25T13:25:00,13,5,29,99,29.6,120,14.8
S06506,ST04,2026-07-25T13:25:00,13,5,34,92,39.0,50,46.8
S06505,ST03,2026-07-25T13:30:00,13,5,24,85,33.3,60,33.3
S06509,ST04,2026-07-25T13:38:00,13,5,15,92,56.6,22,154.4
S06500,ST02,2026-07-25T13:39:00,13,5,46,71,16.7,50,20.0
S06496,ST01,2026-07-25T13:39:00,13,5,39,86,26.9,150,10.8
S06503,ST03,2026-07-25T13:40:00,13,5,11,93,34.2,60,34.2
S06511,ST05,2026-07-25T13:45:00,13,5,17,94,43.2,50,51.8
S06497,ST01,2026-07-25T13:55:00,13,5,34,81,26.6,60,26.6
S06513,ST05,2026-07-25T13:55:00,13,5,31,83,31.2,22,85.1
S06498,ST01,2026-07-25T13:57:00,13,5,35,94,38.3,60,38.3
S06510,ST04,2026-07-25T13:58:00,13,5,16,91,38.7,120,19.4
S06520,ST02,2026-07-25T14:01:00,14,5,20,75,30.3,50,36.4
S06517,ST01,2026-07-25T14:10:00,14,5,46,87,25.5,60,25.5
S06530,ST05,2026-07-25T14:14:00,14,5,49,76,13.7,50,16.4
S06525,ST04,2026-07-25T14:19:00,14,5,19,84,37.4,50,44.9
S06532,ST05,2026-07-25T14:20:00,14,5,23,93,47.1,150,18.8
S06528,ST04,2026-07-25T14:25:00,14,5,49,85,21.9,22,59.7
S06529,ST05,2026-07-25T14:28:00,14,5,33,95,43.5,150,17.4
S06521,ST03,2026-07-25T14:29:00,14,5,25,82,29.3,22,79.9
S06516,ST01,2026-07-25T14:33:00,14,5,27,84,38.8,50,46.6
S06523,ST03,2026-07-25T14:36:00,14,5,12,92,59.2,22,161.5
S06514,ST01,2026-07-25T14:40:00,14,5,14,86,35.5,150,14.2
S06518,ST02,2026-07-25T14:43:00,14,5,36,99,40.5,120,20.2
S06531,ST05,2026-07-25T14:43:00,14,5,46,82,21.8,60,21.8
S06527,ST04,2026-07-25T14:45:00,14,5,28,75,29.3,22,79.9
S06522,ST03,2026-07-25T14:46:00,14,5,22,74,31.8,22,86.7
S06515,ST01,2026-07-25T14:51:00,14,5,24,76,38.6,150,15.4
S06519,ST02,2026-07-25T14:51:00,14,5,15,81,32.2,150,12.9
S06524,ST04,2026-07-25T14:53:00,14,5,39,83,18.6,60,18.6
S06526,ST04,2026-07-25T14:53:00,14,5,30,80,24.5,22,66.8
S06536,ST01,2026-07-25T15:01:00,15,5,40,77,18.4,50,22.1
S06548,ST05,2026-07-25T15:08:00,15,5,30,77,27.2,22,74.2
S06547,ST05,2026-07-25T15:10:00,15,5,33,96,33.4,22,91.1
S06540,ST03,2026-07-25T15:12:00,15,5,39,75,15.1,50,18.1
S06542,ST04,2026-07-25T15:15:00,15,5,18,80,26.9,22,73.4
S06539,ST02,2026-07-25T15:18:00,15,5,40,99,28.8,150,11.5
S06541,ST03,2026-07-25T15:22:00,15,5,12,80,49.0,120,24.5
S06546,ST05,2026-07-25T15:25:00,15,5,29,72,18.4,150,7.4
S06538,ST02,2026-07-25T15:27:00,15,5,29,73,30.6,50,36.7
S06543,ST04,2026-07-25T15:31:00,15,5,15,81,48.3,60,48.3
S06544,ST04,2026-07-25T15:34:00,15,5,41,71,20.4,60,20.4
S06545,ST04,2026-07-25T15:40:00,15,5,13,78,29.5,60,29.5
S06534,ST01,2026-07-25T15:44:00,15,5,24,80,31.4,50,37.7
S06533,ST01,2026-07-25T15:50:00,15,5,32,75,24.9,150,10.0
S06535,ST01,2026-07-25T15:52:00,15,5,42,73,22.1,50,26.5
S06537,ST02,2026-07-25T15:53:00,15,5,23,71,22.2,50,26.6
S06564,ST05,2026-07-25T16:02:00,16,5,47,71,10.5,22,28.6
S06560,ST04,2026-07-25T16:03:00,16,5,30,89,35.2,120,17.6
S06558,ST04,2026-07-25T16:08:00,16,5,10,97,58.5,120,29.2
S06555,ST02,2026-07-25T16:17:00,16,5,36,77,16.7,120,8.3
S06553,ST02,2026-07-25T16:20:00,16,5,32,85,38.8,120,19.4
S06556,ST03,2026-07-25T16:26:00,16,5,18,97,55.2,150,22.1
S06559,ST04,2026-07-25T16:27:00,16,5,14,80,27.4,50,32.9
S06554,ST02,2026-07-25T16:27:00,16,5,24,75,37.5,50,45.0
S06561,ST04,2026-07-25T16:32:00,16,5,32,91,37.1,150,14.8
S06552,ST01,2026-07-25T16:39:00,16,5,40,73,17.0,120,8.5
S06557,ST03,2026-07-25T16:42:00,16,5,33,98,47.6,120,23.8
S06563,ST05,2026-07-25T16:44:00,16,5,37,70,23.7,150,9.5
S06551,ST01,2026-07-25T16:46:00,16,5,29,89,44.2,22,120.5
S06549,ST01,2026-07-25T16:49:00,16,5,43,72,17.6,50,21.1
S06550,ST01,2026-07-25T16:52:00,16,5,32,98,26.9,50,32.3
S06562,ST05,2026-07-25T16:56:00,16,5,14,79,30.3,50,36.4
S06572,ST03,2026-07-25T17:02:00,17,5,32,90,23.9,150,9.6
S06571,ST02,2026-07-25T17:05:00,17,5,43,96,33.9,120,16.9
S06568,ST01,2026-07-25T17:13:00,17,5,12,78,44.9,120,22.4
S06578,ST05,2026-07-25T17:18:00,17,5,11,84,42.4,22,115.6
S06574,ST04,2026-07-25T17:24:00,17,5,40,75,20.4,22,55.6
S06569,ST02,2026-07-25T17:24:00,17,5,25,87,36.1,120,18.1
S06573,ST03,2026-07-25T17:24:00,17,5,31,82,33.9,150,13.6
S06577,ST04,2026-07-25T17:28:00,17,5,19,90,33.2,50,39.8
S06580,ST05,2026-07-25T17:28:00,17,5,43,94,31.1,150,12.4
S06575,ST04,2026-07-25T17:30:00,17,5,19,92,41.7,22,113.7
S06570,ST02,2026-07-25T17:32:00,17,5,40,92,30.5,60,30.5
S06567,ST01,2026-07-25T17:33:00,17,5,42,87,19.5,150,7.8
S06579,ST05,2026-07-25T17:34:00,17,5,24,71,31.4,150,12.6
S06566,ST01,2026-07-25T17:46:00,17,5,23,89,29.8,150,11.9
S06576,ST04,2026-07-25T17:46:00,17,5,50,87,16.3,60,16.3
S06565,ST01,2026-07-25T17:48:00,17,5,36,93,24.7,22,67.4
S06588,ST03,2026-07-25T18:13:00,18,5,29,77,34.8,22,94.9
S06593,ST05,2026-07-25T18:15:00,18,5,11,91,37.6,120,18.8
S06583,ST01,2026-07-25T18:16:00,18,5,34,85,25.1,22,68.5
S06592,ST04,2026-07-25T18:21:00,18,5,23,77,36.2,120,18.1
S06587,ST03,2026-07-25T18:22:00,18,5,48,95,24.8,120,12.4
S06591,ST04,2026-07-25T18:22:00,18,5,43,96,39.0,120,19.5
S06585,ST02,2026-07-25T18:23:00,18,5,14,97,49.5,120,24.8
S06584,ST02,2026-07-25T18:24:00,18,5,43,86,28.1,120,14.1
S06594,ST05,2026-07-25T18:31:00,18,5,45,85,17.5,50,21.0
S06582,ST01,2026-07-25T18:35:00,18,5,23,83,33.7,22,91.9
S06581,ST01,2026-07-25T18:41:00,18,5,26,81,40.8,150,16.3
S06595,ST05,2026-07-25T18:53:00,18,5,36,73,19.6,150,7.8
S06586,ST02,2026-07-25T18:57:00,18,5,16,72,30.7,60,30.7
S06589,ST04,2026-07-25T18:58:00,18,5,50,90,22.1,150,8.8
S06590,ST04,2026-07-25T18:59:00,18,5,19,70,33.2,50,39.8
S06604,ST04,2026-07-25T19:01:00,19,5,11,88,32.9,50,39.5
S06606,ST04,2026-07-25T19:01:00,19,5,41,92,37.8,60,37.8
S06599,ST02,2026-07-25T19:02:00,19,5,42,93,33.3,150,13.3
S06596,ST01,2026-07-25T19:09:00,19,5,10,97,38.0,60,38.0
S06608,ST05,2026-07-25T19:17:00,19,5,36,94,31.1,150,12.4
S06602,ST03,2026-07-25T19:19:00,19,5,34,73,20.9,22,57.0
S06605,ST04,2026-07-25T19:20:00,19,5,20,89,35.0,50,42.0
S06598,ST01,2026-07-25T19:21:00,19,5,30,70,25.2,60,25.2
S06601,ST03,2026-07-25T19:29:00,19,5,25,86,35.3,50,42.4
S06607,ST05,2026-07-25T19:36:00,19,5,46,100,33.8,60,33.8
S06600,ST02,2026-07-25T19:37:00,19,5,45,96,24.1,120,12.1
S06597,ST01,2026-07-25T19:42:00,19,5,13,74,44.8,60,44.8
S06603,ST04,2026-07-25T19:50:00,19,5,28,77,28.6,22,78.0
S06615,ST05,2026-07-25T20:02:00,20,5,26,73,34.0,50,40.8
S06612,ST03,2026-07-25T20:02:00,20,5,18,77,42.1,60,42.1
S06614,ST04,2026-07-25T20:11:00,20,5,33,72,24.6,150,9.8
S06611,ST02,2026-07-25T20:20:00,20,5,50,82,13.4,50,16.1
S06613,ST04,2026-07-25T20:24:00,20,5,39,84,31.4,22,85.6
S06609,ST01,2026-07-25T20:44:00,20,5,22,81,25.7,150,10.3
S06610,ST01,2026-07-25T20:51:00,20,5,34,75,18.5,50,22.2
S06618,ST02,2026-07-25T21:13:00,21,5,47,74,15.4,150,6.2
S06623,ST05,2026-07-25T21:16:00,21,5,45,74,14.1,150,5.6
S06619,ST02,2026-07-25T21:18:00,21,5,27,85,36.1,22,98.5
S06622,ST04,2026-07-25T21:19:00,21,5,29,74,18.2,50,21.8
S06620,ST03,2026-07-25T21:24:00,21,5,22,83,26.2,50,31.4
S06617,ST01,2026-07-25T21:27:00,21,5,12,92,47.2,22,128.7
S06616,ST01,2026-07-25T21:32:00,21,5,10,80,29.7,120,14.8
S06621,ST04,2026-07-25T21:39:00,21,5,30,96,39.1,60,39.1
S06624,ST05,2026-07-25T21:53:00,21,5,35,76,26.8,50,32.2
S06627,ST02,2026-07-25T22:02:00,22,5,19,82,40.2,150,16.1
S06626,ST01,2026-07-25T22:14:00,22,5,14,96,56.8,22,154.9
S06629,ST03,2026-07-25T22:15:00,22,5,46,83,14.9,22,40.6
S06625,ST01,2026-07-25T22:15:00,22,5,39,72,16.7,22,45.5
S06632,ST05,2026-07-25T22:20:00,22,5,34,100,41.6,150,16.6
S06630,ST04,2026-07-25T22:29:00,22,5,15,97,47.2,22,128.7
S06628,ST02,2026-07-25T22:51:00,22,5,17,99,40.4,22,110.2
S06631,ST04,2026-07-25T22:53:00,22,5,16,96,48.2,150,19.3
S06634,ST02,2026-07-25T23:02:00,23,5,24,78,23.1,22,63.0
S06635,ST03,2026-07-25T23:04:00,23,5,43,73,13.2,150,5.3
S06636,ST04,2026-07-25T23:19:00,23,5,10,100,67.0,22,182.7
S06633,ST01,2026-07-25T23:19:00,23,5,41,83,25.0,50,30.0
S06638,ST05,2026-07-25T23:37:00,23,5,10,79,35.1,22,95.7
S06637,ST04,2026-07-25T23:44:00,23,5,24,75,26.0,22,70.9
S06643,ST04,2026-07-26T00:09:00,0,6,39,80,25.9,120,12.9
S06641,ST02,2026-07-26T00:13:00,0,6,14,70,26.3,60,26.3
S06645,ST05,2026-07-26T00:13:00,0,6,38,78,19.6,150,7.8
S06642,ST03,2026-07-26T00:22:00,0,6,34,78,22.4,50,26.9
S06639,ST01,2026-07-26T00:26:00,0,6,10,88,51.5,22,140.5
S06644,ST04,2026-07-26T00:38:00,0,6,27,95,28.5,60,28.5
S06640,ST01,2026-07-26T00:51:00,0,6,34,84,21.8,150,8.7
S06649,ST03,2026-07-26T01:04:00,1,6,10,96,46.0,50,55.2
S06647,ST01,2026-07-26T01:15:00,1,6,48,73,16.2,120,8.1
S06646,ST01,2026-07-26T01:33:00,1,6,38,70,19.6,50,23.5
S06648,ST02,2026-07-26T01:39:00,1,6,28,72,20.5,120,10.2
S06652,ST05,2026-07-26T01:43:00,1,6,12,72,24.6,150,9.8
S06651,ST04,2026-07-26T01:44:00,1,6,45,71,13.6,120,6.8
S06650,ST04,2026-07-26T01:48:00,1,6,38,81,20.7,22,56.5
S06660,ST05,2026-07-26T02:00:00,2,6,14,84,39.9,50,47.9
S06655,ST02,2026-07-26T02:01:00,2,6,13,78,36.0,150,14.4
S06654,ST01,2026-07-26T02:10:00,2,6,30,77,25.3,120,12.7
S06658,ST04,2026-07-26T02:16:00,2,6,43,72,16.3,50,19.6
S06656,ST02,2026-07-26T02:25:00,2,6,39,89,25.3,150,10.1
S06659,ST04,2026-07-26T02:25:00,2,6,16,70,40.3,120,20.1
S06657,ST03,2026-07-26T02:40:00,2,6,50,88,26.1,150,10.4
S06661,ST05,2026-07-26T02:41:00,2,6,40,80,24.0,60,24.0
S06653,ST01,2026-07-26T02:41:00,2,6,31,79,26.0,22,70.9
S06665,ST03,2026-07-26T03:01:00,3,6,20,99,34.2,60,34.2
S06663,ST01,2026-07-26T03:28:00,3,6,43,73,13.2,22,36.0
S06667,ST04,2026-07-26T03:28:00,3,6,27,77,24.1,150,9.6
S06668,ST05,2026-07-26T03:36:00,3,6,36,92,40.5,60,40.5
S06664,ST02,2026-07-26T03:36:00,3,6,37,96,24.7,22,67.4
S06666,ST04,2026-07-26T03:51:00,3,6,32,80,33.5,120,16.8
S06662,ST01,2026-07-26T03:51:00,3,6,22,96,55.2,22,150.5
S06669,ST01,2026-07-26T04:14:00,4,6,46,73,15.3,22,41.7
S06673,ST03,2026-07-26T04:24:00,4,6,17,100,54.7,120,27.4
S06674,ST04,2026-07-26T04:29:00,4,6,25,73,35.9,50,43.1
S06676,ST05,2026-07-26T04:31:00,4,6,19,99,57.7,150,23.1
S06675,ST04,2026-07-26T04:36:00,4,6,29,94,35.7,50,42.8
S06672,ST02,2026-07-26T04:37:00,4,6,21,82,37.8,60,37.8
S06670,ST01,2026-07-26T04:52:00,4,6,23,93,33.7,50,40.4
S06671,ST02,2026-07-26T04:56:00,4,6,13,79,40.7,150,16.3
S06683,ST05,2026-07-26T05:08:00,5,6,17,98,52.7,120,26.4
S06680,ST03,2026-07-26T05:12:00,5,6,17,98,54.1,150,21.6
S06682,ST04,2026-07-26T05:35:00,5,6,16,85,48.7,60,48.7
S06679,ST02,2026-07-26T05:42:00,5,6,15,78,40.7,50,48.8
S06678,ST01,2026-07-26T05:53:00,5,6,49,74,17.6,120,8.8
S06677,ST01,2026-07-26T05:54:00,5,6,43,82,27.3,50,32.8
S06681,ST04,2026-07-26T05:59:00,5,6,12,83,28.5,60,28.5
S06688,ST04,2026-07-26T06:00:00,6,6,24,89,42.3,60,42.3
S06684,ST01,2026-07-26T06:01:00,6,6,35,92,39.0,150,15.6
S06687,ST04,2026-07-26T06:18:00,6,6,50,90,20.6,120,10.3
S06690,ST05,2026-07-26T06:25:00,6,6,47,100,24.0,60,24.0
S06689,ST05,2026-07-26T06:30:00,6,6,16,93,45.4,120,22.7
S06686,ST03,2026-07-26T06:52:00,6,6,47,87,25.7,120,12.8
S06685,ST02,2026-07-26T06:59:00,6,6,33,94,30.0,60,30.0
S06697,ST05,2026-07-26T07:00:00,7,6,13,91,51.4,150,20.6
S06692,ST02,2026-07-26T07:03:00,7,6,10,71,38.6,22,105.3
S06694,ST04,2026-07-26T07:04:00,7,6,47,84,17.3,60,17.3
S06696,ST05,2026-07-26T07:05:00,7,6,18,100,35.3,50,42.4
S06693,ST03,2026-07-26T07:47:00,7,6,13,72,40.5,120,20.2
S06695,ST04,2026-07-26T07:50:00,7,6,26,100,49.6,150,19.8
S06691,ST01,2026-07-26T07:53:00,7,6,13,80,27.4,50,32.9
S06705,ST05,2026-07-26T08:01:00,8,6,36,76,26.5,150,10.6
S06702,ST04,2026-07-26T08:15:00,8,6,50,83,23.1,60,23.1
S06701,ST03,2026-07-26T08:16:00,8,6,26,86,26.6,120,13.3
S06703,ST04,2026-07-26T08:20:00,8,6,36,72,22.0,50,26.4
S06699,ST02,2026-07-26T08:39:00,8,6,13,94,51.7,150,20.7
S06698,ST01,2026-07-26T08:48:00,8,6,22,86,44.7,120,22.4
S06704,ST05,2026-07-26T08:49:00,8,6,43,87,19.7,50,23.6
S06700,ST02,2026-07-26T08:54:00,8,6,35,85,22.2,50,26.6
S06714,ST05,2026-07-26T09:09:00,9,6,50,95,24.3,120,12.2
S06708,ST02,2026-07-26T09:09:00,9,6,22,83,30.0,22,81.8
S06712,ST04,2026-07-26T09:14:00,9,6,46,91,19.1,150,7.6
S06710,ST03,2026-07-26T09:20:00,9,6,50,89,23.7,120,11.8
S06706,ST01,2026-07-26T09:25:00,9,6,28,73,25.6,22,69.8
S06711,ST04,2026-07-26T09:27:00,9,6,27,70,29.8,50,35.8
S06707,ST01,2026-07-26T09:40:00,9,6,50,90,29.6,50,35.5
S06713,ST05,2026-07-26T09:42:00,9,6,21,80,26.5,150,10.6
S06709,ST02,2026-07-26T09:44:00,9,6,50,83,20.2,120,10.1
S06728,ST05,2026-07-26T10:01:00,10,6,27,100,39.2,50,47.0
S06727,ST04,2026-07-26T10:03:00,10,6,20,99,41.5,22,113.2
S06721,ST02,2026-07-26T10:04:00,10,6,29,95,48.8,50,58.6
S06715,ST01,2026-07-26T10:11:00,10,6,34,98,39.1,120,19.6
S06722,ST03,2026-07-26T10:16:00,10,6,11,89,50.5,22,137.7
S06723,ST03,2026-07-26T10:20:00,10,6,45,85,22.7,60,22.7
S06717,ST01,2026-07-26T10:20:00,10,6,20,99,36.8,50,44.2
S06724,ST04,2026-07-26T10:22:00,10,6,48,91,27.1,22,73.9
S06730,ST05,2026-07-26T10:25:00,10,6,11,76,29.3,60,29.3
S06729,ST05,2026-07-26T10:29:00,10,6,20,73,28.9,120,14.4
S06719,ST02,2026-07-26T10:33:00,10,6,27,94,49.3,120,24.6
S06716,ST01,2026-07-26T10:37:00,10,6,26,89,43.8,150,17.5
S06720,ST02,2026-07-26T10:49:00,10,6,44,83,22.5,22,61.4
S06725,ST04,2026-07-26T10:49:00,10,6,50,99,26.3,50,31.6
S06726,ST04,2026-07-26T10:49:00,10,6,40,86,26.1,150,10.4
S06718,ST01,2026-07-26T10:58:00,10,6,49,83,22.7,60,22.7
S06743,ST04,2026-07-26T11:02:00,11,6,42,92,22.6,50,27.1
S06746,ST05,2026-07-26T11:02:00,11,6,40,91,33.2,150,13.3
S06731,ST01,2026-07-26T11:04:00,11,6,44,95,20.5,150,8.2
S06747,ST05,2026-07-26T11:12:00,11,6,15,75,37.4,50,44.9
S06741,ST04,2026-07-26T11:18:00,11,6,20,76,26.5,22,72.3
S06732,ST01,2026-07-26T11:20:00,11,6,32,91,36.4,150,14.6
S06739,ST03,2026-07-26T11:27:00,11,6,19,100,42.5,120,21.2
S06745,ST04,2026-07-26T11:29:00,11,6,24,100,54.6,50,65.5
S06733,ST01,2026-07-26T11:31:00,11,6,39,94,26.4,120,13.2
S06742,ST04,2026-07-26T11:34:00,11,6,12,81,37.2,50,44.6
S06749,ST05,2026-07-26T11:34:00,11,6,32,74,19.5,120,9.8
S06736,ST02,2026-07-26T11:36:00,11,6,19,78,38.5,60,38.5
S06744,ST04,2026-07-26T11:40:00,11,6,26,90,38.1,150,15.2
S06737,ST02,2026-07-26T11:43:00,11,6,15,72,24.1,50,28.9
S06748,ST05,2026-07-26T11:45:00,11,6,37,81,29.3,60,29.3
S06735,ST02,2026-07-26T11:54:00,11,6,47,80,22.0,22,60.0
S06740,ST03,2026-07-26T11:55:00,11,6,37,73,15.7,60,15.7
S06734,ST01,2026-07-26T11:58:00,11,6,46,76,18.3,60,18.3
S06738,ST03,2026-07-26T11:59:00,11,6,39,70,14.8,150,5.9
S06755,ST02,2026-07-26T12:01:00,12,6,33,98,27.8,150,11.1
S06764,ST05,2026-07-26T12:01:00,12,6,48,73,17.6,120,8.8
S06750,ST01,2026-07-26T12:04:00,12,6,49,84,24.4,150,9.8
S06757,ST03,2026-07-26T12:08:00,12,6,37,98,28.1,22,76.6
S06753,ST02,2026-07-26T12:13:00,12,6,50,82,16.5,50,19.8
S06760,ST04,2026-07-26T12:14:00,12,6,10,92,58.8,60,58.8
S06751,ST01,2026-07-26T12:18:00,12,6,18,87,38.9,22,106.1
S06756,ST03,2026-07-26T12:19:00,12,6,44,94,24.5,50,29.4
S06759,ST04,2026-07-26T12:20:00,12,6,12,74,41.0,150,16.4
S06758,ST04,2026-07-26T12:26:00,12,6,10,84,33.1,50,39.7
S06752,ST01,2026-07-26T12:27:00,12,6,20,85,39.9,120,19.9
S06763,ST05,2026-07-26T12:27:00,12,6,46,74,19.5,150,7.8
S06762,ST05,2026-07-26T12:29:00,12,6,31,95,30.2,22,82.4
S06754,ST02,2026-07-26T12:39:00,12,6,30,81,26.3,22,71.7
S06761,ST04,2026-07-26T12:43:00,12,6,19,98,54.3,60,54.3
S06771,ST03,2026-07-26T13:06:00,13,6,41,83,21.2,150,8.5
S06776,ST04,2026-07-26T13:07:00,13,6,31,96,29.7,60,29.7
S06778,ST04,2026-07-26T13:08:00,13,6,45,99,22.5,150,9.0
S06779,ST05,2026-07-26T13:12:00,13,6,39,90,28.3,60,28.3
S06780,ST05,2026-07-26T13:15:00,13,6,32,99,33.2,22,90.5
S06767,ST01,2026-07-26T13:16:00,13,6,33,78,32.3,22,88.1
S06770,ST02,2026-07-26T13:18:00,13,6,31,87,22.9,60,22.9
S06773,ST03,2026-07-26T13:18:00,13,6,16,73,30.0,60,30.0
S06782,ST05,2026-07-26T13:21:00,13,6,22,89,35.3,22,96.3
S06777,ST04,2026-07-26T13:23:00,13,6,20,92,35.0,50,42.0
S06768,ST02,2026-07-26T13:24:00,13,6,16,83,36.0,150,14.4
S06772,ST03,2026-07-26T13:26:00,13,6,20,86,26.5,50,31.8
S06765,ST01,2026-07-26T13:27:00,13,6,37,89,27.8,150,11.1
S06769,ST02,2026-07-26T13:29:00,13,6,10,70,38.4,60,38.4
S06766,ST01,2026-07-26T13:30:00,13,6,29,70,20.0,22,54.5
S06775,ST04,2026-07-26T13:36:00,13,6,36,73,24.3,50,29.2
S06774,ST04,2026-07-26T13:41:00,13,6,49,100,34.8,150,13.9
S06781,ST05,2026-07-26T13:44:00,13,6,29,85,41.9,50,50.3
S06786,ST02,2026-07-26T14:02:00,14,6,24,72,35.7,60,35.7
S06784,ST01,2026-07-26T14:20:00,14,6,42,91,27.1,50,32.5
S06788,ST03,2026-07-26T14:22:00,14,6,44,98,36.7,22,100.1
S06785,ST01,2026-07-26T14:29:00,14,6,38,92,31.9,150,12.8
S06787,ST02,2026-07-26T14:34:00,14,6,47,70,17.0,22,46.4
S06794,ST04,2026-07-26T14:36:00,14,6,36,84,24.6,120,12.3
S06796,ST05,2026-07-26T14:37:00,14,6,45,77,13.0,60,13.0
S06791,ST04,2026-07-26T14:38:00,14,6,24,81,41.9,60,41.9
S06792,ST04,2026-07-26T14:44:00,14,6,28,91,41.3,150,16.5
S06789,ST03,2026-07-26T14:45:00,14,6,47,85,16.8,150,6.7
S06797,ST05,2026-07-26T14:48:00,14,6,31,84,28.8,50,34.6
S06790,ST04,2026-07-26T14:51:00,14,6,29,96,47.9,50,57.5
S06795,ST05,2026-07-26T14:54:00,14,6,15,73,37.0,120,18.5
S06793,ST04,2026-07-26T14:56:00,14,6,21,71,25.7,60,25.7
S06783,ST01,2026-07-26T14:58:00,14,6,31,94,28.7,60,28.7
S06799,ST01,2026-07-26T15:05:00,15,6,34,70,21.3,60,21.3
S06810,ST05,2026-07-26T15:06:00,15,6,50,99,35.5,120,17.8
S06801,ST02,2026-07-26T15:06:00,15,6,32,91,42.8,50,51.4
S06805,ST03,2026-07-26T15:08:00,15,6,42,90,28.9,150,11.6
S06802,ST02,2026-07-26T15:11:00,15,6,17,94,36.3,120,18.1
S06798,ST01,2026-07-26T15:16:00,15,6,30,94,45.0,22,122.7
S06807,ST04,2026-07-26T15:17:00,15,6,34,98,28.0,22,76.4
S06804,ST03,2026-07-26T15:32:00,15,6,22,78,31.4,22,85.6
S06800,ST01,2026-07-26T15:33:00,15,6,46,84,27.3,22,74.5
S06803,ST02,2026-07-26T15:45:00,15,6,43,89,30.9,22,84.3
S06806,ST04,2026-07-26T15:46:00,15,6,24,70,29.5,120,14.8
S06808,ST04,2026-07-26T15:47:00,15,6,25,93,47.1,150,18.8
S06809,ST04,2026-07-26T15:48:00,15,6,50,85,21.1,150,8.4
S06811,ST05,2026-07-26T15:59:00,15,6,13,99,58.0,50,69.6
S06815,ST02,2026-07-26T16:06:00,16,6,44,94,33.4,50,40.1
S06821,ST04,2026-07-26T16:07:00,16,6,12,84,39.0,50,46.8
S06823,ST05,2026-07-26T16:14:00,16,6,29,94,36.3,60,36.3
S06818,ST03,2026-07-26T16:15:00,16,6,41,88,23.5,150,9.4
S06825,ST05,2026-07-26T16:15:00,16,6,31,88,35.8,150,14.3
S06814,ST01,2026-07-26T16:23:00,16,6,45,97,32.0,120,16.0
S06816,ST02,2026-07-26T16:36:00,16,6,39,82,27.7,22,75.5
S06824,ST05,2026-07-26T16:36:00,16,6,16,92,40.8,60,40.8
S06812,ST01,2026-07-26T16:43:00,16,6,41,93,30.6,150,12.2
S06820,ST04,2026-07-26T16:43:00,16,6,26,97,48.3,60,48.3
S06813,ST01,2026-07-26T16:43:00,16,6,32,98,45.5,150,18.2
S06822,ST04,2026-07-26T16:47:00,16,6,37,74,19.8,60,19.8
S06819,ST04,2026-07-26T16:54:00,16,6,29,95,32.8,120,16.4
S06817,ST03,2026-07-26T16:57:00,16,6,46,70,15.0,120,7.5
S06837,ST05,2026-07-26T17:00:00,17,6,25,98,34.0,150,13.6
S06832,ST03,2026-07-26T17:03:00,17,6,38,90,33.0,120,16.5
S06830,ST02,2026-07-26T17:04:00,17,6,34,85,29.8,50,35.8
S06836,ST04,2026-07-26T17:09:00,17,6,22,76,35.1,150,14.0
S06829,ST02,2026-07-26T17:14:00,17,6,41,80,21.3,150,8.5
S06834,ST04,2026-07-26T17:20:00,17,6,11,90,48.9,120,24.4
S06839,ST05,2026-07-26T17:21:00,17,6,12,93,37.7,22,102.8
S06833,ST04,2026-07-26T17:24:00,17,6,16,98,59.2,50,71.0
S06828,ST01,2026-07-26T17:27:00,17,6,33,86,37.1,120,18.6
S06835,ST04,2026-07-26T17:32:00,17,6,44,76,17.1,50,20.5
S06838,ST05,2026-07-26T17:37:00,17,6,48,80,14.3,150,5.7
S06826,ST01,2026-07-26T17:39:00,17,6,43,80,27.2,150,10.9
S06831,ST03,2026-07-26T17:43:00,17,6,12,85,50.7,50,60.8
S06827,ST01,2026-07-26T17:47:00,17,6,13,84,48.6,150,19.4
S06847,ST04,2026-07-26T18:02:00,18,6,19,71,21.5,22,58.6
S06840,ST01,2026-07-26T18:08:00,18,6,35,80,21.1,120,10.6
S06841,ST01,2026-07-26T18:15:00,18,6,30,92,39.4,60,39.4
S06851,ST05,2026-07-26T18:15:00,18,6,48,72,17.6,50,21.1
S06844,ST02,2026-07-26T18:15:00,18,6,27,85,33.1,60,33.1
S06849,ST04,2026-07-26T18:16:00,18,6,33,88,27.3,120,13.7
S06853,ST05,2026-07-26T18:28:00,18,6,35,73,27.3,50,32.8
S06852,ST05,2026-07-26T18:30:00,18,6,10,96,47.0,22,128.2
S06848,ST04,2026-07-26T18:30:00,18,6,26,72,21.5,60,21.5
S06845,ST03,2026-07-26T18:39:00,18,6,31,98,27.6,50,33.1
S06843,ST02,2026-07-26T18:44:00,18,6,13,76,28.3,50,34.0
S06846,ST03,2026-07-26T18:45:00,18,6,32,80,25.4,120,12.7
S06842,ST01,2026-07-26T18:51:00,18,6,17,79,38.3,50,46.0
S06850,ST04,2026-07-26T18:51:00,18,6,35,73,25.4,22,69.3
S06863,ST04,2026-07-26T19:02:00,19,6,11,86,34.7,50,41.6
S06858,ST02,2026-07-26T19:03:00,19,6,18,83,30.8,60,30.8
S06855,ST01,2026-07-26T19:23:00,19,6,34,79,22.5,150,9.0
S06857,ST01,2026-07-26T19:23:00,19,6,33,80,32.1,60,32.1
S06867,ST05,2026-07-26T19:25:00,19,6,16,84,45.6,22,124.4
S06864,ST04,2026-07-26T19:25:00,19,6,46,82,23.5,50,28.2
S06859,ST02,2026-07-26T19:27:00,19,6,10,85,43.1,150,17.2
S06865,ST04,2026-07-26T19:27:00,19,6,46,70,11.1,50,13.3
S06866,ST05,2026-07-26T19:36:00,19,6,38,81,31.5,22,85.9
S06862,ST04,2026-07-26T19:38:00,19,6,13,78,41.4,120,20.7
S06861,ST03,2026-07-26T19:41:00,19,6,18,85,36.4,50,43.7
S06860,ST03,2026-07-26T19:43:00,19,6,29,99,47.4,50,56.9
S06856,ST01,2026-07-26T19:44:00,19,6,32,77,28.6,60,28.6
S06854,ST01,2026-07-26T19:58:00,19,6,44,90,22.2,22,60.5
S06870,ST02,2026-07-26T20:13:00,20,6,26,79,32.5,120,16.2
S06869,ST01,2026-07-26T20:21:00,20,6,16,75,24.4,50,29.3
S06871,ST03,2026-07-26T20:30:00,20,6,20,99,34.8,50,41.8
S06872,ST04,2026-07-26T20:35:00,20,6,22,91,33.3,50,40.0
S06873,ST04,2026-07-26T20:37:00,20,6,50,97,32.6,150,13.0
S06868,ST01,2026-07-26T20:58:00,20,6,39,70,22.4,22,61.1
S06874,ST05,2026-07-26T20:58:00,20,6,34,95,38.3,50,46.0
S06877,ST03,2026-07-26T21:09:00,21,6,42,77,22.0,120,11.0
S06878,ST04,2026-07-26T21:11:00,21,6,39,94,23.0,60,23.0
S06880,ST05,2026-07-26T21:28:00,21,6,20,98,46.1,50,55.3
S06879,ST04,2026-07-26T21:39:00,21,6,45,80,20.0,150,8.0
S06875,ST01,2026-07-26T21:54:00,21,6,31,77,18.8,22,51.3
S06876,ST02,2026-07-26T21:58:00,21,6,36,71,24.6,150,9.8
S06881,ST01,2026-07-26T22:12:00,22,6,19,75,36.0,150,14.4
S06886,ST04,2026-07-26T22:26:00,22,6,11,90,43.4,60,43.4
S06883,ST02,2026-07-26T22:26:00,22,6,46,87,17.2,60,17.2
S06887,ST05,2026-07-26T22:44:00,22,6,50,78,20.2,60,20.2
S06884,ST03,2026-07-26T22:45:00,22,6,36,81,25.9,60,25.9
S06882,ST02,2026-07-26T22:47:00,22,6,11,100,38.1,50,45.7
S06885,ST04,2026-07-26T22:56:00,22,6,27,85,31.5,150,12.6
S06893,ST05,2026-07-26T23:09:00,23,6,35,86,21.5,150,8.6
S06888,ST01,2026-07-26T23:29:00,23,6,23,84,36.1,60,36.1
S06892,ST04,2026-07-26T23:32:00,23,6,42,89,26.3,50,31.6
S06889,ST02,2026-07-26T23:35:00,23,6,44,78,13.8,22,37.6
S06890,ST03,2026-07-26T23:44:00,23,6,48,78,16.4,120,8.2
S06891,ST04,2026-07-26T23:49:00,23,6,13,83,30.1,150,12.0
S06896,ST04,2026-07-27T00:31:00,0,0,14,90,44.1,120,22.1
S06895,ST02,2026-07-27T00:48:00,0,0,34,78,19.4,22,52.9
S06894,ST01,2026-07-27T00:50:00,0,0,19,98,42.7,22,116.5
S06901,ST05,2026-07-27T01:16:00,1,0,18,87,44.1,50,52.9
S06899,ST04,2026-07-27T01:36:00,1,0,33,90,24.1,120,12.1
S06900,ST04,2026-07-27T01:37:00,1,0,43,76,23.6,50,28.3
S06898,ST03,2026-07-27T01:41:00,1,0,35,82,23.8,120,11.9
S06897,ST01,2026-07-27T01:45:00,1,0,35,87,30.2,50,36.2
S06903,ST01,2026-07-27T02:05:00,2,0,46,89,18.5,150,7.4
S06907,ST05,2026-07-27T02:06:00,2,0,13,85,49.6,22,135.3
S06905,ST03,2026-07-27T02:07:00,2,0,40,70,19.3,120,9.7
S06904,ST02,2026-07-27T02:16:00,2,0,45,70,14.6,22,39.8
S06902,ST01,2026-07-27T02:43:00,2,0,27,72,31.2,22,85.1
S06906,ST04,2026-07-27T02:57:00,2,0,16,81,29.9,120,14.9
S06911,ST05,2026-07-27T03:03:00,3,0,40,71,21.2,120,10.6
S06910,ST04,2026-07-27T03:04:00,3,0,15,71,40.6,150,16.2
S06908,ST01,2026-07-27T03:14:00,3,0,37,87,30.1,120,15.1
S06909,ST02,2026-07-27T03:28:00,3,0,19,90,51.1,120,25.6
S06913,ST03,2026-07-27T04:18:00,4,0,46,85,17.8,50,21.4
S06912,ST01,2026-07-27T04:23:00,4,0,11,93,37.9,60,37.9
S06914,ST04,2026-07-27T04:39:00,4,0,21,71,21.4,50,25.7
S06915,ST04,2026-07-27T04:39:00,4,0,40,81,29.4,150,11.8
S06916,ST05,2026-07-27T04:41:00,4,0,39,91,33.4,60,33.4
S06919,ST03,2026-07-27T05:16:00,5,0,20,71,25.4,120,12.7
S06918,ST02,2026-07-27T05:16:00,5,0,20,81,27.6,150,11.0
S06920,ST04,2026-07-27T05:22:00,5,0,23,84,30.6,60,30.6
S06917,ST01,2026-07-27T05:55:00,5,0,48,83,17.9,120,8.9
S06921,ST05,2026-07-27T05:57:00,5,0,22,77,30.8,150,12.3
S06926,ST05,2026-07-27T06:02:00,6,0,33,86,26.7,120,13.3
S06925,ST04,2026-07-27T06:31:00,6,0,15,95,54.3,60,54.3
S06923,ST02,2026-07-27T06:49:00,6,0,48,84,19.2,22,52.4
S06922,ST01,2026-07-27T06:55:00,6,0,38,95,31.3,120,15.7
S06924,ST03,2026-07-27T06:57:00,6,0,34,94,43.3,150,17.3
S06927,ST01,2026-07-27T07:05:00,7,0,27,78,30.9,22,84.3
S06928,ST02,2026-07-27T07:13:00,7,0,31,86,29.7,60,29.7
S06930,ST04,2026-07-27T07:39:00,7,0,46,87,22.7,50,27.2
S06929,ST03,2026-07-27T07:43:00,7,0,32,84,25.4,60,25.4
S06931,ST05,2026-07-27T07:48:00,7,0,25,80,24.8,120,12.4
S06938,ST02,2026-07-27T08:03:00,8,0,39,93,34.7,60,34.7
S06949,ST05,2026-07-27T08:05:00,8,0,26,83,24.4,50,29.3
S06932,ST01,2026-07-27T08:06:00,8,0,16,98,36.1,22,98.5
S06940,ST03,2026-07-27T08:09:00,8,0,36,78,19.1,150,7.6
S06942,ST03,2026-07-27T08:18:00,8,0,44,96,23.8,150,9.5
S06951,ST05,2026-07-27T08:22:00,8,0,19,89,48.4,50,58.1
S06946,ST04,2026-07-27T08:28:00,8,0,29,82,21.3,50,25.6
S06945,ST04,2026-07-27T08:30:00,8,0,26,89,41.3,60,41.3
S06941,ST03,2026-07-27T08:31:00,8,0,18,70,26.9,60,26.9
S06950,ST05,2026-07-27T08:31:00,8,0,31,87,23.3,60,23.3
S06934,ST01,2026-07-27T08:34:00,8,0,26,83,36.3,150,14.5
S06948,ST05,2026-07-27T08:35:00,8,0,26,91,36.8,50,44.2
S06937,ST02,2026-07-27T08:36:00,8,0,36,73,21.3,50,25.6
S06947,ST04,2026-07-27T08:37:00,8,0,25,99,41.4,22,112.9
S06936,ST01,2026-07-27T08:38:00,8,0,24,96,33.0,50,39.6
S06935,ST01,2026-07-27T08:39:00,8,0,45,91,34.4,60,34.4
S06939,ST02,2026-07-27T08:44:00,8,0,44,70,18.4,22,50.2
S06944,ST04,2026-07-27T08:45:00,8,0,49,74,18.5,60,18.5
S06943,ST04,2026-07-27T08:56:00,8,0,40,99,39.9,22,108.8
S06933,ST01,2026-07-27T08:58:00,8,0,43,81,25.8,22,70.4
S06967,ST04,2026-07-27T09:01:00,9,0,36,80,27.0,150,10.8
S06956,ST02,2026-07-27T09:04:00,9,0,25,78,21.3,150,8.5
S06970,ST05,2026-07-27T09:15:00,9,0,25,71,21.8,120,10.9
S06963,ST04,2026-07-27T09:15:00,9,0,37,93,37.9,60,37.9
S06955,ST01,2026-07-27T09:17:00,9,0,31,86,27.0,120,13.5
S06968,ST05,2026-07-27T09:20:00,9,0,24,73,26.1,50,31.3
S06958,ST02,2026-07-27T09:26:00,9,0,10,92,42.2,150,16.9
S06965,ST04,2026-07-27T09:26:00,9,0,45,95,27.0,50,32.4
S06964,ST04,2026-07-27T09:26:00,9,0,17,99,58.3,60,58.3
S06954,ST01,2026-07-27T09:33:00,9,0,39,100,34.4,60,34.4
S06962,ST04,2026-07-27T09:33:00,9,0,28,95,33.7,150,13.5
S06961,ST03,2026-07-27T09:33:00,9,0,48,70,9.7,60,9.7
S06953,ST01,2026-07-27T09:41:00,9,0,49,84,21.2,150,8.5
S06960,ST03,2026-07-27T09:44:00,9,0,47,76,14.1,50,16.9
S06959,ST03,2026-07-27T09:44:00,9,0,39,80,25.9,22,70.6
S06966,ST04,2026-07-27T09:44:00,9,0,25,97,51.4,120,25.7
S06969,ST05,2026-07-27T09:45:00,9,0,18,84,41.1,60,41.1
S06952,ST01,2026-07-27T09:55:00,9,0,37,89,37.5,150,15.0
S06957,ST02,2026-07-27T09:59:00,9,0,18,93,54.6,50,65.5
S06989,ST05,2026-07-27T10:05:00,10,0,20,76,37.0,22,100.9
S06974,ST01,2026-07-27T10:08:00,10,0,50,72,10.4,22,28.4
S06980,ST03,2026-07-27T10:10:00,10,0,50,97,27.9,150,11.2
S06988,ST05,2026-07-27T10:10:00,10,0,49,87,22.6,120,11.3
S06971,ST01,2026-07-27T10:11:00,10,0,41,72,18.2,50,21.8
S06981,ST03,2026-07-27T10:11:00,10,0,31,74,18.3,50,22.0
S06990,ST05,2026-07-27T10:13:00,10,0,37,100,33.6,120,16.8
S06991,ST05,2026-07-27T10:18:00,10,0,18,95,42.7,120,21.4
S06972,ST01,2026-07-27T10:18:00,10,0,29,84,38.8,60,38.8
S06977,ST02,2026-07-27T10:20:00,10,0,29,81,32.1,150,12.8
S06987,ST04,2026-07-27T10:21:00,10,0,19,71,25.2,50,30.2
S06978,ST02,2026-07-27T10:21:00,10,0,42,82,21.3,60,21.3
S06984,ST04,2026-07-27T10:24:00,10,0,47,99,33.8,150,13.5
S06973,ST01,2026-07-27T10:26:00,10,0,22,97,31.6,22,86.2
S06975,ST01,2026-07-27T10:31:00,10,0,44,97,24.7,120,12.3
S06982,ST04,2026-07-27T10:33:00,10,0,44,82,21.0,22,57.3
S06986,ST04,2026-07-27T10:44:00,10,0,44,79,19.5,22,53.2
S06979,ST03,2026-07-27T10:45:00,10,0,28,72,25.7,22,70.1
S06985,ST04,2026-07-27T10:48:00,10,0,29,75,27.0,50,32.4
S06976,ST02,2026-07-27T10:51:00,10,0,13,98,45.8,22,124.9
S06983,ST04,2026-07-27T10:58:00,10,0,30,96,48.4,60,48.4
S06994,ST01,2026-07-27T11:01:00,11,0,25,74,19.7,120,9.8
S07000,ST04,2026-07-27T11:03:00,11,0,26,80,25.6,150,10.2
S06992,ST01,2026-07-27T11:08:00,11,0,37,100,37.1,60,37.1
S06993,ST01,2026-07-27T11:11:00,11,0,40,74,19.9,120,9.9
S06995,ST02,2026-07-27T11:14:00,11,0,27,84,42.2,22,115.1
S06998,ST04,2026-07-27T11:21:00,11,0,37,75,17.8,50,21.4
S06996,ST02,2026-07-27T11:26:00,11,0,21,91,41.2,50,49.4
S07001,ST05,2026-07-27T11:37:00,11,0,40,76,15.2,50,18.2
S06997,ST03,2026-07-27T11:40:00,11,0,32,96,45.1,60,45.1
S07002,ST05,2026-07-27T11:49:00,11,0,39,77,25.1,50,30.1
S06999,ST04,2026-07-27T11:54:00,11,0,38,85,29.4,22,80.2
S07010,ST04,2026-07-27T12:14:00,12,0,43,82,27.1,60,27.1
S07007,ST03,2026-07-27T12:18:00,12,0,16,73,31.1,150,12.4
S07005,ST02,2026-07-27T12:21:00,12,0,28,99,38.6,150,15.4
S07003,ST01,2026-07-27T12:22:00,12,0,38,99,43.9,60,43.9
S07011,ST04,2026-07-27T12:24:00,12,0,48,70,11.1,60,11.1
S07008,ST03,2026-07-27T12:34:00,12,0,14,81,45.3,120,22.6
S07004,ST01,2026-07-27T12:45:00,12,0,20,95,36.7,50,44.0
S07006,ST02,2026-07-27T12:46:00,12,0,24,88,43.4,120,21.7
S07013,ST05,2026-07-27T12:47:00,12,0,24,76,24.2,50,29.0
S07009,ST04,2026-07-27T12:55:00,12,0,28,82,38.0,120,19.0
S07012,ST05,2026-07-27T12:59:00,12,0,26,93,42.5,120,21.2
S07016,ST01,2026-07-27T13:01:00,13,0,10,91,56.5,50,67.8
S07024,ST05,2026-07-27T13:03:00,13,0,30,98,48.3,22,131.7
S07014,ST01,2026-07-27T13:04:00,13,0,20,79,34.8,60,34.8
S07020,ST04,2026-07-27T13:05:00,13,0,18,100,53.4,50,64.1
S07023,ST05,2026-07-27T13:14:00,13,0,25,81,30.7,150,12.3
S07022,ST04,2026-07-27T13:15:00,13,0,42,85,18.6,120,9.3
S07015,ST01,2026-07-27T13:22:00,13,0,44,84,28.9,120,14.4
S07019,ST03,2026-07-27T13:26:00,13,0,11,90,47.0,60,47.0
S07017,ST02,2026-07-27T13:39:00,13,0,26,100,37.7,150,15.1
S07018,ST02,2026-07-27T13:43:00,13,0,27,100,33.3,60,33.3
S07021,ST04,2026-07-27T13:55:00,13,0,25,88,36.5,22,99.5
S07026,ST01,2026-07-27T14:13:00,14,0,39,78,27.0,50,32.4
S07035,ST05,2026-07-27T14:23:00,14,0,28,98,29.8,50,35.8
S07030,ST03,2026-07-27T14:23:00,14,0,39,92,38.2,60,38.2
S07032,ST04,2026-07-27T14:23:00,14,0,33,70,26.3,60,26.3
S07027,ST02,2026-07-27T14:29:00,14,0,11,74,39.2,120,19.6
S07028,ST02,2026-07-27T14:31:00,14,0,20,86,44.1,22,120.3
S07031,ST04,2026-07-27T14:31:00,14,0,31,88,29.6,150,11.8
S07034,ST05,2026-07-27T14:40:00,14,0,15,84,30.4,150,12.2
S07025,ST01,2026-07-27T14:43:00,14,0,11,100,39.2,50,47.0
S07033,ST04,2026-07-27T14:57:00,14,0,25,92,41.6,50,49.9
S07029,ST03,2026-07-27T14:59:00,14,0,34,81,28.8,150,11.5
S07040,ST02,2026-07-27T15:05:00,15,0,29,96,48.1,120,24.1
S07037,ST01,2026-07-27T15:09:00,15,0,13,100,48.6,150,19.4
S07036,ST01,2026-07-27T15:10:00,15,0,30,74,29.0,60,29.0
S07041,ST03,2026-07-27T15:18:00,15,0,30,74,18.5,50,22.2
S07039,ST02,2026-07-27T15:20:00,15,0,16,97,34.3,50,41.2
S07038,ST01,2026-07-27T15:41:00,15,0,42,75,22.1,22,60.3
S07046,ST05,2026-07-27T15:46:00,15,0,15,95,36.7,60,36.7
S07044,ST04,2026-07-27T15:46:00,15,0,45,74,14.6,22,39.8
S07045,ST05,2026-07-27T15:46:00,15,0,33,91,40.6,50,48.7
S07042,ST04,2026-07-27T15:51:00,15,0,18,85,41.6,150,16.6
S07043,ST04,2026-07-27T15:56:00,15,0,26,84,27.3,150,10.9
S07052,ST03,2026-07-27T16:01:00,16,0,28,99,48.7,150,19.5
S07053,ST04,2026-07-27T16:05:00,16,0,18,95,55.3,50,66.4
S07055,ST04,2026-07-27T16:05:00,16,0,45,98,32.2,22,87.8
S07048,ST01,2026-07-27T16:12:00,16,0,37,77,20.1,22,54.8
S07056,ST04,2026-07-27T16:13:00,16,0,29,93,47.2,50,56.6
S07047,ST01,2026-07-27T16:18:00,16,0,10,93,53.6,150,21.4
S07051,ST02,2026-07-27T16:22:00,16,0,40,88,24.5,150,9.8
S07057,ST05,2026-07-27T16:32:00,16,0,33,85,22.0,50,26.4
S07049,ST01,2026-07-27T16:36:00,16,0,26,72,21.2,22,57.8
S07058,ST05,2026-07-27T16:38:00,16,0,49,83,21.8,120,10.9
S07050,ST02,2026-07-27T16:57:00,16,0,12,81,45.0,50,54.0
S07054,ST04,2026-07-27T16:57:00,16,0,19,80,30.9,22,84.3
S07061,ST01,2026-07-27T17:01:00,17,0,20,89,29.7,50,35.6
S07076,ST04,2026-07-27T17:01:00,17,0,25,78,38.9,60,38.9
S07079,ST05,2026-07-27T17:03:00,17,0,41,84,22.4,50,26.9
S07073,ST04,2026-07-27T17:05:00,17,0,49,73,17.1,120,8.6
S07067,ST02,2026-07-27T17:06:00,17,0,46,97,30.9,150,12.4
S07075,ST04,2026-07-27T17:07:00,17,0,25,93,32.1,50,38.5
S07070,ST03,2026-07-27T17:14:00,17,0,37,98,42.8,120,21.4
S07074,ST04,2026-07-27T17:18:00,17,0,12,80,46.6,22,127.1
S07071,ST04,2026-07-27T17:19:00,17,0,14,99,48.4,22,132.0
S07066,ST02,2026-07-27T17:19:00,17,0,33,75,19.6,150,7.8
S07080,ST05,2026-07-27T17:22:00,17,0,39,74,16.8,120,8.4
S07059,ST01,2026-07-27T17:26:00,17,0,15,75,34.4,60,34.4
S07077,ST05,2026-07-27T17:27:00,17,0,11,100,51.0,60,51.0
S07062,ST01,2026-07-27T17:32:00,17,0,15,77,25.7,60,25.7
S07063,ST01,2026-07-27T17:37:00,17,0,29,87,23.9,150,9.6
S07064,ST02,2026-07-27T17:38:00,17,0,13,87,43.7,150,17.5
S07068,ST03,2026-07-27T17:42:00,17,0,23,76,27.2,150,10.9
S07065,ST02,2026-07-27T17:45:00,17,0,14,88,39.4,120,19.7
S07069,ST03,2026-07-27T17:46:00,17,0,23,73,27.7,50,33.2
S07060,ST01,2026-07-27T17:52:00,17,0,18,73,36.8,50,44.2
S07072,ST04,2026-07-27T17:54:00,17,0,23,92,40.8,150,16.3
S07078,ST05,2026-07-27T17:57:00,17,0,43,85,28.1,60,28.1
S07083,ST01,2026-07-27T18:05:00,18,0,13,80,44.9,120,22.4
S07090,ST03,2026-07-27T18:06:00,18,0,30,86,38.4,22,104.7
S07098,ST04,2026-07-27T18:09:00,18,0,43,97,38.4,150,15.4
S07099,ST05,2026-07-27T18:09:00,18,0,33,87,39.5,60,39.5
S07081,ST01,2026-07-27T18:13:00,18,0,17,82,26.6,50,31.9
S07093,ST04,2026-07-27T18:19:00,18,0,23,97,30.4,120,15.2
S07094,ST04,2026-07-27T18:21:00,18,0,44,94,28.6,60,28.6
S07100,ST05,2026-07-27T18:22:00,18,0,30,97,29.4,150,11.8
S07088,ST02,2026-07-27T18:25:00,18,0,48,77,20.3,50,24.4
S07103,ST05,2026-07-27T18:33:00,18,0,20,94,49.1,120,24.6
S07091,ST03,2026-07-27T18:37:00,18,0,41,97,40.3,60,40.3
S07087,ST02,2026-07-27T18:38:00,18,0,27,82,39.6,120,19.8
S07085,ST01,2026-07-27T18:39:00,18,0,34,97,42.2,22,115.1
S07096,ST04,2026-07-27T18:39:00,18,0,20,77,32.1,150,12.8
S07092,ST03,2026-07-27T18:41:00,18,0,13,87,40.5,50,48.6
S07082,ST01,2026-07-27T18:42:00,18,0,41,100,36.9,22,100.6
S07097,ST04,2026-07-27T18:46:00,18,0,10,96,51.8,50,62.2
S07101,ST05,2026-07-27T18:49:00,18,0,17,98,48.7,120,24.4
S07089,ST02,2026-07-27T18:49:00,18,0,25,76,32.7,22,89.2
S07102,ST05,2026-07-27T18:50:00,18,0,11,100,42.3,60,42.3
S07084,ST01,2026-07-27T18:54:00,18,0,11,100,41.5,150,16.6
S07086,ST02,2026-07-27T18:55:00,18,0,39,70,12.5,150,5.0
S07095,ST04,2026-07-27T18:56:00,18,0,44,92,28.0,50,33.6
S07119,ST04,2026-07-27T19:04:00,19,0,15,86,43.5,120,21.8
S07111,ST02,2026-07-27T19:06:00,19,0,39,80,21.4,50,25.7
S07122,ST05,2026-07-27T19:11:00,19,0,35,86,37.7,120,18.9
S07125,ST05,2026-07-27T19:12:00,19,0,28,98,47.6,60,47.6
S07106,ST01,2026-07-27T19:15:00,19,0,44,70,10.7,50,12.8
S07105,ST01,2026-07-27T19:25:00,19,0,46,96,31.1,50,37.3
S07108,ST01,2026-07-27T19:26:00,19,0,36,98,42.2,150,16.9
S07107,ST01,2026-07-27T19:26:00,19,0,26,84,30.6,60,30.6
S07115,ST03,2026-07-27T19:28:00,19,0,21,87,29.0,60,29.0
S07109,ST02,2026-07-27T19:30:00,19,0,27,73,24.7,120,12.3
S07124,ST05,2026-07-27T19:31:00,19,0,38,72,25.4,22,69.3
S07113,ST03,2026-07-27T19:32:00,19,0,29,70,23.8,22,64.9
S07123,ST05,2026-07-27T19:32:00,19,0,26,99,50.9,50,61.1
S07117,ST04,2026-07-27T19:34:00,19,0,34,73,17.0,120,8.5
S07104,ST01,2026-07-27T19:35:00,19,0,23,87,41.5,50,49.8
S07112,ST02,2026-07-27T19:36:00,19,0,38,85,25.4,22,69.3
S07126,ST05,2026-07-27T19:40:00,19,0,30,78,35.9,150,14.4
S07116,ST04,2026-07-27T19:44:00,19,0,34,98,27.1,120,13.6
S07121,ST04,2026-07-27T19:45:00,19,0,50,78,14.9,60,14.9
S07114,ST03,2026-07-27T19:47:00,19,0,27,78,34.7,60,34.7
S07120,ST04,2026-07-27T19:47:00,19,0,11,95,43.4,60,43.4
S07110,ST02,2026-07-27T19:49:00,19,0,15,74,24.4,50,29.3
S07118,ST04,2026-07-27T19:58:00,19,0,11,97,40.4,120,20.2
S07135,ST02,2026-07-27T20:01:00,20,0,47,76,14.2,150,5.7
S07141,ST04,2026-07-27T20:11:00,20,0,41,99,34.8,150,13.9
S07137,ST03,2026-07-27T20:12:00,20,0,36,95,37.9,60,37.9
S07130,ST01,2026-07-27T20:14:00,20,0,43,82,26.5,120,13.2
S07149,ST05,2026-07-27T20:17:00,20,0,29,84,33.2,60,33.2
S07142,ST04,2026-07-27T20:21:00,20,0,17,79,42.4,150,17.0
S07143,ST04,2026-07-27T20:22:00,20,0,26,79,32.6,120,16.3
S07133,ST02,2026-07-27T20:24:00,20,0,43,77,20.0,22,54.5
S07127,ST01,2026-07-27T20:26:00,20,0,37,70,13.3,22,36.3
S07136,ST03,2026-07-27T20:26:00,20,0,33,71,22.4,22,61.1
S07144,ST04,2026-07-27T20:27:00,20,0,46,80,17.1,22,46.6
S07147,ST05,2026-07-27T20:32:00,20,0,10,100,36.4,120,18.2
S07139,ST04,2026-07-27T20:35:00,20,0,27,76,34.5,120,17.2
S07134,ST02,2026-07-27T20:37:00,20,0,30,96,42.1,120,21.1
S07129,ST01,2026-07-27T20:41:00,20,0,18,74,32.1,50,38.5
S07132,ST02,2026-07-27T20:46:00,20,0,38,93,38.8,50,46.6
S07145,ST05,2026-07-27T20:48:00,20,0,40,96,36.0,60,36.0
S07140,ST04,2026-07-27T20:52:00,20,0,39,71,13.0,120,6.5
S07146,ST05,2026-07-27T20:54:00,20,0,37,74,20.9,50,25.1
S07128,ST01,2026-07-27T20:54:00,20,0,15,72,34.8,120,17.4
S07138,ST03,2026-07-27T20:54:00,20,0,11,77,32.8,150,13.1
S07131,ST01,2026-07-27T20:58:00,20,0,27,91,28.4,22,77.5
S07148,ST05,2026-07-27T20:59:00,20,0,14,90,56.8,50,68.2
S07150,ST01,2026-07-27T21:20:00,21,0,47,75,13.5,22,36.8
S07154,ST04,2026-07-27T21:29:00,21,0,45,100,40.2,50,48.2
S07155,ST05,2026-07-27T21:39:00,21,0,28,90,39.0,120,19.5
S07153,ST04,2026-07-27T21:43:00,21,0,12,71,25.5,22,69.5
S07151,ST02,2026-07-27T21:45:00,21,0,23,87,30.7,50,36.8
S07152,ST03,2026-07-27T21:58:00,21,0,42,89,26.8,22,73.1
S07156,ST01,2026-07-27T22:04:00,22,0,25,71,32.2,150,12.9
S07157,ST02,2026-07-27T22:18:00,22,0,15,92,55.6,60,55.6
S07160,ST05,2026-07-27T22:34:00,22,0,40,92,27.3,120,13.7
S07158,ST04,2026-07-27T22:40:00,22,0,25,80,35.7,50,42.8
S07159,ST04,2026-07-27T22:50:00,22,0,44,76,20.0,120,10.0
S07162,ST02,2026-07-27T23:26:00,23,0,30,82,25.8,120,12.9
S07163,ST03,2026-07-27T23:30:00,23,0,16,96,34.3,150,13.7
S07161,ST01,2026-07-27T23:36:00,23,0,45,73,17.7,22,48.3
S07165,ST05,2026-07-27T23:43:00,23,0,43,95,31.6,22,86.2
S07164,ST04,2026-07-27T23:56:00,23,0,14,96,47.9,120,23.9
S07167,ST03,2026-07-28T00:04:00,0,1,29,99,37.8,60,37.8
S07169,ST05,2026-07-28T00:15:00,0,1,13,94,48.7,60,48.7
S07168,ST04,2026-07-28T00:41:00,0,1,15,100,37.1,150,14.8
S07166,ST01,2026-07-28T00:59:00,0,1,10,85,49.1,22,133.9
S07170,ST01,2026-07-28T01:11:00,1,1,29,97,49.1,50,58.9
S07172,ST03,2026-07-28T01:11:00,1,1,25,85,45.0,120,22.5
S07175,ST05,2026-07-28T01:11:00,1,1,31,99,29.5,22,80.5
S07173,ST04,2026-07-28T01:35:00,1,1,41,84,17.3,120,8.7
S07174,ST04,2026-07-28T01:35:00,1,1,45,98,23.4,50,28.1
S07171,ST02,2026-07-28T01:52:00,1,1,43,99,33.1,60,33.1
S07180,ST05,2026-07-28T02:23:00,2,1,39,72,17.9,120,8.9
S07179,ST04,2026-07-28T02:23:00,2,1,23,87,47.8,150,19.1
S07177,ST02,2026-07-28T02:25:00,2,1,40,88,35.5,22,96.8
S07178,ST03,2026-07-28T02:42:00,2,1,35,83,31.4,50,37.7
S07176,ST01,2026-07-28T02:46:00,2,1,45,96,20.9,50,25.1
S07183,ST03,2026-07-28T03:01:00,3,1,38,71,22.6,120,11.3
S07184,ST04,2026-07-28T03:03:00,3,1,43,90,27.2,120,13.6
S07182,ST02,2026-07-28T03:12:00,3,1,40,70,20.7,150,8.3
S07181,ST01,2026-07-28T03:42:00,3,1,43,74,23.0,22,62.7
S07185,ST05,2026-07-28T03:45:00,3,1,37,94,38.9,150,15.6
S07186,ST01,2026-07-28T04:02:00,4,1,41,95,37.5,22,102.3
S07189,ST04,2026-07-28T04:26:00,4,1,21,89,37.0,22,100.9
S07188,ST03,2026-07-28T04:43:00,4,1,37,85,31.3,150,12.5
S07190,ST05,2026-07-28T04:51:00,4,1,28,91,44.2,60,44.2
S07187,ST02,2026-07-28T04:56:00,4,1,42,77,17.3,60,17.3
S07195,ST05,2026-07-28T05:03:00,5,1,21,83,46.0,120,23.0
S07192,ST02,2026-07-28T05:05:00,5,1,48,86,17.3,22,47.2
S07191,ST01,2026-07-28T05:28:00,5,1,18,83,36.7,60,36.7
S07193,ST03,2026-07-28T05:37:00,5,1,27,85,32.9,60,32.9
S07194,ST04,2026-07-28T05:58:00,5,1,12,76,32.5,50,39.0
S07201,ST05,2026-07-28T06:09:00,6,1,27,84,30.8,120,15.4
S07196,ST01,2026-07-28T06:14:00,6,1,13,76,28.0,120,14.0
S07198,ST03,2026-07-28T06:14:00,6,1,25,70,27.6,22,75.3
S07200,ST04,2026-07-28T06:14:00,6,1,31,72,22.6,60,22.6
S07199,ST04,2026-07-28T06:29:00,6,1,26,94,45.3,120,22.6
S07197,ST02,2026-07-28T06:57:00,6,1,26,81,25.3,60,25.3
S07202,ST01,2026-07-28T07:08:00,7,1,31,92,36.3,120,18.1
S07205,ST04,2026-07-28T07:13:00,7,1,22,74,29.8,50,35.8
S07206,ST05,2026-07-28T07:16:00,7,1,18,74,32.8,60,32.8
S07203,ST02,2026-07-28T07:36:00,7,1,47,70,9.7,60,9.7
S07204,ST03,2026-07-28T07:56:00,7,1,23,82,38.5,120,19.2
S07217,ST04,2026-07-28T08:00:00,8,1,27,84,27.2,22,74.2
S07216,ST03,2026-07-28T08:08:00,8,1,33,90,32.5,150,13.0
S07207,ST01,2026-07-28T08:10:00,8,1,43,77,19.1,50,22.9
S07209,ST01,2026-07-28T08:13:00,8,1,16,71,26.5,50,31.8
S07215,ST03,2026-07-28T08:13:00,8,1,44,78,18.0,22,49.1
S07212,ST02,2026-07-28T08:16:00,8,1,12,76,42.2,22,115.1
S07213,ST02,2026-07-28T08:17:00,8,1,22,76,26.0,50,31.2
S07221,ST04,2026-07-28T08:18:00,8,1,33,97,41.4,60,41.4
S07224,ST05,2026-07-28T08:27:00,8,1,28,70,21.6,50,25.9
S07208,ST01,2026-07-28T08:31:00,8,1,21,75,28.0,150,11.2
S07218,ST04,2026-07-28T08:37:00,8,1,43,95,33.7,60,33.7
S07225,ST05,2026-07-28T08:40:00,8,1,38,76,23.8,150,9.5
S07214,ST03,2026-07-28T08:40:00,8,1,50,87,26.3,150,10.5
S07220,ST04,2026-07-28T08:42:00,8,1,34,87,21.5,120,10.8
S07211,ST02,2026-07-28T08:44:00,8,1,47,79,14.4,50,17.3
S07210,ST01,2026-07-28T08:45:00,8,1,40,96,37.4,22,102.0
S07219,ST04,2026-07-28T08:48:00,8,1,17,85,49.8,150,19.9
S07223,ST05,2026-07-28T08:50:00,8,1,24,84,37.0,50,44.4
S07222,ST05,2026-07-28T08:53:00,8,1,19,73,28.5,150,11.4
S07233,ST03,2026-07-28T09:00:00,9,1,35,83,26.5,150,10.6
S07228,ST01,2026-07-28T09:02:00,9,1,24,89,36.4,150,14.6
S07239,ST04,2026-07-28T09:14:00,9,1,43,80,17.2,50,20.6
S07235,ST04,2026-07-28T09:14:00,9,1,29,85,30.6,22,83.5
S07243,ST05,2026-07-28T09:14:00,9,1,48,89,20.1,60,20.1
S07242,ST05,2026-07-28T09:18:00,9,1,23,88,41.4,120,20.7
S07232,ST02,2026-07-28T09:22:00,9,1,33,94,26.1,22,71.2
S07230,ST02,2026-07-28T09:23:00,9,1,11,77,30.2,150,12.1
S07240,ST05,2026-07-28T09:24:00,9,1,20,74,23.5,60,23.5
S07234,ST03,2026-07-28T09:25:00,9,1,50,91,27.4,120,13.7
S07237,ST04,2026-07-28T09:27:00,9,1,25,74,29.2,60,29.2
S07229,ST01,2026-07-28T09:29:00,9,1,43,97,25.7,50,30.8
S07231,ST02,2026-07-28T09:32:00,9,1,33,94,36.8,120,18.4
S07227,ST01,2026-07-28T09:33:00,9,1,45,76,19.3,150,7.7
S07226,ST01,2026-07-28T09:33:00,9,1,33,89,26.4,50,31.7
S07241,ST05,2026-07-28T09:36:00,9,1,35,77,30.1,120,15.1
S07238,ST04,2026-07-28T09:46:00,9,1,49,72,16.4,22,44.7
S07236,ST04,2026-07-28T09:55:00,9,1,29,96,40.1,150,16.0
S07263,ST05,2026-07-28T10:00:00,10,1,28,81,35.1,50,42.1
S07248,ST01,2026-07-28T10:01:00,10,1,19,93,50.5,120,25.2
S07253,ST03,2026-07-28T10:04:00,10,1,37,91,29.0,22,79.1
S07246,ST01,2026-07-28T10:12:00,10,1,14,85,29.8,120,14.9
S07247,ST01,2026-07-28T10:13:00,10,1,12,71,26.7,22,72.8
S07256,ST04,2026-07-28T10:13:00,10,1,19,83,32.5,120,16.2
S07244,ST01,2026-07-28T10:18:00,10,1,10,76,39.3,60,39.3
S07252,ST02,2026-07-28T10:18:00,10,1,42,84,20.7,50,24.8
S07245,ST01,2026-07-28T10:20:00,10,1,28,83,29.0,60,29.0
S07250,ST02,2026-07-28T10:22:00,10,1,34,91,38.7,50,46.4
S07249,ST02,2026-07-28T10:24:00,10,1,34,77,27.5,50,33.0
S07255,ST03,2026-07-28T10:35:00,10,1,43,83,21.5,22,58.6
S07254,ST03,2026-07-28T10:37:00,10,1,17,71,33.0,60,33.0
S07261,ST04,2026-07-28T10:38:00,10,1,22,85,27.3,120,13.7
S07259,ST04,2026-07-28T10:40:00,10,1,27,72,25.6,120,12.8
S07258,ST04,2026-07-28T10:42:00,10,1,40,86,24.2,60,24.2
S07264,ST05,2026-07-28T10:45:00,10,1,27,83,30.9,150,12.4
S07251,ST02,2026-07-28T10:46:00,10,1,21,75,39.5,50,47.4
S07262,ST05,2026-07-28T10:49:00,10,1,33,90,41.7,22,113.7
S07257,ST04,2026-07-28T10:49:00,10,1,45,98,31.8,50,38.2
S07260,ST04,2026-07-28T10:50:00,10,1,13,95,56.2,22,153.3
S07265,ST05,2026-07-28T10:53:00,10,1,29,78,35.3,50,42.4
S07268,ST01,2026-07-28T11:01:00,11,1,31,82,28.2,22,76.9
S07272,ST03,2026-07-28T11:02:00,11,1,48,96,26.0,60,26.0
S07274,ST04,2026-07-28T11:03:00,11,1,19,77,24.1,150,9.6
S07266,ST01,2026-07-28T11:14:00,11,1,44,84,26.8,22,73.1
S07277,ST05,2026-07-28T11:19:00,11,1,24,81,27.8,120,13.9
S07270,ST02,2026-07-28T11:28:00,11,1,15,88,42.7,150,17.1
S07269,ST02,2026-07-28T11:28:00,11,1,44,95,36.4,120,18.2
S07271,ST03,2026-07-28T11:28:00,11,1,27,77,34.3,60,34.3
S07273,ST04,2026-07-28T11:32:00,11,1,12,82,31.9,60,31.9
S07276,ST05,2026-07-28T11:38:00,11,1,50,75,12.3,50,14.8
S07275,ST04,2026-07-28T11:41:00,11,1,47,96,31.1,60,31.1
S07267,ST01,2026-07-28T11:47:00,11,1,30,74,25.3,150,10.1
S07282,ST02,2026-07-28T12:00:00,12,1,29,88,40.2,50,48.2
S07280,ST01,2026-07-28T12:04:00,12,1,10,86,44.9,50,53.9
S07289,ST05,2026-07-28T12:07:00,12,1,30,86,34.2,50,41.0
S07284,ST03,2026-07-28T12:07:00,12,1,15,83,29.1,50,34.9
S07278,ST01,2026-07-28T12:11:00,12,1,17,75,39.9,60,39.9
S07283,ST03,2026-07-28T12:16:00,12,1,38,78,22.4,150,9.0
S07281,ST02,2026-07-28T12:19:00,12,1,36,89,26.6,120,13.3
S07285,ST04,2026-07-28T12:21:00,12,1,12,94,39.6,150,15.8
S07279,ST01,2026-07-28T12:24:00,12,1,12,96,40.5,120,20.2
S07287,ST04,2026-07-28T12:35:00,12,1,36,92,32.3,22,88.1
S07286,ST04,2026-07-28T12:52:00,12,1,35,92,29.0,60,29.0
S07288,ST05,2026-07-28T12:57:00,12,1,50,71,8.7,60,8.7
S07292,ST02,2026-07-28T13:00:00,13,1,11,75,38.7,120,19.4
S07291,ST01,2026-07-28T13:00:00,13,1,16,96,38.3,60,38.3
S07299,ST05,2026-07-28T13:07:00,13,1,46,73,17.1,150,6.8
S07290,ST01,2026-07-28T13:08:00,13,1,44,83,25.4,120,12.7
S07293,ST02,2026-07-28T13:12:00,13,1,43,70,11.8,22,32.2
S07296,ST04,2026-07-28T13:24:00,13,1,15,89,37.2,150,14.9
S07295,ST04,2026-07-28T13:34:00,13,1,15,99,44.6,22,121.6
S07298,ST05,2026-07-28T13:46:00,13,1,33,71,26.9,60,26.9
S07297,ST04,2026-07-28T13:49:00,13,1,47,73,12.1,120,6.0
S07294,ST03,2026-07-28T13:54:00,13,1,28,95,35.1,120,17.6
S07310,ST05,2026-07-28T14:23:00,14,1,43,87,23.0,50,27.6
S07301,ST01,2026-07-28T14:32:00,14,1,37,95,36.6,22,99.8
S07302,ST02,2026-07-28T14:34:00,14,1,10,90,40.7,50,48.8
S07307,ST04,2026-07-28T14:36:00,14,1,32,75,31.7,22,86.5
S07308,ST04,2026-07-28T14:36:00,14,1,26,71,28.5,50,34.2
S07303,ST02,2026-07-28T14:38:00,14,1,23,92,31.5,150,12.6
S07305,ST03,2026-07-28T14:38:00,14,1,37,72,15.9,150,6.4
S07309,ST05,2026-07-28T14:43:00,14,1,14,99,61.6,120,30.8
S07304,ST03,2026-07-28T14:50:00,14,1,33,70,21.2,22,57.8
S07306,ST04,2026-07-28T14:52:00,14,1,18,72,36.0,60,36.0
S07300,ST01,2026-07-28T14:59:00,14,1,46,83,21.7,22,59.2
S07321,ST04,2026-07-28T15:03:00,15,1,37,95,26.3,22,71.7
S07312,ST01,2026-07-28T15:04:00,15,1,21,98,42.0,50,50.4
S07319,ST04,2026-07-28T15:11:00,15,1,30,81,30.8,150,12.3
S07311,ST01,2026-07-28T15:16:00,15,1,44,70,13.9,22,37.9
S07315,ST02,2026-07-28T15:31:00,15,1,15,75,26.3,150,10.5
S07314,ST02,2026-07-28T15:37:00,15,1,33,100,28.5,60,28.5
S07318,ST04,2026-07-28T15:39:00,15,1,48,99,24.4,22,66.5
S07317,ST03,2026-07-28T15:42:00,15,1,18,97,50.1,50,60.1
S07323,ST05,2026-07-28T15:44:00,15,1,48,97,33.6,22,91.6
S07313,ST01,2026-07-28T15:46:00,15,1,12,90,37.5,22,102.3
S07320,ST04,2026-07-28T15:49:00,15,1,41,88,30.7,50,36.8
S07322,ST05,2026-07-28T15:52:00,15,1,31,89,31.9,150,12.8
S07316,ST03,2026-07-28T15:53:00,15,1,14,87,31.3,22,85.4
S07324,ST05,2026-07-28T15:56:00,15,1,47,92,24.1,22,65.7
S07326,ST01,2026-07-28T16:01:00,16,1,32,75,18.5,50,22.2
S07334,ST04,2026-07-28T16:01:00,16,1,35,70,21.2,60,21.2
S07328,ST02,2026-07-28T16:07:00,16,1,35,95,29.8,22,81.3
S07325,ST01,2026-07-28T16:25:00,16,1,45,71,19.2,60,19.2
S07333,ST04,2026-07-28T16:36:00,16,1,30,78,23.9,60,23.9
S07337,ST05,2026-07-28T16:38:00,16,1,45,77,20.5,150,8.2
S07336,ST05,2026-07-28T16:44:00,16,1,39,78,20.2,120,10.1
S07329,ST02,2026-07-28T16:44:00,16,1,45,94,19.8,60,19.8
S07331,ST03,2026-07-28T16:44:00,16,1,14,92,47.9,22,130.6
S07327,ST01,2026-07-28T16:48:00,16,1,13,96,39.5,120,19.8
S07332,ST04,2026-07-28T16:51:00,16,1,45,96,24.6,120,12.3
S07330,ST03,2026-07-28T16:51:00,16,1,36,96,24.9,150,10.0
S07335,ST05,2026-07-28T16:58:00,16,1,42,71,15.8,50,19.0
S07356,ST05,2026-07-28T17:04:00,17,1,33,96,45.8,50,55.0
S07349,ST03,2026-07-28T17:08:00,17,1,48,95,26.1,120,13.1
S07358,ST05,2026-07-28T17:09:00,17,1,27,75,35.3,60,35.3
S07359,ST05,2026-07-28T17:09:00,17,1,31,96,42.9,22,117.0
S07339,ST01,2026-07-28T17:09:00,17,1,48,78,12.8,50,15.4
S07355,ST04,2026-07-28T17:10:00,17,1,41,93,29.7,60,29.7
S07345,ST02,2026-07-28T17:12:00,17,1,12,73,32.7,60,32.7
S07357,ST05,2026-07-28T17:13:00,17,1,15,92,56.1,60,56.1
S07347,ST03,2026-07-28T17:18:00,17,1,34,98,37.2,150,14.9
S07341,ST01,2026-07-28T17:22:00,17,1,39,99,42.0,120,21.0
S07338,ST01,2026-07-28T17:22:00,17,1,46,90,18.2,60,18.2
S07351,ST04,2026-07-28T17:25:00,17,1,37,70,22.1,60,22.1
S07354,ST04,2026-07-28T17:30:00,17,1,12,73,32.9,120,16.4
S07346,ST02,2026-07-28T17:31:00,17,1,18,86,50.5,120,25.2
S07344,ST02,2026-07-28T17:38:00,17,1,15,98,50.6,60,50.6
S07352,ST04,2026-07-28T17:38:00,17,1,43,74,15.3,120,7.7
S07343,ST02,2026-07-28T17:40:00,17,1,44,79,19.6,120,9.8
S07340,ST01,2026-07-28T17:42:00,17,1,49,91,17.0,150,6.8
S07350,ST04,2026-07-28T17:48:00,17,1,34,82,21.5,150,8.6
S07353,ST04,2026-07-28T17:56:00,17,1,45,89,31.7,120,15.8
S07342,ST01,2026-07-28T17:58:00,17,1,37,75,19.4,50,23.3
S07348,ST03,2026-07-28T17:58:00,17,1,10,74,47.2,120,23.6
S07370,ST04,2026-07-28T18:01:00,18,1,44,99,37.2,150,14.9
S07377,ST05,2026-07-28T18:02:00,18,1,46,82,16.3,60,16.3
S07374,ST04,2026-07-28T18:02:00,18,1,19,73,39.1,120,19.6
S07367,ST03,2026-07-28T18:08:00,18,1,17,70,32.4,50,38.9
S07378,ST05,2026-07-28T18:10:00,18,1,36,81,33.6,150,13.4
S07371,ST04,2026-07-28T18:14:00,18,1,26,92,47.4,50,56.9
S07365,ST02,2026-07-28T18:17:00,18,1,33,99,36.0,60,36.0
S07360,ST01,2026-07-28T18:20:00,18,1,43,96,32.7,150,13.1
S07361,ST01,2026-07-28T18:24:00,18,1,14,84,32.4,60,32.4
S07376,ST05,2026-07-28T18:36:00,18,1,43,72,16.7,22,45.5
S07373,ST04,2026-07-28T18:37:00,18,1,44,74,19.2,60,19.2
S07366,ST02,2026-07-28T18:39:00,18,1,49,77,14.0,50,16.8
S07363,ST01,2026-07-28T18:40:00,18,1,33,99,43.3,50,52.0
S07372,ST04,2026-07-28T18:43:00,18,1,50,84,24.0,120,12.0
S07369,ST03,2026-07-28T18:46:00,18,1,16,95,54.1,22,147.5
S07379,ST05,2026-07-28T18:49:00,18,1,49,94,30.7,50,36.8
S07364,ST02,2026-07-28T18:49:00,18,1,15,76,39.8,150,15.9
S07362,ST01,2026-07-28T18:54:00,18,1,13,80,44.9,22,122.5
S07368,ST03,2026-07-28T18:58:00,18,1,47,78,22.3,50,26.8
S07375,ST04,2026-07-28T18:59:00,18,1,43,74,14.9,50,17.9
S07386,ST02,2026-07-28T19:04:00,19,1,39,86,30.0,50,36.0
S07396,ST04,2026-07-28T19:06:00,19,1,33,94,40.4,50,48.5
S07385,ST02,2026-07-28T19:08:00,19,1,50,80,14.1,22,38.5
S07383,ST01,2026-07-28T19:09:00,19,1,22,93,47.2,120,23.6
S07399,ST05,2026-07-28T19:14:00,19,1,10,90,54.9,22,149.7
S07388,ST02,2026-07-28T19:16:00,19,1,31,81,24.0,150,9.6
S07398,ST05,2026-07-28T19:18:00,19,1,15,78,42.6,60,42.6
S07392,ST04,2026-07-28T19:19:00,19,1,30,92,39.9,150,16.0
S07401,ST05,2026-07-28T19:22:00,19,1,19,88,46.6,150,18.6
S07380,ST01,2026-07-28T19:23:00,19,1,42,85,24.0,60,24.0
S07390,ST03,2026-07-28T19:25:00,19,1,40,83,22.9,120,11.4
S07397,ST04,2026-07-28T19:25:00,19,1,18,73,34.6,22,94.4
S07393,ST04,2026-07-28T19:28:00,19,1,15,93,49.4,22,134.7
S07389,ST03,2026-07-28T19:30:00,19,1,20,70,37.3,120,18.6
S07387,ST02,2026-07-28T19:35:00,19,1,11,80,28.7,50,34.4
S07394,ST04,2026-07-28T19:40:00,19,1,40,80,18.9,50,22.7
S07391,ST03,2026-07-28T19:45:00,19,1,12,87,33.4,150,13.4
S07395,ST04,2026-07-28T19:45:00,19,1,34,87,27.9,50,33.5
S07381,ST01,2026-07-28T19:49:00,19,1,32,97,28.9,50,34.7
S07382,ST01,2026-07-28T19:49:00,19,1,29,86,33.2,150,13.3
S07400,ST05,2026-07-28T19:51:00,19,1,34,72,18.9,60,18.9
S07384,ST01,2026-07-28T19:52:00,19,1,50,74,12.2,60,12.2
S07419,ST04,2026-07-28T20:00:00,20,1,28,84,26.5,22,72.3
S07412,ST03,2026-07-28T20:05:00,20,1,40,86,24.9,50,29.9
S07417,ST04,2026-07-28T20:07:00,20,1,20,75,25.6,150,10.2
S07413,ST03,2026-07-28T20:07:00,20,1,33,88,33.4,120,16.7
S07414,ST04,2026-07-28T20:13:00,20,1,39,83,32.7,50,39.2
S07405,ST01,2026-07-28T20:14:00,20,1,24,96,34.9,60,34.9
S07422,ST05,2026-07-28T20:16:00,20,1,10,84,30.1,120,15.1
S07409,ST02,2026-07-28T20:18:00,20,1,29,89,36.6,60,36.6
S07402,ST01,2026-07-28T20:19:00,20,1,32,92,33.7,60,33.7
S07418,ST04,2026-07-28T20:20:00,20,1,26,87,25.3,120,12.7
S07423,ST05,2026-07-28T20:24:00,20,1,36,97,45.7,60,45.7
S07424,ST05,2026-07-28T20:25:00,20,1,10,70,38.1,120,19.1
S07421,ST05,2026-07-28T20:29:00,20,1,29,84,31.1,120,15.5
S07415,ST04,2026-07-28T20:32:00,20,1,18,85,48.0,150,19.2
S07407,ST02,2026-07-28T20:39:00,20,1,39,70,13.4,22,36.5
S07411,ST03,2026-07-28T20:40:00,20,1,14,93,46.3,150,18.5
S07420,ST05,2026-07-28T20:46:00,20,1,43,76,22.4,150,9.0
S07410,ST02,2026-07-28T20:47:00,20,1,44,92,25.2,150,10.1
S07408,ST02,2026-07-28T20:47:00,20,1,23,95,44.8,50,53.8
S07406,ST01,2026-07-28T20:50:00,20,1,47,99,29.0,150,11.6
S07404,ST01,2026-07-28T20:54:00,20,1,40,73,22.6,60,22.6
S07416,ST04,2026-07-28T20:55:00,20,1,12,100,63.5,50,76.2
S07403,ST01,2026-07-28T20:59:00,20,1,23,76,22.5,150,9.0
S07426,ST02,2026-07-28T21:07:00,21,1,21,95,47.4,150,19.0
S07428,ST05,2026-07-28T21:34:00,21,1,20,85,38.6,60,38.6
S07425,ST01,2026-07-28T21:45:00,21,1,18,75,39.9,150,16.0
S07427,ST04,2026-07-28T21:59:00,21,1,23,97,51.8,120,25.9
S07429,ST01,2026-07-28T22:08:00,22,1,37,78,26.6,50,31.9
S07430,ST02,2026-07-28T22:12:00,22,1,10,99,44.9,60,44.9
S07434,ST05,2026-07-28T22:16:00,22,1,23,80,33.2,60,33.2
S07433,ST04,2026-07-28T22:22:00,22,1,24,73,22.7,60,22.7
S07432,ST04,2026-07-28T22:25:00,22,1,35,71,25.6,150,10.2
S07431,ST03,2026-07-28T22:53:00,22,1,37,88,23.4,22,63.8
S07437,ST04,2026-07-28T23:24:00,23,1,25,84,35.1,22,95.7
S07435,ST01,2026-07-28T23:35:00,23,1,15,73,42.8,60,42.8
S07438,ST05,2026-07-28T23:45:00,23,1,11,79,40.5,50,48.6
S07436,ST02,2026-07-28T23:51:00,23,1,37,81,19.1,60,19.1
S07443,ST05,2026-07-29T00:12:00,0,2,16,76,40.0,120,20.0
S07442,ST04,2026-07-29T00:16:00,0,2,20,72,32.1,120,16.1
S07439,ST01,2026-07-29T00:16:00,0,2,50,100,29.3,22,79.9
S07440,ST02,2026-07-29T00:46:00,0,2,31,88,29.8,60,29.8
S07441,ST03,2026-07-29T00:52:00,0,2,45,95,30.9,60,30.9
S07446,ST03,2026-07-29T01:13:00,1,2,33,95,36.9,22,100.6
S07448,ST05,2026-07-29T01:22:00,1,2,24,94,47.9,150,19.2
S07445,ST02,2026-07-29T01:29:00,1,2,37,86,28.0,120,14.0
S07444,ST01,2026-07-29T01:44:00,1,2,35,80,27.1,50,32.5
S07447,ST04,2026-07-29T01:49:00,1,2,29,72,24.5,150,9.8
S07452,ST04,2026-07-29T02:02:00,2,2,16,72,24.0,150,9.6
S07453,ST05,2026-07-29T02:19:00,2,2,43,100,22.8,60,22.8
S07449,ST01,2026-07-29T02:35:00,2,2,44,95,25.7,120,12.8
S07451,ST04,2026-07-29T02:54:00,2,2,35,73,20.0,22,54.5
S07450,ST02,2026-07-29T02:54:00,2,2,18,76,27.3,150,10.9
S07458,ST04,2026-07-29T03:01:00,3,2,29,96,41.5,150,16.6
S07459,ST05,2026-07-29T03:05:00,3,2,31,98,38.1,150,15.2
S07454,ST01,2026-07-29T03:12:00,3,2,36,78,24.1,50,28.9
S07455,ST02,2026-07-29T03:16:00,3,2,47,89,17.0,22,46.4
S07456,ST03,2026-07-29T03:33:00,3,2,35,73,25.8,120,12.9
S07457,ST04,2026-07-29T03:58:00,3,2,26,96,39.3,150,15.7
S07460,ST01,2026-07-29T04:01:00,4,2,34,84,30.7,150,12.3
S07462,ST03,2026-07-29T04:25:00,4,2,17,71,36.7,50,44.0
S07463,ST04,2026-07-29T04:27:00,4,2,29,77,30.5,22,83.2
S07461,ST02,2026-07-29T04:42:00,4,2,24,82,32.4,22,88.4
S07464,ST05,2026-07-29T04:51:00,4,2,34,88,32.3,50,38.8
S07467,ST03,2026-07-29T05:10:00,5,2,41,84,17.3,22,47.2
S07468,ST04,2026-07-29T05:19:00,5,2,49,73,16.6,120,8.3
S07469,ST04,2026-07-29T05:43:00,5,2,41,76,21.7,50,26.0
S07466,ST02,2026-07-29T05:48:00,5,2,33,81,34.6,120,17.3
S07470,ST05,2026-07-29T05:54:00,5,2,36,70,23.3,150,9.3
S07465,ST01,2026-07-29T05:58:00,5,2,33,89,41.7,22,113.7
S07475,ST04,2026-07-29T06:18:00,6,2,23,100,49.6,50,59.5
S07471,ST01,2026-07-29T06:21:00,6,2,36,86,29.7,150,11.9
S07476,ST05,2026-07-29T06:26:00,6,2,27,78,36.2,22,98.7
S07474,ST04,2026-07-29T06:32:00,6,2,34,100,37.5,150,15.0
S07473,ST03,2026-07-29T06:33:00,6,2,31,91,36.7,50,44.0
S07472,ST02,2026-07-29T06:43:00,6,2,45,83,25.2,22,68.7
S07477,ST01,2026-07-29T07:12:00,7,2,19,85,35.5,120,17.8
S07481,ST05,2026-07-29T07:22:00,7,2,32,96,39.7,50,47.6
S07479,ST03,2026-07-29T07:33:00,7,2,38,90,34.3,120,17.1
S07480,ST04,2026-07-29T07:52:00,7,2,47,90,21.2,120,10.6
S07478,ST02,2026-07-29T07:56:00,7,2,32,89,30.7,60,30.7
S07494,ST04,2026-07-29T08:05:00,8,2,32,70,24.8,120,12.4
S07491,ST03,2026-07-29T08:07:00,8,2,25,83,35.4,60,35.4
S07495,ST04,2026-07-29T08:13:00,8,2,21,95,55.2,60,55.2
S07484,ST01,2026-07-29T08:15:00,8,2,38,85,21.6,22,58.9
S07501,ST05,2026-07-29T08:15:00,8,2,23,97,51.8,50,62.2
S07488,ST02,2026-07-29T08:17:00,8,2,45,97,37.9,120,18.9
S07500,ST05,2026-07-29T08:17:00,8,2,35,97,34.2,22,93.3
S07486,ST02,2026-07-29T08:20:00,8,2,24,90,40.8,60,40.8
S07489,ST03,2026-07-29T08:23:00,8,2,24,87,30.0,150,12.0
S07490,ST03,2026-07-29T08:23:00,8,2,35,88,24.7,150,9.9
S07497,ST04,2026-07-29T08:26:00,8,2,33,86,25.5,150,10.2
S07482,ST01,2026-07-29T08:28:00,8,2,26,97,36.3,22,99.0
S07493,ST04,2026-07-29T08:30:00,8,2,24,84,28.4,60,28.4
S07492,ST04,2026-07-29T08:33:00,8,2,12,92,57.7,22,157.4
S07485,ST01,2026-07-29T08:35:00,8,2,27,91,44.2,150,17.7
S07498,ST05,2026-07-29T08:37:00,8,2,37,76,18.4,60,18.4
S07483,ST01,2026-07-29T08:45:00,8,2,50,74,11.7,60,11.7
S07496,ST04,2026-07-29T08:53:00,8,2,11,80,30.1,50,36.1
S07487,ST02,2026-07-29T08:56:00,8,2,11,77,36.6,60,36.6
S07499,ST05,2026-07-29T08:59:00,8,2,35,84,24.4,120,12.2
S07505,ST01,2026-07-29T09:11:00,9,2,50,85,19.3,120,9.7
S07502,ST01,2026-07-29T09:12:00,9,2,46,89,24.3,22,66.3
S07509,ST02,2026-07-29T09:12:00,9,2,25,97,49.8,120,24.9
S07510,ST03,2026-07-29T09:16:00,9,2,23,98,38.4,60,38.4
S07519,ST05,2026-07-29T09:16:00,9,2,33,89,35.0,150,14.0
S07511,ST03,2026-07-29T09:17:00,9,2,40,86,27.9,60,27.9
S07504,ST01,2026-07-29T09:18:00,9,2,14,71,40.3,22,109.9
S07503,ST01,2026-07-29T09:21:00,9,2,48,74,17.5,150,7.0
S07507,ST02,2026-07-29T09:25:00,9,2,29,86,28.0,120,14.0
S07513,ST04,2026-07-29T09:26:00,9,2,12,75,42.0,22,114.5
S07515,ST04,2026-07-29T09:27:00,9,2,40,71,17.6,150,7.0
S07508,ST02,2026-07-29T09:30:00,9,2,46,90,24.8,150,9.9
S07518,ST05,2026-07-29T09:36:00,9,2,17,74,26.5,120,13.2
S07516,ST04,2026-07-29T09:43:00,9,2,17,100,37.8,50,45.4
S07514,ST04,2026-07-29T09:46:00,9,2,35,97,36.3,60,36.3
S07517,ST05,2026-07-29T09:46:00,9,2,35,99,27.7,50,33.2
S07506,ST01,2026-07-29T09:51:00,9,2,44,73,18.5,150,7.4
S07512,ST04,2026-07-29T09:51:00,9,2,32,91,39.2,50,47.0
S07540,ST05,2026-07-29T10:09:00,10,2,37,89,32.2,22,87.8
S07533,ST04,2026-07-29T10:15:00,10,2,34,95,45.5,50,54.6
S07536,ST04,2026-07-29T10:17:00,10,2,12,87,44.8,150,17.9
S07535,ST04,2026-07-29T10:20:00,10,2,49,86,25.5,60,25.5
S07529,ST03,2026-07-29T10:27:00,10,2,31,91,30.0,22,81.8
S07539,ST05,2026-07-29T10:27:00,10,2,10,97,56.5,60,56.5
S07527,ST02,2026-07-29T10:28:00,10,2,43,93,24.7,50,29.6
S07522,ST01,2026-07-29T10:28:00,10,2,10,80,50.5,150,20.2
S07526,ST02,2026-07-29T10:29:00,10,2,43,76,22.0,60,22.0
S07531,ST03,2026-07-29T10:30:00,10,2,21,86,27.3,22,74.5
S07524,ST01,2026-07-29T10:40:00,10,2,35,97,38.7,22,105.5
S07538,ST05,2026-07-29T10:40:00,10,2,12,84,44.6,60,44.6
S07520,ST01,2026-07-29T10:43:00,10,2,16,92,50.0,50,60.0
S07537,ST05,2026-07-29T10:47:00,10,2,47,76,11.8,50,14.2
S07534,ST04,2026-07-29T10:47:00,10,2,15,83,38.9,150,15.6
S07523,ST01,2026-07-29T10:49:00,10,2,10,85,45.2,22,123.3
S07528,ST02,2026-07-29T10:51:00,10,2,10,77,32.8,60,32.8
S07525,ST02,2026-07-29T10:52:00,10,2,37,78,17.0,22,46.4
S07530,ST03,2026-07-29T10:55:00,10,2,28,98,34.4,50,41.3
S07532,ST04,2026-07-29T10:55:00,10,2,38,87,34.5,150,13.8
S07521,ST01,2026-07-29T10:58:00,10,2,25,85,32.6,150,13.0
S07550,ST04,2026-07-29T11:00:00,11,2,11,79,30.2,22,82.4
S07545,ST03,2026-07-29T11:00:00,11,2,25,70,24.9,150,10.0
S07548,ST04,2026-07-29T11:07:00,11,2,19,97,57.8,150,23.1
S07546,ST03,2026-07-29T11:07:00,11,2,32,78,31.4,22,85.6
S07543,ST02,2026-07-29T11:12:00,11,2,24,70,33.8,50,40.6
S07549,ST04,2026-07-29T11:22:00,11,2,23,72,29.2,60,29.2
S07541,ST01,2026-07-29T11:23:00,11,2,20,76,38.7,22,105.5
S07551,ST05,2026-07-29T11:34:00,11,2,18,92,30.6,120,15.3
S07547,ST04,2026-07-29T11:43:00,11,2,39,76,26.8,22,73.1
S07542,ST01,2026-07-29T11:57:00,11,2,18,89,51.9,150,20.8
S07544,ST02,2026-07-29T11:58:00,11,2,25,81,39.1,120,19.6
S07552,ST05,2026-07-29T11:59:00,11,2,43,74,21.2,22,57.8
S07559,ST04,2026-07-29T12:05:00,12,2,44,75,17.7,50,21.2
S07562,ST05,2026-07-29T12:11:00,12,2,33,81,30.1,120,15.1
S07554,ST01,2026-07-29T12:15:00,12,2,13,99,63.3,60,63.3
S07556,ST02,2026-07-29T12:28:00,12,2,41,89,26.7,50,32.0
S07557,ST03,2026-07-29T12:33:00,12,2,19,78,40.8,60,40.8
S07558,ST03,2026-07-29T12:40:00,12,2,30,77,27.5,22,75.0
S07555,ST02,2026-07-29T12:45:00,12,2,38,76,27.4,60,27.4
S07560,ST04,2026-07-29T12:48:00,12,2,42,97,24.7,60,24.7
S07563,ST05,2026-07-29T12:49:00,12,2,43,95,30.4,22,82.9
S07561,ST04,2026-07-29T12:54:00,12,2,18,88,36.7,22,100.1
S07553,ST01,2026-07-29T12:55:00,12,2,17,95,50.1,150,20.0
S07565,ST01,2026-07-29T13:07:00,13,2,46,83,24.2,150,9.7
S07570,ST03,2026-07-29T13:08:00,13,2,26,79,28.8,60,28.8
S07564,ST01,2026-07-29T13:21:00,13,2,47,71,11.6,150,4.6
S07566,ST01,2026-07-29T13:21:00,13,2,29,78,32.3,120,16.1
S07568,ST02,2026-07-29T13:32:00,13,2,45,79,20.6,22,56.2
S07572,ST04,2026-07-29T13:38:00,13,2,33,81,32.4,150,13.0
S07575,ST05,2026-07-29T13:42:00,13,2,19,84,36.0,60,36.0
S07567,ST02,2026-07-29T13:43:00,13,2,31,70,26.9,60,26.9
S07573,ST04,2026-07-29T13:44:00,13,2,23,81,40.7,150,16.3
S07574,ST05,2026-07-29T13:54:00,13,2,13,86,48.5,50,58.2
S07569,ST03,2026-07-29T13:54:00,13,2,30,93,25.9,150,10.4
S07571,ST04,2026-07-29T13:58:00,13,2,31,70,21.7,120,10.8
S07579,ST02,2026-07-29T14:09:00,14,2,28,93,39.3,50,47.2
S07577,ST01,2026-07-29T14:17:00,14,2,33,88,38.8,60,38.8
S07582,ST04,2026-07-29T14:18:00,14,2,45,96,25.9,120,12.9
S07585,ST05,2026-07-29T14:26:00,14,2,41,73,14.5,60,14.5
S07584,ST04,2026-07-29T14:27:00,14,2,37,74,17.4,150,7.0
S07583,ST04,2026-07-29T14:29:00,14,2,26,99,47.6,22,129.8
S07580,ST03,2026-07-29T14:30:00,14,2,49,71,8.9,22,24.3
S07586,ST05,2026-07-29T14:37:00,14,2,24,80,40.1,50,48.1
S07581,ST03,2026-07-29T14:45:00,14,2,28,97,35.6,60,35.6
S07578,ST02,2026-07-29T14:45:00,14,2,17,74,27.1,120,13.6
S07576,ST01,2026-07-29T14:49:00,14,2,38,90,29.8,120,14.9
S07590,ST02,2026-07-29T15:04:00,15,2,28,96,36.0,22,98.2
S07595,ST04,2026-07-29T15:07:00,15,2,37,87,36.7,50,44.0
S07596,ST04,2026-07-29T15:13:00,15,2,33,95,45.9,120,22.9
S07593,ST03,2026-07-29T15:21:00,15,2,45,77,21.7,60,21.7
S07594,ST04,2026-07-29T15:21:00,15,2,33,99,36.5,50,43.8
S07588,ST01,2026-07-29T15:24:00,15,2,29,73,29.6,50,35.5
S07587,ST01,2026-07-29T15:27:00,15,2,38,78,24.7,22,67.4
S07589,ST01,2026-07-29T15:31:00,15,2,19,91,41.0,60,41.0
S07592,ST03,2026-07-29T15:40:00,15,2,13,71,30.1,60,30.1
S07591,ST02,2026-07-29T15:44:00,15,2,50,76,12.9,120,6.5
S07599,ST05,2026-07-29T15:51:00,15,2,47,72,10.3,120,5.2
S07598,ST05,2026-07-29T15:52:00,15,2,49,81,21.3,60,21.3
S07597,ST05,2026-07-29T15:55:00,15,2,36,83,27.2,150,10.9
S07607,ST04,2026-07-29T16:02:00,16,2,33,81,32.5,150,13.0
S07600,ST01,2026-07-29T16:03:00,16,2,28,76,20.5,22,55.9
S07608,ST04,2026-07-29T16:12:00,16,2,48,72,10.4,60,10.4
S07603,ST02,2026-07-29T16:14:00,16,2,24,82,34.5,22,94.1
S07610,ST04,2026-07-29T16:18:00,16,2,13,71,35.6,50,42.7
S07601,ST01,2026-07-29T16:23:00,16,2,31,91,33.9,60,33.9
S07605,ST03,2026-07-29T16:26:00,16,2,12,86,44.5,150,17.8
S07612,ST05,2026-07-29T16:27:00,16,2,25,85,36.3,50,43.6
S07606,ST03,2026-07-29T16:32:00,16,2,44,81,23.2,22,63.3
S07611,ST05,2026-07-29T16:46:00,16,2,25,92,31.9,150,12.8
S07602,ST01,2026-07-29T16:49:00,16,2,20,72,32.2,150,12.9
S07604,ST02,2026-07-29T16:49:00,16,2,49,91,31.0,22,84.5
S07609,ST04,2026-07-29T16:53:00,16,2,23,75,21.6,120,10.8
S07613,ST05,2026-07-29T16:58:00,16,2,10,91,51.4,50,61.7
S07634,ST05,2026-07-29T17:04:00,17,2,17,91,55.1,50,66.1
S07629,ST04,2026-07-29T17:05:00,17,2,30,80,34.1,120,17.1
S07622,ST03,2026-07-29T17:12:00,17,2,20,94,42.4,120,21.2
S07633,ST05,2026-07-29T17:17:00,17,2,47,82,18.8,150,7.5
S07616,ST01,2026-07-29T17:18:00,17,2,38,86,20.9,120,10.4
S07630,ST04,2026-07-29T17:19:00,17,2,19,76,35.1,22,95.7
S07627,ST04,2026-07-29T17:19:00,17,2,26,82,38.4,50,46.1
S07621,ST02,2026-07-29T17:19:00,17,2,27,97,28.7,120,14.3
S07626,ST04,2026-07-29T17:19:00,17,2,34,86,28.9,22,78.8
S07623,ST03,2026-07-29T17:26:00,17,2,25,84,35.9,60,35.9
S07620,ST02,2026-07-29T17:27:00,17,2,28,85,28.3,120,14.2
S07624,ST03,2026-07-29T17:33:00,17,2,15,91,48.8,120,24.4
S07615,ST01,2026-07-29T17:35:00,17,2,44,89,21.3,60,21.3
S07631,ST05,2026-07-29T17:40:00,17,2,34,95,41.4,22,112.9
S07614,ST01,2026-07-29T17:40:00,17,2,38,86,22.0,22,60.0
S07619,ST02,2026-07-29T17:44:00,17,2,15,75,30.2,120,15.1
S07617,ST01,2026-07-29T17:49:00,17,2,38,83,24.4,60,24.4
S07628,ST04,2026-07-29T17:50:00,17,2,46,89,27.8,50,33.4
S07635,ST05,2026-07-29T17:53:00,17,2,18,88,47.1,50,56.5
S07632,ST05,2026-07-29T17:54:00,17,2,45,100,32.9,120,16.4
S07625,ST04,2026-07-29T17:54:00,17,2,29,78,30.1,50,36.1
S07618,ST01,2026-07-29T17:56:00,17,2,18,93,30.2,50,36.2
S07651,ST04,2026-07-29T18:03:00,18,2,28,74,19.8,150,7.9
S07646,ST03,2026-07-29T18:04:00,18,2,18,99,43.6,120,21.8
S07650,ST04,2026-07-29T18:12:00,18,2,26,95,33.7,22,91.9
S07640,ST01,2026-07-29T18:13:00,18,2,42,83,23.5,60,23.5
S07638,ST01,2026-07-29T18:14:00,18,2,39,76,17.8,150,7.1
S07657,ST05,2026-07-29T18:20:00,18,2,13,87,31.9,60,31.9
S07643,ST02,2026-07-29T18:24:00,18,2,30,91,41.0,120,20.5
S07637,ST01,2026-07-29T18:24:00,18,2,45,85,17.9,22,48.8
S07648,ST04,2026-07-29T18:26:00,18,2,24,75,28.7,60,28.7
S07649,ST04,2026-07-29T18:26:00,18,2,16,78,45.7,60,45.7
S07652,ST04,2026-07-29T18:27:00,18,2,38,78,22.4,22,61.1
S07641,ST02,2026-07-29T18:33:00,18,2,30,85,31.7,22,86.5
S07654,ST05,2026-07-29T18:36:00,18,2,15,88,54.0,60,54.0
S07656,ST05,2026-07-29T18:40:00,18,2,16,77,29.2,150,11.7
S07644,ST02,2026-07-29T18:41:00,18,2,33,96,42.9,150,17.2
S07647,ST03,2026-07-29T18:41:00,18,2,37,78,25.6,150,10.2
S07655,ST05,2026-07-29T18:42:00,18,2,11,95,43.6,60,43.6
S07645,ST03,2026-07-29T18:43:00,18,2,10,71,43.3,60,43.3
S07639,ST01,2026-07-29T18:49:00,18,2,27,71,32.7,22,89.2
S07636,ST01,2026-07-29T18:49:00,18,2,50,98,30.0,60,30.0
S07653,ST04,2026-07-29T18:55:00,18,2,33,74,17.1,60,17.1
S07642,ST02,2026-07-29T18:59:00,18,2,26,95,35.6,150,14.2
S07670,ST04,2026-07-29T19:00:00,19,2,50,85,19.9,60,19.9
S07663,ST02,2026-07-29T19:04:00,19,2,41,71,12.4,50,14.9
S07676,ST05,2026-07-29T19:05:00,19,2,49,74,13.9,50,16.7
S07662,ST01,2026-07-29T19:06:00,19,2,10,82,29.8,150,11.9
S07668,ST03,2026-07-29T19:06:00,19,2,17,95,39.1,60,39.1
S07673,ST04,2026-07-29T19:06:00,19,2,35,87,31.5,60,31.5
S07671,ST04,2026-07-29T19:07:00,19,2,24,71,25.8,22,70.4
S07664,ST02,2026-07-29T19:08:00,19,2,48,72,14.0,60,14.0
S07660,ST01,2026-07-29T19:11:00,19,2,41,91,30.3,22,82.6
S07679,ST05,2026-07-29T19:12:00,19,2,35,72,26.5,60,26.5
S07674,ST04,2026-07-29T19:21:00,19,2,22,96,41.5,60,41.5
S07678,ST05,2026-07-29T19:22:00,19,2,35,97,25.7,50,30.8
S07666,ST02,2026-07-29T19:23:00,19,2,49,89,16.3,50,19.6
S07675,ST04,2026-07-29T19:28:00,19,2,25,100,51.9,22,141.5
S07665,ST02,2026-07-29T19:29:00,19,2,28,88,41.5,120,20.8
S07659,ST01,2026-07-29T19:32:00,19,2,40,98,31.8,50,38.2
S07672,ST04,2026-07-29T19:38:00,19,2,19,98,56.2,50,67.4
S07667,ST03,2026-07-29T19:45:00,19,2,21,81,36.9,120,18.4
S07661,ST01,2026-07-29T19:49:00,19,2,27,74,22.2,150,8.9
S07677,ST05,2026-07-29T19:51:00,19,2,15,75,32.7,120,16.4
S07669,ST03,2026-07-29T19:57:00,19,2,42,96,25.3,60,25.3
S07658,ST01,2026-07-29T19:58:00,19,2,21,96,34.9,150,14.0
S07691,ST03,2026-07-29T20:01:00,20,2,50,97,24.9,150,10.0
S07680,ST01,2026-07-29T20:01:00,20,2,36,94,26.2,120,13.1
S07699,ST05,2026-07-29T20:04:00,20,2,14,80,42.8,150,17.1
S07688,ST02,2026-07-29T20:05:00,20,2,34,84,35.2,150,14.1
S07684,ST01,2026-07-29T20:07:00,20,2,10,70,42.7,60,42.7
S07682,ST01,2026-07-29T20:08:00,20,2,13,91,37.8,120,18.9
S07696,ST04,2026-07-29T20:11:00,20,2,35,91,27.6,150,11.0
S07689,ST03,2026-07-29T20:11:00,20,2,25,81,38.1,50,45.7
S07681,ST01,2026-07-29T20:20:00,20,2,31,80,22.2,120,11.1
S07693,ST04,2026-07-29T20:21:00,20,2,40,96,23.5,120,11.8
S07700,ST05,2026-07-29T20:32:00,20,2,12,94,41.9,22,114.3
S07690,ST03,2026-07-29T20:36:00,20,2,24,94,45.1,50,54.1
S07698,ST05,2026-07-29T20:36:00,20,2,11,74,41.1,60,41.1
S07692,ST04,2026-07-29T20:37:00,20,2,30,100,30.0,120,15.0
S07694,ST04,2026-07-29T20:37:00,20,2,28,76,21.6,22,58.9
S07686,ST02,2026-07-29T20:37:00,20,2,10,80,39.3,22,107.2
S07701,ST05,2026-07-29T20:38:00,20,2,24,76,26.0,60,26.0
S07695,ST04,2026-07-29T20:45:00,20,2,43,77,14.0,60,14.0
S07683,ST01,2026-07-29T20:47:00,20,2,13,74,34.1,60,34.1
S07687,ST02,2026-07-29T20:49:00,20,2,14,75,26.2,150,10.5
S07697,ST04,2026-07-29T20:50:00,20,2,31,90,42.8,60,42.8
S07685,ST02,2026-07-29T20:54:00,20,2,37,87,28.5,120,14.2
S07704,ST03,2026-07-29T21:03:00,21,2,10,88,53.6,60,53.6
S07702,ST01,2026-07-29T21:14:00,21,2,36,76,26.7,22,72.8
S07703,ST02,2026-07-29T21:45:00,21,2,33,92,29.8,120,14.9
S07705,ST04,2026-07-29T21:49:00,21,2,26,77,28.4,120,14.2
S07706,ST01,2026-07-29T22:06:00,22,2,39,70,21.4,60,21.4
S07707,ST02,2026-07-29T22:07:00,22,2,21,80,38.1,150,15.2
S07710,ST05,2026-07-29T22:33:00,22,2,16,84,36.2,120,18.1
S07709,ST04,2026-07-29T22:47:00,22,2,40,72,17.8,150,7.1
S07708,ST04,2026-07-29T22:53:00,22,2,24,97,34.6,150,13.8
S07715,ST05,2026-07-29T23:04:00,23,2,41,88,22.3,120,11.2
S07711,ST01,2026-07-29T23:22:00,23,2,48,73,14.3,50,17.2
S07714,ST04,2026-07-29T23:24:00,23,2,48,94,27.2,50,32.6
S07713,ST03,2026-07-29T23:43:00,23,2,32,93,32.2,150,12.9
S07712,ST02,2026-07-29T23:49:00,23,2,46,77,12.7,22,34.6
S07717,ST02,2026-07-30T00:02:00,0,3,34,81,30.4,60,30.4
S07720,ST05,2026-07-30T00:24:00,0,3,33,70,22.3,120,11.2
S07716,ST01,2026-07-30T00:31:00,0,3,11,86,45.8,60,45.8
S07718,ST03,2026-07-30T00:55:00,0,3,32,96,28.9,60,28.9
S07719,ST04,2026-07-30T00:59:00,0,3,33,84,20.8,120,10.4
S07721,ST01,2026-07-30T01:00:00,1,3,40,87,33.3,60,33.3
S07722,ST02,2026-07-30T01:41:00,1,3,21,84,27.6,50,33.1
S07723,ST03,2026-07-30T01:48:00,1,3,18,99,55.9,120,27.9
S07726,ST05,2026-07-30T01:50:00,1,3,24,83,40.9,150,16.4
S07724,ST04,2026-07-30T01:52:00,1,3,14,73,35.2,150,14.1
S07725,ST04,2026-07-30T01:55:00,1,3,11,93,36.2,150,14.5
S07728,ST03,2026-07-30T02:03:00,2,3,22,74,29.9,120,14.9
S07731,ST05,2026-07-30T02:05:00,2,3,27,91,38.8,50,46.6
S07730,ST04,2026-07-30T02:29:00,2,3,39,96,32.6,120,16.3
S07729,ST04,2026-07-30T02:33:00,2,3,11,81,50.8,150,20.3
S07727,ST01,2026-07-30T02:37:00,2,3,27,97,42.0,150,16.8
S07734,ST04,2026-07-30T03:12:00,3,3,50,80,22.1,60,22.1
S07733,ST02,2026-07-30T03:27:00,3,3,48,99,27.6,120,13.8
S07732,ST01,2026-07-30T03:32:00,3,3,18,98,58.8,22,160.4
S07735,ST05,2026-07-30T03:51:00,3,3,46,91,19.8,150,7.9
S07736,ST01,2026-07-30T04:09:00,4,3,12,81,48.5,22,132.3
S07740,ST04,2026-07-30T04:22:00,4,3,16,83,37.8,60,37.8
S07737,ST02,2026-07-30T04:23:00,4,3,35,77,29.4,150,11.8
S07739,ST04,2026-07-30T04:39:00,4,3,21,81,24.9,120,12.4
S07738,ST03,2026-07-30T04:42:00,4,3,39,95,27.9,150,11.2
S07741,ST05,2026-07-30T04:46:00,4,3,43,83,24.9,50,29.9
S07742,ST01,2026-07-30T05:07:00,5,3,45,74,19.0,120,9.5
S07743,ST02,2026-07-30T05:16:00,5,3,42,84,30.7,60,30.7
S07746,ST04,2026-07-30T05:34:00,5,3,25,81,30.0,150,12.0
S07744,ST03,2026-07-30T05:38:00,5,3,25,81,39.3,150,15.7
S07745,ST04,2026-07-30T05:42:00,5,3,31,90,35.0,50,42.0
S07747,ST05,2026-07-30T05:48:00,5,3,17,75,30.3,22,82.6
S07751,ST05,2026-07-30T06:02:00,6,3,23,90,28.6,150,11.4
S07750,ST04,2026-07-30T06:26:00,6,3,47,88,19.1,60,19.1
S07749,ST02,2026-07-30T06:36:00,6,3,17,74,30.4,120,15.2
S07748,ST01,2026-07-30T06:39:00,6,3,22,71,31.6,60,31.6
S07754,ST04,2026-07-30T07:11:00,7,3,37,92,25.3,50,30.4
S07752,ST01,2026-07-30T07:13:00,7,3,12,80,42.5,150,17.0
S07756,ST05,2026-07-30T07:32:00,7,3,17,73,26.1,50,31.3
S07755,ST04,2026-07-30T07:38:00,7,3,27,94,39.7,120,19.9
S07753,ST03,2026-07-30T07:46:00,7,3,40,81,19.7,60,19.7
S07758,ST01,2026-07-30T08:07:00,8,3,38,77,23.4,50,28.1
S07768,ST04,2026-07-30T08:10:00,8,3,13,89,37.6,22,102.5
S07771,ST05,2026-07-30T08:12:00,8,3,46,73,14.6,120,7.3
S07765,ST03,2026-07-30T08:13:00,8,3,29,90,31.2,60,31.2
S07764,ST03,2026-07-30T08:19:00,8,3,23,72,35.3,60,35.3
S07773,ST05,2026-07-30T08:20:00,8,3,30,70,21.6,60,21.6
S07767,ST04,2026-07-30T08:22:00,8,3,12,97,51.5,120,25.8
S07762,ST02,2026-07-30T08:23:00,8,3,13,80,34.4,120,17.2
S07770,ST04,2026-07-30T08:28:00,8,3,32,83,23.7,150,9.5
S07760,ST01,2026-07-30T08:28:00,8,3,39,86,25.9,22,70.6
S07761,ST02,2026-07-30T08:36:00,8,3,27,91,41.8,120,20.9
S07763,ST02,2026-07-30T08:44:00,8,3,41,93,29.6,150,11.8
S07769,ST04,2026-07-30T08:46:00,8,3,22,82,36.4,60,36.4
S07759,ST01,2026-07-30T08:51:00,8,3,18,74,33.7,22,91.9
S07757,ST01,2026-07-30T08:54:00,8,3,47,76,14.5,60,14.5
S07772,ST05,2026-07-30T08:56:00,8,3,39,70,21.2,150,8.5
S07766,ST04,2026-07-30T08:59:00,8,3,14,72,37.2,120,18.6
S07788,ST04,2026-07-30T09:00:00,9,3,21,100,35.0,50,42.0
S07776,ST01,2026-07-30T09:01:00,9,3,29,74,31.5,150,12.6
S07784,ST04,2026-07-30T09:02:00,9,3,22,79,31.9,120,15.9
S07785,ST04,2026-07-30T09:03:00,9,3,15,97,60.9,120,30.4
S07778,ST02,2026-07-30T09:09:00,9,3,17,99,60.3,22,164.5
S07790,ST05,2026-07-30T09:15:00,9,3,46,79,13.2,22,36.0
S07792,ST05,2026-07-30T09:17:00,9,3,34,82,34.5,150,13.8
S07786,ST04,2026-07-30T09:18:00,9,3,20,82,28.9,60,28.9
S07789,ST04,2026-07-30T09:21:00,9,3,26,95,37.0,50,44.4
S07782,ST03,2026-07-30T09:28:00,9,3,30,76,26.9,150,10.8
S07777,ST01,2026-07-30T09:30:00,9,3,26,89,29.5,60,29.5
S07781,ST02,2026-07-30T09:41:00,9,3,17,76,43.4,150,17.4
S07791,ST05,2026-07-30T09:48:00,9,3,38,77,24.7,50,29.6
S07775,ST01,2026-07-30T09:51:00,9,3,16,71,37.1,22,101.2
S07779,ST02,2026-07-30T09:54:00,9,3,43,95,22.1,150,8.8
S07780,ST02,2026-07-30T09:56:00,9,3,50,89,21.3,150,8.5
S07783,ST03,2026-07-30T09:56:00,9,3,50,72,9.6,60,9.6
S07787,ST04,2026-07-30T09:58:00,9,3,30,79,26.7,50,32.0
S07774,ST01,2026-07-30T09:59:00,9,3,47,90,31.0,60,31.0
S07804,ST04,2026-07-30T10:04:00,10,3,31,98,36.9,60,36.9
S07796,ST01,2026-07-30T10:06:00,10,3,35,76,21.2,22,57.8
S07811,ST05,2026-07-30T10:07:00,10,3,28,70,27.8,50,33.4
S07803,ST03,2026-07-30T10:08:00,10,3,43,80,27.5,150,11.0
S07798,ST02,2026-07-30T10:10:00,10,3,20,79,36.7,120,18.4
S07797,ST01,2026-07-30T10:16:00,10,3,50,94,29.0,50,34.8
S07799,ST02,2026-07-30T10:21:00,10,3,35,72,19.8,22,54.0
S07794,ST01,2026-07-30T10:26:00,10,3,13,95,55.5,150,22.2
S07795,ST01,2026-07-30T10:33:00,10,3,14,71,31.6,60,31.6
S07805,ST04,2026-07-30T10:35:00,10,3,17,84,42.0,22,114.5
S07807,ST04,2026-07-30T10:36:00,10,3,13,92,40.7,60,40.7
S07808,ST04,2026-07-30T10:37:00,10,3,21,75,23.2,150,9.3
S07810,ST05,2026-07-30T10:37:00,10,3,48,78,17.3,60,17.3
S07806,ST04,2026-07-30T10:42:00,10,3,33,93,33.9,50,40.7
S07802,ST03,2026-07-30T10:43:00,10,3,22,83,32.8,22,89.5
S07812,ST05,2026-07-30T10:52:00,10,3,42,100,30.5,120,15.2
S07793,ST01,2026-07-30T10:53:00,10,3,26,85,37.7,22,102.8
S07809,ST04,2026-07-30T10:55:00,10,3,17,90,46.7,60,46.7
S07800,ST02,2026-07-30T10:57:00,10,3,48,80,17.7,22,48.3
S07801,ST03,2026-07-30T10:58:00,10,3,31,78,20.8,50,25.0
S07819,ST03,2026-07-30T11:19:00,11,3,44,72,18.0,50,21.6
S07814,ST01,2026-07-30T11:26:00,11,3,30,74,17.7,22,48.3
S07821,ST04,2026-07-30T11:29:00,11,3,30,100,42.9,22,117.0
S07818,ST03,2026-07-30T11:32:00,11,3,43,82,21.1,150,8.4
S07824,ST05,2026-07-30T11:35:00,11,3,11,98,37.7,50,45.2
S07813,ST01,2026-07-30T11:37:00,11,3,22,88,29.2,50,35.0
S07817,ST02,2026-07-30T11:41:00,11,3,29,92,32.0,150,12.8
S07820,ST04,2026-07-30T11:51:00,11,3,48,73,12.2,120,6.1
S07815,ST01,2026-07-30T11:53:00,11,3,20,96,49.3,22,134.5
S07816,ST02,2026-07-30T11:56:00,11,3,12,74,25.9,150,10.4
S07822,ST04,2026-07-30T11:58:00,11,3,36,79,31.6,150,12.6
S07823,ST05,2026-07-30T11:58:00,11,3,30,76,31.2,22,85.1
S07833,ST04,2026-07-30T12:01:00,12,3,29,94,29.1,50,34.9
S07825,ST01,2026-07-30T12:20:00,12,3,18,76,25.3,120,12.7
S07829,ST03,2026-07-30T12:25:00,12,3,40,96,24.0,50,28.8
S07832,ST04,2026-07-30T12:28:00,12,3,12,96,46.8,120,23.4
S07827,ST02,2026-07-30T12:34:00,12,3,26,99,47.5,22,129.5
S07834,ST05,2026-07-30T12:40:00,12,3,47,94,27.6,120,13.8
S07835,ST05,2026-07-30T12:45:00,12,3,35,99,36.1,22,98.5
S07828,ST02,2026-07-30T12:46:00,12,3,18,74,39.7,60,39.7
S07830,ST03,2026-07-30T12:49:00,12,3,20,70,37.4,60,37.4
S07826,ST01,2026-07-30T12:53:00,12,3,44,94,23.0,50,27.6
S07831,ST04,2026-07-30T12:53:00,12,3,26,75,23.7,120,11.8
S07837,ST01,2026-07-30T13:02:00,13,3,38,90,27.0,60,27.0
S07843,ST04,2026-07-30T13:13:00,13,3,47,75,16.0,120,8.0
S07845,ST04,2026-07-30T13:14:00,13,3,45,91,20.1,150,8.0
S07842,ST03,2026-07-30T13:22:00,13,3,28,98,29.6,150,11.8
S07847,ST05,2026-07-30T13:41:00,13,3,22,91,42.7,120,21.4
S07836,ST01,2026-07-30T13:44:00,13,3,41,85,30.9,22,84.3
S07840,ST02,2026-07-30T13:45:00,13,3,41,100,42.5,60,42.5
S07844,ST04,2026-07-30T13:48:00,13,3,24,88,37.9,50,45.5
S07841,ST03,2026-07-30T13:51:00,13,3,18,81,31.3,120,15.7
S07838,ST01,2026-07-30T13:53:00,13,3,13,70,27.6,50,33.1
S07839,ST02,2026-07-30T13:56:00,13,3,33,97,27.2,150,10.9
S07846,ST05,2026-07-30T13:59:00,13,3,42,88,21.5,120,10.8
S07849,ST01,2026-07-30T14:17:00,14,3,21,90,48.8,60,48.8
S07859,ST05,2026-07-30T14:26:00,14,3,36,74,25.4,50,30.5
S07848,ST01,2026-07-30T14:27:00,14,3,43,70,15.3,22,41.7
S07860,ST05,2026-07-30T14:34:00,14,3,10,95,43.7,150,17.5
S07857,ST04,2026-07-30T14:36:00,14,3,28,91,37.9,150,15.2
S07851,ST02,2026-07-30T14:38:00,14,3,33,88,26.5,22,72.3
S07853,ST03,2026-07-30T14:41:00,14,3,22,80,28.3,120,14.2
S07855,ST04,2026-07-30T14:41:00,14,3,10,85,42.6,22,116.2
S07854,ST03,2026-07-30T14:46:00,14,3,13,81,27.4,120,13.7
S07852,ST02,2026-07-30T14:46:00,14,3,37,91,32.5,50,39.0
S07856,ST04,2026-07-30T14:46:00,14,3,45,87,30.3,60,30.3
S07858,ST04,2026-07-30T14:50:00,14,3,35,76,27.6,120,13.8
S07850,ST01,2026-07-30T14:57:00,14,3,39,94,34.5,22,94.1
S07869,ST04,2026-07-30T15:00:00,15,3,31,93,25.5,22,69.5
S07867,ST04,2026-07-30T15:06:00,15,3,24,97,49.8,120,24.9
S07865,ST02,2026-07-30T15:06:00,15,3,47,83,17.0,60,17.0
S07868,ST04,2026-07-30T15:14:00,15,3,35,94,30.9,150,12.4
S07862,ST01,2026-07-30T15:17:00,15,3,20,75,39.3,150,15.7
S07863,ST01,2026-07-30T15:21:00,15,3,31,73,19.7,50,23.6
S07871,ST05,2026-07-30T15:26:00,15,3,41,96,31.7,120,15.8
S07870,ST05,2026-07-30T15:31:00,15,3,19,74,26.6,50,31.9
S07861,ST01,2026-07-30T15:39:00,15,3,26,87,30.4,60,30.4
S07866,ST03,2026-07-30T15:47:00,15,3,16,70,32.9,120,16.4
S07864,ST02,2026-07-30T15:47:00,15,3,30,89,25.0,60,25.0
S07872,ST01,2026-07-30T16:02:00,16,3,22,98,55.8,50,67.0
S07873,ST01,2026-07-30T16:13:00,16,3,50,96,27.2,50,32.6
S07885,ST05,2026-07-30T16:15:00,16,3,36,79,25.4,60,25.4
S07884,ST05,2026-07-30T16:15:00,16,3,44,73,16.8,22,45.8
S07882,ST04,2026-07-30T16:15:00,16,3,13,96,45.7,60,45.7
S07879,ST04,2026-07-30T16:31:00,16,3,23,72,21.1,150,8.4
S07874,ST01,2026-07-30T16:33:00,16,3,15,84,29.1,150,11.6
S07883,ST05,2026-07-30T16:37:00,16,3,26,91,44.9,22,122.5
S07875,ST02,2026-07-30T16:41:00,16,3,46,94,23.1,60,23.1
S07876,ST02,2026-07-30T16:43:00,16,3,38,93,35.1,60,35.1
S07878,ST03,2026-07-30T16:47:00,16,3,30,100,42.2,50,50.6
S07877,ST03,2026-07-30T16:52:00,16,3,17,72,39.4,120,19.7
S07880,ST04,2026-07-30T16:53:00,16,3,23,77,40.3,22,109.9
S07881,ST04,2026-07-30T16:57:00,16,3,11,87,43.8,50,52.6
S07888,ST01,2026-07-30T17:01:00,17,3,44,72,15.6,50,18.7
S07895,ST03,2026-07-30T17:02:00,17,3,36,81,19.0,22,51.8
S07891,ST02,2026-07-30T17:04:00,17,3,28,88,36.7,120,18.4
S07902,ST04,2026-07-30T17:08:00,17,3,15,85,37.3,22,101.7
S07893,ST02,2026-07-30T17:17:00,17,3,22,90,34.6,120,17.3
S07898,ST04,2026-07-30T17:21:00,17,3,33,80,34.6,120,17.3
S07890,ST01,2026-07-30T17:30:00,17,3,44,84,25.0,50,30.0
S07905,ST05,2026-07-30T17:31:00,17,3,37,85,31.6,60,31.6
S07887,ST01,2026-07-30T17:32:00,17,3,19,79,25.6,60,25.6
S07889,ST01,2026-07-30T17:33:00,17,3,26,83,24.1,150,9.6
S07904,ST05,2026-07-30T17:35:00,17,3,41,92,30.3,120,15.2
S07899,ST04,2026-07-30T17:36:00,17,3,29,74,18.7,120,9.3
S07901,ST04,2026-07-30T17:38:00,17,3,32,83,33.9,120,16.9
S07897,ST04,2026-07-30T17:40:00,17,3,28,73,21.1,50,25.3
S07886,ST01,2026-07-30T17:43:00,17,3,12,99,36.2,22,98.7
S07894,ST03,2026-07-30T17:46:00,17,3,23,79,28.4,22,77.5
S07900,ST04,2026-07-30T17:48:00,17,3,19,91,46.0,50,55.2
S07896,ST03,2026-07-30T17:51:00,17,3,11,79,47.3,22,129.0
S07903,ST05,2026-07-30T17:51:00,17,3,48,98,33.3,150,13.3
S07892,ST02,2026-07-30T17:55:00,17,3,10,76,41.8,22,114.0
S07906,ST05,2026-07-30T17:55:00,17,3,14,76,35.7,120,17.9
S07923,ST04,2026-07-30T18:00:00,18,3,18,71,34.9,22,95.2
S07909,ST01,2026-07-30T18:02:00,18,3,27,86,33.4,22,91.1
S07913,ST02,2026-07-30T18:07:00,18,3,44,87,30.7,22,83.7
S07907,ST01,2026-07-30T18:08:00,18,3,23,89,38.8,150,15.5
S07922,ST04,2026-07-30T18:14:00,18,3,43,80,25.8,120,12.9
S07910,ST01,2026-07-30T18:17:00,18,3,33,73,24.2,60,24.2
S07927,ST05,2026-07-30T18:17:00,18,3,28,99,47.3,22,129.0
S07911,ST01,2026-07-30T18:21:00,18,3,42,83,29.7,22,81.0
S07928,ST05,2026-07-30T18:28:00,18,3,43,92,29.8,120,14.9
S07916,ST03,2026-07-30T18:31:00,18,3,30,86,28.9,50,34.7
S07914,ST02,2026-07-30T18:31:00,18,3,47,91,23.8,60,23.8
S07908,ST01,2026-07-30T18:36:00,18,3,24,89,36.4,50,43.7
S07918,ST03,2026-07-30T18:40:00,18,3,30,77,29.7,50,35.6
S07925,ST05,2026-07-30T18:43:00,18,3,32,81,31.3,60,31.3
S07921,ST04,2026-07-30T18:43:00,18,3,46,80,16.6,120,8.3
S07915,ST02,2026-07-30T18:46:00,18,3,12,77,40.3,22,109.9
S07926,ST05,2026-07-30T18:46:00,18,3,31,94,30.0,60,30.0
S07924,ST04,2026-07-30T18:49:00,18,3,32,76,24.7,60,24.7
S07920,ST04,2026-07-30T18:49:00,18,3,25,88,29.2,22,79.6
S07912,ST02,2026-07-30T18:50:00,18,3,39,96,37.2,60,37.2
S07919,ST04,2026-07-30T18:57:00,18,3,27,96,35.0,50,42.0
S07917,ST03,2026-07-30T18:58:00,18,3,46,73,18.1,150,7.2
S07933,ST01,2026-07-30T19:01:00,19,3,49,79,17.2,22,46.9
S07936,ST02,2026-07-30T19:06:00,19,3,11,100,57.2,60,57.2
S07942,ST04,2026-07-30T19:15:00,19,3,20,80,33.7,22,91.9
S07948,ST05,2026-07-30T19:16:00,19,3,24,86,46.1,120,23.1
S07938,ST03,2026-07-30T19:17:00,19,3,19,100,44.7,60,44.7
S07939,ST03,2026-07-30T19:19:00,19,3,41,71,19.3,150,7.7
S07935,ST02,2026-07-30T19:23:00,19,3,41,87,29.6,60,29.6
S07949,ST05,2026-07-30T19:28:00,19,3,49,89,28.3,150,11.3
S07932,ST01,2026-07-30T19:29:00,19,3,18,91,46.2,60,46.2
S07944,ST04,2026-07-30T19:29:00,19,3,25,74,24.9,120,12.4
S07941,ST04,2026-07-30T19:32:00,19,3,39,84,30.3,50,36.4
S07937,ST02,2026-07-30T19:35:00,19,3,37,83,26.2,150,10.5
S07940,ST03,2026-07-30T19:35:00,19,3,36,85,21.0,22,57.3
S07945,ST04,2026-07-30T19:42:00,19,3,37,94,33.4,150,13.4
S07947,ST05,2026-07-30T19:43:00,19,3,13,94,38.5,22,105.0
S07929,ST01,2026-07-30T19:44:00,19,3,42,97,32.1,150,12.8
S07943,ST04,2026-07-30T19:44:00,19,3,28,91,31.7,22,86.5
S07934,ST02,2026-07-30T19:50:00,19,3,21,79,31.4,120,15.7
S07931,ST01,2026-07-30T19:51:00,19,3,16,94,56.5,22,154.1
S07951,ST05,2026-07-30T19:53:00,19,3,46,75,14.5,22,39.5
S07946,ST04,2026-07-30T19:55:00,19,3,40,91,36.3,150,14.5
S07950,ST05,2026-07-30T19:59:00,19,3,47,88,18.4,120,9.2
S07930,ST01,2026-07-30T19:59:00,19,3,20,90,45.5,50,54.6
S07964,ST04,2026-07-30T20:00:00,20,3,41,73,15.6,120,7.8
S07953,ST01,2026-07-30T20:03:00,20,3,15,86,39.0,60,39.0
S07961,ST03,2026-07-30T20:05:00,20,3,19,76,25.3,60,25.3
S07957,ST02,2026-07-30T20:05:00,20,3,40,71,12.6,60,12.6
S07956,ST01,2026-07-30T20:06:00,20,3,42,95,23.5,120,11.8
S07970,ST05,2026-07-30T20:07:00,20,3,36,73,27.3,60,27.3
S07954,ST01,2026-07-30T20:15:00,20,3,18,77,25.3,60,25.3
S07958,ST02,2026-07-30T20:15:00,20,3,39,78,18.3,50,22.0
S07967,ST04,2026-07-30T20:16:00,20,3,20,90,49.2,120,24.6
S07962,ST03,2026-07-30T20:16:00,20,3,16,90,31.3,150,12.5
S07972,ST05,2026-07-30T20:17:00,20,3,19,83,43.3,22,118.1
S07959,ST02,2026-07-30T20:22:00,20,3,34,95,39.0,60,39.0
S07966,ST04,2026-07-30T20:23:00,20,3,18,75,24.3,60,24.3
S07952,ST01,2026-07-30T20:33:00,20,3,17,73,40.6,50,48.7
S07968,ST04,2026-07-30T20:41:00,20,3,25,93,45.1,50,54.1
S07965,ST04,2026-07-30T20:41:00,20,3,47,76,12.1,22,33.0
S07969,ST05,2026-07-30T20:42:00,20,3,18,80,41.6,22,113.5
S07971,ST05,2026-07-30T20:42:00,20,3,49,88,25.4,60,25.4
S07960,ST03,2026-07-30T20:52:00,20,3,31,76,24.0,60,24.0
S07963,ST04,2026-07-30T20:57:00,20,3,11,90,35.4,120,17.7
S07955,ST01,2026-07-30T20:59:00,20,3,32,92,32.0,60,32.0
S07977,ST04,2026-07-30T21:08:00,21,3,22,81,35.1,150,14.0
S07974,ST02,2026-07-30T21:09:00,21,3,35,86,22.7,150,9.1
S07978,ST05,2026-07-30T21:22:00,21,3,42,71,18.6,60,18.6
S07975,ST03,2026-07-30T21:34:00,21,3,16,78,43.3,150,17.3
S07976,ST04,2026-07-30T21:42:00,21,3,29,100,29.2,50,35.0
S07973,ST01,2026-07-30T21:54:00,21,3,31,80,23.2,60,23.2
S07979,ST01,2026-07-30T22:10:00,22,3,42,86,18.1,22,49.4
S07983,ST05,2026-07-30T22:22:00,22,3,21,78,36.8,120,18.4
S07982,ST04,2026-07-30T22:23:00,22,3,26,95,46.7,60,46.7
S07980,ST02,2026-07-30T22:31:00,22,3,30,71,28.9,150,11.6
S07981,ST04,2026-07-30T22:57:00,22,3,50,96,25.7,50,30.8
S07985,ST02,2026-07-30T23:16:00,23,3,47,77,12.4,120,6.2
S07987,ST05,2026-07-30T23:24:00,23,3,29,87,32.0,120,16.0
S07986,ST04,2026-07-30T23:27:00,23,3,10,82,43.1,150,17.2
S07984,ST01,2026-07-30T23:30:00,23,3,26,79,35.6,60,35.6
