station_id,date,hour,day_of_week,is_weekend,demand,avg_energy,avg_power,avg_duration,avg_soc,station_num,rolling_demand_3h,rolling_demand_6h,rolling_demand_12h,demand_lag_1h,demand_lag_24h,is_morning_peak,is_evening_peak,hour_sin,hour_cos,dow_sin,dow_cos
ST01,2026-07-01,0,2,0,1,23.9,22.0,65.2,27.0,0,1.0,1.0,1.0,0.0,0.0,0,0,0.0,1.0,0.9749279121818236,-0.22252093395631434
ST01,2026-07-01,1,2,0,1,21.4,50.0,25.7,37.0,0,1.0,1.0,1.0,1.0,0.0,0,0,0.25881904510252074,0.9659258262890683,0.9749279121818236,-0.22252093395631434
ST01,2026-07-01,2,2,0,1,30.8,22.0,84.0,28.0,0,1.0,1.0,1.0,1.0,0.0,0,0,0.49999999999999994,0.8660254037844387,0.9749279121818236,-0.22252093395631434
ST01,2026-07-01,3,2,0,1,44.0,60.0,44.0,13.0,0,1.0,1.0,1.0,1.0,0.0,0,0,0.7071067811865476,0.7071067811865476,0.9749279121818236,-0.22252093395631434
ST01,2026-07-01,4,2,0,1,38.9,22.0,106.1,18.0,0,1.0,1.0,1.0,1.0,0.0,0,0,0.8660254037844386,0.5000000000000001,0.9749279121818236,-0.22252093395631434
ST01,2026-07-01,5,2,0,1,40.0,150.0,16.0,26.0,0,1.0,1.0,1.0,1.0,0.0,0,0,0.9659258262890683,0.25881904510252074,0.9749279121818236,-0.22252093395631434
ST01,2026-07-01,6,2,0,1,35.5,60.0,35.5,40.0,0,1.0,1.0,1.0,1.0,0.0,0,0,1.0,6.123233995736766e-17,0.9749279121818236,-0.22252093395631434
ST01,2026-07-01,7,2,0,1,27.1,22.0,73.9,13.0,0,1.0,1.0,1.0,1.0,0.0,0,0,0.9659258262890683,-0.25881904510252063,0.9749279121818236,-0.22252093395631434
ST01,2026-07-01,8,2,0,4,35.7,29.0,85.25,22.75,0,2.0,1.5,1.3333333333333333,1.0,0.0,1,0,0.8660254037844387,-0.4999999999999998,0.9749279121818236,-0.22252093395631434
ST01,2026-07-01,9,2,0,4,27.05,82.5,24.475,34.25,0,3.0,2.0,1.6,4.0,0.0,1,0,0.7071067811865476,-0.7071067811865475,0.9749279121818236,-0.22252093395631434
ST01,2026-07-01,10,2,0,4,38.625,72.5,33.875,23.25,0,4.0,2.5,1.8181818181818181,4.0,0.0,1,0,0.49999999999999994,-0.8660254037844387,0.9749279121818236,-0.22252093395631434
ST01,2026-07-01,11,2,0,3,27.833333333333332,83.33333333333333,25.266666666666666,33.0,0,3.6666666666666665,2.8333333333333335,1.9166666666666667,4.0,0.0,0,0,0.258819045102521,-0.9659258262890682,0.9749279121818236,-0.22252093395631434
ST01,2026-07-01,12,2,0,3,26.099999999999998,86.66666666666667,22.46666666666667,24.0,0,3.3333333333333335,3.1666666666666665,2.0833333333333335,3.0,0.0,0,0,1.2246467991473532e-16,-1.0,0.9749279121818236,-0.22252093395631434
ST01,2026-07-01,13,2,0,2,31.2,120.0,15.600000000000001,33.0,0,2.6666666666666665,3.3333333333333335,2.1666666666666665,3.0,0.0,0,0,-0.2588190451025208,-0.9659258262890683,0.9749279121818236,-0.22252093395631434
ST01,2026-07-01,14,2,0,3,27.7,80.0,23.53333333333333,31.666666666666668,0,2.6666666666666665,3.1666666666666665,2.3333333333333335,2.0,0.0,0,0,-0.4999999999999997,-0.8660254037844388,0.9749279121818236,-0.22252093395631434
ST01,2026-07-01,15,2,0,3,30.0,67.33333333333333,42.800000000000004,36.666666666666664,0,2.6666666666666665,3.0,2.5,3.0,0.0,0,0,-0.7071067811865471,-0.7071067811865479,0.9749279121818236,-0.22252093395631434
ST01,2026-07-01,16,2,0,2,25.8,120.0,12.9,33.5,0,2.6666666666666665,2.6666666666666665,2.5833333333333335,3.0,0.0,0,0,-0.8660254037844385,-0.5000000000000004,0.9749279121818236,-0.22252093395631434
ST01,2026-07-01,17,2,0,5,35.42,104.0,25.419999999999998,21.2,0,3.3333333333333335,3.0,2.9166666666666665,2.0,0.0,0,1,-0.9659258262890683,-0.25881904510252063,0.9749279121818236,-0.22252093395631434
ST01,2026-07-01,18,2,0,5,30.7,98.4,27.78,32.8,0,4.0,3.3333333333333335,3.25,5.0,0.0,0,1,-1.0,-1.8369701987210297e-16,0.9749279121818236,-0.22252093395631434
ST01,2026-07-01,19,2,0,5,31.920000000000005,66.0,32.92,30.6,0,5.0,3.8333333333333335,3.5833333333333335,5.0,0.0,0,1,-0.9659258262890684,0.2588190451025203,0.9749279121818236,-0.22252093395631434
ST01,2026-07-01,20,2,0,5,27.339999999999996,82.4,28.560000000000002,35.0,0,5.0,4.166666666666667,3.6666666666666665,5.0,0.0,0,1,-0.8660254037844386,0.5000000000000001,0.9749279121818236,-0.22252093395631434
ST01,2026-07-01,21,2,0,1,32.2,120.0,16.1,33.0,0,3.6666666666666665,3.8333333333333335,3.4166666666666665,5.0,0.0,0,0,-0.7071067811865477,0.7071067811865474,0.9749279121818236,-0.22252093395631434
ST01,2026-07-01,22,2,0,1,37.1,150.0,14.8,18.0,0,2.3333333333333335,3.6666666666666665,3.1666666666666665,1.0,0.0,0,0,-0.5000000000000004,0.8660254037844384,0.9749279121818236,-0.22252093395631434
ST01,2026-07-01,23,2,0,1,31.4,60.0,31.4,15.0,0,1.0,3.0,3.0,1.0,0.0,0,0,-0.25881904510252157,0.9659258262890681,0.9749279121818236,-0.22252093395631434
ST01,2026-07-02,0,3,0,1,25.8,60.0,25.8,40.0,0,1.0,2.3333333333333335,2.8333333333333335,1.0,1.0,0,0,0.0,1.0,0.43388373911755823,-0.900968867902419
ST01,2026-07-02,1,3,0,1,46.0,22.0,125.5,19.0,0,1.0,1.6666666666666667,2.75,1.0,1.0,0,0,0.25881904510252074,0.9659258262890683,0.43388373911755823,-0.900968867902419
ST01,2026-07-02,2,3,0,1,26.6,60.0,26.6,41.0,0,1.0,1.0,2.5833333333333335,1.0,1.0,0,0,0.49999999999999994,0.8660254037844387,0.43388373911755823,-0.900968867902419
ST01,2026-07-02,3,3,0,1,28.3,50.0,34.0,21.0,0,1.0,1.0,2.4166666666666665,1.0,1.0,0,0,0.7071067811865476,0.7071067811865476,0.43388373911755823,-0.900968867902419
ST01,2026-07-02,4,3,0,1,24.2,60.0,24.2,49.0,0,1.0,1.0,2.3333333333333335,1.0,1.0,0,0,0.8660254037844386,0.5000000000000001,0.43388373911755823,-0.900968867902419
ST01,2026-07-02,5,3,0,1,25.3,60.0,25.3,19.0,0,1.0,1.0,2.0,1.0,1.0,0,0,0.9659258262890683,0.25881904510252074,0.43388373911755823,-0.900968867902419
ST01,2026-07-02,6,3,0,1,27.3,60.0,27.3,40.0,0,1.0,1.0,1.6666666666666667,1.0,1.0,0,0,1.0,6.123233995736766e-17,0.43388373911755823,-0.900968867902419
ST01,2026-07-02,7,3,0,1,20.5,150.0,8.2,46.0,0,1.0,1.0,1.3333333333333333,1.0,1.0,0,0,0.9659258262890683,-0.25881904510252063,0.43388373911755823,-0.900968867902419
ST01,2026-07-02,8,3,0,4,28.700000000000003,95.0,22.375,33.25,0,2.0,1.5,1.25,1.0,4.0,1,0,0.8660254037844387,-0.4999999999999998,0.43388373911755823,-0.900968867902419
ST01,2026-07-02,9,3,0,4,28.3,61.0,48.625,34.5,0,3.0,2.0,1.5,4.0,4.0,1,0,0.7071067811865476,-0.7071067811865475,0.43388373911755823,-0.900968867902419
ST01,2026-07-02,10,3,0,4,24.975,75.0,23.299999999999997,39.0,0,4.0,2.5,1.75,4.0,4.0,1,0,0.49999999999999994,-0.8660254037844387,0.43388373911755823,-0.900968867902419
ST01,2026-07-02,11,3,0,3,38.43333333333334,76.66666666666667,34.53333333333334,29.0,0,3.6666666666666665,2.8333333333333335,1.9166666666666667,4.0,3.0,0,0,0.258819045102521,-0.9659258262890682,0.43388373911755823,-0.900968867902419
ST01,2026-07-02,12,3,0,3,38.4,53.333333333333336,43.199999999999996,22.333333333333332,0,3.3333333333333335,3.1666666666666665,2.0833333333333335,3.0,3.0,0,0,1.2246467991473532e-16,-1.0,0.43388373911755823,-0.900968867902419
ST01,2026-07-02,13,3,0,3,20.066666666666666,53.333333333333336,23.099999999999998,39.0,0,3.0,3.5,2.25,3.0,2.0,0,0,-0.2588190451025208,-0.9659258262890683,0.43388373911755823,-0.900968867902419
ST01,2026-07-02,14,3,0,3,25.333333333333332,76.66666666666667,21.866666666666664,29.333333333333332,0,3.0,3.3333333333333335,2.4166666666666665,3.0,3.0,0,0,-0.4999999999999997,-0.8660254037844388,0.43388373911755823,-0.900968867902419
ST01,2026-07-02,15,3,0,3,23.7,86.66666666666667,19.633333333333336,42.666666666666664,0,3.0,3.1666666666666665,2.5833333333333335,3.0,3.0,0,0,-0.7071067811865471,-0.7071067811865479,0.43388373911755823,-0.900968867902419
ST01,2026-07-02,16,3,0,3,33.800000000000004,74.0,43.23333333333333,29.0,0,3.0,3.0,2.75,3.0,2.0,0,0,-0.8660254037844385,-0.5000000000000004,0.43388373911755823,-0.900968867902419
ST01,2026-07-02,17,3,0,5,36.88,98.4,45.459999999999994,26.2,0,3.6666666666666665,3.3333333333333335,3.0833333333333335,3.0,5.0,0,1,-0.9659258262890683,-0.25881904510252063,0.43388373911755823,-0.900968867902419
ST01,2026-07-02,18,3,0,5,30.660000000000004,60.8,52.2,27.0,0,4.333333333333333,3.6666666666666665,3.4166666666666665,5.0,5.0,0,1,-1.0,-1.8369701987210297e-16,0.43388373911755823,-0.900968867902419
ST01,2026-07-02,19,3,0,5,23.4,92.0,20.4,32.6,0,5.0,4.0,3.75,5.0,5.0,0,1,-0.9659258262890684,0.2588190451025203,0.43388373911755823,-0.900968867902419
ST01,2026-07-02,20,3,0,5,35.32,55.2,70.56,29.4,0,5.0,4.333333333333333,3.8333333333333335,5.0,5.0,0,1,-0.8660254037844386,0.5000000000000001,0.43388373911755823,-0.900968867902419
ST01,2026-07-02,21,3,0,1,11.7,150.0,4.7,41.0,0,3.6666666666666665,4.0,3.5833333333333335,5.0,1.0,0,0,-0.7071067811865477,0.7071067811865474,0.43388373911755823,-0.900968867902419
ST01,2026-07-02,22,3,0,1,23.8,50.0,28.6,39.0,0,2.3333333333333335,3.6666666666666665,3.3333333333333335,1.0,1.0,0,0,-0.5000000000000004,0.8660254037844384,0.43388373911755823,-0.900968867902419
ST01,2026-07-02,23,3,0,2,21.25,36.0,40.2,44.5,0,1.3333333333333333,3.1666666666666665,3.25,1.0,1.0,0,0,-0.25881904510252157,0.9659258262890681,0.43388373911755823,-0.900968867902419
ST01,2026-07-03,0,4,0,1,46.9,60.0,46.9,15.0,0,1.3333333333333333,2.5,3.0833333333333335,2.0,1.0,0,0,0.0,1.0,-0.433883739117558,-0.9009688679024191
ST01,2026-07-03,1,4,0,1,28.6,120.0,14.3,14.0,0,1.3333333333333333,1.8333333333333333,2.9166666666666665,1.0,1.0,0,0,0.25881904510252074,0.9659258262890683,-0.433883739117558,-0.9009688679024191
ST01,2026-07-03,2,4,0,1,39.2,150.0,15.7,15.0,0,1.0,1.1666666666666667,2.75,1.0,1.0,0,0,0.49999999999999994,0.8660254037844387,-0.433883739117558,-0.9009688679024191
ST01,2026-07-03,3,4,0,1,32.7,50.0,39.2,14.0,0,1.0,1.1666666666666667,2.5833333333333335,1.0,1.0,0,0,0.7071067811865476,0.7071067811865476,-0.433883739117558,-0.9009688679024191
ST01,2026-07-03,4,4,0,2,30.15,120.0,15.049999999999999,34.0,0,1.3333333333333333,1.3333333333333333,2.5,1.0,1.0,0,0,0.8660254037844386,0.5000000000000001,-0.433883739117558,-0.9009688679024191
ST01,2026-07-03,5,4,0,1,31.6,60.0,31.6,36.0,0,1.3333333333333333,1.1666666666666667,2.1666666666666665,2.0,1.0,0,0,0.9659258262890683,0.25881904510252074,-0.433883739117558,-0.9009688679024191
ST01,2026-07-03,6,4,0,1,56.6,120.0,28.3,12.0,0,1.3333333333333333,1.1666666666666667,1.8333333333333333,1.0,1.0,0,0,1.0,6.123233995736766e-17,-0.433883739117558,-0.9009688679024191
ST01,2026-07-03,7,4,0,1,57.6,50.0,69.1,17.0,0,1.0,1.1666666666666667,1.5,1.0,1.0,0,0,0.9659258262890683,-0.25881904510252063,-0.433883739117558,-0.9009688679024191
ST01,2026-07-03,8,4,0,4,23.675,68.0,32.45,43.0,0,2.0,1.6666666666666667,1.4166666666666667,1.0,4.0,1,0,0.8660254037844387,-0.4999999999999998,-0.433883739117558,-0.9009688679024191
ST01,2026-07-03,9,4,0,4,30.075000000000003,102.5,22.45,30.0,0,3.0,2.1666666666666665,1.6666666666666667,4.0,4.0,1,0,0.7071067811865476,-0.7071067811865475,-0.433883739117558,-0.9009688679024191
ST01,2026-07-03,10,4,0,4,23.575,80.5,30.325,40.5,0,4.0,2.5,1.9166666666666667,4.0,4.0,1,0,0.49999999999999994,-0.8660254037844387,-0.433883739117558,-0.9009688679024191
ST01,2026-07-03,11,4,0,3,35.666666666666664,86.66666666666667,30.233333333333334,28.666666666666668,0,3.6666666666666665,2.8333333333333335,2.0,4.0,3.0,0,0,0.258819045102521,-0.9659258262890682,-0.433883739117558,-0.9009688679024191
ST01,2026-07-03,12,4,0,3,33.233333333333334,120.0,19.833333333333332,21.666666666666668,0,3.3333333333333335,3.1666666666666665,2.1666666666666665,3.0,3.0,0,0,1.2246467991473532e-16,-1.0,-0.433883739117558,-0.9009688679024191
ST01,2026-07-03,13,4,0,2,30.45,22.0,83.05,29.0,0,2.6666666666666665,3.3333333333333335,2.25,3.0,3.0,0,0,-0.2588190451025208,-0.9659258262890683,-0.433883739117558,-0.9009688679024191
ST01,2026-07-03,14,4,0,3,46.46666666666667,40.666666666666664,76.23333333333333,21.333333333333332,0,2.6666666666666665,3.1666666666666665,2.4166666666666665,2.0,3.0,0,0,-0.4999999999999997,-0.8660254037844388,-0.433883739117558,-0.9009688679024191
ST01,2026-07-03,15,4,0,2,27.200000000000003,36.0,53.35,36.5,0,2.3333333333333335,2.8333333333333335,2.5,3.0,3.0,0,0,-0.7071067811865471,-0.7071067811865479,-0.433883739117558,-0.9009688679024191
ST01,2026-07-03,16,4,0,2,32.5,85.0,32.9,26.5,0,2.3333333333333335,2.5,2.5,2.0,3.0,0,0,-0.8660254037844385,-0.5000000000000004,-0.433883739117558,-0.9009688679024191
ST01,2026-07-03,17,4,0,5,40.160000000000004,66.0,42.44,24.4,0,3.0,2.8333333333333335,2.8333333333333335,2.0,5.0,0,1,-0.9659258262890683,-0.25881904510252063,-0.433883739117558,-0.9009688679024191
ST01,2026-07-03,18,4,0,5,19.72,49.2,36.18,43.6,0,4.0,3.1666666666666665,3.1666666666666665,5.0,5.0,0,1,-1.0,-1.8369701987210297e-16,-0.433883739117558,-0.9009688679024191
ST01,2026-07-03,19,4,0,5,28.059999999999995,106.4,29.360000000000003,34.4,0,5.0,3.6666666666666665,3.5,5.0,5.0,0,1,-0.9659258262890684,0.2588190451025203,-0.433883739117558,-0.9009688679024191
ST01,2026-07-03,20,4,0,5,26.659999999999997,70.4,37.32,29.4,0,5.0,4.0,3.5833333333333335,5.0,5.0,0,1,-0.8660254037844386,0.5000000000000001,-0.433883739117558,-0.9009688679024191
ST01,2026-07-03,21,4,0,1,46.5,60.0,46.5,29.0,0,3.6666666666666665,3.8333333333333335,3.3333333333333335,5.0,1.0,0,0,-0.7071067811865477,0.7071067811865474,-0.433883739117558,-0.9009688679024191
ST01,2026-07-03,22,4,0,1,29.1,60.0,29.1,16.0,0,2.3333333333333335,3.6666666666666665,3.0833333333333335,1.0,1.0,0,0,-0.5000000000000004,0.8660254037844384,-0.433883739117558,-0.9009688679024191
ST01,2026-07-03,23,4,0,2,24.0,36.0,47.7,41.0,0,1.3333333333333333,3.1666666666666665,3.0,1.0,2.0,0,0,-0.25881904510252157,0.9659258262890681,-0.433883739117558,-0.9009688679024191
ST01,2026-07-04,0,5,1,1,36.5,60.0,36.5,29.0,0,1.3333333333333333,2.5,2.8333333333333335,2.0,1.0,0,0,0.0,1.0,-0.9749279121818236,-0.2225209339563146
ST01,2026-07-04,1,5,1,1,31.3,60.0,31.3,21.0,0,1.3333333333333333,1.8333333333333333,2.75,1.0,1.0,0,0,0.25881904510252074,0.9659258262890683,-0.9749279121818236,-0.2225209339563146
ST01,2026-07-04,2,5,1,2,25.75,85.0,23.55,27.0,0,1.3333333333333333,1.3333333333333333,2.6666666666666665,1.0,1.0,0,0,0.49999999999999994,0.8660254037844387,-0.9749279121818236,-0.2225209339563146
ST01,2026-07-04,3,5,1,2,34.15,41.0,50.4,28.0,0,1.6666666666666667,1.5,2.6666666666666665,2.0,1.0,0,0,0.7071067811865476,0.7071067811865476,-0.9749279121818236,-0.2225209339563146
ST01,2026-07-04,4,5,1,1,32.4,50.0,38.9,16.0,0,1.6666666666666667,1.5,2.5833333333333335,2.0,2.0,0,0,0.8660254037844386,0.5000000000000001,-0.9749279121818236,-0.2225209339563146
ST01,2026-07-04,5,5,1,2,40.85,41.0,74.6,14.5,0,1.6666666666666667,1.5,2.3333333333333335,1.0,1.0,0,0,0.9659258262890683,0.25881904510252074,-0.9749279121818236,-0.2225209339563146
ST01,2026-07-04,6,5,1,2,27.6,135.0,12.7,44.5,0,1.6666666666666667,1.6666666666666667,2.0833333333333335,2.0,1.0,0,0,1.0,6.123233995736766e-17,-0.9749279121818236,-0.2225209339563146
ST01,2026-07-04,7,5,1,1,39.5,22.0,107.7,45.0,0,1.6666666666666667,1.6666666666666667,1.75,2.0,1.0,0,0,0.9659258262890683,-0.25881904510252063,-0.9749279121818236,-0.2225209339563146
ST01,2026-07-04,8,5,1,2,36.5,150.0,14.600000000000001,13.0,0,1.6666666666666667,1.6666666666666667,1.5,1.0,4.0,1,0,0.8660254037844387,-0.4999999999999998,-0.9749279121818236,-0.2225209339563146
ST01,2026-07-04,9,5,1,1,18.1,50.0,21.7,36.0,0,1.3333333333333333,1.5,1.5,2.0,4.0,1,0,0.7071067811865476,-0.7071067811865475,-0.9749279121818236,-0.2225209339563146
ST01,2026-07-04,10,5,1,4,30.825000000000003,112.5,18.275,27.75,0,2.3333333333333335,2.0,1.75,1.0,4.0,1,0,0.49999999999999994,-0.8660254037844387,-0.9749279121818236,-0.2225209339563146
ST01,2026-07-04,11,5,1,4,29.475,55.0,32.675000000000004,33.0,0,3.0,2.3333333333333335,1.9166666666666667,4.0,3.0,0,0,0.258819045102521,-0.9659258262890682,-0.9749279121818236,-0.2225209339563146
ST01,2026-07-04,12,5,1,4,36.85,97.5,24.525,28.5,0,4.0,2.6666666666666665,2.1666666666666665,4.0,3.0,0,0,1.2246467991473532e-16,-1.0,-0.9749279121818236,-0.2225209339563146
ST01,2026-07-04,13,5,1,3,27.766666666666666,77.33333333333333,37.5,37.666666666666664,0,3.6666666666666665,3.0,2.3333333333333335,4.0,2.0,0,0,-0.2588190451025208,-0.9659258262890683,-0.9749279121818236,-0.2225209339563146
ST01,2026-07-04,14,5,1,4,33.300000000000004,95.5,44.7,34.5,0,3.6666666666666665,3.3333333333333335,2.5,3.0,3.0,0,0,-0.4999999999999997,-0.8660254037844388,-0.9749279121818236,-0.2225209339563146
ST01,2026-07-04,15,5,1,3,35.53333333333333,40.666666666666664,57.13333333333333,28.666666666666668,0,3.3333333333333335,3.6666666666666665,2.5833333333333335,4.0,2.0,0,0,-0.7071067811865471,-0.7071067811865479,-0.9749279121818236,-0.2225209339563146
ST01,2026-07-04,16,5,1,4,31.65,95.0,23.925,37.75,0,3.6666666666666665,3.6666666666666665,2.8333333333333335,3.0,2.0,0,0,-0.8660254037844385,-0.5000000000000004,-0.9749279121818236,-0.2225209339563146
ST01,2026-07-04,17,5,1,3,30.03333333333333,120.0,17.3,25.666666666666668,0,3.3333333333333335,3.5,2.9166666666666665,4.0,5.0,0,1,-0.9659258262890683,-0.25881904510252063,-0.9749279121818236,-0.2225209339563146
ST01,2026-07-04,18,5,1,3,36.266666666666666,116.66666666666667,30.099999999999998,25.333333333333332,0,3.3333333333333335,3.3333333333333335,3.0,3.0,5.0,0,1,-1.0,-1.8369701987210297e-16,-0.9749279121818236,-0.2225209339563146
ST01,2026-07-04,19,5,1,4,28.625,48.0,45.35,31.0,0,3.3333333333333335,3.5,3.25,3.0,5.0,0,1,-0.9659258262890684,0.2588190451025203,-0.9749279121818236,-0.2225209339563146
ST01,2026-07-04,20,5,1,2,32.3,55.0,34.4,29.5,0,3.0,3.1666666666666665,3.25,4.0,5.0,0,1,-0.8660254037844386,0.5000000000000001,-0.9749279121818236,-0.2225209339563146
ST01,2026-07-04,21,5,1,2,38.5,50.0,46.2,28.0,0,2.6666666666666665,3.0,3.3333333333333335,2.0,1.0,0,0,-0.7071067811865477,0.7071067811865474,-0.9749279121818236,-0.2225209339563146
ST01,2026-07-04,22,5,1,1,45.0,150.0,18.0,17.0,0,1.6666666666666667,2.5,3.0833333333333335,2.0,1.0,0,0,-0.5000000000000004,0.8660254037844384,-0.9749279121818236,-0.2225209339563146
ST01,2026-07-04,23,5,1,1,28.6,60.0,28.6,24.0,0,1.3333333333333333,2.1666666666666665,2.8333333333333335,1.0,2.0,0,0,-0.25881904510252157,0.9659258262890681,-0.9749279121818236,-0.2225209339563146
ST01,2026-07-05,0,6,1,1,21.6,60.0,21.6,34.0,0,1.0,1.8333333333333333,2.5833333333333335,1.0,1.0,0,0,0.0,1.0,-0.7818314824680299,0.6234898018587334
ST01,2026-07-05,1,6,1,2,29.6,135.0,13.6,17.0,0,1.3333333333333333,1.5,2.5,1.0,1.0,0,0,0.25881904510252074,0.9659258262890683,-0.7818314824680299,0.6234898018587334
ST01,2026-07-05,2,6,1,1,25.2,50.0,30.2,44.0,0,1.3333333333333333,1.3333333333333333,2.25,2.0,2.0,0,0,0.49999999999999994,0.8660254037844387,-0.7818314824680299,0.6234898018587334
ST01,2026-07-05,3,6,1,2,32.55,100.0,24.65,19.5,0,1.6666666666666667,1.3333333333333333,2.1666666666666665,1.0,2.0,0,0,0.7071067811865476,0.7071067811865476,-0.7818314824680299,0.6234898018587334
ST01,2026-07-05,4,6,1,1,53.2,22.0,145.1,13.0,0,1.3333333333333333,1.3333333333333333,1.9166666666666667,2.0,1.0,0,0,0.8660254037844386,0.5000000000000001,-0.7818314824680299,0.6234898018587334
ST01,2026-07-05,5,6,1,2,39.0,55.0,43.5,24.0,0,1.6666666666666667,1.5,1.8333333333333333,1.0,2.0,0,0,0.9659258262890683,0.25881904510252074,-0.7818314824680299,0.6234898018587334
ST01,2026-07-05,6,6,1,1,19.2,50.0,23.0,50.0,0,1.3333333333333333,1.5,1.6666666666666667,2.0,2.0,0,0,1.0,6.123233995736766e-17,-0.7818314824680299,0.6234898018587334
ST01,2026-07-05,7,6,1,2,34.2,22.0,93.30000000000001,36.5,0,1.6666666666666667,1.5,1.5,1.0,1.0,0,0,0.9659258262890683,-0.25881904510252063,-0.7818314824680299,0.6234898018587334
ST01,2026-07-05,8,6,1,2,29.2,86.0,50.7,37.5,0,1.6666666666666667,1.6666666666666667,1.5,2.0,2.0,1,0,0.8660254037844387,-0.4999999999999998,-0.7818314824680299,0.6234898018587334
ST01,2026-07-05,9,6,1,2,28.2,60.0,28.2,23.0,0,2.0,1.6666666666666667,1.5,2.0,1.0,1,0,0.7071067811865476,-0.7071067811865475,-0.7818314824680299,0.6234898018587334
ST01,2026-07-05,10,6,1,4,29.1,78.5,48.025,33.25,0,2.6666666666666665,2.1666666666666665,1.75,2.0,4.0,1,0,0.49999999999999994,-0.8660254037844387,-0.7818314824680299,0.6234898018587334
ST01,2026-07-05,11,6,1,4,32.35,63.0,40.599999999999994,29.0,0,3.3333333333333335,2.5,2.0,4.0,4.0,0,0,0.258819045102521,-0.9659258262890682,-0.7818314824680299,0.6234898018587334
ST01,2026-07-05,12,6,1,4,28.425,80.0,25.5,29.0,0,4.0,3.0,2.25,4.0,4.0,0,0,1.2246467991473532e-16,-1.0,-0.7818314824680299,0.6234898018587334
ST01,2026-07-05,13,6,1,4,29.9,103.0,29.325,25.25,0,4.0,3.3333333333333335,2.4166666666666665,4.0,3.0,0,0,-0.2588190451025208,-0.9659258262890683,-0.7818314824680299,0.6234898018587334
ST01,2026-07-05,14,6,1,3,39.06666666666666,77.33333333333333,60.833333333333336,26.666666666666668,0,3.6666666666666665,3.5,2.5833333333333335,4.0,4.0,0,0,-0.4999999999999997,-0.8660254037844388,-0.7818314824680299,0.6234898018587334
ST01,2026-07-05,15,6,1,3,29.733333333333334,120.0,19.900000000000002,35.333333333333336,0,3.3333333333333335,3.6666666666666665,2.6666666666666665,3.0,3.0,0,0,-0.7071067811865471,-0.7071067811865479,-0.7818314824680299,0.6234898018587334
ST01,2026-07-05,16,6,1,3,29.0,86.66666666666667,24.933333333333334,32.0,0,3.0,3.5,2.8333333333333335,3.0,4.0,0,0,-0.8660254037844385,-0.5000000000000004,-0.7818314824680299,0.6234898018587334
ST01,2026-07-05,17,6,1,3,35.63333333333333,100.0,26.833333333333332,29.333333333333332,0,3.0,3.3333333333333335,2.9166666666666665,3.0,3.0,0,1,-0.9659258262890683,-0.25881904510252063,-0.7818314824680299,0.6234898018587334
ST01,2026-07-05,18,6,1,3,38.86666666666667,90.0,27.733333333333334,16.666666666666668,0,3.0,3.1666666666666665,3.0833333333333335,3.0,3.0,0,1,-1.0,-1.8369701987210297e-16,-0.7818314824680299,0.6234898018587334
ST01,2026-07-05,19,6,1,3,29.266666666666666,47.333333333333336,36.333333333333336,37.333333333333336,0,3.0,3.0,3.1666666666666665,3.0,4.0,0,1,-0.9659258262890684,0.2588190451025203,-0.7818314824680299,0.6234898018587334
ST01,2026-07-05,20,6,1,2,28.35,100.0,26.5,27.0,0,2.6666666666666665,2.8333333333333335,3.1666666666666665,3.0,2.0,0,1,-0.8660254037844386,0.5000000000000001,-0.7818314824680299,0.6234898018587334
ST01,2026-07-05,21,6,1,2,21.6,85.0,19.1,43.5,0,2.3333333333333335,2.6666666666666665,3.1666666666666665,2.0,2.0,0,0,-0.7071067811865477,0.7071067811865474,-0.7818314824680299,0.6234898018587334
ST01,2026-07-05,22,6,1,1,37.9,150.0,15.2,21.0,0,1.6666666666666667,2.3333333333333335,2.9166666666666665,2.0,1.0,0,0,-0.5000000000000004,0.8660254037844384,-0.7818314824680299,0.6234898018587334
ST01,2026-07-05,23,6,1,2,31.85,150.0,12.75,31.5,0,1.6666666666666667,2.1666666666666665,2.75,1.0,1.0,0,0,-0.25881904510252157,0.9659258262890681,-0.7818314824680299,0.6234898018587334
ST01,2026-07-06,0,0,0,1,29.0,60.0,29.0,18.0,0,1.3333333333333333,1.8333333333333333,2.5,2.0,1.0,0,0,0.0,1.0,0.0,1.0
ST01,2026-07-06,1,0,0,2,35.650000000000006,85.0,27.3,26.5,0,1.6666666666666667,1.6666666666666667,2.3333333333333335,1.0,2.0,0,0,0.25881904510252074,0.9659258262890683,0.0,1.0
ST01,2026-07-06,2,0,0,1,48.2,120.0,24.1,28.0,0,1.3333333333333333,1.5,2.1666666666666665,2.0,1.0,0,0,0.49999999999999994,0.8660254037844387,0.0,1.0
ST01,2026-07-06,3,0,0,1,34.9,22.0,95.2,21.0,0,1.3333333333333333,1.3333333333333333,2.0,1.0,2.0,0,0,0.7071067811865476,0.7071067811865476,0.0,1.0
ST01,2026-07-06,4,0,0,1,38.0,150.0,15.2,34.0,0,1.0,1.3333333333333333,1.8333333333333333,1.0,1.0,0,0,0.8660254037844386,0.5000000000000001,0.0,1.0
ST01,2026-07-06,5,0,0,2,30.4,85.0,31.150000000000002,34.0,0,1.3333333333333333,1.3333333333333333,1.75,1.0,2.0,0,0,0.9659258262890683,0.25881904510252074,0.0,1.0
ST01,2026-07-06,6,0,0,1,21.3,120.0,10.7,35.0,0,1.3333333333333333,1.3333333333333333,1.5833333333333333,2.0,1.0,0,0,1.0,6.123233995736766e-17,0.0,1.0
ST01,2026-07-06,7,0,0,1,19.2,50.0,23.0,45.0,0,1.3333333333333333,1.1666666666666667,1.4166666666666667,1.0,2.0,0,0,0.9659258262890683,-0.25881904510252063,0.0,1.0
ST01,2026-07-06,8,0,0,4,31.849999999999998,85.5,34.25,29.25,0,2.0,1.6666666666666667,1.5833333333333333,1.0,2.0,1,0,0.8660254037844387,-0.4999999999999998,0.0,1.0
ST01,2026-07-06,9,0,0,4,35.45,54.0,80.175,24.25,0,3.0,2.1666666666666665,1.75,4.0,2.0,1,0,0.7071067811865476,-0.7071067811865475,0.0,1.0
ST01,2026-07-06,10,0,0,4,33.35,110.0,21.225,35.75,0,4.0,2.6666666666666665,2.0,4.0,4.0,1,0,0.49999999999999994,-0.8660254037844387,0.0,1.0
ST01,2026-07-06,11,0,0,3,24.433333333333334,67.33333333333333,34.53333333333333,40.333333333333336,0,3.6666666666666665,2.8333333333333335,2.0833333333333335,4.0,4.0,0,0,0.258819045102521,-0.9659258262890682,0.0,1.0
ST01,2026-07-06,12,0,0,3,32.833333333333336,40.666666666666664,58.166666666666664,23.666666666666668,0,3.3333333333333335,3.1666666666666665,2.25,3.0,4.0,0,0,1.2246467991473532e-16,-1.0,0.0,1.0
ST01,2026-07-06,13,0,0,2,35.2,55.0,38.2,22.5,0,2.6666666666666665,3.3333333333333335,2.25,3.0,4.0,0,0,-0.2588190451025208,-0.9659258262890683,0.0,1.0
ST01,2026-07-06,14,0,0,3,32.46666666666667,60.0,32.46666666666667,36.333333333333336,0,2.6666666666666665,3.1666666666666665,2.4166666666666665,2.0,3.0,0,0,-0.4999999999999997,-0.8660254037844388,0.0,1.0
ST01,2026-07-06,15,0,0,3,31.666666666666668,87.33333333333333,27.366666666666664,31.333333333333332,0,2.6666666666666665,3.0,2.5833333333333335,3.0,3.0,0,0,-0.7071067811865471,-0.7071067811865479,0.0,1.0
ST01,2026-07-06,16,0,0,3,23.900000000000002,60.0,23.900000000000002,32.0,0,3.0,2.8333333333333335,2.75,3.0,3.0,0,0,-0.8660254037844385,-0.5000000000000004,0.0,1.0
ST01,2026-07-06,17,0,0,5,22.339999999999996,67.2,34.660000000000004,27.6,0,3.6666666666666665,3.1666666666666665,3.0,3.0,3.0,0,1,-0.9659258262890683,-0.25881904510252063,0.0,1.0
ST01,2026-07-06,18,0,0,5,36.239999999999995,92.4,37.54,19.6,0,4.333333333333333,3.5,3.3333333333333335,5.0,3.0,0,1,-1.0,-1.8369701987210297e-16,0.0,1.0
ST01,2026-07-06,19,0,0,5,30.060000000000002,92.0,24.5,29.6,0,5.0,4.0,3.6666666666666665,5.0,3.0,0,1,-0.9659258262890684,0.2588190451025203,0.0,1.0
ST01,2026-07-06,20,0,0,5,28.68,112.0,18.380000000000003,37.6,0,5.0,4.333333333333333,3.75,5.0,2.0,0,1,-0.8660254037844386,0.5000000000000001,0.0,1.0
ST01,2026-07-06,21,0,0,1,13.7,60.0,13.7,47.0,0,3.6666666666666665,4.0,3.5,5.0,2.0,0,0,-0.7071067811865477,0.7071067811865474,0.0,1.0
ST01,2026-07-06,22,0,0,1,17.7,120.0,8.8,38.0,0,2.3333333333333335,3.6666666666666665,3.25,1.0,1.0,0,0,-0.5000000000000004,0.8660254037844384,0.0,1.0
ST01,2026-07-06,23,0,0,1,25.4,120.0,12.7,26.0,0,1.0,3.0,3.0833333333333335,1.0,2.0,0,0,-0.25881904510252157,0.9659258262890681,0.0,1.0
ST01,2026-07-07,0,1,0,1,43.0,120.0,21.5,36.0,0,1.0,2.3333333333333335,2.9166666666666665,1.0,1.0,0,0,0.0,1.0,0.7818314824680298,0.6234898018587336
ST01,2026-07-07,1,1,0,1,36.1,50.0,43.3,22.0,0,1.0,1.6666666666666667,2.8333333333333335,1.0,2.0,0,0,0.25881904510252074,0.9659258262890683,0.7818314824680298,0.6234898018587336
ST01,2026-07-07,2,1,0,1,54.7,60.0,54.7,22.0,0,1.0,1.0,2.6666666666666665,1.0,1.0,0,0,0.49999999999999994,0.8660254037844387,0.7818314824680298,0.6234898018587336
ST01,2026-07-07,3,1,0,1,40.5,120.0,20.2,18.0,0,1.0,1.0,2.5,1.0,1.0,0,0,0.7071067811865476,0.7071067811865476,0.7818314824680298,0.6234898018587336
ST01,2026-07-07,4,1,0,1,16.7,120.0,8.3,49.0,0,1.0,1.0,2.3333333333333335,1.0,1.0,0,0,0.8660254037844386,0.5000000000000001,0.7818314824680298,0.6234898018587336
ST01,2026-07-07,5,1,0,1,34.7,120.0,17.4,27.0,0,1.0,1.0,2.0,1.0,2.0,0,0,0.9659258262890683,0.25881904510252074,0.7818314824680298,0.6234898018587336
ST01,2026-07-07,6,1,0,1,19.4,120.0,9.7,39.0,0,1.0,1.0,1.6666666666666667,1.0,1.0,0,0,1.0,6.123233995736766e-17,0.7818314824680298,0.6234898018587336
ST01,2026-07-07,7,1,0,1,44.8,50.0,53.8,21.0,0,1.0,1.0,1.3333333333333333,1.0,1.0,0,0,0.9659258262890683,-0.25881904510252063,0.7818314824680298,0.6234898018587336
ST01,2026-07-07,8,1,0,4,33.3,77.5,30.6,19.0,0,2.0,1.5,1.25,1.0,4.0,1,0,0.8660254037844387,-0.4999999999999998,0.7818314824680298,0.6234898018587336
ST01,2026-07-07,9,1,0,5,35.92,80.4,45.6,25.2,0,3.3333333333333335,2.1666666666666665,1.5833333333333333,4.0,4.0,1,0,0.7071067811865476,-0.7071067811865475,0.7818314824680298,0.6234898018587336
ST01,2026-07-07,10,1,0,4,23.6,72.5,18.65,33.5,0,4.333333333333333,2.6666666666666665,1.8333333333333333,5.0,4.0,1,0,0.49999999999999994,-0.8660254037844387,0.7818314824680298,0.6234898018587336
ST01,2026-07-07,11,1,0,3,38.76666666666667,116.66666666666667,23.766666666666666,17.666666666666668,0,4.0,3.0,2.0,4.0,3.0,0,0,0.258819045102521,-0.9659258262890682,0.7818314824680298,0.6234898018587336
ST01,2026-07-07,12,1,0,3,36.13333333333333,116.66666666666667,29.666666666666668,31.333333333333332,0,3.3333333333333335,3.3333333333333335,2.1666666666666665,3.0,3.0,0,0,1.2246467991473532e-16,-1.0,0.7818314824680298,0.6234898018587336
ST01,2026-07-07,13,1,0,3,29.766666666666666,107.33333333333333,38.13333333333333,32.666666666666664,0,3.0,3.6666666666666665,2.3333333333333335,3.0,2.0,0,0,-0.2588190451025208,-0.9659258262890683,0.7818314824680298,0.6234898018587336
ST01,2026-07-07,14,1,0,3,25.46666666666667,130.0,11.9,34.0,0,3.0,3.5,2.5,3.0,3.0,0,0,-0.4999999999999997,-0.8660254037844388,0.7818314824680298,0.6234898018587336
ST01,2026-07-07,15,1,0,3,25.53333333333333,140.0,11.200000000000001,39.0,0,3.0,3.1666666666666665,2.6666666666666665,3.0,3.0,0,0,-0.7071067811865471,-0.7071067811865479,0.7818314824680298,0.6234898018587336
ST01,2026-07-07,16,1,0,3,38.23333333333333,97.33333333333333,33.46666666666667,18.0,0,3.0,3.0,2.8333333333333335,3.0,3.0,0,0,-0.8660254037844385,-0.5000000000000004,0.7818314824680298,0.6234898018587336
ST01,2026-07-07,17,1,0,5,33.3,124.0,19.6,22.8,0,3.6666666666666665,3.3333333333333335,3.1666666666666665,3.0,5.0,0,1,-0.9659258262890683,-0.25881904510252063,0.7818314824680298,0.6234898018587336
ST01,2026-07-07,18,1,0,5,42.12,106.0,28.18,22.0,0,4.333333333333333,3.6666666666666665,3.5,5.0,5.0,0,1,-1.0,-1.8369701987210297e-16,0.7818314824680298,0.6234898018587336
ST01,2026-07-07,19,1,0,5,38.9,61.2,75.28,21.4,0,5.0,4.0,3.8333333333333335,5.0,5.0,0,1,-0.9659258262890684,0.2588190451025203,0.7818314824680298,0.6234898018587336
ST01,2026-07-07,20,1,0,5,27.96,86.4,29.419999999999998,24.4,0,5.0,4.333333333333333,3.9166666666666665,5.0,5.0,0,1,-0.8660254037844386,0.5000000000000001,0.7818314824680298,0.6234898018587336
ST01,2026-07-07,21,1,0,1,39.7,150.0,15.9,35.0,0,3.6666666666666665,4.0,3.5833333333333335,5.0,1.0,0,0,-0.7071067811865477,0.7071067811865474,0.7818314824680298,0.6234898018587336
ST01,2026-07-07,22,1,0,1,26.5,120.0,13.2,37.0,0,2.3333333333333335,3.6666666666666665,3.3333333333333335,1.0,1.0,0,0,-0.5000000000000004,0.8660254037844384,0.7818314824680298,0.6234898018587336
ST01,2026-07-07,23,1,0,1,23.8,60.0,23.8,31.0,0,1.0,3.0,3.1666666666666665,1.0,1.0,0,0,-0.25881904510252157,0.9659258262890681,0.7818314824680298,0.6234898018587336
ST01,2026-07-08,0,2,0,1,45.7,120.0,22.9,24.0,0,1.0,2.3333333333333335,3.0,1.0,1.0,0,0,0.0,1.0,0.9749279121818236,-0.22252093395631434
ST01,2026-07-08,1,2,0,1,35.8,150.0,14.3,37.0,0,1.0,1.6666666666666667,2.8333333333333335,1.0,1.0,0,0,0.25881904510252074,0.9659258262890683,0.9749279121818236,-0.22252093395631434
ST01,2026-07-08,2,2,0,1,38.4,120.0,19.2,16.0,0,1.0,1.0,2.6666666666666665,1.0,1.0,0,0,0.49999999999999994,0.8660254037844387,0.9749279121818236,-0.22252093395631434
ST01,2026-07-08,3,2,0,1,20.9,22.0,57.0,36.0,0,1.0,1.0,2.5,1.0,1.0,0,0,0.7071067811865476,0.7071067811865476,0.9749279121818236,-0.22252093395631434
ST01,2026-07-08,4,2,0,1,27.5,120.0,13.8,19.0,0,1.0,1.0,2.3333333333333335,1.0,1.0,0,0,0.8660254037844386,0.5000000000000001,0.9749279121818236,-0.22252093395631434
ST01,2026-07-08,5,2,0,1,14.5,22.0,39.5,46.0,0,1.0,1.0,2.0,1.0,1.0,0,0,0.9659258262890683,0.25881904510252074,0.9749279121818236,-0.22252093395631434
ST01,2026-07-08,6,2,0,1,38.0,120.0,19.0,11.0,0,1.0,1.0,1.6666666666666667,1.0,1.0,0,0,1.0,6.123233995736766e-17,0.9749279121818236,-0.22252093395631434
ST01,2026-07-08,7,2,0,1,31.5,22.0,85.9,27.0,0,1.0,1.0,1.3333333333333333,1.0,1.0,0,0,0.9659258262890683,-0.25881904510252063,0.9749279121818236,-0.22252093395631434
ST01,2026-07-08,8,2,0,4,29.6,53.5,57.699999999999996,26.75,0,2.0,1.5,1.25,1.0,4.0,1,0,0.8660254037844387,-0.4999999999999998,0.9749279121818236,-0.22252093395631434
ST01,2026-07-08,9,2,0,4,29.35,53.5,51.825,18.0,0,3.0,2.0,1.5,4.0,5.0,1,0,0.7071067811865476,-0.7071067811865475,0.9749279121818236,-0.22252093395631434
ST01,2026-07-08,10,2,0,4,25.825,72.5,23.475,37.25,0,4.0,2.5,1.75,4.0,4.0,1,0,0.49999999999999994,-0.8660254037844387,0.9749279121818236,-0.22252093395631434
ST01,2026-07-08,11,2,0,3,34.36666666666667,67.33333333333333,47.400000000000006,31.666666666666668,0,3.6666666666666665,2.8333333333333335,1.9166666666666667,4.0,3.0,0,0,0.258819045102521,-0.9659258262890682,0.9749279121818236,-0.22252093395631434
ST01,2026-07-08,12,2,0,2,30.05,22.0,81.95,30.0,0,3.0,3.0,2.0,3.0,3.0,0,0,1.2246467991473532e-16,-1.0,0.9749279121818236,-0.22252093395631434
ST01,2026-07-08,13,2,0,2,37.3,135.0,17.65,30.0,0,2.3333333333333335,3.1666666666666665,2.0833333333333335,2.0,3.0,0,0,-0.2588190451025208,-0.9659258262890683,0.9749279121818236,-0.22252093395631434
ST01,2026-07-08,14,2,0,3,25.566666666666666,97.33333333333333,34.06666666666666,41.0,0,2.3333333333333335,3.0,2.25,2.0,3.0,0,0,-0.4999999999999997,-0.8660254037844388,0.9749279121818236,-0.22252093395631434
ST01,2026-07-08,15,2,0,3,35.5,116.66666666666667,19.933333333333334,22.666666666666668,0,2.6666666666666665,2.8333333333333335,2.4166666666666665,3.0,3.0,0,0,-0.7071067811865471,-0.7071067811865479,0.9749279121818236,-0.22252093395631434
ST01,2026-07-08,16,2,0,3,26.400000000000002,31.333333333333332,63.23333333333333,38.333333333333336,0,3.0,2.6666666666666665,2.5833333333333335,3.0,3.0,0,0,-0.8660254037844385,-0.5000000000000004,0.9749279121818236,-0.22252093395631434
ST01,2026-07-08,17,2,0,5,33.64,98.8,45.08,33.6,0,3.6666666666666665,3.0,2.9166666666666665,3.0,5.0,0,1,-0.9659258262890683,-0.25881904510252063,0.9749279121818236,-0.22252093395631434
ST01,2026-07-08,18,2,0,5,38.760000000000005,72.0,39.94,17.6,0,4.333333333333333,3.5,3.25,5.0,5.0,0,1,-1.0,-1.8369701987210297e-16,0.9749279121818236,-0.22252093395631434
ST01,2026-07-08,19,2,0,5,34.36,86.4,38.26,26.8,0,5.0,4.0,3.5833333333333335,5.0,5.0,0,1,-0.9659258262890684,0.2588190451025203,0.9749279121818236,-0.22252093395631434
ST01,2026-07-08,20,2,0,4,33.15,60.5,47.775,29.0,0,4.666666666666667,4.166666666666667,3.5833333333333335,5.0,5.0,0,1,-0.8660254037844386,0.5000000000000001,0.9749279121818236,-0.22252093395631434
ST01,2026-07-08,21,2,0,1,35.5,150.0,14.2,17.0,0,3.3333333333333335,3.8333333333333335,3.3333333333333335,4.0,1.0,0,0,-0.7071067811865477,0.7071067811865474,0.9749279121818236,-0.22252093395631434
ST01,2026-07-08,22,2,0,1,15.7,120.0,7.8,49.0,0,2.0,3.5,3.0833333333333335,1.0,1.0,0,0,-0.5000000000000004,0.8660254037844384,0.9749279121818236,-0.22252093395631434
ST01,2026-07-08,23,2,0,1,39.0,50.0,46.8,11.0,0,1.0,2.8333333333333335,2.9166666666666665,1.0,1.0,0,0,-0.25881904510252157,0.9659258262890681,0.9749279121818236,-0.22252093395631434
ST01,2026-07-09,0,3,0,1,24.2,150.0,9.7,42.0,0,1.0,2.1666666666666665,2.8333333333333335,1.0,1.0,0,0,0.0,1.0,0.43388373911755823,-0.900968867902419
ST01,2026-07-09,1,3,0,1,28.2,60.0,28.2,23.0,0,1.0,1.5,2.75,1.0,1.0,0,0,0.25881904510252074,0.9659258262890683,0.43388373911755823,-0.900968867902419
ST01,2026-07-09,2,3,0,1,34.9,150.0,14.0,44.0,0,1.0,1.0,2.5833333333333335,1.0,1.0,0,0,0.49999999999999994,0.8660254037844387,0.43388373911755823,-0.900968867902419
ST01,2026-07-09,3,3,0,1,18.4,120.0,9.2,40.0,0,1.0,1.0,2.4166666666666665,1.0,1.0,0,0,0.7071067811865476,0.7071067811865476,0.43388373911755823,-0.900968867902419
ST01,2026-07-09,4,3,0,1,24.8,50.0,29.8,35.0,0,1.0,1.0,2.25,1.0,1.0,0,0,0.8660254037844386,0.5000000000000001,0.43388373911755823,-0.900968867902419
ST01,2026-07-09,5,3,0,1,29.5,150.0,11.8,22.0,0,1.0,1.0,1.9166666666666667,1.0,1.0,0,0,0.9659258262890683,0.25881904510252074,0.43388373911755823,-0.900968867902419
ST01,2026-07-09,6,3,0,1,22.0,120.0,11.0,24.0,0,1.0,1.0,1.5833333333333333,1.0,1.0,0,0,1.0,6.123233995736766e-17,0.43388373911755823,-0.900968867902419
ST01,2026-07-09,7,3,0,1,30.8,60.0,30.8,19.0,0,1.0,1.0,1.25,1.0,1.0,0,0,0.9659258262890683,-0.25881904510252063,0.43388373911755823,-0.900968867902419
ST01,2026-07-09,8,3,0,4,26.0,95.0,20.475,34.25,0,2.0,1.5,1.25,1.0,4.0,1,0,0.8660254037844387,-0.4999999999999998,0.43388373911755823,-0.900968867902419
ST01,2026-07-09,9,3,0,4,43.724999999999994,88.0,42.925,14.5,0,3.0,2.0,1.5,4.0,4.0,1,0,0.7071067811865476,-0.7071067811865475,0.43388373911755823,-0.900968867902419
ST01,2026-07-09,10,3,0,4,32.6,36.0,65.2,33.25,0,4.0,2.5,1.75,4.0,4.0,1,0,0.49999999999999994,-0.8660254037844387,0.43388373911755823,-0.900968867902419
ST01,2026-07-09,11,3,0,3,45.56666666666666,64.66666666666667,98.26666666666665,17.666666666666668,0,3.6666666666666665,2.8333333333333335,1.9166666666666667,4.0,3.0,0,0,0.258819045102521,-0.9659258262890682,0.43388373911755823,-0.900968867902419
ST01,2026-07-09,12,3,0,3,26.2,40.666666666666664,44.833333333333336,31.333333333333332,0,3.3333333333333335,3.1666666666666665,2.0833333333333335,3.0,2.0,0,0,1.2246467991473532e-16,-1.0,0.43388373911755823,-0.900968867902419
ST01,2026-07-09,13,3,0,2,30.599999999999998,50.0,36.75,28.0,0,2.6666666666666665,3.3333333333333335,2.1666666666666665,3.0,2.0,0,0,-0.2588190451025208,-0.9659258262890683,0.43388373911755823,-0.900968867902419
ST01,2026-07-09,14,3,0,3,40.333333333333336,87.33333333333333,51.6,19.333333333333332,0,2.6666666666666665,3.1666666666666665,2.3333333333333335,2.0,3.0,0,0,-0.4999999999999997,-0.8660254037844388,0.43388373911755823,-0.900968867902419
ST01,2026-07-09,15,3,0,3,26.233333333333334,86.66666666666667,21.633333333333336,35.333333333333336,0,2.6666666666666665,3.0,2.5,3.0,3.0,0,0,-0.7071067811865471,-0.7071067811865479,0.43388373911755823,-0.900968867902419
ST01,2026-07-09,16,3,0,3,37.4,106.66666666666667,27.8,24.333333333333332,0,3.0,2.8333333333333335,2.6666666666666665,3.0,3.0,0,0,-0.8660254037844385,-0.5000000000000004,0.43388373911755823,-0.900968867902419
ST01,2026-07-09,17,3,0,5,31.72,86.4,39.339999999999996,30.4,0,3.6666666666666665,3.1666666666666665,3.0,3.0,5.0,0,1,-0.9659258262890683,-0.25881904510252063,0.43388373911755823,-0.900968867902419
ST01,2026-07-09,18,3,0,5,37.1,94.4,32.38,18.6,0,4.333333333333333,3.5,3.3333333333333335,5.0,5.0,0,1,-1.0,-1.8369701987210297e-16,0.43388373911755823,-0.900968867902419
ST01,2026-07-09,19,3,0,5,25.16,112.4,26.22,24.8,0,5.0,4.0,3.6666666666666665,5.0,5.0,0,1,-0.9659258262890684,0.2588190451025203,0.43388373911755823,-0.900968867902419
ST01,2026-07-09,20,3,0,5,33.92,96.0,25.54,24.2,0,5.0,4.333333333333333,3.75,5.0,4.0,0,1,-0.8660254037844386,0.5000000000000001,0.43388373911755823,-0.900968867902419
ST01,2026-07-09,21,3,0,1,36.0,150.0,14.4,42.0,0,3.6666666666666665,4.0,3.5,5.0,1.0,0,0,-0.7071067811865477,0.7071067811865474,0.43388373911755823,-0.900968867902419
ST01,2026-07-09,22,3,0,1,40.3,60.0,40.3,16.0,0,2.3333333333333335,3.6666666666666665,3.25,1.0,1.0,0,0,-0.5000000000000004,0.8660254037844384,0.43388373911755823,-0.900968867902419
ST01,2026-07-09,23,3,0,1,27.2,120.0,13.6,32.0,0,1.0,3.0,3.0833333333333335,1.0,1.0,0,0,-0.25881904510252157,0.9659258262890681,0.43388373911755823,-0.900968867902419
ST01,2026-07-10,0,4,0,1,27.7,22.0,75.5,15.0,0,1.0,2.3333333333333335,2.9166666666666665,1.0,1.0,0,0,0.0,1.0,-0.433883739117558,-0.9009688679024191
ST01,2026-07-10,1,4,0,1,49.6,150.0,19.8,19.0,0,1.0,1.6666666666666667,2.8333333333333335,1.0,1.0,0,0,0.25881904510252074,0.9659258262890683,-0.433883739117558,-0.9009688679024191
ST01,2026-07-10,2,4,0,1,37.2,22.0,101.5,38.0,0,1.0,1.0,2.6666666666666665,1.0,1.0,0,0,0.49999999999999994,0.8660254037844387,-0.433883739117558,-0.9009688679024191
ST01,2026-07-10,3,4,0,1,25.5,22.0,69.5,19.0,0,1.0,1.0,2.5,1.0,1.0,0,0,0.7071067811865476,0.7071067811865476,-0.433883739117558,-0.9009688679024191
ST01,2026-07-10,4,4,0,1,19.1,50.0,22.9,46.0,0,1.0,1.0,2.3333333333333335,1.0,1.0,0,0,0.8660254037844386,0.5000000000000001,-0.433883739117558,-0.9009688679024191
ST01,2026-07-10,5,4,0,1,26.6,50.0,31.9,40.0,0,1.0,1.0,2.0,1.0,1.0,0,0,0.9659258262890683,0.25881904510252074,-0.433883739117558,-0.9009688679024191
ST01,2026-07-10,6,4,0,1,19.7,150.0,7.9,38.0,0,1.0,1.0,1.6666666666666667,1.0,1.0,0,0,1.0,6.123233995736766e-17,-0.433883739117558,-0.9009688679024191
ST01,2026-07-10,7,4,0,1,30.7,150.0,12.3,14.0,0,1.0,1.0,1.3333333333333333,1.0,1.0,0,0,0.9659258262890683,-0.25881904510252063,-0.433883739117558,-0.9009688679024191
ST01,2026-07-10,8,4,0,4,34.2,95.5,37.525,25.5,0,2.0,1.5,1.25,1.0,4.0,1,0,0.8660254037844387,-0.4999999999999998,-0.433883739117558,-0.9009688679024191
ST01,2026-07-10,9,4,0,5,23.72,35.2,49.42,32.6,0,3.3333333333333335,2.1666666666666665,1.5833333333333333,4.0,4.0,1,0,0.7071067811865476,-0.7071067811865475,-0.433883739117558,-0.9009688679024191
ST01,2026-07-10,10,4,0,4,31.5,41.0,63.425,39.0,0,4.333333333333333,2.6666666666666665,1.8333333333333333,5.0,4.0,1,0,0.49999999999999994,-0.8660254037844387,-0.433883739117558,-0.9009688679024191
ST01,2026-07-10,11,4,0,3,38.43333333333334,47.333333333333336,59.800000000000004,22.666666666666668,0,4.0,3.0,2.0,4.0,3.0,0,0,0.258819045102521,-0.9659258262890682,-0.433883739117558,-0.9009688679024191
ST01,2026-07-10,12,4,0,3,32.43333333333333,150.0,12.966666666666667,29.0,0,3.3333333333333335,3.3333333333333335,2.1666666666666665,3.0,3.0,0,0,1.2246467991473532e-16,-1.0,-0.433883739117558,-0.9009688679024191
ST01,2026-07-10,13,4,0,2,40.2,36.0,74.3,28.5,0,2.6666666666666665,3.5,2.25,3.0,2.0,0,0,-0.2588190451025208,-0.9659258262890683,-0.433883739117558,-0.9009688679024191
ST01,2026-07-10,14,4,0,2,29.65,105.0,21.05,31.0,0,2.3333333333333335,3.1666666666666665,2.3333333333333335,2.0,3.0,0,0,-0.4999999999999997,-0.8660254037844388,-0.433883739117558,-0.9009688679024191
ST01,2026-07-10,15,4,0,3,31.166666666666668,44.0,60.666666666666664,32.333333333333336,0,2.3333333333333335,2.8333333333333335,2.5,2.0,3.0,0,0,-0.7071067811865471,-0.7071067811865479,-0.433883739117558,-0.9009688679024191
ST01,2026-07-10,16,4,0,3,32.1,60.0,32.1,32.666666666666664,0,2.6666666666666665,2.6666666666666665,2.6666666666666665,3.0,3.0,0,0,-0.8660254037844385,-0.5000000000000004,-0.433883739117558,-0.9009688679024191
ST01,2026-07-10,17,4,0,5,32.46,92.4,33.92,29.4,0,3.6666666666666665,3.0,3.0,3.0,5.0,0,1,-0.9659258262890683,-0.25881904510252063,-0.433883739117558,-0.9009688679024191
ST01,2026-07-10,18,4,0,5,32.480000000000004,100.0,20.36,31.4,0,4.333333333333333,3.3333333333333335,3.3333333333333335,5.0,5.0,0,1,-1.0,-1.8369701987210297e-16,-0.433883739117558,-0.9009688679024191
ST01,2026-07-10,19,4,0,5,30.48,47.2,56.720000000000006,32.8,0,5.0,3.8333333333333335,3.6666666666666665,5.0,5.0,0,1,-0.9659258262890684,0.2588190451025203,-0.433883739117558,-0.9009688679024191
ST01,2026-07-10,20,4,0,5,37.68,102.0,26.2,25.0,0,5.0,4.333333333333333,3.75,5.0,5.0,0,1,-0.8660254037844386,0.5000000000000001,-0.433883739117558,-0.9009688679024191
ST01,2026-07-10,21,4,0,1,33.3,60.0,33.3,15.0,0,3.6666666666666665,4.0,3.4166666666666665,5.0,1.0,0,0,-0.7071067811865477,0.7071067811865474,-0.433883739117558,-0.9009688679024191
ST01,2026-07-10,22,4,0,1,35.9,22.0,97.9,30.0,0,2.3333333333333335,3.6666666666666665,3.1666666666666665,1.0,1.0,0,0,-0.5000000000000004,0.8660254037844384,-0.433883739117558,-0.9009688679024191
ST01,2026-07-10,23,4,0,1,28.5,120.0,14.2,21.0,0,1.0,3.0,3.0,1.0,1.0,0,0,-0.25881904510252157,0.9659258262890681,-0.433883739117558,-0.9009688679024191
ST01,2026-07-11,0,5,1,2,28.05,36.0,56.55,25.0,0,1.3333333333333333,2.5,2.9166666666666665,1.0,1.0,0,0,0.0,1.0,-0.9749279121818236,-0.2225209339563146
ST01,2026-07-11,1,5,1,2,27.950000000000003,90.0,22.65,42.0,0,1.6666666666666667,2.0,2.9166666666666665,2.0,1.0,0,0,0.25881904510252074,0.9659258262890683,-0.9749279121818236,-0.2225209339563146
ST01,2026-07-11,2,5,1,2,29.55,85.0,21.6,29.0,0,2.0,1.5,2.9166666666666665,2.0,1.0,0,0,0.49999999999999994,0.8660254037844387,-0.9749279121818236,-0.2225209339563146
ST01,2026-07-11,3,5,1,2,41.849999999999994,100.0,34.9,19.0,0,2.0,1.6666666666666667,2.8333333333333335,2.0,1.0,0,0,0.7071067811865476,0.7071067811865476,-0.9749279121818236,-0.2225209339563146
ST01,2026-07-11,4,5,1,1,23.2,22.0,63.3,43.0,0,1.6666666666666667,1.6666666666666667,2.6666666666666665,2.0,1.0,0,0,0.8660254037844386,0.5000000000000001,-0.9749279121818236,-0.2225209339563146
ST01,2026-07-11,5,5,1,1,33.3,22.0,90.8,37.0,0,1.3333333333333333,1.6666666666666667,2.3333333333333335,1.0,1.0,0,0,0.9659258262890683,0.25881904510252074,-0.9749279121818236,-0.2225209339563146
ST01,2026-07-11,6,5,1,2,40.3,50.0,48.349999999999994,13.5,0,1.3333333333333333,1.6666666666666667,2.0833333333333335,1.0,1.0,0,0,1.0,6.123233995736766e-17,-0.9749279121818236,-0.2225209339563146
ST01,2026-07-11,7,5,1,2,29.1,55.0,31.299999999999997,33.0,0,1.6666666666666667,1.6666666666666667,1.8333333333333333,2.0,1.0,0,0,0.9659258262890683,-0.25881904510252063,-0.9749279121818236,-0.2225209339563146
ST01,2026-07-11,8,5,1,1,41.6,22.0,113.5,11.0,0,1.6666666666666667,1.5,1.5,2.0,4.0,1,0,0.8660254037844387,-0.4999999999999998,-0.9749279121818236,-0.2225209339563146
ST01,2026-07-11,9,5,1,1,19.2,60.0,19.2,43.0,0,1.3333333333333333,1.3333333333333333,1.5,1.0,5.0,1,0,0.7071067811865476,-0.7071067811865475,-0.9749279121818236,-0.2225209339563146
ST01,2026-07-11,10,5,1,4,29.975,72.5,28.5,35.75,0,2.0,1.8333333333333333,1.75,1.0,4.0,1,0,0.49999999999999994,-0.8660254037844387,-0.9749279121818236,-0.2225209339563146
ST01,2026-07-11,11,5,1,4,38.9,73.0,45.175,20.75,0,3.0,2.3333333333333335,2.0,4.0,3.0,0,0,0.258819045102521,-0.9659258262890682,-0.9749279121818236,-0.2225209339563146
ST01,2026-07-11,12,5,1,4,25.349999999999998,72.5,21.6,34.25,0,4.0,2.6666666666666665,2.1666666666666665,4.0,3.0,0,0,1.2246467991473532e-16,-1.0,-0.9749279121818236,-0.2225209339563146
ST01,2026-07-11,13,5,1,4,38.7,63.0,57.4,19.25,0,4.0,3.0,2.3333333333333335,4.0,2.0,0,0,-0.2588190451025208,-0.9659258262890683,-0.9749279121818236,-0.2225209339563146
ST01,2026-07-11,14,5,1,4,32.5,125.0,20.424999999999997,26.0,0,4.0,3.5,2.5,4.0,2.0,0,0,-0.4999999999999997,-0.8660254037844388,-0.9749279121818236,-0.2225209339563146
ST01,2026-07-11,15,5,1,3,18.166666666666668,90.0,14.6,39.666666666666664,0,3.6666666666666665,3.8333333333333335,2.5833333333333335,4.0,3.0,0,0,-0.7071067811865471,-0.7071067811865479,-0.9749279121818236,-0.2225209339563146
ST01,2026-07-11,16,5,1,3,26.400000000000002,47.333333333333336,45.800000000000004,31.666666666666668,0,3.3333333333333335,3.6666666666666665,2.75,3.0,3.0,0,0,-0.8660254037844385,-0.5000000000000004,-0.9749279121818236,-0.2225209339563146
ST01,2026-07-11,17,5,1,3,32.5,76.66666666666667,30.3,21.666666666666668,0,3.0,3.5,2.9166666666666665,3.0,5.0,0,1,-0.9659258262890683,-0.25881904510252063,-0.9749279121818236,-0.2225209339563146
ST01,2026-07-11,18,5,1,3,30.2,44.0,52.166666666666664,31.0,0,3.0,3.3333333333333335,3.0,3.0,5.0,0,1,-1.0,-1.8369701987210297e-16,-0.9749279121818236,-0.2225209339563146
ST01,2026-07-11,19,5,1,3,37.4,97.33333333333333,55.76666666666667,22.666666666666668,0,3.0,3.1666666666666665,3.0833333333333335,3.0,5.0,0,1,-0.9659258262890684,0.2588190451025203,-0.9749279121818236,-0.2225209339563146
ST01,2026-07-11,20,5,1,1,44.3,60.0,44.3,10.0,0,2.3333333333333335,2.6666666666666665,3.0833333333333335,3.0,5.0,0,1,-0.8660254037844386,0.5000000000000001,-0.9749279121818236,-0.2225209339563146
ST01,2026-07-11,21,5,1,2,38.75,86.0,76.6,25.0,0,2.0,2.5,3.1666666666666665,1.0,1.0,0,0,-0.7071067811865477,0.7071067811865474,-0.9749279121818236,-0.2225209339563146
ST01,2026-07-11,22,5,1,1,34.3,150.0,13.7,16.0,0,1.3333333333333333,2.1666666666666665,2.9166666666666665,2.0,1.0,0,0,-0.5000000000000004,0.8660254037844384,-0.9749279121818236,-0.2225209339563146
ST01,2026-07-11,23,5,1,2,49.4,50.0,59.3,16.5,0,1.6666666666666667,2.0,2.75,1.0,1.0,0,0,-0.25881904510252157,0.9659258262890681,-0.9749279121818236,-0.2225209339563146
ST01,2026-07-12,0,6,1,2,22.05,105.0,13.600000000000001,43.5,0,1.6666666666666667,1.8333333333333333,2.5833333333333335,2.0,2.0,0,0,0.0,1.0,-0.7818314824680299,0.6234898018587334
ST01,2026-07-12,1,6,1,1,21.8,50.0,26.2,41.0,0,1.6666666666666667,1.5,2.3333333333333335,2.0,2.0,0,0,0.25881904510252074,0.9659258262890683,-0.7818314824680299,0.6234898018587334
ST01,2026-07-12,2,6,1,1,33.1,150.0,13.2,38.0,0,1.3333333333333333,1.5,2.0833333333333335,1.0,2.0,0,0,0.49999999999999994,0.8660254037844387,-0.7818314824680299,0.6234898018587334
ST01,2026-07-12,3,6,1,2,38.45,105.0,25.6,26.5,0,1.3333333333333333,1.5,2.0,1.0,2.0,0,0,0.7071067811865476,0.7071067811865476,-0.7818314824680299,0.6234898018587334
ST01,2026-07-12,4,6,1,1,40.4,150.0,16.2,29.0,0,1.3333333333333333,1.5,1.8333333333333333,2.0,1.0,0,0,0.8660254037844386,0.5000000000000001,-0.7818314824680299,0.6234898018587334
ST01,2026-07-12,5,6,1,1,37.4,120.0,18.7,24.0,0,1.3333333333333333,1.3333333333333333,1.6666666666666667,1.0,1.0,0,0,0.9659258262890683,0.25881904510252074,-0.7818314824680299,0.6234898018587334
ST01,2026-07-12,6,6,1,1,41.2,50.0,49.4,25.0,0,1.0,1.1666666666666667,1.5,1.0,2.0,0,0,1.0,6.123233995736766e-17,-0.7818314824680299,0.6234898018587334
ST01,2026-07-12,7,6,1,2,31.85,22.0,86.9,23.0,0,1.3333333333333333,1.3333333333333333,1.4166666666666667,1.0,2.0,0,0,0.9659258262890683,-0.25881904510252063,-0.7818314824680299,0.6234898018587334
ST01,2026-07-12,8,6,1,2,28.3,50.0,33.95,42.0,0,1.6666666666666667,1.5,1.5,2.0,1.0,1,0,0.8660254037844387,-0.4999999999999998,-0.7818314824680299,0.6234898018587334
ST01,2026-07-12,9,6,1,2,17.75,86.0,27.0,40.5,0,2.0,1.5,1.5,2.0,1.0,1,0,0.7071067811865476,-0.7071067811865475,-0.7818314824680299,0.6234898018587334
ST01,2026-07-12,10,6,1,4,23.3,87.5,18.2,41.0,0,2.6666666666666665,2.0,1.75,2.0,4.0,1,0,0.49999999999999994,-0.8660254037844387,-0.7818314824680299,0.6234898018587334
ST01,2026-07-12,11,6,1,4,31.349999999999998,110.0,21.0,30.5,0,3.3333333333333335,2.5,1.9166666666666667,4.0,4.0,0,0,0.258819045102521,-0.9659258262890682,-0.7818314824680299,0.6234898018587334
ST01,2026-07-12,12,6,1,4,37.7,36.0,78.225,21.25,0,4.0,3.0,2.0833333333333335,4.0,4.0,0,0,1.2246467991473532e-16,-1.0,-0.7818314824680299,0.6234898018587334
ST01,2026-07-12,13,6,1,4,30.575,127.5,14.7,39.0,0,4.0,3.3333333333333335,2.3333333333333335,4.0,4.0,0,0,-0.2588190451025208,-0.9659258262890683,-0.7818314824680299,0.6234898018587334
ST01,2026-07-12,14,6,1,4,35.2,100.0,30.55,26.5,0,4.0,3.6666666666666665,2.5833333333333335,4.0,4.0,0,0,-0.4999999999999997,-0.8660254037844388,-0.7818314824680299,0.6234898018587334
ST01,2026-07-12,15,6,1,3,26.96666666666667,50.0,32.36666666666667,32.333333333333336,0,3.6666666666666665,3.8333333333333335,2.6666666666666665,4.0,3.0,0,0,-0.7071067811865471,-0.7071067811865479,-0.7818314824680299,0.6234898018587334
ST01,2026-07-12,16,6,1,3,15.4,86.66666666666667,13.866666666666667,43.666666666666664,0,3.3333333333333335,3.6666666666666665,2.8333333333333335,3.0,3.0,0,0,-0.8660254037844385,-0.5000000000000004,-0.7818314824680299,0.6234898018587334
ST01,2026-07-12,17,6,1,3,37.6,116.66666666666667,22.633333333333336,25.666666666666668,0,3.0,3.5,3.0,3.0,3.0,0,1,-0.9659258262890683,-0.25881904510252063,-0.7818314824680299,0.6234898018587334
ST01,2026-07-12,18,6,1,3,38.4,90.0,30.96666666666667,25.0,0,3.0,3.3333333333333335,3.1666666666666665,3.0,3.0,0,1,-1.0,-1.8369701987210297e-16,-0.7818314824680299,0.6234898018587334
ST01,2026-07-12,19,6,1,4,27.900000000000002,70.0,28.625,35.25,0,3.3333333333333335,3.3333333333333335,3.3333333333333335,3.0,3.0,0,1,-0.9659258262890684,0.2588190451025203,-0.7818314824680299,0.6234898018587334
ST01,2026-07-12,20,6,1,2,14.950000000000001,105.0,11.850000000000001,47.5,0,3.0,3.0,3.3333333333333335,4.0,1.0,0,1,-0.8660254037844386,0.5000000000000001,-0.7818314824680299,0.6234898018587334
ST01,2026-07-12,21,6,1,1,40.2,150.0,16.1,19.0,0,2.3333333333333335,2.6666666666666665,3.25,2.0,2.0,0,0,-0.7071067811865477,0.7071067811865474,-0.7818314824680299,0.6234898018587334
ST01,2026-07-12,22,6,1,1,38.9,150.0,15.6,12.0,0,1.3333333333333333,2.3333333333333335,3.0,1.0,1.0,0,0,-0.5000000000000004,0.8660254037844384,-0.7818314824680299,0.6234898018587334
ST01,2026-07-12,23,6,1,2,31.5,100.0,27.95,20.5,0,1.3333333333333333,2.1666666666666665,2.8333333333333335,1.0,2.0,0,0,-0.25881904510252157,0.9659258262890681,-0.7818314824680299,0.6234898018587334
ST01,2026-07-13,0,0,0,1,25.7,60.0,25.7,32.0,0,1.3333333333333333,1.8333333333333333,2.5833333333333335,2.0,2.0,0,0,0.0,1.0,0.0,1.0
ST01,2026-07-13,1,0,0,1,24.7,60.0,24.7,26.0,0,1.3333333333333333,1.3333333333333333,2.3333333333333335,1.0,1.0,0,0,0.25881904510252074,0.9659258262890683,0.0,1.0
ST01,2026-07-13,2,0,0,1,19.5,50.0,23.4,29.0,0,1.0,1.1666666666666667,2.0833333333333335,1.0,1.0,0,0,0.49999999999999994,0.8660254037844387,0.0,1.0
ST01,2026-07-13,3,0,0,1,38.3,150.0,15.3,10.0,0,1.0,1.1666666666666667,1.9166666666666667,1.0,2.0,0,0,0.7071067811865476,0.7071067811865476,0.0,1.0
ST01,2026-07-13,4,0,0,1,14.2,22.0,38.7,40.0,0,1.0,1.1666666666666667,1.75,1.0,1.0,0,0,0.8660254037844386,0.5000000000000001,0.0,1.0
ST01,2026-07-13,5,0,0,1,20.3,22.0,55.4,39.0,0,1.0,1.0,1.5833333333333333,1.0,1.0,0,0,0.9659258262890683,0.25881904510252074,0.0,1.0
ST01,2026-07-13,6,0,0,1,18.5,120.0,9.2,48.0,0,1.0,1.0,1.4166666666666667,1.0,1.0,0,0,1.0,6.123233995736766e-17,0.0,1.0
ST01,2026-07-13,7,0,0,1,36.9,150.0,14.8,33.0,0,1.0,1.0,1.1666666666666667,1.0,2.0,0,0,0.9659258262890683,-0.25881904510252063,0.0,1.0
ST01,2026-07-13,8,0,0,5,29.0,54.8,46.32,33.8,0,2.3333333333333335,1.6666666666666667,1.4166666666666667,1.0,2.0,1,0,0.8660254037844387,-0.4999999999999998,0.0,1.0
ST01,2026-07-13,9,0,0,4,26.900000000000002,85.5,30.65,27.5,0,3.3333333333333335,2.1666666666666665,1.6666666666666667,5.0,2.0,1,0,0.7071067811865476,-0.7071067811865475,0.0,1.0
ST01,2026-07-13,10,0,0,4,34.725,75.0,33.825,25.75,0,4.333333333333333,2.6666666666666665,1.9166666666666667,4.0,4.0,1,0,0.49999999999999994,-0.8660254037844387,0.0,1.0
ST01,2026-07-13,11,0,0,3,18.733333333333334,116.66666666666667,13.200000000000001,42.333333333333336,0,3.6666666666666665,3.0,2.0,4.0,4.0,0,0,0.258819045102521,-0.9659258262890682,0.0,1.0
ST01,2026-07-13,12,0,0,3,31.86666666666667,76.66666666666667,31.333333333333332,28.666666666666668,0,3.3333333333333335,3.3333333333333335,2.1666666666666665,3.0,4.0,0,0,1.2246467991473532e-16,-1.0,0.0,1.0
ST01,2026-07-13,13,0,0,2,30.9,36.0,68.8,33.5,0,2.6666666666666665,3.5,2.25,3.0,4.0,0,0,-0.2588190451025208,-0.9659258262890683,0.0,1.0
ST01,2026-07-13,14,0,0,3,29.633333333333336,50.0,35.56666666666667,26.333333333333332,0,2.6666666666666665,3.1666666666666665,2.4166666666666665,2.0,4.0,0,0,-0.4999999999999997,-0.8660254037844388,0.0,1.0
ST01,2026-07-13,15,0,0,3,29.46666666666667,64.66666666666667,61.36666666666667,33.333333333333336,0,2.6666666666666665,3.0,2.5833333333333335,3.0,3.0,0,0,-0.7071067811865471,-0.7071067811865479,0.0,1.0
ST01,2026-07-13,16,0,0,2,35.75,22.0,97.5,29.5,0,2.6666666666666665,2.6666666666666665,2.6666666666666665,3.0,3.0,0,0,-0.8660254037844385,-0.5000000000000004,0.0,1.0
ST01,2026-07-13,17,0,0,5,29.080000000000002,78.4,33.42,41.2,0,3.3333333333333335,3.0,3.0,2.0,3.0,0,1,-0.9659258262890683,-0.25881904510252063,0.0,1.0
ST01,2026-07-13,18,0,0,5,18.66,84.0,15.4,44.2,0,4.0,3.3333333333333335,3.3333333333333335,5.0,3.0,0,1,-1.0,-1.8369701987210297e-16,0.0,1.0
ST01,2026-07-13,19,0,0,5,37.58,86.8,58.9,22.8,0,5.0,3.8333333333333335,3.6666666666666665,5.0,4.0,0,1,-0.9659258262890684,0.2588190451025203,0.0,1.0
ST01,2026-07-13,20,0,0,5,31.4,40.8,53.239999999999995,29.6,0,5.0,4.166666666666667,3.6666666666666665,5.0,2.0,0,1,-0.8660254037844386,0.5000000000000001,0.0,1.0
ST01,2026-07-13,21,0,0,1,40.8,22.0,111.3,22.0,0,3.6666666666666665,3.8333333333333335,3.4166666666666665,5.0,1.0,0,0,-0.7071067811865477,0.7071067811865474,0.0,1.0
ST01,2026-07-13,22,0,0,1,40.0,120.0,20.0,30.0,0,2.3333333333333335,3.6666666666666665,3.1666666666666665,1.0,1.0,0,0,-0.5000000000000004,0.8660254037844384,0.0,1.0
ST01,2026-07-13,23,0,0,1,30.6,150.0,12.2,44.0,0,1.0,3.0,3.0,1.0,2.0,0,0,-0.25881904510252157,0.9659258262890681,0.0,1.0
ST01,2026-07-14,0,1,0,1,42.6,22.0,116.2,25.0,0,1.0,2.3333333333333335,2.8333333333333335,1.0,1.0,0,0,0.0,1.0,0.7818314824680298,0.6234898018587336
ST01,2026-07-14,1,1,0,1,34.5,22.0,94.1,19.0,0,1.0,1.6666666666666667,2.75,1.0,1.0,0,0,0.25881904510252074,0.9659258262890683,0.7818314824680298,0.6234898018587336
ST01,2026-07-14,2,1,0,2,33.5,105.0,25.150000000000002,29.5,0,1.3333333333333333,1.1666666666666667,2.6666666666666665,1.0,1.0,0,0,0.49999999999999994,0.8660254037844387,0.7818314824680298,0.6234898018587336
ST01,2026-07-14,3,1,0,1,28.7,50.0,34.4,34.0,0,1.3333333333333333,1.1666666666666667,2.5,2.0,1.0,0,0,0.7071067811865476,0.7071067811865476,0.7818314824680298,0.6234898018587336
ST01,2026-07-14,4,1,0,1,31.8,120.0,15.9,17.0,0,1.3333333333333333,1.1666666666666667,2.4166666666666665,1.0,1.0,0,0,0.8660254037844386,0.5000000000000001,0.7818314824680298,0.6234898018587336
ST01,2026-07-14,5,1,0,2,33.15,60.0,33.15,22.0,0,1.3333333333333333,1.3333333333333333,2.1666666666666665,1.0,1.0,0,0,0.9659258262890683,0.25881904510252074,0.7818314824680298,0.6234898018587336
ST01,2026-07-14,6,1,0,1,25.9,60.0,25.9,15.0,0,1.3333333333333333,1.3333333333333333,1.8333333333333333,2.0,1.0,0,0,1.0,6.123233995736766e-17,0.7818314824680298,0.6234898018587336
ST01,2026-07-14,7,1,0,1,44.9,22.0,122.5,10.0,0,1.3333333333333333,1.3333333333333333,1.5,1.0,1.0,0,0,0.9659258262890683,-0.25881904510252063,0.7818314824680298,0.6234898018587336
ST01,2026-07-14,8,1,0,4,36.25,63.0,52.1,24.5,0,2.0,1.6666666666666667,1.4166666666666667,1.0,5.0,1,0,0.8660254037844387,-0.4999999999999998,0.7818314824680298,0.6234898018587336
ST01,2026-07-14,9,1,0,4,35.525000000000006,92.5,23.9,26.75,0,3.0,2.1666666666666665,1.6666666666666667,4.0,4.0,1,0,0.7071067811865476,-0.7071067811865475,0.7818314824680298,0.6234898018587336
ST01,2026-07-14,10,1,0,4,31.575,68.0,46.8,24.5,0,4.0,2.6666666666666665,1.9166666666666667,4.0,4.0,1,0,0.49999999999999994,-0.8660254037844387,0.7818314824680298,0.6234898018587336
ST01,2026-07-14,11,1,0,2,30.75,85.0,28.65,24.5,0,3.3333333333333335,2.6666666666666665,2.0,4.0,3.0,0,0,0.258819045102521,-0.9659258262890682,0.7818314824680298,0.6234898018587336
ST01,2026-07-14,12,1,0,2,27.8,135.0,12.9,24.5,0,2.6666666666666665,2.8333333333333335,2.0833333333333335,2.0,3.0,0,0,1.2246467991473532e-16,-1.0,0.7818314824680298,0.6234898018587336
ST01,2026-07-14,13,1,0,2,20.4,41.0,34.3,30.5,0,2.0,3.0,2.1666666666666665,2.0,2.0,0,0,-0.2588190451025208,-0.9659258262890683,0.7818314824680298,0.6234898018587336
ST01,2026-07-14,14,1,0,2,28.45,71.0,54.099999999999994,31.0,0,2.0,2.6666666666666665,2.1666666666666665,2.0,3.0,0,0,-0.4999999999999997,-0.8660254037844388,0.7818314824680298,0.6234898018587336
ST01,2026-07-14,15,1,0,3,25.633333333333336,64.66666666666667,48.199999999999996,35.333333333333336,0,2.3333333333333335,2.5,2.3333333333333335,2.0,3.0,0,0,-0.7071067811865471,-0.7071067811865479,0.7818314824680298,0.6234898018587336
ST01,2026-07-14,16,1,0,3,29.53333333333333,110.0,17.7,31.666666666666668,0,2.6666666666666665,2.3333333333333335,2.5,3.0,2.0,0,0,-0.8660254037844385,-0.5000000000000004,0.7818314824680298,0.6234898018587336
ST01,2026-07-14,17,1,0,5,36.18,60.8,50.64,23.8,0,3.6666666666666665,2.8333333333333335,2.75,3.0,5.0,0,1,-0.9659258262890683,-0.25881904510252063,0.7818314824680298,0.6234898018587336
ST01,2026-07-14,18,1,0,5,27.04,60.4,34.94,33.6,0,4.333333333333333,3.3333333333333335,3.0833333333333335,5.0,5.0,0,1,-1.0,-1.8369701987210297e-16,0.7818314824680298,0.6234898018587336
ST01,2026-07-14,19,1,0,5,35.1,78.8,50.6,22.2,0,5.0,3.8333333333333335,3.4166666666666665,5.0,5.0,0,1,-0.9659258262890684,0.2588190451025203,0.7818314824680298,0.6234898018587336
ST01,2026-07-14,20,1,0,4,31.049999999999997,95.0,20.075,27.25,0,4.666666666666667,4.166666666666667,3.4166666666666665,5.0,5.0,0,1,-0.8660254037844386,0.5000000000000001,0.7818314824680298,0.6234898018587336
ST01,2026-07-14,21,1,0,1,27.4,60.0,27.4,33.0,0,3.3333333333333335,3.8333333333333335,3.1666666666666665,4.0,1.0,0,0,-0.7071067811865477,0.7071067811865474,0.7818314824680298,0.6234898018587336
ST01,2026-07-14,22,1,0,1,37.1,150.0,14.8,13.0,0,2.0,3.5,2.9166666666666665,1.0,1.0,0,0,-0.5000000000000004,0.8660254037844384,0.7818314824680298,0.6234898018587336
ST01,2026-07-14,23,1,0,1,21.4,22.0,58.4,35.0,0,1.0,2.8333333333333335,2.8333333333333335,1.0,1.0,0,0,-0.25881904510252157,0.9659258262890681,0.7818314824680298,0.6234898018587336
ST01,2026-07-15,0,2,0,1,24.2,150.0,9.7,38.0,0,1.0,2.1666666666666665,2.75,1.0,1.0,0,0,0.0,1.0,0.9749279121818236,-0.22252093395631434
ST01,2026-07-15,1,2,0,1,44.4,120.0,22.2,19.0,0,1.0,1.5,2.6666666666666665,1.0,1.0,0,0,0.25881904510252074,0.9659258262890683,0.9749279121818236,-0.22252093395631434
ST01,2026-07-15,2,2,0,1,23.3,150.0,9.3,44.0,0,1.0,1.0,2.5833333333333335,1.0,2.0,0,0,0.49999999999999994,0.8660254037844387,0.9749279121818236,-0.22252093395631434
ST01,2026-07-15,3,2,0,1,34.8,22.0,94.9,43.0,0,1.0,1.0,2.4166666666666665,1.0,1.0,0,0,0.7071067811865476,0.7071067811865476,0.9749279121818236,-0.22252093395631434
ST01,2026-07-15,4,2,0,1,37.0,150.0,14.8,16.0,0,1.0,1.0,2.25,1.0,1.0,0,0,0.8660254037844386,0.5000000000000001,0.9749279121818236,-0.22252093395631434
ST01,2026-07-15,5,2,0,1,27.5,150.0,11.0,27.0,0,1.0,1.0,1.9166666666666667,1.0,2.0,0,0,0.9659258262890683,0.25881904510252074,0.9749279121818236,-0.22252093395631434
ST01,2026-07-15,6,2,0,1,43.4,150.0,17.4,31.0,0,1.0,1.0,1.5833333333333333,1.0,1.0,0,0,1.0,6.123233995736766e-17,0.9749279121818236,-0.22252093395631434
ST01,2026-07-15,7,2,0,1,21.3,22.0,58.1,38.0,0,1.0,1.0,1.25,1.0,1.0,0,0,0.9659258262890683,-0.25881904510252063,0.9749279121818236,-0.22252093395631434
ST01,2026-07-15,8,2,0,5,34.14,72.8,50.36,32.0,0,2.3333333333333335,1.6666666666666667,1.3333333333333333,1.0,4.0,1,0,0.8660254037844387,-0.4999999999999998,0.9749279121818236,-0.22252093395631434
ST01,2026-07-15,9,2,0,5,30.419999999999998,73.2,49.459999999999994,37.2,0,3.6666666666666665,2.3333333333333335,1.6666666666666667,5.0,4.0,1,0,0.7071067811865476,-0.7071067811865475,0.9749279121818236,-0.22252093395631434
ST01,2026-07-15,10,2,0,4,26.299999999999997,95.0,19.05,38.25,0,4.666666666666667,2.8333333333333335,1.9166666666666667,5.0,4.0,1,0,0.49999999999999994,-0.8660254037844387,0.9749279121818236,-0.22252093395631434
ST01,2026-07-15,11,2,0,3,46.23333333333333,74.0,61.699999999999996,20.666666666666668,0,4.0,3.1666666666666665,2.0833333333333335,4.0,2.0,0,0,0.258819045102521,-0.9659258262890682,0.9749279121818236,-0.22252093395631434
ST01,2026-07-15,12,2,0,3,19.96666666666667,96.66666666666667,13.466666666666669,43.333333333333336,0,3.3333333333333335,3.5,2.25,3.0,2.0,0,0,1.2246467991473532e-16,-1.0,0.9749279121818236,-0.22252093395631434
ST01,2026-07-15,13,2,0,2,23.95,41.0,50.9,43.5,0,2.6666666666666665,3.6666666666666665,2.3333333333333335,3.0,2.0,0,0,-0.2588190451025208,-0.9659258262890683,0.9749279121818236,-0.22252093395631434
ST01,2026-07-15,14,2,0,3,24.366666666666664,120.0,15.299999999999999,37.666666666666664,0,2.6666666666666665,3.3333333333333335,2.5,2.0,2.0,0,0,-0.4999999999999997,-0.8660254037844388,0.9749279121818236,-0.22252093395631434
ST01,2026-07-15,15,2,0,2,25.15,36.0,49.65,29.0,0,2.3333333333333335,2.8333333333333335,2.5833333333333335,3.0,3.0,0,0,-0.7071067811865471,-0.7071067811865479,0.9749279121818236,-0.22252093395631434
ST01,2026-07-15,16,2,0,2,25.6,135.0,12.0,33.5,0,2.3333333333333335,2.5,2.6666666666666665,2.0,3.0,0,0,-0.8660254037844385,-0.5000000000000004,0.9749279121818236,-0.22252093395631434
ST01,2026-07-15,17,2,0,5,24.98,94.0,19.380000000000003,28.4,0,3.0,2.8333333333333335,3.0,2.0,5.0,0,1,-0.9659258262890683,-0.25881904510252063,0.9749279121818236,-0.22252093395631434
ST01,2026-07-15,18,2,0,4,31.325,48.0,45.5,25.75,0,3.6666666666666665,3.0,3.25,5.0,5.0,0,1,-1.0,-1.8369701987210297e-16,0.9749279121818236,-0.22252093395631434
ST01,2026-07-15,19,2,0,5,26.639999999999997,78.4,31.7,33.4,0,4.666666666666667,3.5,3.5833333333333335,4.0,5.0,0,1,-0.9659258262890684,0.2588190451025203,0.9749279121818236,-0.22252093395631434
ST01,2026-07-15,20,2,0,5,36.18,98.8,40.1,26.0,0,4.666666666666667,3.8333333333333335,3.5833333333333335,5.0,4.0,0,1,-0.8660254037844386,0.5000000000000001,0.9749279121818236,-0.22252093395631434
ST01,2026-07-15,21,2,0,1,15.6,50.0,18.7,49.0,0,3.6666666666666665,3.6666666666666665,3.25,5.0,1.0,0,0,-0.7071067811865477,0.7071067811865474,0.9749279121818236,-0.22252093395631434
ST01,2026-07-15,22,2,0,1,29.4,120.0,14.7,24.0,0,2.3333333333333335,3.5,3.0,1.0,1.0,0,0,-0.5000000000000004,0.8660254037844384,0.9749279121818236,-0.22252093395631434
ST01,2026-07-15,23,2,0,1,34.3,22.0,93.5,16.0,0,1.0,2.8333333333333335,2.8333333333333335,1.0,1.0,0,0,-0.25881904510252157,0.9659258262890681,0.9749279121818236,-0.22252093395631434
ST01,2026-07-16,0,3,0,1,34.1,150.0,13.6,15.0,0,1.0,2.3333333333333335,2.6666666666666665,1.0,1.0,0,0,0.0,1.0,0.43388373911755823,-0.900968867902419
ST01,2026-07-16,1,3,0,1,33.7,60.0,33.7,15.0,0,1.0,1.6666666666666667,2.5833333333333335,1.0,1.0,0,0,0.25881904510252074,0.9659258262890683,0.43388373911755823,-0.900968867902419
ST01,2026-07-16,2,3,0,1,43.0,50.0,51.6,25.0,0,1.0,1.0,2.4166666666666665,1.0,1.0,0,0,0.49999999999999994,0.8660254037844387,0.43388373911755823,-0.900968867902419
ST01,2026-07-16,3,3,0,1,40.1,150.0,16.0,34.0,0,1.0,1.0,2.3333333333333335,1.0,1.0,0,0,0.7071067811865476,0.7071067811865476,0.43388373911755823,-0.900968867902419
ST01,2026-07-16,4,3,0,1,33.4,150.0,13.4,30.0,0,1.0,1.0,2.25,1.0,1.0,0,0,0.8660254037844386,0.5000000000000001,0.43388373911755823,-0.900968867902419
ST01,2026-07-16,5,3,0,1,31.4,120.0,15.7,24.0,0,1.0,1.0,1.9166666666666667,1.0,1.0,0,0,0.9659258262890683,0.25881904510252074,0.43388373911755823,-0.900968867902419
ST01,2026-07-16,6,3,0,1,25.0,22.0,68.2,30.0,0,1.0,1.0,1.6666666666666667,1.0,1.0,0,0,1.0,6.123233995736766e-17,0.43388373911755823,-0.900968867902419
ST01,2026-07-16,7,3,0,1,29.8,150.0,11.9,40.0,0,1.0,1.0,1.3333333333333333,1.0,1.0,0,0,0.9659258262890683,-0.25881904510252063,0.43388373911755823,-0.900968867902419
ST01,2026-07-16,8,3,0,4,35.625,85.5,47.2,23.75,0,2.0,1.5,1.25,1.0,5.0,1,0,0.8660254037844387,-0.4999999999999998,0.43388373911755823,-0.900968867902419
ST01,2026-07-16,9,3,0,4,30.3,93.0,41.25,29.25,0,3.0,2.0,1.5,4.0,5.0,1,0,0.7071067811865476,-0.7071067811865475,0.43388373911755823,-0.900968867902419
ST01,2026-07-16,10,3,0,5,32.92,92.0,26.96,33.0,0,4.333333333333333,2.6666666666666665,1.8333333333333333,4.0,4.0,1,0,0.49999999999999994,-0.8660254037844387,0.43388373911755823,-0.900968867902419
ST01,2026-07-16,11,3,0,3,29.566666666666666,87.33333333333333,34.800000000000004,22.0,0,4.0,3.0,2.0,5.0,3.0,0,0,0.258819045102521,-0.9659258262890682,0.43388373911755823,-0.900968867902419
ST01,2026-07-16,12,3,0,3,14.700000000000001,100.0,9.366666666666667,47.333333333333336,0,3.6666666666666665,3.3333333333333335,2.1666666666666665,3.0,3.0,0,0,1.2246467991473532e-16,-1.0,0.43388373911755823,-0.900968867902419
ST01,2026-07-16,13,3,0,2,19.95,135.0,9.3,46.0,0,2.6666666666666665,3.5,2.25,3.0,2.0,0,0,-0.2588190451025208,-0.9659258262890683,0.43388373911755823,-0.900968867902419
ST01,2026-07-16,14,3,0,2,48.150000000000006,55.0,53.05,23.5,0,2.3333333333333335,3.1666666666666665,2.3333333333333335,2.0,3.0,0,0,-0.4999999999999997,-0.8660254037844388,0.43388373911755823,-0.900968867902419
ST01,2026-07-16,15,3,0,3,28.099999999999998,64.66666666666667,52.6,39.666666666666664,0,2.3333333333333335,3.0,2.5,2.0,2.0,0,0,-0.7071067811865471,-0.7071067811865479,0.43388373911755823,-0.900968867902419
ST01,2026-07-16,16,3,0,3,36.56666666666667,100.0,24.833333333333332,22.666666666666668,0,2.6666666666666665,2.6666666666666665,2.6666666666666665,3.0,2.0,0,0,-0.8660254037844385,-0.5000000000000004,0.43388373911755823,-0.900968867902419
ST01,2026-07-16,17,3,0,5,30.54,96.0,19.34,37.0,0,3.6666666666666665,3.0,3.0,3.0,5.0,0,1,-0.9659258262890683,-0.25881904510252063,0.43388373911755823,-0.900968867902419
ST01,2026-07-16,18,3,0,5,29.8,90.0,23.98,31.4,0,4.333333333333333,3.3333333333333335,3.3333333333333335,5.0,4.0,0,1,-1.0,-1.8369701987210297e-16,0.43388373911755823,-0.900968867902419
ST01,2026-07-16,19,3,0,4,39.925,112.5,25.7,28.0,0,4.666666666666667,3.6666666666666665,3.5833333333333335,5.0,5.0,0,1,-0.9659258262890684,0.2588190451025203,0.43388373911755823,-0.900968867902419
ST01,2026-07-16,20,3,0,5,36.5,94.4,34.54,27.2,0,4.666666666666667,4.166666666666667,3.6666666666666665,4.0,5.0,0,1,-0.8660254037844386,0.5000000000000001,0.43388373911755823,-0.900968867902419
ST01,2026-07-16,21,3,0,1,29.8,22.0,81.3,20.0,0,3.3333333333333335,3.8333333333333335,3.4166666666666665,5.0,1.0,0,0,-0.7071067811865477,0.7071067811865474,0.43388373911755823,-0.900968867902419
ST01,2026-07-16,22,3,0,2,22.35,90.0,15.35,43.0,0,2.6666666666666665,3.6666666666666665,3.1666666666666665,1.0,1.0,0,0,-0.5000000000000004,0.8660254037844384,0.43388373911755823,-0.900968867902419
ST01,2026-07-16,23,3,0,2,34.95,36.0,68.6,23.0,0,1.6666666666666667,3.1666666666666665,3.0833333333333335,2.0,1.0,0,0,-0.25881904510252157,0.9659258262890681,0.43388373911755823,-0.900968867902419
ST01,2026-07-17,0,4,0,1,43.5,150.0,17.4,16.0,0,1.6666666666666667,2.5,2.9166666666666665,2.0,1.0,0,0,0.0,1.0,-0.433883739117558,-0.9009688679024191
ST01,2026-07-17,1,4,0,1,55.3,60.0,55.3,18.0,0,1.3333333333333333,2.0,2.8333333333333335,1.0,1.0,0,0,0.25881904510252074,0.9659258262890683,-0.433883739117558,-0.9009688679024191
ST01,2026-07-17,2,4,0,1,37.9,120.0,18.9,27.0,0,1.0,1.3333333333333333,2.75,1.0,1.0,0,0,0.49999999999999994,0.8660254037844387,-0.433883739117558,-0.9009688679024191
ST01,2026-07-17,3,4,0,1,25.4,150.0,10.2,31.0,0,1.0,1.3333333333333333,2.5833333333333335,1.0,1.0,0,0,0.7071067811865476,0.7071067811865476,-0.433883739117558,-0.9009688679024191
ST01,2026-07-17,4,4,0,1,12.8,120.0,6.4,47.0,0,1.0,1.1666666666666667,2.4166666666666665,1.0,1.0,0,0,0.8660254037844386,0.5000000000000001,-0.433883739117558,-0.9009688679024191
ST01,2026-07-17,5,4,0,1,44.9,50.0,53.9,24.0,0,1.0,1.0,2.0833333333333335,1.0,1.0,0,0,0.9659258262890683,0.25881904510252074,-0.433883739117558,-0.9009688679024191
ST01,2026-07-17,6,4,0,1,39.8,60.0,39.8,23.0,0,1.0,1.0,1.75,1.0,1.0,0,0,1.0,6.123233995736766e-17,-0.433883739117558,-0.9009688679024191
ST01,2026-07-17,7,4,0,1,20.1,120.0,10.1,39.0,0,1.0,1.0,1.5,1.0,1.0,0,0,0.9659258262890683,-0.25881904510252063,-0.433883739117558,-0.9009688679024191
ST01,2026-07-17,8,4,0,5,35.18,60.8,61.260000000000005,21.0,0,2.3333333333333335,1.6666666666666667,1.5,1.0,4.0,1,0,0.8660254037844387,-0.4999999999999998,-0.433883739117558,-0.9009688679024191
ST01,2026-07-17,9,4,0,4,37.425,110.0,23.025,30.25,0,3.3333333333333335,2.1666666666666665,1.75,5.0,4.0,1,0,0.7071067811865476,-0.7071067811865475,-0.433883739117558,-0.9009688679024191
ST01,2026-07-17,10,4,0,4,31.325,80.5,32.475,33.75,0,4.333333333333333,2.6666666666666665,1.9166666666666667,4.0,5.0,1,0,0.49999999999999994,-0.8660254037844387,-0.433883739117558,-0.9009688679024191
ST01,2026-07-17,11,4,0,3,29.433333333333334,116.66666666666667,20.066666666666666,38.333333333333336,0,3.6666666666666665,3.0,2.0,4.0,3.0,0,0,0.258819045102521,-0.9659258262890682,-0.433883739117558,-0.9009688679024191
ST01,2026-07-17,12,4,0,3,31.8,97.33333333333333,34.96666666666667,35.333333333333336,0,3.3333333333333335,3.3333333333333335,2.1666666666666665,3.0,3.0,0,0,1.2246467991473532e-16,-1.0,-0.433883739117558,-0.9009688679024191
ST01,2026-07-17,13,4,0,3,33.63333333333333,106.66666666666667,23.533333333333335,34.0,0,3.0,3.6666666666666665,2.3333333333333335,3.0,2.0,0,0,-0.2588190451025208,-0.9659258262890683,-0.433883739117558,-0.9009688679024191
ST01,2026-07-17,14,4,0,3,20.566666666666666,44.0,34.6,37.666666666666664,0,3.0,3.3333333333333335,2.5,3.0,2.0,0,0,-0.4999999999999997,-0.8660254037844388,-0.433883739117558,-0.9009688679024191
ST01,2026-07-17,15,4,0,3,33.1,47.333333333333336,49.166666666666664,29.0,0,3.0,3.1666666666666665,2.6666666666666665,3.0,3.0,0,0,-0.7071067811865471,-0.7071067811865479,-0.433883739117558,-0.9009688679024191
ST01,2026-07-17,16,4,0,3,34.5,90.0,26.96666666666667,17.0,0,3.0,3.0,2.8333333333333335,3.0,3.0,0,0,-0.8660254037844385,-0.5000000000000004,-0.433883739117558,-0.9009688679024191
ST01,2026-07-17,17,4,0,4,24.9,55.0,26.625,29.0,0,3.3333333333333335,3.1666666666666665,3.0833333333333335,3.0,5.0,0,1,-0.9659258262890683,-0.25881904510252063,-0.433883739117558,-0.9009688679024191
ST01,2026-07-17,18,4,0,5,37.58,124.0,24.240000000000002,23.2,0,4.0,3.5,3.4166666666666665,4.0,5.0,0,1,-1.0,-1.8369701987210297e-16,-0.433883739117558,-0.9009688679024191
ST01,2026-07-17,19,4,0,5,23.7,60.4,34.480000000000004,35.2,0,4.666666666666667,3.8333333333333335,3.75,5.0,4.0,0,1,-0.9659258262890684,0.2588190451025203,-0.433883739117558,-0.9009688679024191
ST01,2026-07-17,20,4,0,5,32.7,98.0,23.82,30.0,0,5.0,4.166666666666667,3.75,5.0,5.0,0,1,-0.8660254037844386,0.5000000000000001,-0.433883739117558,-0.9009688679024191
ST01,2026-07-17,21,4,0,1,47.7,150.0,19.1,20.0,0,3.6666666666666665,3.8333333333333335,3.5,5.0,1.0,0,0,-0.7071067811865477,0.7071067811865474,-0.433883739117558,-0.9009688679024191
ST01,2026-07-17,22,4,0,1,29.5,120.0,14.8,50.0,0,2.3333333333333335,3.5,3.25,1.0,2.0,0,0,-0.5000000000000004,0.8660254037844384,-0.433883739117558,-0.9009688679024191
ST01,2026-07-17,23,4,0,1,40.7,120.0,20.4,24.0,0,1.0,3.0,3.0833333333333335,1.0,2.0,0,0,-0.25881904510252157,0.9659258262890681,-0.433883739117558,-0.9009688679024191
ST01,2026-07-18,0,5,1,1,14.1,120.0,7.0,49.0,0,1.0,2.3333333333333335,2.9166666666666665,1.0,1.0,0,0,0.0,1.0,-0.9749279121818236,-0.2225209339563146
ST01,2026-07-18,1,5,1,2,28.2,90.0,19.95,34.0,0,1.3333333333333333,1.8333333333333333,2.8333333333333335,1.0,1.0,0,0,0.25881904510252074,0.9659258262890683,-0.9749279121818236,-0.2225209339563146
ST01,2026-07-18,2,5,1,1,49.7,150.0,19.9,14.0,0,1.3333333333333333,1.1666666666666667,2.6666666666666665,2.0,1.0,0,0,0.49999999999999994,0.8660254037844387,-0.9749279121818236,-0.2225209339563146
ST01,2026-07-18,3,5,1,1,36.0,22.0,98.2,28.0,0,1.3333333333333333,1.1666666666666667,2.5,1.0,1.0,0,0,0.7071067811865476,0.7071067811865476,-0.9749279121818236,-0.2225209339563146
ST01,2026-07-18,4,5,1,1,30.2,22.0,82.4,38.0,0,1.0,1.1666666666666667,2.3333333333333335,1.0,1.0,0,0,0.8660254037844386,0.5000000000000001,-0.9749279121818236,-0.2225209339563146
ST01,2026-07-18,5,5,1,2,43.8,71.0,76.0,15.0,0,1.3333333333333333,1.3333333333333333,2.1666666666666665,1.0,1.0,0,0,0.9659258262890683,0.25881904510252074,-0.9749279121818236,-0.2225209339563146
ST01,2026-07-18,6,5,1,1,34.7,120.0,17.4,32.0,0,1.3333333333333333,1.3333333333333333,1.8333333333333333,2.0,1.0,0,0,1.0,6.123233995736766e-17,-0.9749279121818236,-0.2225209339563146
ST01,2026-07-18,7,5,1,2,29.85,41.0,55.95,19.5,0,1.6666666666666667,1.3333333333333333,1.5833333333333333,1.0,1.0,0,0,0.9659258262890683,-0.25881904510252063,-0.9749279121818236,-0.2225209339563146
ST01,2026-07-18,8,5,1,2,22.75,105.0,17.9,37.0,0,1.6666666666666667,1.5,1.3333333333333333,2.0,5.0,1,0,0.8660254037844387,-0.4999999999999998,-0.9749279121818236,-0.2225209339563146
ST01,2026-07-18,9,5,1,1,38.8,60.0,38.8,29.0,0,1.6666666666666667,1.5,1.3333333333333333,2.0,4.0,1,0,0.7071067811865476,-0.7071067811865475,-0.9749279121818236,-0.2225209339563146
ST01,2026-07-18,10,5,1,4,25.875,142.5,11.0,33.75,0,2.3333333333333335,2.0,1.5833333333333333,1.0,4.0,1,0,0.49999999999999994,-0.8660254037844387,-0.9749279121818236,-0.2225209339563146
ST01,2026-07-18,11,5,1,3,34.5,140.0,14.799999999999999,28.333333333333332,0,2.6666666666666665,2.1666666666666665,1.75,4.0,3.0,0,0,0.258819045102521,-0.9659258262890682,-0.9749279121818236,-0.2225209339563146
ST01,2026-07-18,12,5,1,4,35.125,88.0,34.85,28.75,0,3.6666666666666665,2.6666666666666665,2.0,3.0,3.0,0,0,1.2246467991473532e-16,-1.0,-0.9749279121818236,-0.2225209339563146
ST01,2026-07-18,13,5,1,4,28.650000000000002,95.0,17.775,37.0,0,3.6666666666666665,3.0,2.1666666666666665,4.0,3.0,0,0,-0.2588190451025208,-0.9659258262890683,-0.9749279121818236,-0.2225209339563146
ST01,2026-07-18,14,5,1,4,31.625,68.0,47.15,20.5,0,4.0,3.3333333333333335,2.4166666666666665,4.0,3.0,0,0,-0.4999999999999997,-0.8660254037844388,-0.9749279121818236,-0.2225209339563146
ST01,2026-07-18,15,5,1,3,26.266666666666666,100.0,16.833333333333332,37.333333333333336,0,3.6666666666666665,3.6666666666666665,2.5833333333333335,4.0,3.0,0,0,-0.7071067811865471,-0.7071067811865479,-0.9749279121818236,-0.2225209339563146
ST01,2026-07-18,16,5,1,4,23.575,85.5,38.1,41.5,0,3.6666666666666665,3.6666666666666665,2.8333333333333335,3.0,3.0,0,0,-0.8660254037844385,-0.5000000000000004,-0.9749279121818236,-0.2225209339563146
ST01,2026-07-18,17,5,1,3,17.933333333333334,54.666666666666664,32.733333333333334,44.333333333333336,0,3.3333333333333335,3.6666666666666665,2.9166666666666665,4.0,4.0,0,1,-0.9659258262890683,-0.25881904510252063,-0.9749279121818236,-0.2225209339563146
ST01,2026-07-18,18,5,1,3,40.13333333333333,76.66666666666667,35.300000000000004,19.333333333333332,0,3.3333333333333335,3.5,3.0833333333333335,3.0,5.0,0,1,-1.0,-1.8369701987210297e-16,-0.9749279121818236,-0.2225209339563146
ST01,2026-07-18,19,5,1,3,30.333333333333332,64.66666666666667,54.300000000000004,24.0,0,3.0,3.3333333333333335,3.1666666666666665,3.0,5.0,0,1,-0.9659258262890684,0.2588190451025203,-0.9749279121818236,-0.2225209339563146
ST01,2026-07-18,20,5,1,2,33.7,150.0,13.45,24.5,0,2.6666666666666665,3.0,3.1666666666666665,3.0,5.0,0,1,-0.8660254037844386,0.5000000000000001,-0.9749279121818236,-0.2225209339563146
ST01,2026-07-18,21,5,1,2,39.9,86.0,39.7,27.5,0,2.3333333333333335,2.8333333333333335,3.25,2.0,1.0,0,0,-0.7071067811865477,0.7071067811865474,-0.9749279121818236,-0.2225209339563146
ST01,2026-07-18,22,5,1,2,28.25,60.0,28.25,14.5,0,2.0,2.5,3.0833333333333335,2.0,1.0,0,0,-0.5000000000000004,0.8660254037844384,-0.9749279121818236,-0.2225209339563146
ST01,2026-07-18,23,5,1,2,33.7,71.0,59.85,20.0,0,2.0,2.3333333333333335,3.0,2.0,1.0,0,0,-0.25881904510252157,0.9659258262890681,-0.9749279121818236,-0.2225209339563146
ST01,2026-07-19,0,6,1,1,44.3,120.0,22.1,28.0,0,1.6666666666666667,2.0,2.75,2.0,1.0,0,0,0.0,1.0,-0.7818314824680299,0.6234898018587334
ST01,2026-07-19,1,6,1,1,43.4,60.0,43.4,26.0,0,1.3333333333333333,1.6666666666666667,2.5,1.0,2.0,0,0,0.25881904510252074,0.9659258262890683,-0.7818314824680299,0.6234898018587334
ST01,2026-07-19,2,6,1,2,27.700000000000003,85.0,22.75,43.0,0,1.3333333333333333,1.6666666666666667,2.3333333333333335,1.0,1.0,0,0,0.49999999999999994,0.8660254037844387,-0.7818314824680299,0.6234898018587334
ST01,2026-07-19,3,6,1,2,32.0,86.0,55.15,24.5,0,1.6666666666666667,1.6666666666666667,2.25,2.0,1.0,0,0,0.7071067811865476,0.7071067811865476,-0.7818314824680299,0.6234898018587334
ST01,2026-07-19,4,6,1,2,36.75,150.0,14.7,18.5,0,2.0,1.6666666666666667,2.0833333333333335,2.0,1.0,0,0,0.8660254037844386,0.5000000000000001,-0.7818314824680299,0.6234898018587334
ST01,2026-07-19,5,6,1,2,43.400000000000006,41.0,82.85,18.5,0,2.0,1.6666666666666667,2.0,2.0,2.0,0,0,0.9659258262890683,0.25881904510252074,-0.7818314824680299,0.6234898018587334
ST01,2026-07-19,6,6,1,2,42.3,71.0,76.85000000000001,27.5,0,2.0,1.8333333333333333,1.9166666666666667,2.0,1.0,0,0,1.0,6.123233995736766e-17,-0.7818314824680299,0.6234898018587334
ST01,2026-07-19,7,6,1,2,29.85,120.0,14.95,27.5,0,2.0,2.0,1.8333333333333333,2.0,2.0,0,0,0.9659258262890683,-0.25881904510252063,-0.7818314824680299,0.6234898018587334
ST01,2026-07-19,8,6,1,2,38.5,86.0,53.6,24.0,0,2.0,2.0,1.8333333333333333,2.0,2.0,1,0,0.8660254037844387,-0.4999999999999998,-0.7818314824680299,0.6234898018587334
ST01,2026-07-19,9,6,1,2,27.4,90.0,22.15,36.5,0,2.0,2.0,1.8333333333333333,2.0,1.0,1,0,0.7071067811865476,-0.7071067811865475,-0.7818314824680299,0.6234898018587334
ST01,2026-07-19,10,6,1,4,36.599999999999994,48.0,57.0,16.25,0,2.6666666666666665,2.3333333333333335,2.0,2.0,4.0,1,0,0.49999999999999994,-0.8660254037844387,-0.7818314824680299,0.6234898018587334
ST01,2026-07-19,11,6,1,3,34.46666666666667,67.33333333333333,45.0,22.333333333333332,0,3.0,2.5,2.0833333333333335,4.0,3.0,0,0,0.258819045102521,-0.9659258262890682,-0.7818314824680299,0.6234898018587334
ST01,2026-07-19,12,6,1,4,27.55,93.0,34.325,37.0,0,3.6666666666666665,2.8333333333333335,2.3333333333333335,3.0,4.0,0,0,1.2246467991473532e-16,-1.0,-0.7818314824680299,0.6234898018587334
ST01,2026-07-19,13,6,1,3,41.03333333333333,120.0,20.5,23.333333333333332,0,3.3333333333333335,3.0,2.5,4.0,4.0,0,0,-0.2588190451025208,-0.9659258262890683,-0.7818314824680299,0.6234898018587334
ST01,2026-07-19,14,6,1,4,39.25,92.5,34.9,23.25,0,3.6666666666666665,3.3333333333333335,2.6666666666666665,3.0,4.0,0,0,-0.4999999999999997,-0.8660254037844388,-0.7818314824680299,0.6234898018587334
ST01,2026-07-19,15,6,1,3,30.733333333333334,31.333333333333332,69.16666666666667,21.666666666666668,0,3.3333333333333335,3.5,2.75,4.0,3.0,0,0,-0.7071067811865471,-0.7071067811865479,-0.7818314824680299,0.6234898018587334
ST01,2026-07-19,16,6,1,4,27.05,127.5,14.100000000000001,30.25,0,3.6666666666666665,3.5,2.9166666666666665,3.0,4.0,0,0,-0.8660254037844385,-0.5000000000000004,-0.7818314824680299,0.6234898018587334
ST01,2026-07-19,17,6,1,3,33.266666666666666,86.66666666666667,24.8,28.666666666666668,0,3.3333333333333335,3.5,3.0,4.0,3.0,0,1,-0.9659258262890683,-0.25881904510252063,-0.7818314824680299,0.6234898018587334
ST01,2026-07-19,18,6,1,4,31.075,118.0,35.525,27.5,0,3.6666666666666665,3.5,3.1666666666666665,3.0,3.0,0,1,-1.0,-1.8369701987210297e-16,-0.7818314824680299,0.6234898018587334
ST01,2026-07-19,19,6,1,3,40.43333333333333,110.0,24.733333333333334,19.333333333333332,0,3.3333333333333335,3.5,3.25,4.0,3.0,0,1,-0.9659258262890684,0.2588190451025203,-0.7818314824680299,0.6234898018587334
ST01,2026-07-19,20,6,1,2,35.3,90.0,27.75,31.5,0,3.0,3.1666666666666665,3.25,3.0,2.0,0,1,-0.8660254037844386,0.5000000000000001,-0.7818314824680299,0.6234898018587334
ST01,2026-07-19,21,6,1,2,31.6,90.0,24.4,19.0,0,2.3333333333333335,3.0,3.25,2.0,2.0,0,0,-0.7071067811865477,0.7071067811865474,-0.7818314824680299,0.6234898018587334
ST01,2026-07-19,22,6,1,1,29.5,50.0,35.4,41.0,0,1.6666666666666667,2.5,3.0,2.0,2.0,0,0,-0.5000000000000004,0.8660254037844384,-0.7818314824680299,0.6234898018587334
ST01,2026-07-19,23,6,1,2,29.049999999999997,85.0,28.65,34.5,0,1.6666666666666667,2.3333333333333335,2.9166666666666665,1.0,2.0,0,0,-0.25881904510252157,0.9659258262890681,-0.7818314824680299,0.6234898018587334
ST01,2026-07-20,0,0,0,1,39.0,120.0,19.5,29.0,0,1.3333333333333333,1.8333333333333333,2.6666666666666665,2.0,1.0,0,0,0.0,1.0,0.0,1.0
ST01,2026-07-20,1,0,0,1,28.9,150.0,11.6,34.0,0,1.3333333333333333,1.5,2.5,1.0,1.0,0,0,0.25881904510252074,0.9659258262890683,0.0,1.0
ST01,2026-07-20,2,0,0,1,30.5,120.0,15.2,25.0,0,1.0,1.3333333333333333,2.25,1.0,2.0,0,0,0.49999999999999994,0.8660254037844387,0.0,1.0
ST01,2026-07-20,3,0,0,1,33.4,120.0,16.7,21.0,0,1.0,1.1666666666666667,2.0833333333333335,1.0,2.0,0,0,0.7071067811865476,0.7071067811865476,0.0,1.0
ST01,2026-07-20,4,0,0,1,41.8,150.0,16.7,20.0,0,1.0,1.1666666666666667,1.8333333333333333,1.0,2.0,0,0,0.8660254037844386,0.5000000000000001,0.0,1.0
ST01,2026-07-20,5,0,0,1,17.4,50.0,20.9,38.0,0,1.0,1.0,1.6666666666666667,1.0,2.0,0,0,0.9659258262890683,0.25881904510252074,0.0,1.0
ST01,2026-07-20,6,0,0,1,29.4,50.0,35.3,46.0,0,1.0,1.0,1.4166666666666667,1.0,2.0,0,0,1.0,6.123233995736766e-17,0.0,1.0
ST01,2026-07-20,7,0,0,1,31.4,50.0,37.7,25.0,0,1.0,1.0,1.25,1.0,2.0,0,0,0.9659258262890683,-0.25881904510252063,0.0,1.0
ST01,2026-07-20,8,0,0,4,38.15,38.5,73.3,25.75,0,2.0,1.5,1.4166666666666667,1.0,2.0,1,0,0.8660254037844387,-0.4999999999999998,0.0,1.0
ST01,2026-07-20,9,0,0,4,23.75,85.5,23.375,31.5,0,3.0,2.0,1.5833333333333333,4.0,2.0,1,0,0.7071067811865476,-0.7071067811865475,0.0,1.0
ST01,2026-07-20,10,0,0,4,38.625,102.5,26.625,22.0,0,4.0,2.5,1.8333333333333333,4.0,4.0,1,0,0.49999999999999994,-0.8660254037844387,0.0,1.0
ST01,2026-07-20,11,0,0,3,27.666666666666668,74.0,33.96666666666667,27.333333333333332,0,3.6666666666666665,2.8333333333333335,1.9166666666666667,4.0,3.0,0,0,0.258819045102521,-0.9659258262890682,0.0,1.0
ST01,2026-07-20,12,0,0,3,36.06666666666667,116.66666666666667,23.133333333333336,46.333333333333336,0,3.3333333333333335,3.1666666666666665,2.0833333333333335,3.0,4.0,0,0,1.2246467991473532e-16,-1.0,0.0,1.0
ST01,2026-07-20,13,0,0,3,29.333333333333332,90.0,24.266666666666666,21.666666666666668,0,3.0,3.5,2.25,3.0,3.0,0,0,-0.2588190451025208,-0.9659258262890683,0.0,1.0
ST01,2026-07-20,14,0,0,3,33.0,44.0,53.9,31.0,0,3.0,3.3333333333333335,2.4166666666666665,3.0,4.0,0,0,-0.4999999999999997,-0.8660254037844388,0.0,1.0
ST01,2026-07-20,15,0,0,3,33.733333333333334,64.66666666666667,70.16666666666667,37.0,0,3.0,3.1666666666666665,2.5833333333333335,3.0,3.0,0,0,-0.7071067811865471,-0.7071067811865479,0.0,1.0
ST01,2026-07-20,16,0,0,3,30.5,56.666666666666664,31.866666666666664,24.333333333333332,0,3.0,3.0,2.75,3.0,4.0,0,0,-0.8660254037844385,-0.5000000000000004,0.0,1.0
ST01,2026-07-20,17,0,0,5,28.6,100.4,30.939999999999998,27.8,0,3.6666666666666665,3.3333333333333335,3.0833333333333335,3.0,3.0,0,1,-0.9659258262890683,-0.25881904510252063,0.0,1.0
ST01,2026-07-20,18,0,0,5,28.52,80.4,28.759999999999998,33.4,0,4.333333333333333,3.6666666666666665,3.4166666666666665,5.0,4.0,0,1,-1.0,-1.8369701987210297e-16,0.0,1.0
ST01,2026-07-20,19,0,0,5,30.160000000000004,78.0,27.98,34.0,0,5.0,4.0,3.75,5.0,3.0,0,1,-0.9659258262890684,0.2588190451025203,0.0,1.0
ST01,2026-07-20,20,0,0,5,31.939999999999998,92.4,32.92,26.0,0,5.0,4.333333333333333,3.8333333333333335,5.0,2.0,0,1,-0.8660254037844386,0.5000000000000001,0.0,1.0
ST01,2026-07-20,21,0,0,2,24.75,150.0,9.899999999999999,45.0,0,4.0,4.166666666666667,3.6666666666666665,5.0,2.0,0,0,-0.7071067811865477,0.7071067811865474,0.0,1.0
ST01,2026-07-20,22,0,0,1,25.2,150.0,10.1,16.0,0,2.6666666666666665,3.8333333333333335,3.4166666666666665,2.0,1.0,0,0,-0.5000000000000004,0.8660254037844384,0.0,1.0
ST01,2026-07-20,23,0,0,1,25.2,60.0,25.2,47.0,0,1.3333333333333333,3.1666666666666665,3.25,1.0,2.0,0,0,-0.25881904510252157,0.9659258262890681,0.0,1.0
ST01,2026-07-21,0,1,0,1,23.6,22.0,64.4,28.0,0,1.0,2.5,3.0833333333333335,1.0,1.0,0,0,0.0,1.0,0.7818314824680298,0.6234898018587336
ST01,2026-07-21,1,1,0,1,24.4,150.0,9.8,44.0,0,1.0,1.8333333333333333,2.9166666666666665,1.0,1.0,0,0,0.25881904510252074,0.9659258262890683,0.7818314824680298,0.6234898018587336
ST01,2026-07-21,2,1,0,1,30.0,60.0,30.0,42.0,0,1.0,1.1666666666666667,2.75,1.0,1.0,0,0,0.49999999999999994,0.8660254037844387,0.7818314824680298,0.6234898018587336
ST01,2026-07-21,3,1,0,1,28.9,120.0,14.4,13.0,0,1.0,1.0,2.5833333333333335,1.0,1.0,0,0,0.7071067811865476,0.7071067811865476,0.7818314824680298,0.6234898018587336
ST01,2026-07-21,4,1,0,1,23.6,22.0,64.4,40.0,0,1.0,1.0,2.4166666666666665,1.0,1.0,0,0,0.8660254037844386,0.5000000000000001,0.7818314824680298,0.6234898018587336
ST01,2026-07-21,5,1,0,1,30.6,150.0,12.2,14.0,0,1.0,1.0,2.0833333333333335,1.0,1.0,0,0,0.9659258262890683,0.25881904510252074,0.7818314824680298,0.6234898018587336
ST01,2026-07-21,6,1,0,1,13.6,22.0,37.1,43.0,0,1.0,1.0,1.75,1.0,1.0,0,0,1.0,6.123233995736766e-17,0.7818314824680298,0.6234898018587336
ST01,2026-07-21,7,1,0,1,42.3,60.0,42.3,10.0,0,1.0,1.0,1.4166666666666667,1.0,1.0,0,0,0.9659258262890683,-0.25881904510252063,0.7818314824680298,0.6234898018587336
ST01,2026-07-21,8,1,0,4,35.025,70.0,36.425,25.75,0,2.0,1.5,1.3333333333333333,1.0,4.0,1,0,0.8660254037844387,-0.4999999999999998,0.7818314824680298,0.6234898018587336
ST01,2026-07-21,9,1,0,4,25.4,103.0,28.2,40.0,0,3.0,2.0,1.5,4.0,4.0,1,0,0.7071067811865476,-0.7071067811865475,0.7818314824680298,0.6234898018587336
ST01,2026-07-21,10,1,0,4,31.425,100.0,25.1,31.25,0,4.0,2.5,1.75,4.0,4.0,1,0,0.49999999999999994,-0.8660254037844387,0.7818314824680298,0.6234898018587336
ST01,2026-07-21,11,1,0,3,27.433333333333334,87.33333333333333,28.0,37.0,0,3.6666666666666665,2.8333333333333335,1.9166666666666667,4.0,3.0,0,0,0.258819045102521,-0.9659258262890682,0.7818314824680298,0.6234898018587336
ST01,2026-07-21,12,1,0,3,24.833333333333332,86.66666666666667,22.366666666666664,32.0,0,3.3333333333333335,3.1666666666666665,2.0833333333333335,3.0,3.0,0,0,1.2246467991473532e-16,-1.0,0.7818314824680298,0.6234898018587336
ST01,2026-07-21,13,1,0,3,31.933333333333334,44.0,48.96666666666667,37.0,0,3.0,3.5,2.25,3.0,3.0,0,0,-0.2588190451025208,-0.9659258262890683,0.7818314824680298,0.6234898018587336
ST01,2026-07-21,14,1,0,2,47.95,135.0,22.35,19.0,0,2.6666666666666665,3.1666666666666665,2.3333333333333335,3.0,3.0,0,0,-0.4999999999999997,-0.8660254037844388,0.7818314824680298,0.6234898018587336
ST01,2026-07-21,15,1,0,3,33.666666666666664,106.66666666666667,22.86666666666667,26.0,0,2.6666666666666665,3.0,2.5,2.0,3.0,0,0,-0.7071067811865471,-0.7071067811865479,0.7818314824680298,0.6234898018587336
ST01,2026-07-21,16,1,0,3,33.6,76.66666666666667,33.06666666666667,34.666666666666664,0,2.6666666666666665,2.8333333333333335,2.6666666666666665,3.0,3.0,0,0,-0.8660254037844385,-0.5000000000000004,0.7818314824680298,0.6234898018587336
ST01,2026-07-21,17,1,0,5,31.079999999999995,84.4,38.44,26.4,0,3.6666666666666665,3.1666666666666665,3.0,3.0,5.0,0,1,-0.9659258262890683,-0.25881904510252063,0.7818314824680298,0.6234898018587336
ST01,2026-07-21,18,1,0,5,33.160000000000004,94.4,33.42,27.2,0,4.333333333333333,3.5,3.3333333333333335,5.0,5.0,0,1,-1.0,-1.8369701987210297e-16,0.7818314824680298,0.6234898018587336
ST01,2026-07-21,19,1,0,5,31.0,64.4,39.739999999999995,32.2,0,5.0,3.8333333333333335,3.6666666666666665,5.0,5.0,0,1,-0.9659258262890684,0.2588190451025203,0.7818314824680298,0.6234898018587336
ST01,2026-07-21,20,1,0,4,26.15,68.0,37.425,30.75,0,4.666666666666667,4.166666666666667,3.6666666666666665,5.0,5.0,0,1,-0.8660254037844386,0.5000000000000001,0.7818314824680298,0.6234898018587336
ST01,2026-07-21,21,1,0,1,47.8,150.0,19.1,16.0,0,3.3333333333333335,3.8333333333333335,3.4166666666666665,4.0,2.0,0,0,-0.7071067811865477,0.7071067811865474,0.7818314824680298,0.6234898018587336
ST01,2026-07-21,22,1,0,2,33.3,36.0,62.849999999999994,41.0,0,2.3333333333333335,3.6666666666666665,3.25,1.0,1.0,0,0,-0.5000000000000004,0.8660254037844384,0.7818314824680298,0.6234898018587336
ST01,2026-07-21,23,1,0,1,54.2,60.0,54.2,12.0,0,1.3333333333333333,3.0,3.0833333333333335,2.0,1.0,0,0,-0.25881904510252157,0.9659258262890681,0.7818314824680298,0.6234898018587336
ST01,2026-07-22,0,2,0,1,25.8,150.0,10.3,21.0,0,1.3333333333333333,2.3333333333333335,2.9166666666666665,1.0,1.0,0,0,0.0,1.0,0.9749279121818236,-0.22252093395631434
ST01,2026-07-22,1,2,0,1,34.8,150.0,13.9,28.0,0,1.0,1.6666666666666667,2.75,1.0,1.0,0,0,0.25881904510252074,0.9659258262890683,0.9749279121818236,-0.22252093395631434
ST01,2026-07-22,2,2,0,1,39.5,120.0,19.8,26.0,0,1.0,1.1666666666666667,2.6666666666666665,1.0,1.0,0,0,0.49999999999999994,0.8660254037844387,0.9749279121818236,-0.22252093395631434
ST01,2026-07-22,3,2,0,1,53.5,120.0,26.8,12.0,0,1.0,1.1666666666666667,2.5,1.0,1.0,0,0,0.7071067811865476,0.7071067811865476,0.9749279121818236,-0.22252093395631434
ST01,2026-07-22,4,2,0,1,13.4,150.0,5.4,45.0,0,1.0,1.0,2.3333333333333335,1.0,1.0,0,0,0.8660254037844386,0.5000000000000001,0.9749279121818236,-0.22252093395631434
ST01,2026-07-22,5,2,0,1,34.9,22.0,95.2,27.0,0,1.0,1.0,2.0,1.0,1.0,0,0,0.9659258262890683,0.25881904510252074,0.9749279121818236,-0.22252093395631434
ST01,2026-07-22,6,2,0,1,18.1,22.0,49.4,44.0,0,1.0,1.0,1.6666666666666667,1.0,1.0,0,0,1.0,6.123233995736766e-17,0.9749279121818236,-0.22252093395631434
ST01,2026-07-22,7,2,0,1,14.2,50.0,17.0,50.0,0,1.0,1.0,1.3333333333333333,1.0,1.0,0,0,0.9659258262890683,-0.25881904510252063,0.9749279121818236,-0.22252093395631434
ST01,2026-07-22,8,2,0,4,38.5,95.5,33.55,28.25,0,2.0,1.5,1.3333333333333333,1.0,4.0,1,0,0.8660254037844387,-0.4999999999999998,0.9749279121818236,-0.22252093395631434
ST01,2026-07-22,9,2,0,4,29.475,100.0,25.25,23.5,0,3.0,2.0,1.5833333333333333,4.0,4.0,1,0,0.7071067811865476,-0.7071067811865475,0.9749279121818236,-0.22252093395631434
ST01,2026-07-22,10,2,0,4,32.975,31.5,76.325,24.25,0,4.0,2.5,1.75,4.0,4.0,1,0,0.49999999999999994,-0.8660254037844387,0.9749279121818236,-0.22252093395631434
ST01,2026-07-22,11,2,0,3,26.566666666666666,97.33333333333333,32.333333333333336,31.666666666666668,0,3.6666666666666665,2.8333333333333335,1.9166666666666667,4.0,3.0,0,0,0.258819045102521,-0.9659258262890682,0.9749279121818236,-0.22252093395631434
ST01,2026-07-22,12,2,0,3,31.833333333333332,97.33333333333333,42.9,29.333333333333332,0,3.3333333333333335,3.1666666666666665,2.0833333333333335,3.0,3.0,0,0,1.2246467991473532e-16,-1.0,0.9749279121818236,-0.22252093395631434
ST01,2026-07-22,13,2,0,3,26.2,90.0,22.73333333333333,32.0,0,3.0,3.5,2.25,3.0,3.0,0,0,-0.2588190451025208,-0.9659258262890683,0.9749279121818236,-0.22252093395631434
ST01,2026-07-22,14,2,0,3,40.93333333333334,64.0,61.26666666666666,24.333333333333332,0,3.0,3.3333333333333335,2.4166666666666665,3.0,2.0,0,0,-0.4999999999999997,-0.8660254037844388,0.9749279121818236,-0.22252093395631434
ST01,2026-07-22,15,2,0,2,20.15,55.0,21.65,35.5,0,2.6666666666666665,3.0,2.5,3.0,3.0,0,0,-0.7071067811865471,-0.7071067811865479,0.9749279121818236,-0.22252093395631434
ST01,2026-07-22,16,2,0,3,36.03333333333333,44.0,56.06666666666666,27.0,0,2.6666666666666665,2.8333333333333335,2.6666666666666665,2.0,3.0,0,0,-0.8660254037844385,-0.5000000000000004,0.9749279121818236,-0.22252093395631434
ST01,2026-07-22,17,2,0,5,34.9,120.0,18.68,25.6,0,3.3333333333333335,3.1666666666666665,3.0,3.0,5.0,0,1,-0.9659258262890683,-0.25881904510252063,0.9749279121818236,-0.22252093395631434
ST01,2026-07-22,18,2,0,5,41.88,92.8,50.12,33.2,0,4.333333333333333,3.5,3.3333333333333335,5.0,5.0,0,1,-1.0,-1.8369701987210297e-16,0.9749279121818236,-0.22252093395631434
ST01,2026-07-22,19,2,0,5,35.52,67.2,59.739999999999995,24.8,0,5.0,3.8333333333333335,3.6666666666666665,5.0,5.0,0,1,-0.9659258262890684,0.2588190451025203,0.9749279121818236,-0.22252093395631434
ST01,2026-07-22,20,2,0,4,32.375,60.5,44.925,18.0,0,4.666666666666667,4.0,3.6666666666666665,5.0,4.0,0,1,-0.8660254037844386,0.5000000000000001,0.9749279121818236,-0.22252093395631434
ST01,2026-07-22,21,2,0,1,31.6,120.0,15.8,25.0,0,3.3333333333333335,3.8333333333333335,3.4166666666666665,4.0,1.0,0,0,-0.7071067811865477,0.7071067811865474,0.9749279121818236,-0.22252093395631434
ST01,2026-07-22,22,2,0,1,36.6,150.0,14.6,40.0,0,2.0,3.5,3.1666666666666665,1.0,2.0,0,0,-0.5000000000000004,0.8660254037844384,0.9749279121818236,-0.22252093395631434
ST01,2026-07-22,23,2,0,1,34.7,22.0,94.6,42.0,0,1.0,2.8333333333333335,3.0,1.0,1.0,0,0,-0.25881904510252157,0.9659258262890681,0.9749279121818236,-0.22252093395631434
ST01,2026-07-23,0,3,0,1,31.9,120.0,15.9,37.0,0,1.0,2.1666666666666665,2.8333333333333335,1.0,1.0,0,0,0.0,1.0,0.43388373911755823,-0.900968867902419
ST01,2026-07-23,1,3,0,1,42.2,22.0,115.1,15.0,0,1.0,1.5,2.6666666666666665,1.0,1.0,0,0,0.25881904510252074,0.9659258262890683,0.43388373911755823,-0.900968867902419
ST01,2026-07-23,2,3,0,1,37.3,50.0,44.8,11.0,0,1.0,1.0,2.5,1.0,1.0,0,0,0.49999999999999994,0.8660254037844387,0.43388373911755823,-0.900968867902419
ST01,2026-07-23,3,3,0,1,39.8,120.0,19.9,20.0,0,1.0,1.0,2.4166666666666665,1.0,1.0,0,0,0.7071067811865476,0.7071067811865476,0.43388373911755823,-0.900968867902419
ST01,2026-07-23,4,3,0,1,20.0,120.0,10.0,46.0,0,1.0,1.0,2.25,1.0,1.0,0,0,0.8660254037844386,0.5000000000000001,0.43388373911755823,-0.900968867902419
ST01,2026-07-23,5,3,0,1,39.3,60.0,39.3,26.0,0,1.0,1.0,1.9166666666666667,1.0,1.0,0,0,0.9659258262890683,0.25881904510252074,0.43388373911755823,-0.900968867902419
ST01,2026-07-23,6,3,0,1,17.5,120.0,8.8,50.0,0,1.0,1.0,1.5833333333333333,1.0,1.0,0,0,1.0,6.123233995736766e-17,0.43388373911755823,-0.900968867902419
ST01,2026-07-23,7,3,0,1,19.5,60.0,19.5,45.0,0,1.0,1.0,1.25,1.0,1.0,0,0,0.9659258262890683,-0.25881904510252063,0.43388373911755823,-0.900968867902419
ST01,2026-07-23,8,3,0,4,33.775000000000006,65.5,40.400000000000006,29.0,0,2.0,1.5,1.25,1.0,4.0,1,0,0.8660254037844387,-0.4999999999999998,0.43388373911755823,-0.900968867902419
ST01,2026-07-23,9,3,0,4,26.875,46.5,59.824999999999996,38.5,0,3.0,2.0,1.5,4.0,4.0,1,0,0.7071067811865476,-0.7071067811865475,0.43388373911755823,-0.900968867902419
ST01,2026-07-23,10,3,0,5,33.3,88.4,35.980000000000004,28.8,0,4.333333333333333,2.6666666666666665,1.8333333333333333,4.0,4.0,1,0,0.49999999999999994,-0.8660254037844387,0.43388373911755823,-0.900968867902419
ST01,2026-07-23,11,3,0,3,29.46666666666667,110.0,16.833333333333332,24.0,0,4.0,3.0,2.0,5.0,3.0,0,0,0.258819045102521,-0.9659258262890682,0.43388373911755823,-0.900968867902419
ST01,2026-07-23,12,3,0,2,30.1,36.0,58.1,40.5,0,3.3333333333333335,3.1666666666666665,2.0833333333333335,3.0,3.0,0,0,1.2246467991473532e-16,-1.0,0.43388373911755823,-0.900968867902419
ST01,2026-07-23,13,3,0,3,27.03333333333333,106.66666666666667,18.4,25.0,0,2.6666666666666665,3.5,2.25,2.0,3.0,0,0,-0.2588190451025208,-0.9659258262890683,0.43388373911755823,-0.900968867902419
ST01,2026-07-23,14,3,0,2,37.95,135.0,16.5,26.5,0,2.3333333333333335,3.1666666666666665,2.3333333333333335,3.0,3.0,0,0,-0.4999999999999997,-0.8660254037844388,0.43388373911755823,-0.900968867902419
ST01,2026-07-23,15,3,0,2,34.5,150.0,13.8,16.5,0,2.3333333333333335,2.8333333333333335,2.4166666666666665,2.0,2.0,0,0,-0.7071067811865471,-0.7071067811865479,0.43388373911755823,-0.900968867902419
ST01,2026-07-23,16,3,0,3,30.766666666666666,40.666666666666664,45.26666666666667,30.666666666666668,0,2.3333333333333335,2.5,2.5833333333333335,2.0,3.0,0,0,-0.8660254037844385,-0.5000000000000004,0.43388373911755823,-0.900968867902419
ST01,2026-07-23,17,3,0,5,31.1,68.8,47.68,34.6,0,3.3333333333333335,2.8333333333333335,2.9166666666666665,3.0,5.0,0,1,-0.9659258262890683,-0.25881904510252063,0.43388373911755823,-0.900968867902419
ST01,2026-07-23,18,3,0,4,43.05,53.5,73.7,22.5,0,4.0,3.1666666666666665,3.1666666666666665,5.0,5.0,0,1,-1.0,-1.8369701987210297e-16,0.43388373911755823,-0.900968867902419
ST01,2026-07-23,19,3,0,4,38.325,73.0,45.3,22.5,0,4.333333333333333,3.3333333333333335,3.4166666666666665,4.0,5.0,0,1,-0.9659258262890684,0.2588190451025203,0.43388373911755823,-0.900968867902419
ST01,2026-07-23,20,3,0,5,33.739999999999995,72.0,33.72,20.8,0,4.333333333333333,3.8333333333333335,3.5,4.0,4.0,0,1,-0.8660254037844386,0.5000000000000001,0.43388373911755823,-0.900968867902419
ST01,2026-07-23,21,3,0,1,16.8,22.0,45.8,39.0,0,3.3333333333333335,3.6666666666666665,3.25,5.0,1.0,0,0,-0.7071067811865477,0.7071067811865474,0.43388373911755823,-0.900968867902419
ST01,2026-07-23,22,3,0,1,24.2,150.0,9.7,31.0,0,2.3333333333333335,3.3333333333333335,2.9166666666666665,1.0,1.0,0,0,-0.5000000000000004,0.8660254037844384,0.43388373911755823,-0.900968867902419
ST01,2026-07-23,23,3,0,1,40.9,120.0,20.4,11.0,0,1.0,2.6666666666666665,2.75,1.0,1.0,0,0,-0.25881904510252157,0.9659258262890681,0.43388373911755823,-0.900968867902419
ST01,2026-07-24,0,4,0,1,27.7,120.0,13.8,41.0,0,1.0,2.1666666666666665,2.6666666666666665,1.0,1.0,0,0,0.0,1.0,-0.433883739117558,-0.9009688679024191
ST01,2026-07-24,1,4,0,1,28.4,150.0,11.4,34.0,0,1.0,1.6666666666666667,2.5,1.0,1.0,0,0,0.25881904510252074,0.9659258262890683,-0.433883739117558,-0.9009688679024191
ST01,2026-07-24,2,4,0,1,29.8,60.0,29.8,28.0,0,1.0,1.0,2.4166666666666665,1.0,1.0,0,0,0.49999999999999994,0.8660254037844387,-0.433883739117558,-0.9009688679024191
ST01,2026-07-24,3,4,0,1,45.1,60.0,45.1,17.0,0,1.0,1.0,2.3333333333333335,1.0,1.0,0,0,0.7071067811865476,0.7071067811865476,-0.433883739117558,-0.9009688679024191
ST01,2026-07-24,4,4,0,2,32.6,105.0,21.35,29.0,0,1.3333333333333333,1.1666666666666667,2.25,1.0,1.0,0,0,0.8660254037844386,0.5000000000000001,-0.433883739117558,-0.9009688679024191
ST01,2026-07-24,5,4,0,1,18.0,150.0,7.2,39.0,0,1.3333333333333333,1.1666666666666667,1.9166666666666667,2.0,1.0,0,0,0.9659258262890683,0.25881904510252074,-0.433883739117558,-0.9009688679024191
ST01,2026-07-24,6,4,0,1,37.2,60.0,37.2,31.0,0,1.3333333333333333,1.1666666666666667,1.6666666666666667,1.0,1.0,0,0,1.0,6.123233995736766e-17,-0.433883739117558,-0.9009688679024191
ST01,2026-07-24,7,4,0,1,22.8,120.0,11.4,48.0,0,1.0,1.1666666666666667,1.4166666666666667,1.0,1.0,0,0,0.9659258262890683,-0.25881904510252063,-0.433883739117558,-0.9009688679024191
ST01,2026-07-24,8,4,0,4,30.0,120.0,19.2,29.25,0,2.0,1.6666666666666667,1.3333333333333333,1.0,4.0,1,0,0.8660254037844387,-0.4999999999999998,-0.433883739117558,-0.9009688679024191
ST01,2026-07-24,9,4,0,5,25.1,100.0,19.1,42.6,0,3.3333333333333335,2.3333333333333335,1.6666666666666667,4.0,4.0,1,0,0.7071067811865476,-0.7071067811865475,-0.433883739117558,-0.9009688679024191
ST01,2026-07-24,10,4,0,4,38.55,63.0,44.9,21.5,0,4.333333333333333,2.6666666666666665,1.9166666666666667,5.0,5.0,1,0,0.49999999999999994,-0.8660254037844387,-0.433883739117558,-0.9009688679024191
ST01,2026-07-24,11,4,0,2,23.700000000000003,36.0,40.75,30.0,0,3.6666666666666665,2.8333333333333335,2.0,4.0,3.0,0,0,0.258819045102521,-0.9659258262890682,-0.433883739117558,-0.9009688679024191
ST01,2026-07-24,12,4,0,2,37.55,135.0,16.65,35.0,0,2.6666666666666665,3.0,2.0833333333333335,2.0,2.0,0,0,1.2246467991473532e-16,-1.0,-0.433883739117558,-0.9009688679024191
ST01,2026-07-24,13,4,0,3,28.366666666666664,77.33333333333333,49.366666666666674,32.0,0,2.3333333333333335,3.3333333333333335,2.25,2.0,3.0,0,0,-0.2588190451025208,-0.9659258262890683,-0.433883739117558,-0.9009688679024191
ST01,2026-07-24,14,4,0,2,33.75,135.0,15.549999999999999,39.5,0,2.3333333333333335,3.0,2.3333333333333335,3.0,2.0,0,0,-0.4999999999999997,-0.8660254037844388,-0.433883739117558,-0.9009688679024191
ST01,2026-07-24,15,4,0,3,31.566666666666663,60.0,31.566666666666663,28.333333333333332,0,2.6666666666666665,2.6666666666666665,2.5,2.0,2.0,0,0,-0.7071067811865471,-0.7071067811865479,-0.433883739117558,-0.9009688679024191
ST01,2026-07-24,16,4,0,2,30.45,36.0,57.95,32.5,0,2.3333333333333335,2.3333333333333335,2.5,3.0,3.0,0,0,-0.8660254037844385,-0.5000000000000004,-0.433883739117558,-0.9009688679024191
ST01,2026-07-24,17,4,0,5,36.239999999999995,62.4,46.739999999999995,29.0,0,3.3333333333333335,2.8333333333333335,2.8333333333333335,2.0,5.0,0,1,-0.9659258262890683,-0.25881904510252063,-0.433883739117558,-0.9009688679024191
ST01,2026-07-24,18,4,0,5,39.08,86.0,32.44,28.2,0,4.0,3.3333333333333335,3.1666666666666665,5.0,4.0,0,1,-1.0,-1.8369701987210297e-16,-0.433883739117558,-0.9009688679024191
ST01,2026-07-24,19,4,0,5,35.18,74.4,38.14,26.2,0,5.0,3.6666666666666665,3.5,5.0,4.0,0,1,-0.9659258262890684,0.2588190451025203,-0.433883739117558,-0.9009688679024191
ST01,2026-07-24,20,4,0,4,34.425,75.0,34.349999999999994,41.0,0,4.666666666666667,4.0,3.5,5.0,5.0,0,1,-0.8660254037844386,0.5000000000000001,-0.433883739117558,-0.9009688679024191
ST01,2026-07-24,21,4,0,1,19.5,120.0,9.8,31.0,0,3.3333333333333335,3.6666666666666665,3.1666666666666665,4.0,1.0,0,0,-0.7071067811865477,0.7071067811865474,-0.433883739117558,-0.9009688679024191
ST01,2026-07-24,22,4,0,1,23.4,22.0,63.8,18.0,0,2.0,3.5,2.9166666666666665,1.0,1.0,0,0,-0.5000000000000004,0.8660254037844384,-0.433883739117558,-0.9009688679024191
ST01,2026-07-24,23,4,0,1,46.1,120.0,23.1,10.0,0,1.0,2.8333333333333335,2.8333333333333335,1.0,1.0,0,0,-0.25881904510252157,0.9659258262890681,-0.433883739117558,-0.9009688679024191
ST01,2026-07-25,0,5,1,2,22.15,85.0,15.6,37.5,0,1.3333333333333333,2.3333333333333335,2.8333333333333335,1.0,1.0,0,0,0.0,1.0,-0.9749279121818236,-0.2225209339563146
ST01,2026-07-25,1,5,1,2,25.25,85.0,24.0,38.5,0,1.6666666666666667,1.8333333333333333,2.75,2.0,1.0,0,0,0.25881904510252074,0.9659258262890683,-0.9749279121818236,-0.2225209339563146
ST01,2026-07-25,2,5,1,2,28.549999999999997,135.0,12.9,28.5,0,2.0,1.5,2.75,2.0,1.0,0,0,0.49999999999999994,0.8660254037844387,-0.9749279121818236,-0.2225209339563146
ST01,2026-07-25,3,5,1,2,16.2,90.0,12.25,47.5,0,2.0,1.6666666666666667,2.6666666666666665,2.0,1.0,0,0,0.7071067811865476,0.7071067811865476,-0.9749279121818236,-0.2225209339563146
ST01,2026-07-25,4,5,1,1,38.0,120.0,19.0,39.0,0,1.6666666666666667,1.6666666666666667,2.5833333333333335,2.0,2.0,0,0,0.8660254037844386,0.5000000000000001,-0.9749279121818236,-0.2225209339563146
ST01,2026-07-25,5,5,1,1,42.4,60.0,42.4,41.0,0,1.3333333333333333,1.6666666666666667,2.25,1.0,1.0,0,0,0.9659258262890683,0.25881904510252074,-0.9749279121818236,-0.2225209339563146
ST01,2026-07-25,6,5,1,2,28.25,120.0,14.1,32.0,0,1.3333333333333333,1.6666666666666667,2.0,1.0,1.0,0,0,1.0,6.123233995736766e-17,-0.9749279121818236,-0.2225209339563146
ST01,2026-07-25,7,5,1,1,17.2,50.0,20.6,36.0,0,1.3333333333333333,1.5,1.6666666666666667,2.0,1.0,0,0,0.9659258262890683,-0.25881904510252063,-0.9749279121818236,-0.2225209339563146
ST01,2026-07-25,8,5,1,1,33.3,50.0,40.0,24.0,0,1.3333333333333333,1.3333333333333333,1.4166666666666667,1.0,4.0,1,0,0.8660254037844387,-0.4999999999999998,-0.9749279121818236,-0.2225209339563146
ST01,2026-07-25,9,5,1,1,18.4,22.0,50.2,42.0,0,1.0,1.1666666666666667,1.4166666666666667,1.0,5.0,1,0,0.7071067811865476,-0.7071067811865475,-0.9749279121818236,-0.2225209339563146
ST01,2026-07-25,10,5,1,4,25.375,78.5,37.6,37.5,0,2.0,1.6666666666666667,1.6666666666666667,1.0,4.0,1,0,0.49999999999999994,-0.8660254037844387,-0.9749279121818236,-0.2225209339563146
ST01,2026-07-25,11,5,1,3,28.5,90.0,23.46666666666667,30.0,0,2.6666666666666665,2.0,1.8333333333333333,4.0,2.0,0,0,0.258819045102521,-0.9659258262890682,-0.9749279121818236,-0.2225209339563146
ST01,2026-07-25,12,5,1,4,28.05,75.0,31.05,35.25,0,3.6666666666666665,2.3333333333333335,2.0,3.0,2.0,0,0,1.2246467991473532e-16,-1.0,-0.9749279121818236,-0.2225209339563146
ST01,2026-07-25,13,5,1,4,31.549999999999997,73.0,42.375,37.75,0,3.6666666666666665,2.8333333333333335,2.1666666666666665,4.0,3.0,0,0,-0.2588190451025208,-0.9659258262890683,-0.9749279121818236,-0.2225209339563146
ST01,2026-07-25,14,5,1,4,34.6,102.5,25.425,27.75,0,4.0,3.3333333333333335,2.3333333333333335,4.0,2.0,0,0,-0.4999999999999997,-0.8660254037844388,-0.9749279121818236,-0.2225209339563146
ST01,2026-07-25,15,5,1,4,24.2,75.0,24.075000000000003,34.5,0,4.0,3.8333333333333335,2.5,4.0,3.0,0,0,-0.7071067811865471,-0.7071067811865479,-0.9749279121818236,-0.2225209339563146
ST01,2026-07-25,16,5,1,4,26.425,60.5,45.6,36.0,0,4.0,3.8333333333333335,2.75,4.0,2.0,0,0,-0.8660254037844385,-0.5000000000000004,-0.9749279121818236,-0.2225209339563146
ST01,2026-07-25,17,5,1,4,29.725,110.5,27.375,28.25,0,4.0,4.0,3.0,4.0,5.0,0,1,-0.9659258262890683,-0.25881904510252063,-0.9749279121818236,-0.2225209339563146
ST01,2026-07-25,18,5,1,3,33.199999999999996,64.66666666666667,58.900000000000006,27.666666666666668,0,3.6666666666666665,3.8333333333333335,3.0833333333333335,4.0,5.0,0,1,-1.0,-1.8369701987210297e-16,-0.9749279121818236,-0.2225209339563146
ST01,2026-07-25,19,5,1,3,36.0,60.0,36.0,17.666666666666668,0,3.3333333333333335,3.6666666666666665,3.25,3.0,5.0,0,1,-0.9659258262890684,0.2588190451025203,-0.9749279121818236,-0.2225209339563146
ST01,2026-07-25,20,5,1,2,22.1,100.0,16.25,28.0,0,2.6666666666666665,3.3333333333333335,3.3333333333333335,3.0,4.0,0,1,-0.8660254037844386,0.5000000000000001,-0.9749279121818236,-0.2225209339563146
ST01,2026-07-25,21,5,1,2,38.45,71.0,71.75,11.0,0,2.3333333333333335,3.0,3.4166666666666665,2.0,1.0,0,0,-0.7071067811865477,0.7071067811865474,-0.9749279121818236,-0.2225209339563146
ST01,2026-07-25,22,5,1,2,36.75,22.0,100.2,26.5,0,2.0,2.6666666666666665,3.25,2.0,1.0,0,0,-0.5000000000000004,0.8660254037844384,-0.9749279121818236,-0.2225209339563146
ST01,2026-07-25,23,5,1,1,25.0,50.0,30.0,41.0,0,1.6666666666666667,2.1666666666666665,3.0833333333333335,2.0,1.0,0,0,-0.25881904510252157,0.9659258262890681,-0.9749279121818236,-0.2225209339563146
ST01,2026-07-26,0,6,1,2,36.65,86.0,74.6,22.0,0,1.6666666666666667,2.0,2.9166666666666665,1.0,2.0,0,0,0.0,1.0,-0.7818314824680299,0.6234898018587334
ST01,2026-07-26,1,6,1,2,17.9,85.0,15.8,43.0,0,1.6666666666666667,1.8333333333333333,2.75,2.0,2.0,0,0,0.25881904510252074,0.9659258262890683,-0.7818314824680299,0.6234898018587334
ST01,2026-07-26,2,6,1,2,25.65,71.0,41.800000000000004,30.5,0,2.0,1.8333333333333333,2.5833333333333335,2.0,2.0,0,0,0.49999999999999994,0.8660254037844387,-0.7818314824680299,0.6234898018587334
ST01,2026-07-26,3,6,1,2,34.2,22.0,93.25,32.5,0,2.0,1.8333333333333333,2.4166666666666665,2.0,2.0,0,0,0.7071067811865476,0.7071067811865476,-0.7818314824680299,0.6234898018587334
ST01,2026-07-26,4,6,1,2,24.5,36.0,41.05,34.5,0,2.0,1.8333333333333333,2.25,2.0,1.0,0,0,0.8660254037844386,0.5000000000000001,-0.7818314824680299,0.6234898018587334
ST01,2026-07-26,5,6,1,2,22.450000000000003,85.0,20.799999999999997,46.0,0,2.0,2.0,2.0833333333333335,2.0,1.0,0,0,0.9659258262890683,0.25881904510252074,-0.7818314824680299,0.6234898018587334
ST01,2026-07-26,6,6,1,1,39.0,150.0,15.6,35.0,0,1.6666666666666667,1.8333333333333333,1.9166666666666667,2.0,2.0,0,0,1.0,6.123233995736766e-17,-0.7818314824680299,0.6234898018587334
ST01,2026-07-26,7,6,1,1,27.4,50.0,32.9,13.0,0,1.3333333333333333,1.6666666666666667,1.75,1.0,1.0,0,0,0.9659258262890683,-0.25881904510252063,-0.7818314824680299,0.6234898018587334
ST01,2026-07-26,8,6,1,1,44.7,120.0,22.4,22.0,0,1.0,1.5,1.6666666666666667,1.0,1.0,1,0,0.8660254037844387,-0.4999999999999998,-0.7818314824680299,0.6234898018587334
ST01,2026-07-26,9,6,1,2,27.6,36.0,52.65,39.0,0,1.3333333333333333,1.5,1.6666666666666667,1.0,1.0,1,0,0.7071067811865476,-0.7071067811865475,-0.7818314824680299,0.6234898018587334
ST01,2026-07-26,10,6,1,4,35.6,95.0,26.0,32.25,0,2.3333333333333335,1.8333333333333333,1.8333333333333333,2.0,4.0,1,0,0.49999999999999994,-0.8660254037844387,-0.7818314824680299,0.6234898018587334
ST01,2026-07-26,11,6,1,4,25.4,120.0,13.575,40.25,0,3.3333333333333335,2.1666666666666665,2.0833333333333335,4.0,3.0,0,0,0.258819045102521,-0.9659258262890682,-0.7818314824680299,0.6234898018587334
ST01,2026-07-26,12,6,1,3,34.4,97.33333333333333,45.26666666666666,29.0,0,3.6666666666666665,2.5,2.1666666666666665,4.0,4.0,0,0,1.2246467991473532e-16,-1.0,-0.7818314824680299,0.6234898018587334
ST01,2026-07-26,13,6,1,3,26.7,64.66666666666667,51.23333333333333,33.0,0,3.3333333333333335,2.8333333333333335,2.25,3.0,4.0,0,0,-0.2588190451025208,-0.9659258262890683,-0.7818314824680299,0.6234898018587334
ST01,2026-07-26,14,6,1,3,29.233333333333334,86.66666666666667,24.666666666666668,37.0,0,3.0,3.1666666666666665,2.3333333333333335,3.0,4.0,0,0,-0.4999999999999997,-0.8660254037844388,-0.7818314824680299,0.6234898018587334
ST01,2026-07-26,15,6,1,3,31.2,34.666666666666664,72.83333333333333,36.666666666666664,0,3.0,3.3333333333333335,2.4166666666666665,3.0,4.0,0,0,-0.7071067811865471,-0.7071067811865479,-0.7818314824680299,0.6234898018587334
ST01,2026-07-26,16,6,1,3,36.03333333333333,140.0,15.466666666666667,39.333333333333336,0,3.0,3.1666666666666665,2.5,3.0,4.0,0,0,-0.8660254037844385,-0.5000000000000004,-0.7818314824680299,0.6234898018587334
ST01,2026-07-26,17,6,1,3,37.63333333333333,140.0,16.3,29.666666666666668,0,3.0,3.0,2.5833333333333335,3.0,4.0,0,1,-0.9659258262890683,-0.25881904510252063,-0.7818314824680299,0.6234898018587334
ST01,2026-07-26,18,6,1,3,32.93333333333333,76.66666666666667,32.0,27.333333333333332,0,3.0,3.0,2.75,3.0,3.0,0,1,-1.0,-1.8369701987210297e-16,-0.7818314824680299,0.6234898018587334
ST01,2026-07-26,19,6,1,4,26.35,73.0,32.55,35.75,0,3.3333333333333335,3.1666666666666665,3.0,3.0,3.0,0,1,-0.9659258262890684,0.2588190451025203,-0.7818314824680299,0.6234898018587334
ST01,2026-07-26,20,6,1,2,23.4,36.0,45.2,27.5,0,3.0,3.0,3.0833333333333335,4.0,2.0,0,1,-0.8660254037844386,0.5000000000000001,-0.7818314824680299,0.6234898018587334
ST01,2026-07-26,21,6,1,1,18.8,22.0,51.3,31.0,0,2.3333333333333335,2.6666666666666665,3.0,2.0,2.0,0,0,-0.7071067811865477,0.7071067811865474,-0.7818314824680299,0.6234898018587334
ST01,2026-07-26,22,6,1,1,36.0,150.0,14.4,19.0,0,1.3333333333333333,2.3333333333333335,2.75,1.0,2.0,0,0,-0.5000000000000004,0.8660254037844384,-0.7818314824680299,0.6234898018587334
ST01,2026-07-26,23,6,1,1,36.1,60.0,36.1,23.0,0,1.0,2.0,2.5,1.0,1.0,0,0,-0.25881904510252157,0.9659258262890681,-0.7818314824680299,0.6234898018587334
ST01,2026-07-27,0,0,0,1,42.7,22.0,116.5,19.0,0,1.0,1.6666666666666667,2.3333333333333335,1.0,2.0,0,0,0.0,1.0,0.0,1.0
ST01,2026-07-27,1,0,0,1,30.2,50.0,36.2,35.0,0,1.0,1.1666666666666667,2.1666666666666665,1.0,2.0,0,0,0.25881904510252074,0.9659258262890683,0.0,1.0
ST01,2026-07-27,2,0,0,2,24.85,86.0,46.25,36.5,0,1.3333333333333333,1.1666666666666667,2.0833333333333335,1.0,2.0,0,0,0.49999999999999994,0.8660254037844387,0.0,1.0
ST01,2026-07-27,3,0,0,1,30.1,120.0,15.1,37.0,0,1.3333333333333333,1.1666666666666667,1.9166666666666667,2.0,2.0,0,0,0.7071067811865476,0.7071067811865476,0.0,1.0
ST01,2026-07-27,4,0,0,1,37.9,60.0,37.9,11.0,0,1.3333333333333333,1.1666666666666667,1.75,1.0,2.0,0,0,0.8660254037844386,0.5000000000000001,0.0,1.0
ST01,2026-07-27,5,0,0,1,17.9,120.0,8.9,48.0,0,1.0,1.1666666666666667,1.5833333333333333,1.0,2.0,0,0,0.9659258262890683,0.25881904510252074,0.0,1.0
ST01,2026-07-27,6,0,0,1,31.3,120.0,15.7,38.0,0,1.0,1.1666666666666667,1.4166666666666667,1.0,1.0,0,0,1.0,6.123233995736766e-17,0.0,1.0
ST01,2026-07-27,7,0,0,1,30.9,22.0,84.3,27.0,0,1.0,1.1666666666666667,1.1666666666666667,1.0,1.0,0,0,0.9659258262890683,-0.25881904510252063,0.0,1.0
ST01,2026-07-27,8,0,0,5,33.12,60.8,51.48,30.8,0,2.3333333333333335,1.6666666666666667,1.4166666666666667,1.0,1.0,1,0,0.8660254037844387,-0.4999999999999998,0.0,1.0
ST01,2026-07-27,9,0,0,4,30.025,120.0,17.85,39.0,0,3.3333333333333335,2.1666666666666665,1.6666666666666667,5.0,2.0,1,0,0.7071067811865476,-0.7071067811865475,0.0,1.0
ST01,2026-07-27,10,0,0,5,24.740000000000002,54.8,37.5,37.2,0,4.666666666666667,2.8333333333333335,2.0,4.0,4.0,1,0,0.49999999999999994,-0.8660254037844387,0.0,1.0
ST01,2026-07-27,11,0,0,3,25.566666666666666,100.0,18.933333333333334,34.0,0,4.0,3.1666666666666665,2.1666666666666665,5.0,4.0,0,0,0.258819045102521,-0.9659258262890682,0.0,1.0
ST01,2026-07-27,12,0,0,2,40.3,55.0,43.95,29.0,0,3.3333333333333335,3.3333333333333335,2.25,3.0,3.0,0,0,1.2246467991473532e-16,-1.0,0.0,1.0
ST01,2026-07-27,13,0,0,3,40.06666666666666,76.66666666666667,39.0,24.666666666666668,0,2.6666666666666665,3.6666666666666665,2.4166666666666665,2.0,3.0,0,0,-0.2588190451025208,-0.9659258262890683,0.0,1.0
ST01,2026-07-27,14,0,0,2,33.1,50.0,39.7,25.0,0,2.3333333333333335,3.1666666666666665,2.4166666666666665,3.0,3.0,0,0,-0.4999999999999997,-0.8660254037844388,0.0,1.0
ST01,2026-07-27,15,0,0,3,33.233333333333334,77.33333333333333,36.23333333333333,28.333333333333332,0,2.6666666666666665,3.0,2.5833333333333335,2.0,3.0,0,0,-0.7071067811865471,-0.7071067811865479,0.0,1.0
ST01,2026-07-27,16,0,0,3,31.633333333333336,64.66666666666667,44.666666666666664,24.333333333333332,0,2.6666666666666665,2.6666666666666665,2.75,3.0,3.0,0,0,-0.8660254037844385,-0.5000000000000004,0.0,1.0
ST01,2026-07-27,17,0,0,5,30.1,74.0,29.9,19.4,0,3.6666666666666665,3.0,3.0833333333333335,3.0,3.0,0,1,-0.9659258262890683,-0.25881904510252063,0.0,1.0
ST01,2026-07-27,18,0,0,5,38.42,72.8,57.31999999999999,23.2,0,4.333333333333333,3.5,3.4166666666666665,5.0,3.0,0,1,-1.0,-1.8369701987210297e-16,0.0,1.0
ST01,2026-07-27,19,0,0,5,31.22,72.0,29.479999999999997,35.0,0,5.0,3.8333333333333335,3.75,5.0,4.0,0,1,-0.9659258262890684,0.2588190451025203,0.0,1.0
ST01,2026-07-27,20,0,0,5,27.02,66.8,36.58,28.0,0,5.0,4.333333333333333,3.75,5.0,2.0,0,1,-0.8660254037844386,0.5000000000000001,0.0,1.0
ST01,2026-07-27,21,0,0,1,13.5,22.0,36.8,47.0,0,3.6666666666666665,4.0,3.5,5.0,1.0,0,0,-0.7071067811865477,0.7071067811865474,0.0,1.0
ST01,2026-07-27,22,0,0,1,32.2,150.0,12.9,25.0,0,2.3333333333333335,3.6666666666666665,3.1666666666666665,1.0,1.0,0,0,-0.5000000000000004,0.8660254037844384,0.0,1.0
ST01,2026-07-27,23,0,0,1,17.7,22.0,48.3,45.0,0,1.0,3.0,3.0,1.0,1.0,0,0,-0.25881904510252157,0.9659258262890681,0.0,1.0
ST01,2026-07-28,0,1,0,1,49.1,22.0,133.9,10.0,0,1.0,2.3333333333333335,2.9166666666666665,1.0,1.0,0,0,0.0,1.0,0.7818314824680298,0.6234898018587336
ST01,2026-07-28,1,1,0,1,49.1,50.0,58.9,29.0,0,1.0,1.6666666666666667,2.75,1.0,1.0,0,0,0.25881904510252074,0.9659258262890683,0.7818314824680298,0.6234898018587336
ST01,2026-07-28,2,1,0,1,20.9,50.0,25.1,45.0,0,1.0,1.0,2.6666666666666665,1.0,2.0,0,0,0.49999999999999994,0.8660254037844387,0.7818314824680298,0.6234898018587336
ST01,2026-07-28,3,1,0,1,23.0,22.0,62.7,43.0,0,1.0,1.0,2.5,1.0,1.0,0,0,0.7071067811865476,0.7071067811865476,0.7818314824680298,0.6234898018587336
ST01,2026-07-28,4,1,0,1,37.5,22.0,102.3,41.0,0,1.0,1.0,2.3333333333333335,1.0,1.0,0,0,0.8660254037844386,0.5000000000000001,0.7818314824680298,0.6234898018587336
ST01,2026-07-28,5,1,0,1,36.7,60.0,36.7,18.0,0,1.0,1.0,2.0,1.0,1.0,0,0,0.9659258262890683,0.25881904510252074,0.7818314824680298,0.6234898018587336
ST01,2026-07-28,6,1,0,1,28.0,120.0,14.0,13.0,0,1.0,1.0,1.6666666666666667,1.0,1.0,0,0,1.0,6.123233995736766e-17,0.7818314824680298,0.6234898018587336
ST01,2026-07-28,7,1,0,1,36.3,120.0,18.1,31.0,0,1.0,1.0,1.3333333333333333,1.0,1.0,0,0,0.9659258262890683,-0.25881904510252063,0.7818314824680298,0.6234898018587336
ST01,2026-07-28,8,1,0,4,27.75,68.0,41.975,30.0,0,2.0,1.5,1.25,1.0,5.0,1,0,0.8660254037844387,-0.4999999999999998,0.7818314824680298,0.6234898018587336
ST01,2026-07-28,9,1,0,4,26.95,100.0,21.2,36.25,0,3.0,2.0,1.5,4.0,4.0,1,0,0.7071067811865476,-0.7071067811865475,0.7818314824680298,0.6234898018587336
ST01,2026-07-28,10,1,0,5,35.06,76.4,36.239999999999995,16.6,0,4.333333333333333,2.6666666666666665,1.8333333333333333,4.0,5.0,1,0,0.49999999999999994,-0.8660254037844387,0.7818314824680298,0.6234898018587336
ST01,2026-07-28,11,1,0,3,26.766666666666666,64.66666666666667,53.36666666666667,35.0,0,4.0,3.0,2.0,5.0,3.0,0,0,0.258819045102521,-0.9659258262890682,0.7818314824680298,0.6234898018587336
ST01,2026-07-28,12,1,0,3,41.766666666666666,76.66666666666667,38.0,13.0,0,3.6666666666666665,3.3333333333333335,2.1666666666666665,3.0,2.0,0,0,1.2246467991473532e-16,-1.0,0.7818314824680298,0.6234898018587336
ST01,2026-07-28,13,1,0,2,31.849999999999998,90.0,25.5,30.0,0,2.6666666666666665,3.5,2.25,3.0,3.0,0,0,-0.2588190451025208,-0.9659258262890683,0.7818314824680298,0.6234898018587336
ST01,2026-07-28,14,1,0,2,29.15,22.0,79.5,41.5,0,2.3333333333333335,3.1666666666666665,2.3333333333333335,2.0,2.0,0,0,-0.4999999999999997,-0.8660254037844388,0.7818314824680298,0.6234898018587336
ST01,2026-07-28,15,1,0,3,31.133333333333336,31.333333333333332,63.53333333333333,25.666666666666668,0,2.3333333333333335,3.0,2.5,2.0,3.0,0,0,-0.7071067811865471,-0.7071067811865479,0.7818314824680298,0.6234898018587336
ST01,2026-07-28,16,1,0,3,25.733333333333334,76.66666666666667,20.400000000000002,30.0,0,2.6666666666666665,2.6666666666666665,2.6666666666666665,3.0,3.0,0,0,-0.8660254037844385,-0.5000000000000004,0.7818314824680298,0.6234898018587336
ST01,2026-07-28,17,1,0,5,21.88,86.0,16.94,43.8,0,3.6666666666666665,3.0,3.0,3.0,5.0,0,1,-0.9659258262890683,-0.25881904510252063,0.7818314824680298,0.6234898018587336
ST01,2026-07-28,18,1,0,4,38.325,70.5,55.0,25.75,0,4.0,3.1666666666666665,3.25,5.0,5.0,0,1,-1.0,-1.8369701987210297e-16,0.7818314824680298,0.6234898018587336
ST01,2026-07-28,19,1,0,5,29.1,88.0,21.560000000000002,35.0,0,4.666666666666667,3.6666666666666665,3.5833333333333335,4.0,5.0,0,1,-0.9659258262890684,0.2588190451025203,0.7818314824680298,0.6234898018587336
ST01,2026-07-28,20,1,0,5,28.54,96.0,22.360000000000003,33.2,0,4.666666666666667,4.166666666666667,3.6666666666666665,5.0,5.0,0,1,-0.8660254037844386,0.5000000000000001,0.7818314824680298,0.6234898018587336
ST01,2026-07-28,21,1,0,1,39.9,150.0,16.0,18.0,0,3.6666666666666665,3.8333333333333335,3.4166666666666665,5.0,1.0,0,0,-0.7071067811865477,0.7071067811865474,0.7818314824680298,0.6234898018587336
ST01,2026-07-28,22,1,0,1,26.6,50.0,31.9,37.0,0,2.3333333333333335,3.5,3.0833333333333335,1.0,1.0,0,0,-0.5000000000000004,0.8660254037844384,0.7818314824680298,0.6234898018587336
ST01,2026-07-28,23,1,0,1,42.8,60.0,42.8,15.0,0,1.0,2.8333333333333335,2.9166666666666665,1.0,1.0,0,0,-0.25881904510252157,0.9659258262890681,0.7818314824680298,0.6234898018587336
ST01,2026-07-29,0,2,0,1,29.3,22.0,79.9,50.0,0,1.0,2.3333333333333335,2.75,1.0,1.0,0,0,0.0,1.0,0.9749279121818236,-0.22252093395631434
ST01,2026-07-29,1,2,0,1,27.1,50.0,32.5,35.0,0,1.0,1.6666666666666667,2.6666666666666665,1.0,1.0,0,0,0.25881904510252074,0.9659258262890683,0.9749279121818236,-0.22252093395631434
ST01,2026-07-29,2,2,0,1,25.7,120.0,12.8,44.0,0,1.0,1.0,2.5833333333333335,1.0,1.0,0,0,0.49999999999999994,0.8660254037844387,0.9749279121818236,-0.22252093395631434
ST01,2026-07-29,3,2,0,1,24.1,50.0,28.9,36.0,0,1.0,1.0,2.4166666666666665,1.0,1.0,0,0,0.7071067811865476,0.7071067811865476,0.9749279121818236,-0.22252093395631434
ST01,2026-07-29,4,2,0,1,30.7,150.0,12.3,34.0,0,1.0,1.0,2.25,1.0,1.0,0,0,0.8660254037844386,0.5000000000000001,0.9749279121818236,-0.22252093395631434
ST01,2026-07-29,5,2,0,1,41.7,22.0,113.7,33.0,0,1.0,1.0,1.9166666666666667,1.0,1.0,0,0,0.9659258262890683,0.25881904510252074,0.9749279121818236,-0.22252093395631434
ST01,2026-07-29,6,2,0,1,29.7,150.0,11.9,36.0,0,1.0,1.0,1.6666666666666667,1.0,1.0,0,0,1.0,6.123233995736766e-17,0.9749279121818236,-0.22252093395631434
ST01,2026-07-29,7,2,0,1,35.5,120.0,17.8,19.0,0,1.0,1.0,1.3333333333333333,1.0,1.0,0,0,0.9659258262890683,-0.25881904510252063,0.9749279121818236,-0.22252093395631434
ST01,2026-07-29,8,2,0,4,28.45,63.5,46.825,35.25,0,2.0,1.5,1.25,1.0,4.0,1,0,0.8660254037844387,-0.4999999999999998,0.9749279121818236,-0.22252093395631434
ST01,2026-07-29,9,2,0,5,23.98,92.8,40.06,40.4,0,3.3333333333333335,2.1666666666666665,1.5833333333333333,4.0,4.0,1,0,0.7071067811865476,-0.7071067811865475,0.9749279121818236,-0.22252093395631434
ST01,2026-07-29,10,2,0,5,43.4,78.8,64.4,19.2,0,4.666666666666667,2.8333333333333335,1.9166666666666667,5.0,5.0,1,0,0.49999999999999994,-0.8660254037844387,0.9749279121818236,-0.22252093395631434
ST01,2026-07-29,11,2,0,2,45.3,86.0,63.15,19.0,0,4.0,3.0,2.0,5.0,3.0,0,0,0.258819045102521,-0.9659258262890682,0.9749279121818236,-0.22252093395631434
ST01,2026-07-29,12,2,0,2,56.7,105.0,41.65,15.0,0,3.0,3.1666666666666665,2.0833333333333335,2.0,3.0,0,0,1.2246467991473532e-16,-1.0,0.9749279121818236,-0.22252093395631434
ST01,2026-07-29,13,2,0,3,22.7,140.0,10.133333333333333,40.666666666666664,0,2.3333333333333335,3.5,2.25,2.0,2.0,0,0,-0.2588190451025208,-0.9659258262890683,0.9749279121818236,-0.22252093395631434
ST01,2026-07-29,14,2,0,2,34.3,90.0,26.849999999999998,35.5,0,2.3333333333333335,3.1666666666666665,2.3333333333333335,3.0,2.0,0,0,-0.4999999999999997,-0.8660254037844388,0.9749279121818236,-0.22252093395631434
ST01,2026-07-29,15,2,0,3,31.766666666666666,44.0,47.96666666666667,28.666666666666668,0,2.6666666666666665,2.8333333333333335,2.5,2.0,3.0,0,0,-0.7071067811865471,-0.7071067811865479,0.9749279121818236,-0.22252093395631434
ST01,2026-07-29,16,2,0,3,28.866666666666664,77.33333333333333,34.233333333333334,26.333333333333332,0,2.6666666666666665,2.5,2.6666666666666665,3.0,3.0,0,0,-0.8660254037844385,-0.5000000000000004,0.9749279121818236,-0.22252093395631434
ST01,2026-07-29,17,2,0,5,23.759999999999998,62.4,30.46,35.2,0,3.6666666666666665,3.0,3.0,3.0,5.0,0,1,-0.9659258262890683,-0.25881904510252063,0.9749279121818236,-0.22252093395631434
ST01,2026-07-29,18,2,0,5,24.380000000000003,62.8,39.72,40.6,0,4.333333333333333,3.5,3.3333333333333335,5.0,4.0,0,1,-1.0,-1.8369701987210297e-16,0.9749279121818236,-0.22252093395631434
ST01,2026-07-29,19,2,0,5,29.8,104.4,31.119999999999997,27.8,0,5.0,3.8333333333333335,3.6666666666666665,5.0,5.0,0,1,-0.9659258262890684,0.2588190451025203,0.9749279121818236,-0.22252093395631434
ST01,2026-07-29,20,2,0,5,32.6,96.0,23.98,20.6,0,5.0,4.333333333333333,3.75,5.0,5.0,0,1,-0.8660254037844386,0.5000000000000001,0.9749279121818236,-0.22252093395631434
ST01,2026-07-29,21,2,0,1,26.7,22.0,72.8,36.0,0,3.6666666666666665,4.0,3.4166666666666665,5.0,1.0,0,0,-0.7071067811865477,0.7071067811865474,0.9749279121818236,-0.22252093395631434
ST01,2026-07-29,22,2,0,1,21.4,60.0,21.4,39.0,0,2.3333333333333335,3.6666666666666665,3.0833333333333335,1.0,1.0,0,0,-0.5000000000000004,0.8660254037844384,0.9749279121818236,-0.22252093395631434
ST01,2026-07-29,23,2,0,1,14.3,50.0,17.2,48.0,0,1.0,3.0,3.0,1.0,1.0,0,0,-0.25881904510252157,0.9659258262890681,0.9749279121818236,-0.22252093395631434
ST01,2026-07-30,0,3,0,1,45.8,60.0,45.8,11.0,0,1.0,2.3333333333333335,2.9166666666666665,1.0,1.0,0,0,0.0,1.0,0.43388373911755823,-0.900968867902419
ST01,2026-07-30,1,3,0,1,33.3,60.0,33.3,40.0,0,1.0,1.6666666666666667,2.75,1.0,1.0,0,0,0.25881904510252074,0.9659258262890683,0.43388373911755823,-0.900968867902419
ST01,2026-07-30,2,3,0,1,42.0,150.0,16.8,27.0,0,1.0,1.0,2.6666666666666665,1.0,1.0,0,0,0.49999999999999994,0.8660254037844387,0.43388373911755823,-0.900968867902419
ST01,2026-07-30,3,3,0,1,58.8,22.0,160.4,18.0,0,1.0,1.0,2.5,1.0,1.0,0,0,0.7071067811865476,0.7071067811865476,0.43388373911755823,-0.900968867902419
ST01,2026-07-30,4,3,0,1,48.5,22.0,132.3,12.0,0,1.0,1.0,2.3333333333333335,1.0,1.0,0,0,0.8660254037844386,0.5000000000000001,0.43388373911755823,-0.900968867902419
ST01,2026-07-30,5,3,0,1,19.0,120.0,9.5,45.0,0,1.0,1.0,2.0,1.0,1.0,0,0,0.9659258262890683,0.25881904510252074,0.43388373911755823,-0.900968867902419
ST01,2026-07-30,6,3,0,1,31.6,60.0,31.6,22.0,0,1.0,1.0,1.6666666666666667,1.0,1.0,0,0,1.0,6.123233995736766e-17,0.43388373911755823,-0.900968867902419
ST01,2026-07-30,7,3,0,1,42.5,150.0,17.0,12.0,0,1.0,1.0,1.3333333333333333,1.0,1.0,0,0,0.9659258262890683,-0.25881904510252063,0.43388373911755823,-0.900968867902419
ST01,2026-07-30,8,3,0,4,24.375,38.5,51.275,35.5,0,2.0,1.5,1.25,1.0,4.0,1,0,0.8660254037844387,-0.4999999999999998,0.43388373911755823,-0.900968867902419
ST01,2026-07-30,9,3,0,4,32.275,73.0,43.575,29.5,0,3.0,2.0,1.5,4.0,5.0,1,0,0.7071067811865476,-0.7071067811865475,0.43388373911755823,-0.900968867902419
ST01,2026-07-30,10,3,0,5,35.0,60.8,49.839999999999996,27.6,0,4.333333333333333,2.6666666666666665,1.8333333333333333,4.0,5.0,1,0,0.49999999999999994,-0.8660254037844387,0.43388373911755823,-0.900968867902419
ST01,2026-07-30,11,3,0,3,32.06666666666666,31.333333333333332,72.60000000000001,24.0,0,4.0,3.0,2.0,5.0,2.0,0,0,0.258819045102521,-0.9659258262890682,0.43388373911755823,-0.900968867902419
ST01,2026-07-30,12,3,0,2,24.15,85.0,20.15,31.0,0,3.3333333333333335,3.1666666666666665,2.0833333333333335,3.0,2.0,0,0,1.2246467991473532e-16,-1.0,0.43388373911755823,-0.900968867902419
ST01,2026-07-30,13,3,0,3,28.5,44.0,48.13333333333333,30.666666666666668,0,2.6666666666666665,3.5,2.25,2.0,3.0,0,0,-0.2588190451025208,-0.9659258262890683,0.43388373911755823,-0.900968867902419
ST01,2026-07-30,14,3,0,3,32.86666666666667,34.666666666666664,61.53333333333333,34.333333333333336,0,2.6666666666666665,3.3333333333333335,2.4166666666666665,3.0,2.0,0,0,-0.4999999999999997,-0.8660254037844388,0.43388373911755823,-0.900968867902419
ST01,2026-07-30,15,3,0,3,29.799999999999997,86.66666666666667,23.233333333333334,25.666666666666668,0,3.0,3.1666666666666665,2.5833333333333335,3.0,3.0,0,0,-0.7071067811865471,-0.7071067811865479,0.43388373911755823,-0.900968867902419
ST01,2026-07-30,16,3,0,3,37.36666666666667,83.33333333333333,37.06666666666667,29.0,0,3.0,2.8333333333333335,2.75,3.0,3.0,0,0,-0.8660254037844385,-0.5000000000000004,0.43388373911755823,-0.900968867902419
ST01,2026-07-30,17,3,0,5,25.3,66.4,36.52,29.0,0,3.6666666666666665,3.1666666666666665,3.0833333333333335,3.0,5.0,0,1,-0.9659258262890683,-0.25881904510252063,0.43388373911755823,-0.900968867902419
ST01,2026-07-30,18,3,0,5,32.5,60.8,51.1,29.8,0,4.333333333333333,3.6666666666666665,3.4166666666666665,5.0,5.0,0,1,-1.0,-1.8369701987210297e-16,0.43388373911755823,-0.900968867902419
ST01,2026-07-30,19,3,0,5,39.5,60.8,62.92,29.0,0,5.0,4.0,3.75,5.0,5.0,0,1,-0.9659258262890684,0.2588190451025203,0.43388373911755823,-0.900968867902419
ST01,2026-07-30,20,3,0,5,32.08,70.0,31.360000000000003,24.8,0,5.0,4.333333333333333,3.8333333333333335,5.0,5.0,0,1,-0.8660254037844386,0.5000000000000001,0.43388373911755823,-0.900968867902419
ST01,2026-07-30,21,3,0,1,23.2,60.0,23.2,31.0,0,3.6666666666666665,4.0,3.5833333333333335,5.0,1.0,0,0,-0.7071067811865477,0.7071067811865474,0.43388373911755823,-0.900968867902419
ST01,2026-07-30,22,3,0,1,18.1,22.0,49.4,42.0,0,2.3333333333333335,3.6666666666666665,3.25,1.0,1.0,0,0,-0.5000000000000004,0.8660254037844384,0.43388373911755823,-0.900968867902419
ST01,2026-07-30,23,3,0,1,35.6,60.0,35.6,26.0,0,1.0,3.0,3.0833333333333335,1.0,1.0,0,0,-0.25881904510252157,0.9659258262890681,0.43388373911755823,-0.900968867902419
ST02,2026-07-01,0,2,0,1,17.0,22.0,46.4,44.0,1,1.0,1.0,1.0,0.0,0.0,0,0,0.0,1.0,0.9749279121818236,-0.22252093395631434
ST02,2026-07-01,1,2,0,1,29.8,60.0,29.8,16.0,1,1.0,1.0,1.0,1.0,0.0,0,0,0.25881904510252074,0.9659258262890683,0.9749279121818236,-0.22252093395631434
ST02,2026-07-01,2,2,0,1,24.3,60.0,24.3,50.0,1,1.0,1.0,1.0,1.0,0.0,0,0,0.49999999999999994,0.8660254037844387,0.9749279121818236,-0.22252093395631434
ST02,2026-07-01,3,2,0,1,55.5,60.0,55.5,23.0,1,1.0,1.0,1.0,1.0,0.0,0,0,0.7071067811865476,0.7071067811865476,0.9749279121818236,-0.22252093395631434
ST02,2026-07-01,4,2,0,1,16.9,120.0,8.4,50.0,1,1.0,1.0,1.0,1.0,0.0,0,0,0.8660254037844386,0.5000000000000001,0.9749279121818236,-0.22252093395631434
ST02,2026-07-01,5,2,0,1,20.1,150.0,8.0,50.0,1,1.0,1.0,1.0,1.0,0.0,0,0,0.9659258262890683,0.25881904510252074,0.9749279121818236,-0.22252093395631434
ST02,2026-07-01,6,2,0,1,29.9,150.0,12.0,37.0,1,1.0,1.0,1.0,1.0,0.0,0,0,1.0,6.123233995736766e-17,0.9749279121818236,-0.22252093395631434
ST02,2026-07-01,7,2,0,1,17.4,120.0,8.7,42.0,1,1.0,1.0,1.0,1.0,0.0,0,0,0.9659258262890683,-0.25881904510252063,0.9749279121818236,-0.22252093395631434
ST02,2026-07-01,8,2,0,3,28.166666666666668,106.66666666666667,24.166666666666668,30.333333333333332,1,1.6666666666666667,1.3333333333333333,1.2222222222222223,1.0,0.0,1,0,0.8660254037844387,-0.4999999999999998,0.9749279121818236,-0.22252093395631434
ST02,2026-07-01,9,2,0,3,41.1,56.666666666666664,42.300000000000004,26.666666666666668,1,2.3333333333333335,1.6666666666666667,1.4,3.0,0.0,1,0,0.7071067811865476,-0.7071067811865475,0.9749279121818236,-0.22252093395631434
ST02,2026-07-01,10,2,0,3,41.6,77.33333333333333,55.96666666666667,31.0,1,3.0,2.0,1.5454545454545454,3.0,0.0,1,0,0.49999999999999994,-0.8660254037844387,0.9749279121818236,-0.22252093395631434
ST02,2026-07-01,11,2,0,2,36.35,36.0,69.75,38.0,1,2.6666666666666665,2.1666666666666665,1.5833333333333333,3.0,0.0,0,0,0.258819045102521,-0.9659258262890682,0.9749279121818236,-0.22252093395631434
ST02,2026-07-01,12,2,0,2,33.9,120.0,16.95,24.5,1,2.3333333333333335,2.3333333333333335,1.6666666666666667,2.0,0.0,0,0,1.2246467991473532e-16,-1.0,0.9749279121818236,-0.22252093395631434
ST02,2026-07-01,13,2,0,2,39.6,36.0,82.25,12.5,1,2.0,2.5,1.75,2.0,0.0,0,0,-0.2588190451025208,-0.9659258262890683,0.9749279121818236,-0.22252093395631434
ST02,2026-07-01,14,2,0,2,29.9,100.0,21.55,41.0,1,2.0,2.3333333333333335,1.8333333333333333,2.0,0.0,0,0,-0.4999999999999997,-0.8660254037844388,0.9749279121818236,-0.22252093395631434
ST02,2026-07-01,15,2,0,2,22.9,120.0,11.5,42.5,1,2.0,2.1666666666666665,1.9166666666666667,2.0,0.0,0,0,-0.7071067811865471,-0.7071067811865479,0.9749279121818236,-0.22252093395631434
ST02,2026-07-01,16,2,0,2,33.35,41.0,51.75,27.0,1,2.0,2.0,2.0,2.0,0.0,0,0,-0.8660254037844385,-0.5000000000000004,0.9749279121818236,-0.22252093395631434
ST02,2026-07-01,17,2,0,4,26.625,88.0,31.625,32.75,1,2.6666666666666665,2.3333333333333335,2.25,2.0,0.0,0,1,-0.9659258262890683,-0.25881904510252063,0.9749279121818236,-0.22252093395631434
ST02,2026-07-01,18,2,0,4,36.625,90.0,26.174999999999997,26.0,1,3.3333333333333335,2.6666666666666665,2.5,4.0,0.0,0,1,-1.0,-1.8369701987210297e-16,0.9749279121818236,-0.22252093395631434
ST02,2026-07-01,19,2,0,4,35.825,120.0,19.325,33.0,1,4.0,3.0,2.75,4.0,0.0,0,1,-0.9659258262890684,0.2588190451025203,0.9749279121818236,-0.22252093395631434
ST02,2026-07-01,20,2,0,4,21.775,110.5,19.15,39.5,1,4.0,3.3333333333333335,2.8333333333333335,4.0,0.0,0,1,-0.8660254037844386,0.5000000000000001,0.9749279121818236,-0.22252093395631434
ST02,2026-07-01,21,2,0,1,54.6,150.0,21.8,12.0,1,3.0,3.1666666666666665,2.6666666666666665,4.0,0.0,0,0,-0.7071067811865477,0.7071067811865474,0.9749279121818236,-0.22252093395631434
ST02,2026-07-01,22,2,0,1,32.2,120.0,16.1,34.0,1,2.0,3.0,2.5,1.0,0.0,0,0,-0.5000000000000004,0.8660254037844384,0.9749279121818236,-0.22252093395631434
ST02,2026-07-01,23,2,0,1,55.1,150.0,22.0,13.0,1,1.0,2.5,2.4166666666666665,1.0,0.0,0,0,-0.25881904510252157,0.9659258262890681,0.9749279121818236,-0.22252093395631434
ST02,2026-07-02,0,3,0,1,38.3,50.0,46.0,17.0,1,1.0,2.0,2.3333333333333335,1.0,1.0,0,0,0.0,1.0,0.43388373911755823,-0.900968867902419
ST02,2026-07-02,2,3,0,1,35.2,60.0,35.2,17.0,1,1.0,1.5,2.25,1.0,1.0,0,0,0.49999999999999994,0.8660254037844387,0.43388373911755823,-0.900968867902419
ST02,2026-07-02,3,3,0,1,21.6,22.0,58.9,32.0,1,1.0,1.0,2.1666666666666665,1.0,1.0,0,0,0.7071067811865476,0.7071067811865476,0.43388373911755823,-0.900968867902419
ST02,2026-07-02,6,3,0,1,15.3,120.0,7.7,42.0,1,1.0,1.0,2.0833333333333335,1.0,1.0,0,0,1.0,6.123233995736766e-17,0.43388373911755823,-0.900968867902419
ST02,2026-07-02,7,3,0,1,31.0,60.0,31.0,13.0,1,1.0,1.0,2.0,1.0,1.0,0,0,0.9659258262890683,-0.25881904510252063,0.43388373911755823,-0.900968867902419
ST02,2026-07-02,8,3,0,3,30.73333333333333,110.0,18.733333333333334,29.666666666666668,1,1.6666666666666667,1.3333333333333333,1.9166666666666667,1.0,1.0,1,0,0.8660254037844387,-0.4999999999999998,0.43388373911755823,-0.900968867902419
ST02,2026-07-02,9,3,0,3,23.733333333333334,22.0,64.73333333333333,32.333333333333336,1,2.3333333333333335,1.6666666666666667,1.8333333333333333,3.0,1.0,1,0,0.7071067811865476,-0.7071067811865475,0.43388373911755823,-0.900968867902419
ST02,2026-07-02,10,3,0,3,29.96666666666667,73.33333333333333,27.76666666666667,33.666666666666664,1,3.0,2.0,1.75,3.0,1.0,1,0,0.49999999999999994,-0.8660254037844387,0.43388373911755823,-0.900968867902419
ST02,2026-07-02,11,3,0,2,35.7,41.0,60.75,31.0,1,2.6666666666666665,2.1666666666666665,1.5833333333333333,3.0,3.0,0,0,0.258819045102521,-0.9659258262890682,0.43388373911755823,-0.900968867902419
ST02,2026-07-02,12,3,0,2,28.5,100.0,28.05,40.0,1,2.3333333333333335,2.3333333333333335,1.6666666666666667,2.0,3.0,0,0,1.2246467991473532e-16,-1.0,0.43388373911755823,-0.900968867902419
ST02,2026-07-02,13,3,0,2,26.25,86.0,30.5,32.5,1,2.0,2.5,1.75,2.0,3.0,0,0,-0.2588190451025208,-0.9659258262890683,0.43388373911755823,-0.900968867902419
ST02,2026-07-02,14,3,0,2,47.150000000000006,55.0,52.400000000000006,27.5,1,2.0,2.3333333333333335,1.8333333333333333,2.0,2.0,0,0,-0.4999999999999997,-0.8660254037844388,0.43388373911755823,-0.900968867902419
ST02,2026-07-02,15,3,0,2,40.5,135.0,17.95,26.0,1,2.0,2.1666666666666665,1.9166666666666667,2.0,2.0,0,0,-0.7071067811865471,-0.7071067811865479,0.43388373911755823,-0.900968867902419
ST02,2026-07-02,16,3,0,2,27.95,85.0,22.35,36.0,1,2.0,2.0,2.0,2.0,2.0,0,0,-0.8660254037844385,-0.5000000000000004,0.43388373911755823,-0.900968867902419
ST02,2026-07-02,17,3,0,3,29.400000000000002,31.333333333333332,60.63333333333333,32.333333333333336,1,2.3333333333333335,2.1666666666666665,2.1666666666666665,2.0,2.0,0,1,-0.9659258262890683,-0.25881904510252063,0.43388373911755823,-0.900968867902419
ST02,2026-07-02,18,3,0,4,29.325,95.0,19.4,33.25,1,3.0,2.5,2.4166666666666665,3.0,2.0,0,1,-1.0,-1.8369701987210297e-16,0.43388373911755823,-0.900968867902419
ST02,2026-07-02,19,3,0,3,28.066666666666666,22.0,76.53333333333333,26.0,1,3.3333333333333335,2.6666666666666665,2.5833333333333335,4.0,2.0,0,1,-0.9659258262890684,0.2588190451025203,0.43388373911755823,-0.900968867902419
ST02,2026-07-02,20,3,0,4,33.35,120.0,18.675,29.25,1,3.6666666666666665,3.0,2.6666666666666665,3.0,4.0,0,1,-0.8660254037844386,0.5000000000000001,0.43388373911755823,-0.900968867902419
ST02,2026-07-02,21,3,0,1,24.8,60.0,24.8,43.0,1,2.6666666666666665,2.8333333333333335,2.5,4.0,4.0,0,0,-0.7071067811865477,0.7071067811865474,0.43388373911755823,-0.900968867902419
ST02,2026-07-02,22,3,0,1,56.0,22.0,152.7,15.0,1,2.0,2.6666666666666665,2.3333333333333335,1.0,4.0,0,0,-0.5000000000000004,0.8660254037844384,0.43388373911755823,-0.900968867902419
ST02,2026-07-02,23,3,0,1,27.7,50.0,33.2,44.0,1,1.0,2.3333333333333335,2.25,1.0,4.0,0,0,-0.25881904510252157,0.9659258262890681,0.43388373911755823,-0.900968867902419
ST02,2026-07-03,1,4,0,1,39.7,60.0,39.7,19.0,1,1.0,1.8333333333333333,2.1666666666666665,1.0,1.0,0,0,0.25881904510252074,0.9659258262890683,-0.433883739117558,-0.9009688679024191
ST02,2026-07-03,2,4,0,1,18.1,120.0,9.1,34.0,1,1.0,1.5,2.0833333333333335,1.0,1.0,0,0,0.49999999999999994,0.8660254037844387,-0.433883739117558,-0.9009688679024191
ST02,2026-07-03,3,4,0,1,19.2,22.0,52.4,48.0,1,1.0,1.0,2.0,1.0,1.0,0,0,0.7071067811865476,0.7071067811865476,-0.433883739117558,-0.9009688679024191
ST02,2026-07-03,4,4,0,1,29.2,120.0,14.6,25.0,1,1.0,1.0,1.9166666666666667,1.0,1.0,0,0,0.8660254037844386,0.5000000000000001,-0.433883739117558,-0.9009688679024191
ST02,2026-07-03,5,4,0,1,40.0,120.0,20.0,19.0,1,1.0,1.0,1.8333333333333333,1.0,1.0,0,0,0.9659258262890683,0.25881904510252074,-0.433883739117558,-0.9009688679024191
ST02,2026-07-03,6,4,0,1,14.5,60.0,14.5,37.0,1,1.0,1.0,1.6666666666666667,1.0,1.0,0,0,1.0,6.123233995736766e-17,-0.433883739117558,-0.9009688679024191
ST02,2026-07-03,7,4,0,1,26.5,120.0,13.2,39.0,1,1.0,1.0,1.4166666666666667,1.0,1.0,0,0,0.9659258262890683,-0.25881904510252063,-0.433883739117558,-0.9009688679024191
ST02,2026-07-03,8,4,0,3,29.133333333333336,77.33333333333333,35.36666666666667,29.333333333333332,1,1.6666666666666667,1.3333333333333333,1.4166666666666667,1.0,1.0,1,0,0.8660254037844387,-0.4999999999999998,-0.433883739117558,-0.9009688679024191
ST02,2026-07-03,9,4,0,3,37.5,74.0,48.76666666666667,20.333333333333332,1,2.3333333333333335,1.6666666666666667,1.3333333333333333,3.0,3.0,1,0,0.7071067811865476,-0.7071067811865475,-0.433883739117558,-0.9009688679024191
ST02,2026-07-03,10,4,0,3,44.03333333333333,96.66666666666667,33.56666666666667,13.333333333333334,1,3.0,2.0,1.5,3.0,3.0,1,0,0.49999999999999994,-0.8660254037844387,-0.433883739117558,-0.9009688679024191
ST02,2026-07-03,11,4,0,2,27.35,86.0,43.05,37.5,1,2.6666666666666665,2.1666666666666665,1.5833333333333333,3.0,3.0,0,0,0.258819045102521,-0.9659258262890682,-0.433883739117558,-0.9009688679024191
ST02,2026-07-03,12,4,0,2,37.95,36.0,71.5,19.5,1,2.3333333333333335,2.3333333333333335,1.6666666666666667,2.0,2.0,0,0,1.2246467991473532e-16,-1.0,-0.433883739117558,-0.9009688679024191
ST02,2026-07-03,13,4,0,2,43.25,85.0,34.05,22.5,1,2.0,2.5,1.75,2.0,2.0,0,0,-0.2588190451025208,-0.9659258262890683,-0.433883739117558,-0.9009688679024191
ST02,2026-07-03,14,4,0,2,44.2,90.0,32.45,28.5,1,2.0,2.3333333333333335,1.8333333333333333,2.0,2.0,0,0,-0.4999999999999997,-0.8660254037844388,-0.433883739117558,-0.9009688679024191
ST02,2026-07-03,15,4,0,2,47.2,100.0,39.3,26.0,1,2.0,2.1666666666666665,1.9166666666666667,2.0,2.0,0,0,-0.7071067811865471,-0.7071067811865479,-0.433883739117558,-0.9009688679024191
ST02,2026-07-03,16,4,0,2,35.4,85.0,33.6,28.5,1,2.0,2.0,2.0,2.0,2.0,0,0,-0.8660254037844385,-0.5000000000000004,-0.433883739117558,-0.9009688679024191
ST02,2026-07-03,17,4,0,3,24.8,56.666666666666664,25.900000000000002,41.0,1,2.3333333333333335,2.1666666666666665,2.1666666666666665,2.0,2.0,0,1,-0.9659258262890683,-0.25881904510252063,-0.433883739117558,-0.9009688679024191
ST02,2026-07-03,18,4,0,3,28.96666666666667,100.0,19.2,25.666666666666668,1,2.6666666666666665,2.3333333333333335,2.3333333333333335,3.0,3.0,0,1,-1.0,-1.8369701987210297e-16,-0.433883739117558,-0.9009688679024191
ST02,2026-07-03,19,4,0,3,27.599999999999998,130.0,12.633333333333333,35.333333333333336,1,3.0,2.5,2.5,3.0,4.0,0,1,-0.9659258262890684,0.2588190451025203,-0.433883739117558,-0.9009688679024191
ST02,2026-07-03,20,4,0,4,35.3,112.5,20.725,26.0,1,3.3333333333333335,2.8333333333333335,2.5833333333333335,3.0,3.0,0,1,-0.8660254037844386,0.5000000000000001,-0.433883739117558,-0.9009688679024191
ST02,2026-07-03,21,4,0,1,25.4,120.0,12.7,32.0,1,2.6666666666666665,2.6666666666666665,2.4166666666666665,4.0,4.0,0,0,-0.7071067811865477,0.7071067811865474,-0.433883739117558,-0.9009688679024191
ST02,2026-07-03,22,4,0,1,32.1,60.0,32.1,27.0,1,2.0,2.5,2.25,1.0,1.0,0,0,-0.5000000000000004,0.8660254037844384,-0.433883739117558,-0.9009688679024191
ST02,2026-07-03,23,4,0,1,43.0,60.0,43.0,40.0,1,1.0,2.1666666666666665,2.1666666666666665,1.0,1.0,0,0,-0.25881904510252157,0.9659258262890681,-0.433883739117558,-0.9009688679024191
ST02,2026-07-04,0,5,1,1,39.1,120.0,19.6,28.0,1,1.0,1.8333333333333333,2.0833333333333335,1.0,1.0,0,0,0.0,1.0,-0.9749279121818236,-0.2225209339563146
ST02,2026-07-04,1,5,1,1,25.2,120.0,12.6,30.0,1,1.0,1.5,2.0,1.0,1.0,0,0,0.25881904510252074,0.9659258262890683,-0.9749279121818236,-0.2225209339563146
ST02,2026-07-04,2,5,1,1,35.8,60.0,35.8,20.0,1,1.0,1.0,1.9166666666666667,1.0,1.0,0,0,0.49999999999999994,0.8660254037844387,-0.9749279121818236,-0.2225209339563146
ST02,2026-07-04,3,5,1,1,38.5,120.0,19.2,11.0,1,1.0,1.0,1.8333333333333333,1.0,1.0,0,0,0.7071067811865476,0.7071067811865476,-0.9749279121818236,-0.2225209339563146
ST02,2026-07-04,4,5,1,1,17.3,120.0,8.7,43.0,1,1.0,1.0,1.75,1.0,1.0,0,0,0.8660254037844386,0.5000000000000001,-0.9749279121818236,-0.2225209339563146
ST02,2026-07-04,5,5,1,1,31.5,120.0,15.8,20.0,1,1.0,1.0,1.5833333333333333,1.0,1.0,0,0,0.9659258262890683,0.25881904510252074,-0.9749279121818236,-0.2225209339563146
ST02,2026-07-04,6,5,1,1,48.4,22.0,132.0,18.0,1,1.0,1.0,1.4166666666666667,1.0,1.0,0,0,1.0,6.123233995736766e-17,-0.9749279121818236,-0.2225209339563146
ST02,2026-07-04,7,5,1,1,46.0,120.0,23.0,20.0,1,1.0,1.0,1.25,1.0,1.0,0,0,0.9659258262890683,-0.25881904510252063,-0.9749279121818236,-0.2225209339563146
ST02,2026-07-04,8,5,1,2,35.8,36.0,67.2,34.0,1,1.3333333333333333,1.1666666666666667,1.0833333333333333,1.0,3.0,1,0,0.8660254037844387,-0.4999999999999998,-0.9749279121818236,-0.2225209339563146
ST02,2026-07-04,9,5,1,1,23.0,50.0,27.6,35.0,1,1.3333333333333333,1.1666666666666667,1.0833333333333333,2.0,3.0,1,0,0.7071067811865476,-0.7071067811865475,-0.9749279121818236,-0.2225209339563146
ST02,2026-07-04,10,5,1,3,30.53333333333333,120.0,17.233333333333334,31.666666666666668,1,2.0,1.5,1.25,1.0,3.0,1,0,0.49999999999999994,-0.8660254037844387,-0.9749279121818236,-0.2225209339563146
ST02,2026-07-04,11,5,1,3,30.666666666666668,64.0,40.266666666666666,28.666666666666668,1,2.3333333333333335,1.8333333333333333,1.4166666666666667,3.0,2.0,0,0,0.258819045102521,-0.9659258262890682,-0.9749279121818236,-0.2225209339563146
ST02,2026-07-04,12,5,1,3,20.733333333333334,54.666666666666664,41.03333333333334,41.333333333333336,1,3.0,2.1666666666666665,1.5833333333333333,3.0,2.0,0,0,1.2246467991473532e-16,-1.0,-0.9749279121818236,-0.2225209339563146
ST02,2026-07-04,13,5,1,2,33.1,41.0,50.35,35.5,1,2.6666666666666665,2.3333333333333335,1.6666666666666667,3.0,2.0,0,0,-0.2588190451025208,-0.9659258262890683,-0.9749279121818236,-0.2225209339563146
ST02,2026-07-04,14,5,1,3,36.233333333333334,107.33333333333333,53.03333333333333,23.333333333333332,1,2.6666666666666665,2.5,1.8333333333333333,2.0,2.0,0,0,-0.4999999999999997,-0.8660254037844388,-0.9749279121818236,-0.2225209339563146
ST02,2026-07-04,15,5,1,2,30.5,100.0,22.25,37.0,1,2.3333333333333335,2.6666666666666665,1.9166666666666667,3.0,2.0,0,0,-0.7071067811865471,-0.7071067811865479,-0.9749279121818236,-0.2225209339563146
ST02,2026-07-04,16,5,1,3,21.5,97.33333333333333,30.033333333333335,33.0,1,2.6666666666666665,2.6666666666666665,2.0833333333333335,2.0,2.0,0,0,-0.8660254037844385,-0.5000000000000004,-0.9749279121818236,-0.2225209339563146
ST02,2026-07-04,17,5,1,2,25.55,150.0,10.2,39.5,1,2.3333333333333335,2.5,2.1666666666666665,3.0,3.0,0,1,-0.9659258262890683,-0.25881904510252063,-0.9749279121818236,-0.2225209339563146
ST02,2026-07-04,18,5,1,2,22.25,60.0,22.25,29.5,1,2.3333333333333335,2.3333333333333335,2.25,2.0,3.0,0,1,-1.0,-1.8369701987210297e-16,-0.9749279121818236,-0.2225209339563146
ST02,2026-07-04,19,5,1,2,31.05,60.0,31.05,40.0,1,2.0,2.3333333333333335,2.3333333333333335,2.0,3.0,0,1,-0.9659258262890684,0.2588190451025203,-0.9749279121818236,-0.2225209339563146
ST02,2026-07-04,20,5,1,1,35.6,60.0,35.6,23.0,1,1.6666666666666667,2.0,2.25,2.0,4.0,0,1,-0.8660254037844386,0.5000000000000001,-0.9749279121818236,-0.2225209339563146
ST02,2026-07-04,21,5,1,1,21.1,60.0,21.1,50.0,1,1.3333333333333333,1.8333333333333333,2.25,1.0,1.0,0,0,-0.7071067811865477,0.7071067811865474,-0.9749279121818236,-0.2225209339563146
ST02,2026-07-04,22,5,1,1,23.0,60.0,23.0,44.0,1,1.0,1.5,2.0833333333333335,1.0,1.0,0,0,-0.5000000000000004,0.8660254037844384,-0.9749279121818236,-0.2225209339563146
ST02,2026-07-04,23,5,1,1,30.6,60.0,30.6,35.0,1,1.0,1.3333333333333333,1.9166666666666667,1.0,1.0,0,0,-0.25881904510252157,0.9659258262890681,-0.9749279121818236,-0.2225209339563146
ST02,2026-07-05,0,6,1,1,47.2,22.0,128.7,18.0,1,1.0,1.1666666666666667,1.75,1.0,1.0,0,0,0.0,1.0,-0.7818314824680299,0.6234898018587334
ST02,2026-07-05,1,6,1,2,35.35,105.0,25.900000000000002,29.5,1,1.3333333333333333,1.1666666666666667,1.75,1.0,1.0,0,0,0.25881904510252074,0.9659258262890683,-0.7818314824680299,0.6234898018587334
ST02,2026-07-05,2,6,1,2,26.3,120.0,13.15,28.0,1,1.6666666666666667,1.3333333333333333,1.6666666666666667,2.0,1.0,0,0,0.49999999999999994,0.8660254037844387,-0.7818314824680299,0.6234898018587334
ST02,2026-07-05,3,6,1,1,37.3,22.0,101.7,26.0,1,1.6666666666666667,1.3333333333333333,1.5833333333333333,2.0,1.0,0,0,0.7071067811865476,0.7071067811865476,-0.7818314824680299,0.6234898018587334
ST02,2026-07-05,4,6,1,1,18.3,60.0,18.3,30.0,1,1.3333333333333333,1.3333333333333333,1.4166666666666667,1.0,1.0,0,0,0.8660254037844386,0.5000000000000001,-0.7818314824680299,0.6234898018587334
ST02,2026-07-05,5,6,1,1,27.3,22.0,74.5,32.0,1,1.0,1.3333333333333333,1.3333333333333333,1.0,1.0,0,0,0.9659258262890683,0.25881904510252074,-0.7818314824680299,0.6234898018587334
ST02,2026-07-05,6,6,1,2,47.25,90.0,33.0,23.5,1,1.3333333333333333,1.5,1.3333333333333333,1.0,1.0,0,0,1.0,6.123233995736766e-17,-0.7818314824680299,0.6234898018587334
ST02,2026-07-05,7,6,1,2,26.2,71.0,59.05,45.5,1,1.6666666666666667,1.5,1.3333333333333333,2.0,1.0,0,0,0.9659258262890683,-0.25881904510252063,-0.7818314824680299,0.6234898018587334
ST02,2026-07-05,8,6,1,1,21.3,50.0,25.6,45.0,1,1.6666666666666667,1.3333333333333333,1.3333333333333333,2.0,2.0,1,0,0.8660254037844387,-0.4999999999999998,-0.7818314824680299,0.6234898018587334
ST02,2026-07-05,9,6,1,1,37.8,60.0,37.8,23.0,1,1.3333333333333333,1.3333333333333333,1.3333333333333333,1.0,1.0,1,0,0.7071067811865476,-0.7071067811865475,-0.7818314824680299,0.6234898018587334
ST02,2026-07-05,10,6,1,3,43.666666666666664,140.0,19.23333333333333,18.666666666666668,1,1.6666666666666667,1.6666666666666667,1.5,1.0,3.0,1,0,0.49999999999999994,-0.8660254037844387,-0.7818314824680299,0.6234898018587334
ST02,2026-07-05,11,6,1,2,34.05,36.0,57.55,26.5,1,2.0,1.8333333333333333,1.5833333333333333,3.0,3.0,0,0,0.258819045102521,-0.9659258262890682,-0.7818314824680299,0.6234898018587334
ST02,2026-07-05,12,6,1,3,44.93333333333334,86.66666666666667,40.166666666666664,21.333333333333332,1,2.6666666666666665,2.0,1.75,2.0,3.0,0,0,1.2246467991473532e-16,-1.0,-0.7818314824680299,0.6234898018587334
ST02,2026-07-05,13,6,1,3,33.0,76.66666666666667,30.466666666666665,33.0,1,2.6666666666666665,2.1666666666666665,1.8333333333333333,3.0,2.0,0,0,-0.2588190451025208,-0.9659258262890683,-0.7818314824680299,0.6234898018587334
ST02,2026-07-05,14,6,1,3,32.833333333333336,76.66666666666667,29.733333333333334,31.666666666666668,1,3.0,2.5,1.9166666666666667,3.0,3.0,0,0,-0.4999999999999997,-0.8660254037844388,-0.7818314824680299,0.6234898018587334
ST02,2026-07-05,15,6,1,2,34.75,105.0,21.55,21.0,1,2.6666666666666665,2.6666666666666665,2.0,3.0,2.0,0,0,-0.7071067811865471,-0.7071067811865479,-0.7818314824680299,0.6234898018587334
ST02,2026-07-05,16,6,1,2,34.900000000000006,85.0,28.5,31.5,1,2.3333333333333335,2.5,2.0833333333333335,2.0,3.0,0,0,-0.8660254037844385,-0.5000000000000004,-0.7818314824680299,0.6234898018587334
ST02,2026-07-05,17,6,1,3,29.833333333333332,64.66666666666667,66.63333333333334,25.666666666666668,1,2.3333333333333335,2.6666666666666665,2.25,2.0,2.0,0,1,-0.9659258262890683,-0.25881904510252063,-0.7818314824680299,0.6234898018587334
ST02,2026-07-05,18,6,1,2,27.25,71.0,46.050000000000004,38.5,1,2.3333333333333335,2.5,2.25,3.0,2.0,0,1,-1.0,-1.8369701987210297e-16,-0.7818314824680299,0.6234898018587334
ST02,2026-07-05,19,6,1,3,28.96666666666667,97.33333333333333,41.666666666666664,30.333333333333332,1,2.6666666666666665,2.5,2.3333333333333335,2.0,2.0,0,1,-0.9659258262890684,0.2588190451025203,-0.7818314824680299,0.6234898018587334
ST02,2026-07-05,20,6,1,1,29.4,60.0,29.4,30.0,1,2.0,2.1666666666666665,2.3333333333333335,3.0,1.0,0,1,-0.8660254037844386,0.5000000000000001,-0.7818314824680299,0.6234898018587334
ST02,2026-07-05,21,6,1,1,25.7,60.0,25.7,45.0,1,1.6666666666666667,2.0,2.3333333333333335,1.0,1.0,0,0,-0.7071067811865477,0.7071067811865474,-0.7818314824680299,0.6234898018587334
ST02,2026-07-05,22,6,1,1,38.6,120.0,19.3,25.0,1,1.0,1.8333333333333333,2.1666666666666665,1.0,1.0,0,0,-0.5000000000000004,0.8660254037844384,-0.7818314824680299,0.6234898018587334
ST02,2026-07-05,23,6,1,1,33.7,150.0,13.5,39.0,1,1.0,1.5,2.0833333333333335,1.0,1.0,0,0,-0.25881904510252157,0.9659258262890681,-0.7818314824680299,0.6234898018587334
ST02,2026-07-06,0,0,0,1,35.7,22.0,97.4,27.0,1,1.0,1.3333333333333333,1.9166666666666667,1.0,1.0,0,0,0.0,1.0,0.0,1.0
ST02,2026-07-06,1,0,0,1,24.4,22.0,66.5,32.0,1,1.0,1.0,1.75,1.0,2.0,0,0,0.25881904510252074,0.9659258262890683,0.0,1.0
ST02,2026-07-06,2,0,0,1,44.0,60.0,44.0,12.0,1,1.0,1.0,1.5833333333333333,1.0,2.0,0,0,0.49999999999999994,0.8660254037844387,0.0,1.0
ST02,2026-07-06,3,0,0,1,21.6,120.0,10.8,36.0,1,1.0,1.0,1.5,1.0,1.0,0,0,0.7071067811865476,0.7071067811865476,0.0,1.0
ST02,2026-07-06,4,0,0,1,34.8,60.0,34.8,17.0,1,1.0,1.0,1.4166666666666667,1.0,1.0,0,0,0.8660254037844386,0.5000000000000001,0.0,1.0
ST02,2026-07-06,5,0,0,1,26.5,22.0,72.3,38.0,1,1.0,1.0,1.25,1.0,1.0,0,0,0.9659258262890683,0.25881904510252074,0.0,1.0
ST02,2026-07-06,6,0,0,1,35.0,120.0,17.5,14.0,1,1.0,1.0,1.1666666666666667,1.0,2.0,0,0,1.0,6.123233995736766e-17,0.0,1.0
ST02,2026-07-06,7,0,0,1,47.4,120.0,23.7,16.0,1,1.0,1.0,1.0,1.0,2.0,0,0,0.9659258262890683,-0.25881904510252063,0.0,1.0
ST02,2026-07-06,8,0,0,4,30.675,95.0,19.775,26.25,1,2.0,1.5,1.25,1.0,1.0,1,0,0.8660254037844387,-0.4999999999999998,0.0,1.0
ST02,2026-07-06,9,0,0,3,22.833333333333332,40.666666666666664,37.96666666666667,32.333333333333336,1,2.6666666666666665,1.8333333333333333,1.4166666666666667,4.0,1.0,1,0,0.7071067811865476,-0.7071067811865475,0.0,1.0
ST02,2026-07-06,10,0,0,4,33.8,85.5,35.725,27.25,1,3.6666666666666665,2.3333333333333335,1.6666666666666667,3.0,3.0,1,0,0.49999999999999994,-0.8660254037844387,0.0,1.0
ST02,2026-07-06,11,0,0,2,37.2,85.0,35.199999999999996,22.5,1,3.0,2.5,1.75,4.0,2.0,0,0,0.258819045102521,-0.9659258262890682,0.0,1.0
ST02,2026-07-06,12,0,0,2,36.95,55.0,40.9,26.0,1,2.6666666666666665,2.6666666666666665,1.8333333333333333,2.0,3.0,0,0,1.2246467991473532e-16,-1.0,0.0,1.0
ST02,2026-07-06,13,0,0,2,34.6,100.0,34.449999999999996,20.5,1,2.0,2.8333333333333335,1.9166666666666667,2.0,3.0,0,0,-0.2588190451025208,-0.9659258262890683,0.0,1.0
ST02,2026-07-06,14,0,0,2,20.25,120.0,10.100000000000001,36.5,1,2.0,2.5,2.0,2.0,3.0,0,0,-0.4999999999999997,-0.8660254037844388,0.0,1.0
ST02,2026-07-06,15,0,0,2,31.9,36.0,67.55,22.5,1,2.0,2.3333333333333335,2.0833333333333335,2.0,2.0,0,0,-0.7071067811865471,-0.7071067811865479,0.0,1.0
ST02,2026-07-06,16,0,0,2,30.6,50.0,36.75,29.5,1,2.0,2.0,2.1666666666666665,2.0,2.0,0,0,-0.8660254037844385,-0.5000000000000004,0.0,1.0
ST02,2026-07-06,17,0,0,3,35.86666666666667,77.33333333333333,50.73333333333333,24.333333333333332,1,2.3333333333333335,2.1666666666666665,2.3333333333333335,2.0,3.0,0,1,-0.9659258262890683,-0.25881904510252063,0.0,1.0
ST02,2026-07-06,18,0,0,3,36.233333333333334,130.0,17.033333333333335,34.666666666666664,1,2.6666666666666665,2.3333333333333335,2.5,3.0,2.0,0,1,-1.0,-1.8369701987210297e-16,0.0,1.0
ST02,2026-07-06,19,0,0,3,25.266666666666666,64.0,43.43333333333334,35.666666666666664,1,3.0,2.5,2.6666666666666665,3.0,3.0,0,1,-0.9659258262890684,0.2588190451025203,0.0,1.0
ST02,2026-07-06,20,0,0,4,25.575,50.5,35.724999999999994,32.25,1,3.3333333333333335,2.8333333333333335,2.6666666666666665,3.0,1.0,0,1,-0.8660254037844386,0.5000000000000001,0.0,1.0
ST02,2026-07-06,21,0,0,1,31.3,50.0,37.6,30.0,1,2.6666666666666665,2.6666666666666665,2.5,4.0,1.0,0,0,-0.7071067811865477,0.7071067811865474,0.0,1.0
ST02,2026-07-06,22,0,0,1,22.9,50.0,27.5,26.0,1,2.0,2.5,2.25,1.0,1.0,0,0,-0.5000000000000004,0.8660254037844384,0.0,1.0
ST02,2026-07-06,23,0,0,1,24.7,22.0,67.4,45.0,1,1.0,2.1666666666666665,2.1666666666666665,1.0,1.0,0,0,-0.25881904510252157,0.9659258262890681,0.0,1.0
ST02,2026-07-07,0,1,0,1,27.6,150.0,11.0,18.0,1,1.0,1.8333333333333333,2.0833333333333335,1.0,1.0,0,0,0.0,1.0,0.7818314824680298,0.6234898018587336
ST02,2026-07-07,2,1,0,1,22.0,50.0,26.4,34.0,1,1.0,1.5,2.0,1.0,1.0,0,0,0.49999999999999994,0.8660254037844387,0.7818314824680298,0.6234898018587336
ST02,2026-07-07,3,1,0,1,31.8,150.0,12.7,34.0,1,1.0,1.0,1.9166666666666667,1.0,1.0,0,0,0.7071067811865476,0.7071067811865476,0.7818314824680298,0.6234898018587336
ST02,2026-07-07,4,1,0,1,15.7,60.0,15.7,45.0,1,1.0,1.0,1.8333333333333333,1.0,1.0,0,0,0.8660254037844386,0.5000000000000001,0.7818314824680298,0.6234898018587336
ST02,2026-07-07,5,1,0,1,43.5,60.0,43.5,26.0,1,1.0,1.0,1.75,1.0,1.0,0,0,0.9659258262890683,0.25881904510252074,0.7818314824680298,0.6234898018587336
ST02,2026-07-07,7,1,0,1,42.2,60.0,42.2,16.0,1,1.0,1.0,1.5833333333333333,1.0,1.0,0,0,0.9659258262890683,-0.25881904510252063,0.7818314824680298,0.6234898018587336
ST02,2026-07-07,8,1,0,3,26.46666666666667,44.0,36.199999999999996,37.333333333333336,1,1.6666666666666667,1.3333333333333333,1.5833333333333333,1.0,1.0,1,0,0.8660254037844387,-0.4999999999999998,0.7818314824680298,0.6234898018587336
ST02,2026-07-07,9,1,0,3,34.266666666666666,97.33333333333333,45.0,22.666666666666668,1,2.3333333333333335,1.6666666666666667,1.5833333333333333,3.0,1.0,1,0,0.7071067811865476,-0.7071067811865475,0.7818314824680298,0.6234898018587336
ST02,2026-07-07,10,1,0,3,35.26666666666667,100.0,22.566666666666666,33.333333333333336,1,3.0,2.0,1.5,3.0,4.0,1,0,0.49999999999999994,-0.8660254037844387,0.7818314824680298,0.6234898018587336
ST02,2026-07-07,11,1,0,2,35.9,105.0,25.25,22.0,1,2.6666666666666665,2.1666666666666665,1.5833333333333333,3.0,3.0,0,0,0.258819045102521,-0.9659258262890682,0.7818314824680298,0.6234898018587336
ST02,2026-07-07,12,1,0,2,34.55,90.0,26.25,36.5,1,2.3333333333333335,2.3333333333333335,1.6666666666666667,2.0,4.0,0,0,1.2246467991473532e-16,-1.0,0.7818314824680298,0.6234898018587336
ST02,2026-07-07,13,1,0,2,40.95,100.0,32.15,23.0,1,2.0,2.5,1.75,2.0,2.0,0,0,-0.2588190451025208,-0.9659258262890683,0.7818314824680298,0.6234898018587336
ST02,2026-07-07,14,1,0,2,32.05,86.0,68.35,28.0,1,2.0,2.3333333333333335,1.8333333333333333,2.0,2.0,0,0,-0.4999999999999997,-0.8660254037844388,0.7818314824680298,0.6234898018587336
ST02,2026-07-07,15,1,0,2,26.85,85.0,22.9,31.0,1,2.0,2.1666666666666665,1.9166666666666667,2.0,2.0,0,0,-0.7071067811865471,-0.7071067811865479,0.7818314824680298,0.6234898018587336
ST02,2026-07-07,16,1,0,2,32.75,90.0,24.25,15.5,1,2.0,2.0,2.0,2.0,2.0,0,0,-0.8660254037844385,-0.5000000000000004,0.7818314824680298,0.6234898018587336
ST02,2026-07-07,17,1,0,3,25.36666666666667,74.0,40.6,30.0,1,2.3333333333333335,2.1666666666666665,2.1666666666666665,2.0,2.0,0,1,-0.9659258262890683,-0.25881904510252063,0.7818314824680298,0.6234898018587336
ST02,2026-07-07,18,1,0,4,24.6,93.0,33.25,41.0,1,3.0,2.5,2.4166666666666665,3.0,2.0,0,1,-1.0,-1.8369701987210297e-16,0.7818314824680298,0.6234898018587336
ST02,2026-07-07,19,1,0,4,23.2,78.5,33.05,41.75,1,3.6666666666666665,2.8333333333333335,2.6666666666666665,4.0,3.0,0,1,-0.9659258262890684,0.2588190451025203,0.7818314824680298,0.6234898018587336
ST02,2026-07-07,20,1,0,4,27.55,45.5,37.375,26.75,1,4.0,3.1666666666666665,2.75,4.0,3.0,0,1,-0.8660254037844386,0.5000000000000001,0.7818314824680298,0.6234898018587336
ST02,2026-07-07,21,1,0,1,34.9,50.0,41.9,24.0,1,3.0,3.0,2.5833333333333335,4.0,3.0,0,0,-0.7071067811865477,0.7071067811865474,0.7818314824680298,0.6234898018587336
ST02,2026-07-07,22,1,0,1,25.6,50.0,30.7,30.0,1,2.0,2.8333333333333335,2.4166666666666665,1.0,4.0,0,0,-0.5000000000000004,0.8660254037844384,0.7818314824680298,0.6234898018587336
ST02,2026-07-08,0,2,0,1,27.6,120.0,13.8,45.0,1,1.0,2.5,2.3333333333333335,1.0,1.0,0,0,0.0,1.0,0.9749279121818236,-0.22252093395631434
ST02,2026-07-08,1,2,0,1,52.0,50.0,62.4,11.0,1,1.0,2.0,2.25,1.0,1.0,0,0,0.25881904510252074,0.9659258262890683,0.9749279121818236,-0.22252093395631434
ST02,2026-07-08,2,2,0,1,26.2,150.0,10.5,15.0,1,1.0,1.5,2.1666666666666665,1.0,1.0,0,0,0.49999999999999994,0.8660254037844387,0.9749279121818236,-0.22252093395631434
ST02,2026-07-08,4,2,0,1,26.6,120.0,13.3,43.0,1,1.0,1.0,2.0833333333333335,1.0,1.0,0,0,0.8660254037844386,0.5000000000000001,0.9749279121818236,-0.22252093395631434
ST02,2026-07-08,5,2,0,1,41.1,150.0,16.4,20.0,1,1.0,1.0,2.0,1.0,1.0,0,0,0.9659258262890683,0.25881904510252074,0.9749279121818236,-0.22252093395631434
ST02,2026-07-08,6,2,0,1,29.0,22.0,79.1,35.0,1,1.0,1.0,1.9166666666666667,1.0,1.0,0,0,1.0,6.123233995736766e-17,0.9749279121818236,-0.22252093395631434
ST02,2026-07-08,7,2,0,1,26.4,120.0,13.2,28.0,1,1.0,1.0,1.75,1.0,1.0,0,0,0.9659258262890683,-0.25881904510252063,0.9749279121818236,-0.22252093395631434
ST02,2026-07-08,8,2,0,3,37.43333333333334,40.666666666666664,59.06666666666666,22.0,1,1.6666666666666667,1.3333333333333333,1.6666666666666667,1.0,1.0,1,0,0.8660254037844387,-0.4999999999999998,0.9749279121818236,-0.22252093395631434
ST02,2026-07-08,9,2,0,3,33.0,34.666666666666664,73.36666666666666,37.0,1,2.3333333333333335,1.6666666666666667,1.5833333333333333,3.0,1.0,1,0,0.7071067811865476,-0.7071067811865475,0.9749279121818236,-0.22252093395631434
ST02,2026-07-08,10,2,0,3,29.03333333333333,87.33333333333333,42.166666666666664,33.666666666666664,1,3.0,2.0,1.5,3.0,3.0,1,0,0.49999999999999994,-0.8660254037844387,0.9749279121818236,-0.22252093395631434
ST02,2026-07-08,11,2,0,2,28.85,50.0,34.650000000000006,33.5,1,2.6666666666666665,2.1666666666666665,1.5833333333333333,3.0,3.0,0,0,0.258819045102521,-0.9659258262890682,0.9749279121818236,-0.22252093395631434
ST02,2026-07-08,12,2,0,2,28.6,41.0,53.55,30.0,1,2.3333333333333335,2.3333333333333335,1.6666666666666667,2.0,3.0,0,0,1.2246467991473532e-16,-1.0,0.9749279121818236,-0.22252093395631434
ST02,2026-07-08,13,2,0,2,43.45,135.0,19.7,26.5,1,2.0,2.5,1.75,2.0,2.0,0,0,-0.2588190451025208,-0.9659258262890683,0.9749279121818236,-0.22252093395631434
ST02,2026-07-08,14,2,0,2,31.45,105.0,20.95,35.5,1,2.0,2.3333333333333335,1.8333333333333333,2.0,2.0,0,0,-0.4999999999999997,-0.8660254037844388,0.9749279121818236,-0.22252093395631434
ST02,2026-07-08,15,2,0,2,30.4,85.0,25.55,27.0,1,2.0,2.1666666666666665,1.9166666666666667,2.0,2.0,0,0,-0.7071067811865471,-0.7071067811865479,0.9749279121818236,-0.22252093395631434
ST02,2026-07-08,16,2,0,2,24.4,50.0,29.299999999999997,33.0,1,2.0,2.0,2.0,2.0,2.0,0,0,-0.8660254037844385,-0.5000000000000004,0.9749279121818236,-0.22252093395631434
ST02,2026-07-08,17,2,0,4,32.375,68.0,43.7,22.75,1,2.6666666666666665,2.3333333333333335,2.25,2.0,2.0,0,1,-0.9659258262890683,-0.25881904510252063,0.9749279121818236,-0.22252093395631434
ST02,2026-07-08,18,2,0,4,34.6,63.0,43.475,32.25,1,3.3333333333333335,2.6666666666666665,2.5,4.0,2.0,0,1,-1.0,-1.8369701987210297e-16,0.9749279121818236,-0.22252093395631434
ST02,2026-07-08,19,2,0,4,32.8,105.0,21.675,27.0,1,4.0,3.0,2.75,4.0,3.0,0,1,-0.9659258262890684,0.2588190451025203,0.9749279121818236,-0.22252093395631434
ST02,2026-07-08,20,2,0,3,27.566666666666666,64.66666666666667,56.1,36.0,1,3.6666666666666665,3.1666666666666665,2.75,4.0,4.0,0,1,-0.8660254037844386,0.5000000000000001,0.9749279121818236,-0.22252093395631434
ST02,2026-07-08,21,2,0,1,33.0,60.0,33.0,31.0,1,2.6666666666666665,3.0,2.5833333333333335,3.0,4.0,0,0,-0.7071067811865477,0.7071067811865474,0.9749279121818236,-0.22252093395631434
ST02,2026-07-08,22,2,0,1,22.2,50.0,26.6,44.0,1,1.6666666666666667,2.8333333333333335,2.4166666666666665,1.0,4.0,0,0,-0.5000000000000004,0.8660254037844384,0.9749279121818236,-0.22252093395631434
ST02,2026-07-08,23,2,0,1,60.7,50.0,72.8,13.0,1,1.0,2.3333333333333335,2.3333333333333335,1.0,1.0,0,0,-0.25881904510252157,0.9659258262890681,0.9749279121818236,-0.22252093395631434
ST02,2026-07-09,0,3,0,1,35.6,150.0,14.2,24.0,1,1.0,1.8333333333333333,2.25,1.0,1.0,0,0,0.0,1.0,0.43388373911755823,-0.900968867902419
ST02,2026-07-09,1,3,0,1,30.7,150.0,12.3,30.0,1,1.0,1.3333333333333333,2.1666666666666665,1.0,1.0,0,0,0.25881904510252074,0.9659258262890683,0.43388373911755823,-0.900968867902419
ST02,2026-07-09,4,3,0,1,34.4,120.0,17.2,10.0,1,1.0,1.0,2.0833333333333335,1.0,1.0,0,0,0.8660254037844386,0.5000000000000001,0.43388373911755823,-0.900968867902419
ST02,2026-07-09,5,3,0,1,30.5,50.0,36.6,20.0,1,1.0,1.0,2.0,1.0,1.0,0,0,0.9659258262890683,0.25881904510252074,0.43388373911755823,-0.900968867902419
ST02,2026-07-09,7,3,0,1,26.4,60.0,26.4,37.0,1,1.0,1.0,1.9166666666666667,1.0,1.0,0,0,0.9659258262890683,-0.25881904510252063,0.43388373911755823,-0.900968867902419
ST02,2026-07-09,8,3,0,3,34.233333333333334,106.66666666666667,21.133333333333333,28.0,1,1.6666666666666667,1.3333333333333333,1.8333333333333333,1.0,1.0,1,0,0.8660254037844387,-0.4999999999999998,0.43388373911755823,-0.900968867902419
ST02,2026-07-09,9,3,0,3,35.166666666666664,150.0,14.066666666666668,20.666666666666668,1,2.3333333333333335,1.6666666666666667,1.75,3.0,1.0,1,0,0.7071067811865476,-0.7071067811865475,0.43388373911755823,-0.900968867902419
ST02,2026-07-09,10,3,0,3,33.833333333333336,140.0,14.799999999999999,34.333333333333336,1,3.0,2.0,1.6666666666666667,3.0,1.0,1,0,0.49999999999999994,-0.8660254037844387,0.43388373911755823,-0.900968867902419
ST02,2026-07-09,11,3,0,2,34.5,71.0,62.8,31.5,1,2.6666666666666665,2.1666666666666665,1.5833333333333333,3.0,3.0,0,0,0.258819045102521,-0.9659258262890682,0.43388373911755823,-0.900968867902419
ST02,2026-07-09,12,3,0,2,26.5,120.0,13.25,25.0,1,2.3333333333333335,2.3333333333333335,1.6666666666666667,2.0,3.0,0,0,1.2246467991473532e-16,-1.0,0.43388373911755823,-0.900968867902419
ST02,2026-07-09,13,3,0,2,43.85,22.0,119.55,19.5,1,2.0,2.5,1.75,2.0,3.0,0,0,-0.2588190451025208,-0.9659258262890683,0.43388373911755823,-0.900968867902419
ST02,2026-07-09,14,3,0,2,30.65,90.0,22.75,36.0,1,2.0,2.3333333333333335,1.8333333333333333,2.0,2.0,0,0,-0.4999999999999997,-0.8660254037844388,0.43388373911755823,-0.900968867902419
ST02,2026-07-09,15,3,0,2,47.3,135.0,21.6,27.5,1,2.0,2.1666666666666665,1.9166666666666667,2.0,2.0,0,0,-0.7071067811865471,-0.7071067811865479,0.43388373911755823,-0.900968867902419
ST02,2026-07-09,16,3,0,2,34.45,55.0,36.8,30.5,1,2.0,2.0,2.0,2.0,2.0,0,0,-0.8660254037844385,-0.5000000000000004,0.43388373911755823,-0.900968867902419
ST02,2026-07-09,17,3,0,3,30.133333333333336,76.66666666666667,25.46666666666667,23.666666666666668,1,2.3333333333333335,2.1666666666666665,2.1666666666666665,2.0,2.0,0,1,-0.9659258262890683,-0.25881904510252063,0.43388373911755823,-0.900968867902419
ST02,2026-07-09,18,3,0,4,38.1,80.5,53.975,17.0,1,3.0,2.5,2.4166666666666665,3.0,2.0,0,1,-1.0,-1.8369701987210297e-16,0.43388373911755823,-0.900968867902419
ST02,2026-07-09,19,3,0,4,28.9,112.5,16.6,28.75,1,3.6666666666666665,2.8333333333333335,2.6666666666666665,4.0,2.0,0,1,-0.9659258262890684,0.2588190451025203,0.43388373911755823,-0.900968867902419
ST02,2026-07-09,20,3,0,4,26.475,120.0,18.325,38.5,1,4.0,3.1666666666666665,2.75,4.0,4.0,0,1,-0.8660254037844386,0.5000000000000001,0.43388373911755823,-0.900968867902419
ST02,2026-07-09,22,3,0,1,23.6,60.0,23.6,46.0,1,3.0,3.0,2.5833333333333335,4.0,4.0,0,0,-0.5000000000000004,0.8660254037844384,0.43388373911755823,-0.900968867902419
ST02,2026-07-09,23,3,0,1,22.3,22.0,60.8,39.0,1,2.0,2.8333333333333335,2.4166666666666665,1.0,4.0,0,0,-0.25881904510252157,0.9659258262890681,0.43388373911755823,-0.900968867902419
ST02,2026-07-10,0,4,0,1,34.1,60.0,34.1,28.0,1,1.0,2.5,2.3333333333333335,1.0,3.0,0,0,0.0,1.0,-0.433883739117558,-0.9009688679024191
ST02,2026-07-10,2,4,0,1,28.8,50.0,34.6,11.0,1,1.0,2.0,2.25,1.0,1.0,0,0,0.49999999999999994,0.8660254037844387,-0.433883739117558,-0.9009688679024191
ST02,2026-07-10,3,4,0,1,13.2,150.0,5.3,47.0,1,1.0,1.5,2.1666666666666665,1.0,1.0,0,0,0.7071067811865476,0.7071067811865476,-0.433883739117558,-0.9009688679024191
ST02,2026-07-10,4,4,0,1,37.7,120.0,18.9,29.0,1,1.0,1.0,2.0833333333333335,1.0,1.0,0,0,0.8660254037844386,0.5000000000000001,-0.433883739117558,-0.9009688679024191
ST02,2026-07-10,6,4,0,1,32.6,60.0,32.6,26.0,1,1.0,1.0,2.0,1.0,1.0,0,0,1.0,6.123233995736766e-17,-0.433883739117558,-0.9009688679024191
ST02,2026-07-10,7,4,0,1,44.8,150.0,17.9,23.0,1,1.0,1.0,1.9166666666666667,1.0,1.0,0,0,0.9659258262890683,-0.25881904510252063,-0.433883739117558,-0.9009688679024191
ST02,2026-07-10,8,4,0,3,28.866666666666664,47.333333333333336,36.36666666666667,33.333333333333336,1,1.6666666666666667,1.3333333333333333,1.9166666666666667,1.0,1.0,1,0,0.8660254037844387,-0.4999999999999998,-0.433883739117558,-0.9009688679024191
ST02,2026-07-10,9,4,0,3,31.933333333333337,80.0,27.933333333333334,21.666666666666668,1,2.3333333333333335,1.6666666666666667,1.8333333333333333,3.0,1.0,1,0,0.7071067811865476,-0.7071067811865475,-0.433883739117558,-0.9009688679024191
ST02,2026-07-10,10,4,0,4,29.05,97.5,23.775000000000002,36.5,1,3.3333333333333335,2.1666666666666665,1.8333333333333333,3.0,1.0,1,0,0.49999999999999994,-0.8660254037844387,-0.433883739117558,-0.9009688679024191
ST02,2026-07-10,11,4,0,2,26.85,85.0,23.75,31.5,1,3.0,2.3333333333333335,1.6666666666666667,4.0,3.0,0,0,0.258819045102521,-0.9659258262890682,-0.433883739117558,-0.9009688679024191
ST02,2026-07-10,12,4,0,2,29.200000000000003,41.0,52.6,35.0,1,2.6666666666666665,2.5,1.75,2.0,3.0,0,0,1.2246467991473532e-16,-1.0,-0.433883739117558,-0.9009688679024191
ST02,2026-07-10,13,4,0,2,25.900000000000002,135.0,11.950000000000001,39.5,1,2.0,2.6666666666666665,1.8333333333333333,2.0,3.0,0,0,-0.2588190451025208,-0.9659258262890683,-0.433883739117558,-0.9009688679024191
ST02,2026-07-10,14,4,0,2,28.55,55.0,32.1,29.0,1,2.0,2.5,1.9166666666666667,2.0,2.0,0,0,-0.4999999999999997,-0.8660254037844388,-0.433883739117558,-0.9009688679024191
ST02,2026-07-10,15,4,0,2,36.45,36.0,76.94999999999999,20.5,1,2.0,2.3333333333333335,2.0,2.0,2.0,0,0,-0.7071067811865471,-0.7071067811865479,-0.433883739117558,-0.9009688679024191
ST02,2026-07-10,16,4,0,2,33.6,71.0,51.650000000000006,30.0,1,2.0,2.0,2.0833333333333335,2.0,2.0,0,0,-0.8660254037844385,-0.5000000000000004,-0.433883739117558,-0.9009688679024191
ST02,2026-07-10,17,4,0,4,29.375,63.5,48.925,31.75,1,2.6666666666666665,2.3333333333333335,2.3333333333333335,2.0,2.0,0,1,-0.9659258262890683,-0.25881904510252063,-0.433883739117558,-0.9009688679024191
ST02,2026-07-10,18,4,0,3,19.666666666666668,83.33333333333333,16.5,46.666666666666664,1,3.0,2.5,2.5,4.0,2.0,0,1,-1.0,-1.8369701987210297e-16,-0.433883739117558,-0.9009688679024191
ST02,2026-07-10,19,4,0,4,30.9,80.0,27.875,29.25,1,3.6666666666666665,2.8333333333333335,2.75,3.0,2.0,0,1,-0.9659258262890684,0.2588190451025203,-0.433883739117558,-0.9009688679024191
ST02,2026-07-10,20,4,0,4,30.625,63.5,48.75,28.75,1,3.6666666666666665,3.1666666666666665,2.8333333333333335,4.0,3.0,0,1,-0.8660254037844386,0.5000000000000001,-0.433883739117558,-0.9009688679024191
ST02,2026-07-10,21,4,0,1,18.9,22.0,51.5,42.0,1,3.0,3.0,2.6666666666666665,4.0,4.0,0,0,-0.7071067811865477,0.7071067811865474,-0.433883739117558,-0.9009688679024191
ST02,2026-07-10,22,4,0,1,41.1,120.0,20.6,10.0,1,2.0,2.8333333333333335,2.4166666666666665,1.0,4.0,0,0,-0.5000000000000004,0.8660254037844384,-0.433883739117558,-0.9009688679024191
ST02,2026-07-10,23,4,0,1,29.5,150.0,11.8,32.0,1,1.0,2.3333333333333335,2.3333333333333335,1.0,4.0,0,0,-0.25881904510252157,0.9659258262890681,-0.433883739117558,-0.9009688679024191
ST02,2026-07-11,0,5,1,1,28.7,150.0,11.5,21.0,1,1.0,2.0,2.25,1.0,1.0,0,0,0.0,1.0,-0.9749279121818236,-0.2225209339563146
ST02,2026-07-11,1,5,1,1,34.4,60.0,34.4,31.0,1,1.0,1.5,2.1666666666666665,1.0,1.0,0,0,0.25881904510252074,0.9659258262890683,-0.9749279121818236,-0.2225209339563146
ST02,2026-07-11,2,5,1,2,28.95,100.0,19.6,22.0,1,1.3333333333333333,1.1666666666666667,2.1666666666666665,1.0,1.0,0,0,0.49999999999999994,0.8660254037844387,-0.9749279121818236,-0.2225209339563146
ST02,2026-07-11,3,5,1,1,21.6,150.0,8.6,42.0,1,1.3333333333333333,1.1666666666666667,2.0833333333333335,2.0,1.0,0,0,0.7071067811865476,0.7071067811865476,-0.9749279121818236,-0.2225209339563146
ST02,2026-07-11,4,5,1,1,51.9,22.0,141.5,16.0,1,1.3333333333333333,1.1666666666666667,2.0,1.0,1.0,0,0,0.8660254037844386,0.5000000000000001,-0.9749279121818236,-0.2225209339563146
ST02,2026-07-11,5,5,1,1,14.5,150.0,5.8,47.0,1,1.0,1.1666666666666667,1.75,1.0,1.0,0,0,0.9659258262890683,0.25881904510252074,-0.9749279121818236,-0.2225209339563146
ST02,2026-07-11,6,5,1,1,40.0,150.0,16.0,27.0,1,1.0,1.1666666666666667,1.5833333333333333,1.0,1.0,0,0,1.0,6.123233995736766e-17,-0.9749279121818236,-0.2225209339563146
ST02,2026-07-11,7,5,1,1,31.1,120.0,15.5,33.0,1,1.0,1.1666666666666667,1.3333333333333333,1.0,1.0,0,0,0.9659258262890683,-0.25881904510252063,-0.9749279121818236,-0.2225209339563146
ST02,2026-07-11,8,5,1,1,26.9,120.0,13.4,48.0,1,1.0,1.0,1.0833333333333333,1.0,3.0,1,0,0.8660254037844387,-0.4999999999999998,-0.9749279121818236,-0.2225209339563146
ST02,2026-07-11,9,5,1,1,39.0,50.0,46.8,11.0,1,1.0,1.0,1.0833333333333333,1.0,3.0,1,0,0.7071067811865476,-0.7071067811865475,-0.9749279121818236,-0.2225209339563146
ST02,2026-07-11,10,5,1,3,38.4,83.33333333333333,37.9,26.666666666666668,1,1.6666666666666667,1.3333333333333333,1.25,1.0,4.0,1,0,0.49999999999999994,-0.8660254037844387,-0.9749279121818236,-0.2225209339563146
ST02,2026-07-11,11,5,1,3,44.63333333333333,64.66666666666667,82.63333333333334,21.0,1,2.3333333333333335,1.6666666666666667,1.4166666666666667,3.0,2.0,0,0,0.258819045102521,-0.9659258262890682,-0.9749279121818236,-0.2225209339563146
ST02,2026-07-11,12,5,1,3,34.9,76.66666666666667,30.633333333333336,31.666666666666668,1,3.0,2.0,1.5833333333333333,3.0,2.0,0,0,1.2246467991473532e-16,-1.0,-0.9749279121818236,-0.2225209339563146
ST02,2026-07-11,13,5,1,3,28.333333333333332,97.33333333333333,47.1,33.333333333333336,1,3.0,2.3333333333333335,1.75,3.0,2.0,0,0,-0.2588190451025208,-0.9659258262890683,-0.9749279121818236,-0.2225209339563146
ST02,2026-07-11,14,5,1,3,29.733333333333334,96.66666666666667,23.03333333333333,27.333333333333332,1,3.0,2.6666666666666665,1.8333333333333333,3.0,2.0,0,0,-0.4999999999999997,-0.8660254037844388,-0.9749279121818236,-0.2225209339563146
ST02,2026-07-11,15,5,1,2,42.15,90.0,29.9,16.5,1,2.6666666666666665,2.8333333333333335,1.9166666666666667,3.0,2.0,0,0,-0.7071067811865471,-0.7071067811865479,-0.9749279121818236,-0.2225209339563146
ST02,2026-07-11,16,5,1,3,38.43333333333333,140.0,16.400000000000002,18.0,1,2.6666666666666665,2.8333333333333335,2.0833333333333335,2.0,2.0,0,0,-0.8660254037844385,-0.5000000000000004,-0.9749279121818236,-0.2225209339563146
ST02,2026-07-11,17,5,1,3,33.46666666666667,73.33333333333333,34.5,33.0,1,2.6666666666666665,2.8333333333333335,2.25,3.0,4.0,0,1,-0.9659258262890683,-0.25881904510252063,-0.9749279121818236,-0.2225209339563146
ST02,2026-07-11,18,5,1,2,33.4,85.0,29.3,15.0,1,2.6666666666666665,2.6666666666666665,2.3333333333333335,3.0,3.0,0,1,-1.0,-1.8369701987210297e-16,-0.9749279121818236,-0.2225209339563146
ST02,2026-07-11,19,5,1,3,35.666666666666664,120.0,20.6,25.0,1,2.6666666666666665,2.6666666666666665,2.5,2.0,4.0,0,1,-0.9659258262890684,0.2588190451025203,-0.9749279121818236,-0.2225209339563146
ST02,2026-07-11,20,5,1,1,20.1,50.0,24.1,46.0,1,2.0,2.3333333333333335,2.5,3.0,4.0,0,1,-0.8660254037844386,0.5000000000000001,-0.9749279121818236,-0.2225209339563146
ST02,2026-07-11,21,5,1,1,26.2,150.0,10.5,32.0,1,1.6666666666666667,2.1666666666666665,2.5,1.0,1.0,0,0,-0.7071067811865477,0.7071067811865474,-0.9749279121818236,-0.2225209339563146
ST02,2026-07-11,22,5,1,1,49.6,150.0,19.8,19.0,1,1.0,1.8333333333333333,2.3333333333333335,1.0,1.0,0,0,-0.5000000000000004,0.8660254037844384,-0.9749279121818236,-0.2225209339563146
ST02,2026-07-11,23,5,1,1,27.9,50.0,33.5,36.0,1,1.0,1.5,2.1666666666666665,1.0,1.0,0,0,-0.25881904510252157,0.9659258262890681,-0.9749279121818236,-0.2225209339563146
ST02,2026-07-12,0,6,1,2,35.35,71.0,66.8,36.5,1,1.3333333333333333,1.5,2.0833333333333335,1.0,1.0,0,0,0.0,1.0,-0.7818314824680299,0.6234898018587334
ST02,2026-07-12,1,6,1,1,34.5,120.0,17.2,27.0,1,1.3333333333333333,1.1666666666666667,1.9166666666666667,2.0,1.0,0,0,0.25881904510252074,0.9659258262890683,-0.7818314824680299,0.6234898018587334
ST02,2026-07-12,2,6,1,1,28.9,22.0,78.8,50.0,1,1.3333333333333333,1.1666666666666667,1.75,1.0,2.0,0,0,0.49999999999999994,0.8660254037844387,-0.7818314824680299,0.6234898018587334
ST02,2026-07-12,3,6,1,1,24.1,60.0,24.1,41.0,1,1.0,1.1666666666666667,1.6666666666666667,1.0,1.0,0,0,0.7071067811865476,0.7071067811865476,-0.7818314824680299,0.6234898018587334
ST02,2026-07-12,4,6,1,1,16.7,22.0,45.5,44.0,1,1.0,1.1666666666666667,1.5,1.0,1.0,0,0,0.8660254037844386,0.5000000000000001,-0.7818314824680299,0.6234898018587334
ST02,2026-07-12,5,6,1,1,25.7,22.0,70.1,19.0,1,1.0,1.1666666666666667,1.3333333333333333,1.0,1.0,0,0,0.9659258262890683,0.25881904510252074,-0.7818314824680299,0.6234898018587334
ST02,2026-07-12,6,6,1,1,28.3,60.0,28.3,42.0,1,1.0,1.0,1.25,1.0,1.0,0,0,1.0,6.123233995736766e-17,-0.7818314824680299,0.6234898018587334
ST02,2026-07-12,7,6,1,1,36.7,50.0,44.0,37.0,1,1.0,1.0,1.0833333333333333,1.0,1.0,0,0,0.9659258262890683,-0.25881904510252063,-0.7818314824680299,0.6234898018587334
ST02,2026-07-12,8,6,1,2,28.6,71.0,39.900000000000006,38.0,1,1.3333333333333333,1.1666666666666667,1.1666666666666667,1.0,1.0,1,0,0.8660254037844387,-0.4999999999999998,-0.7818314824680299,0.6234898018587334
ST02,2026-07-12,9,6,1,1,18.4,150.0,7.4,34.0,1,1.3333333333333333,1.1666666666666667,1.1666666666666667,2.0,1.0,1,0,0.7071067811865476,-0.7071067811865475,-0.7818314824680299,0.6234898018587334
ST02,2026-07-12,10,6,1,3,28.133333333333336,76.66666666666667,28.400000000000002,35.0,1,2.0,1.5,1.3333333333333333,1.0,3.0,1,0,0.49999999999999994,-0.8660254037844387,-0.7818314824680299,0.6234898018587334
ST02,2026-07-12,11,6,1,3,29.900000000000002,73.33333333333333,32.199999999999996,32.666666666666664,1,2.3333333333333335,1.8333333333333333,1.5,3.0,3.0,0,0,0.258819045102521,-0.9659258262890682,-0.7818314824680299,0.6234898018587334
ST02,2026-07-12,12,6,1,3,37.63333333333333,44.0,63.0,25.0,1,3.0,2.1666666666666665,1.5833333333333333,3.0,3.0,0,0,1.2246467991473532e-16,-1.0,-0.7818314824680299,0.6234898018587334
ST02,2026-07-12,13,6,1,3,36.13333333333333,44.0,57.53333333333334,21.333333333333332,1,3.0,2.5,1.75,3.0,3.0,0,0,-0.2588190451025208,-0.9659258262890683,-0.7818314824680299,0.6234898018587334
ST02,2026-07-12,14,6,1,2,25.299999999999997,100.0,20.8,40.0,1,2.6666666666666665,2.5,1.8333333333333333,3.0,3.0,0,0,-0.4999999999999997,-0.8660254037844388,-0.7818314824680299,0.6234898018587334
ST02,2026-07-12,15,6,1,3,28.599999999999998,97.33333333333333,31.466666666666665,39.0,1,2.6666666666666665,2.8333333333333335,2.0,2.0,2.0,0,0,-0.7071067811865471,-0.7071067811865479,-0.7818314824680299,0.6234898018587334
ST02,2026-07-12,16,6,1,3,32.9,67.33333333333333,44.96666666666666,28.666666666666668,1,2.6666666666666665,2.8333333333333335,2.1666666666666665,3.0,3.0,0,0,-0.8660254037844385,-0.5000000000000004,-0.7818314824680299,0.6234898018587334
ST02,2026-07-12,17,6,1,3,25.866666666666664,64.66666666666667,51.0,27.333333333333332,1,3.0,2.8333333333333335,2.3333333333333335,3.0,3.0,0,1,-0.9659258262890683,-0.25881904510252063,-0.7818314824680299,0.6234898018587334
ST02,2026-07-12,18,6,1,3,27.633333333333336,100.0,18.733333333333334,34.0,1,3.0,2.8333333333333335,2.5,3.0,2.0,0,1,-1.0,-1.8369701987210297e-16,-0.7818314824680299,0.6234898018587334
ST02,2026-07-12,19,6,1,2,35.4,85.0,31.55,18.5,1,2.6666666666666665,2.6666666666666665,2.5833333333333335,3.0,3.0,0,1,-0.9659258262890684,0.2588190451025203,-0.7818314824680299,0.6234898018587334
ST02,2026-07-12,20,6,1,1,29.4,50.0,35.3,48.0,1,2.0,2.5,2.5,2.0,1.0,0,1,-0.8660254037844386,0.5000000000000001,-0.7818314824680299,0.6234898018587334
ST02,2026-07-12,21,6,1,1,31.3,120.0,15.7,30.0,1,1.3333333333333333,2.1666666666666665,2.5,1.0,1.0,0,0,-0.7071067811865477,0.7071067811865474,-0.7818314824680299,0.6234898018587334
ST02,2026-07-12,22,6,1,1,18.9,50.0,22.7,42.0,1,1.0,1.8333333333333333,2.3333333333333335,1.0,1.0,0,0,-0.5000000000000004,0.8660254037844384,-0.7818314824680299,0.6234898018587334
ST02,2026-07-12,23,6,1,1,25.3,50.0,30.4,24.0,1,1.0,1.5,2.1666666666666665,1.0,1.0,0,0,-0.25881904510252157,0.9659258262890681,-0.7818314824680299,0.6234898018587334
ST02,2026-07-13,0,0,0,1,29.4,150.0,11.8,20.0,1,1.0,1.1666666666666667,2.0,1.0,2.0,0,0,0.0,1.0,0.0,1.0
ST02,2026-07-13,1,0,0,1,32.7,150.0,13.1,48.0,1,1.0,1.0,1.8333333333333333,1.0,1.0,0,0,0.25881904510252074,0.9659258262890683,0.0,1.0
ST02,2026-07-13,2,0,0,1,38.5,60.0,38.5,41.0,1,1.0,1.0,1.75,1.0,1.0,0,0,0.49999999999999994,0.8660254037844387,0.0,1.0
ST02,2026-07-13,3,0,0,1,32.3,50.0,38.8,13.0,1,1.0,1.0,1.5833333333333333,1.0,1.0,0,0,0.7071067811865476,0.7071067811865476,0.0,1.0
ST02,2026-07-13,4,0,0,1,26.8,60.0,26.8,47.0,1,1.0,1.0,1.4166666666666667,1.0,1.0,0,0,0.8660254037844386,0.5000000000000001,0.0,1.0
ST02,2026-07-13,5,0,0,1,57.6,60.0,57.6,14.0,1,1.0,1.0,1.25,1.0,1.0,0,0,0.9659258262890683,0.25881904510252074,0.0,1.0
ST02,2026-07-13,6,0,0,1,35.6,50.0,42.7,33.0,1,1.0,1.0,1.0833333333333333,1.0,1.0,0,0,1.0,6.123233995736766e-17,0.0,1.0
ST02,2026-07-13,7,0,0,1,35.7,120.0,17.9,31.0,1,1.0,1.0,1.0,1.0,1.0,0,0,0.9659258262890683,-0.25881904510252063,0.0,1.0
ST02,2026-07-13,8,0,0,3,38.300000000000004,74.0,45.86666666666667,21.666666666666668,1,1.6666666666666667,1.3333333333333333,1.1666666666666667,1.0,2.0,1,0,0.8660254037844387,-0.4999999999999998,0.0,1.0
ST02,2026-07-13,9,0,0,3,37.4,77.33333333333333,60.36666666666667,25.333333333333332,1,2.3333333333333335,1.6666666666666667,1.3333333333333333,3.0,1.0,1,0,0.7071067811865476,-0.7071067811865475,0.0,1.0
ST02,2026-07-13,10,0,0,3,36.73333333333333,31.333333333333332,93.83333333333333,25.333333333333332,1,3.0,2.0,1.5,3.0,3.0,1,0,0.49999999999999994,-0.8660254037844387,0.0,1.0
ST02,2026-07-13,11,0,0,2,28.75,135.0,12.7,32.0,1,2.6666666666666665,2.1666666666666665,1.5833333333333333,3.0,3.0,0,0,0.258819045102521,-0.9659258262890682,0.0,1.0
ST02,2026-07-13,12,0,0,2,32.6,105.0,23.25,25.5,1,2.3333333333333335,2.3333333333333335,1.6666666666666667,2.0,3.0,0,0,1.2246467991473532e-16,-1.0,0.0,1.0
ST02,2026-07-13,13,0,0,2,41.0,90.0,27.299999999999997,21.5,1,2.0,2.5,1.75,2.0,3.0,0,0,-0.2588190451025208,-0.9659258262890683,0.0,1.0
ST02,2026-07-13,14,0,0,2,27.0,71.0,39.65,35.0,1,2.0,2.3333333333333335,1.8333333333333333,2.0,2.0,0,0,-0.4999999999999997,-0.8660254037844388,0.0,1.0
ST02,2026-07-13,15,0,0,2,27.85,90.0,19.5,35.0,1,2.0,2.1666666666666665,1.9166666666666667,2.0,3.0,0,0,-0.7071067811865471,-0.7071067811865479,0.0,1.0
ST02,2026-07-13,16,0,0,2,28.55,135.0,12.899999999999999,27.0,1,2.0,2.0,2.0,2.0,3.0,0,0,-0.8660254037844385,-0.5000000000000004,0.0,1.0
ST02,2026-07-13,17,0,0,4,29.025,85.5,31.549999999999997,35.75,1,2.6666666666666665,2.3333333333333335,2.25,2.0,3.0,0,1,-0.9659258262890683,-0.25881904510252063,0.0,1.0
ST02,2026-07-13,18,0,0,3,34.233333333333334,73.33333333333333,31.7,25.666666666666668,1,3.0,2.5,2.4166666666666665,4.0,3.0,0,1,-1.0,-1.8369701987210297e-16,0.0,1.0
ST02,2026-07-13,19,0,0,4,29.35,38.5,55.2,33.75,1,3.6666666666666665,2.8333333333333335,2.6666666666666665,3.0,2.0,0,1,-0.9659258262890684,0.2588190451025203,0.0,1.0
ST02,2026-07-13,20,0,0,4,24.700000000000003,92.5,19.375,38.25,1,3.6666666666666665,3.1666666666666665,2.75,4.0,1.0,0,1,-0.8660254037844386,0.5000000000000001,0.0,1.0
ST02,2026-07-13,21,0,0,1,20.1,120.0,10.1,47.0,1,3.0,3.0,2.5833333333333335,4.0,1.0,0,0,-0.7071067811865477,0.7071067811865474,0.0,1.0
ST02,2026-07-13,22,0,0,1,40.3,150.0,16.1,12.0,1,2.0,2.8333333333333335,2.4166666666666665,1.0,1.0,0,0,-0.5000000000000004,0.8660254037844384,0.0,1.0
ST02,2026-07-13,23,0,0,1,22.8,150.0,9.1,50.0,1,1.0,2.3333333333333335,2.3333333333333335,1.0,1.0,0,0,-0.25881904510252157,0.9659258262890681,0.0,1.0
ST02,2026-07-14,1,1,0,1,33.8,120.0,16.9,27.0,1,1.0,2.0,2.25,1.0,1.0,0,0,0.25881904510252074,0.9659258262890683,0.7818314824680298,0.6234898018587336
ST02,2026-07-14,3,1,0,1,15.2,60.0,15.2,38.0,1,1.0,1.5,2.1666666666666665,1.0,1.0,0,0,0.7071067811865476,0.7071067811865476,0.7818314824680298,0.6234898018587336
ST02,2026-07-14,4,1,0,1,26.0,22.0,70.9,31.0,1,1.0,1.0,2.0833333333333335,1.0,1.0,0,0,0.8660254037844386,0.5000000000000001,0.7818314824680298,0.6234898018587336
ST02,2026-07-14,6,1,0,1,38.5,150.0,15.4,44.0,1,1.0,1.0,2.0,1.0,1.0,0,0,1.0,6.123233995736766e-17,0.7818314824680298,0.6234898018587336
ST02,2026-07-14,7,1,0,1,22.7,50.0,27.2,35.0,1,1.0,1.0,1.9166666666666667,1.0,1.0,0,0,0.9659258262890683,-0.25881904510252063,0.7818314824680298,0.6234898018587336
ST02,2026-07-14,8,1,0,4,30.075,100.0,24.724999999999998,25.0,1,2.0,1.5,1.9166666666666667,1.0,1.0,1,0,0.8660254037844387,-0.4999999999999998,0.7818314824680298,0.6234898018587336
ST02,2026-07-14,9,1,0,4,32.225,36.0,61.875,30.0,1,3.0,2.0,2.0,4.0,1.0,1,0,0.7071067811865476,-0.7071067811865475,0.7818314824680298,0.6234898018587336
ST02,2026-07-14,10,1,0,3,37.53333333333333,116.66666666666667,25.366666666666664,14.666666666666666,1,3.6666666666666665,2.3333333333333335,1.9166666666666667,4.0,1.0,1,0,0.49999999999999994,-0.8660254037844387,0.7818314824680298,0.6234898018587336
ST02,2026-07-14,11,1,0,2,35.55,55.0,39.55,31.0,1,3.0,2.5,1.75,3.0,3.0,0,0,0.258819045102521,-0.9659258262890682,0.7818314824680298,0.6234898018587336
ST02,2026-07-14,12,1,0,2,45.8,100.0,38.1,14.0,1,2.3333333333333335,2.6666666666666665,1.8333333333333333,2.0,3.0,0,0,1.2246467991473532e-16,-1.0,0.7818314824680298,0.6234898018587336
ST02,2026-07-14,13,1,0,2,44.349999999999994,86.0,86.2,20.5,1,2.0,2.8333333333333335,1.9166666666666667,2.0,3.0,0,0,-0.2588190451025208,-0.9659258262890683,0.7818314824680298,0.6234898018587336
ST02,2026-07-14,14,1,0,2,19.45,60.0,19.45,36.5,1,2.0,2.5,2.0,2.0,2.0,0,0,-0.4999999999999997,-0.8660254037844388,0.7818314824680298,0.6234898018587336
ST02,2026-07-14,15,1,0,2,30.700000000000003,22.0,83.75,40.0,1,2.0,2.1666666666666665,2.0833333333333335,2.0,2.0,0,0,-0.7071067811865471,-0.7071067811865479,0.7818314824680298,0.6234898018587336
ST02,2026-07-14,16,1,0,2,35.1,55.0,39.95,31.0,1,2.0,2.0,2.1666666666666665,2.0,2.0,0,0,-0.8660254037844385,-0.5000000000000004,0.7818314824680298,0.6234898018587336
ST02,2026-07-14,17,1,0,4,29.725,45.5,52.075,24.75,1,2.6666666666666665,2.3333333333333335,2.4166666666666665,2.0,2.0,0,1,-0.9659258262890683,-0.25881904510252063,0.7818314824680298,0.6234898018587336
ST02,2026-07-14,18,1,0,3,41.666666666666664,44.0,60.666666666666664,27.333333333333332,1,3.0,2.5,2.5833333333333335,4.0,2.0,0,1,-1.0,-1.8369701987210297e-16,0.7818314824680298,0.6234898018587336
ST02,2026-07-14,19,1,0,3,25.733333333333334,76.66666666666667,22.933333333333334,45.0,1,3.3333333333333335,2.6666666666666665,2.75,3.0,2.0,0,1,-0.9659258262890684,0.2588190451025203,0.7818314824680298,0.6234898018587336
ST02,2026-07-14,20,1,0,4,29.7,95.5,29.05,29.0,1,3.3333333333333335,3.0,2.75,3.0,4.0,0,1,-0.8660254037844386,0.5000000000000001,0.7818314824680298,0.6234898018587336
ST02,2026-07-14,23,1,0,1,30.9,150.0,12.4,20.0,1,2.6666666666666665,2.8333333333333335,2.5,4.0,3.0,0,0,-0.25881904510252157,0.9659258262890681,0.7818314824680298,0.6234898018587336
ST02,2026-07-15,0,2,0,1,15.7,50.0,18.8,47.0,1,2.0,2.6666666666666665,2.3333333333333335,1.0,4.0,0,0,0.0,1.0,0.9749279121818236,-0.22252093395631434
ST02,2026-07-15,1,2,0,1,20.7,50.0,24.8,21.0,1,1.0,2.1666666666666665,2.25,1.0,4.0,0,0,0.25881904510252074,0.9659258262890683,0.9749279121818236,-0.22252093395631434
ST02,2026-07-15,3,2,0,1,23.9,50.0,28.7,34.0,1,1.0,1.8333333333333333,2.1666666666666665,1.0,1.0,0,0,0.7071067811865476,0.7071067811865476,0.9749279121818236,-0.22252093395631434
ST02,2026-07-15,5,2,0,1,21.5,50.0,25.8,44.0,1,1.0,1.5,2.0833333333333335,1.0,1.0,0,0,0.9659258262890683,0.25881904510252074,0.9749279121818236,-0.22252093395631434
ST02,2026-07-15,6,2,0,1,33.4,150.0,13.4,15.0,1,1.0,1.0,2.0,1.0,1.0,0,0,1.0,6.123233995736766e-17,0.9749279121818236,-0.22252093395631434
ST02,2026-07-15,7,2,0,1,30.4,120.0,15.2,50.0,1,1.0,1.0,1.9166666666666667,1.0,1.0,0,0,0.9659258262890683,-0.25881904510252063,0.9749279121818236,-0.22252093395631434
ST02,2026-07-15,8,2,0,3,28.633333333333336,110.0,19.2,30.333333333333332,1,1.6666666666666667,1.3333333333333333,2.0,1.0,1.0,1,0,0.8660254037844387,-0.4999999999999998,0.9749279121818236,-0.22252093395631434
ST02,2026-07-15,9,2,0,3,32.56666666666667,64.0,51.23333333333333,23.666666666666668,1,2.3333333333333335,1.6666666666666667,1.9166666666666667,3.0,1.0,1,0,0.7071067811865476,-0.7071067811865475,0.9749279121818236,-0.22252093395631434
ST02,2026-07-15,10,2,0,3,35.56666666666667,140.0,15.433333333333332,22.666666666666668,1,3.0,2.0,1.9166666666666667,3.0,1.0,1,0,0.49999999999999994,-0.8660254037844387,0.9749279121818236,-0.22252093395631434
ST02,2026-07-15,11,2,0,2,32.15,22.0,87.7,22.0,1,2.6666666666666665,2.1666666666666665,1.8333333333333333,3.0,1.0,0,0,0.258819045102521,-0.9659258262890682,0.9749279121818236,-0.22252093395631434
ST02,2026-07-15,12,2,0,2,38.7,100.0,28.299999999999997,17.0,1,2.3333333333333335,2.3333333333333335,1.6666666666666667,2.0,4.0,0,0,1.2246467991473532e-16,-1.0,0.9749279121818236,-0.22252093395631434
ST02,2026-07-15,13,2,0,2,36.2,135.0,16.45,29.0,1,2.0,2.5,1.75,2.0,4.0,0,0,-0.2588190451025208,-0.9659258262890683,0.9749279121818236,-0.22252093395631434
ST02,2026-07-15,14,2,0,2,25.0,105.0,17.8,23.0,1,2.0,2.3333333333333335,1.8333333333333333,2.0,3.0,0,0,-0.4999999999999997,-0.8660254037844388,0.9749279121818236,-0.22252093395631434
ST02,2026-07-15,15,2,0,2,31.5,71.0,57.55,16.5,1,2.0,2.1666666666666665,1.9166666666666667,2.0,2.0,0,0,-0.7071067811865471,-0.7071067811865479,0.9749279121818236,-0.22252093395631434
ST02,2026-07-15,16,2,0,2,45.0,150.0,18.0,21.0,1,2.0,2.0,2.0,2.0,2.0,0,0,-0.8660254037844385,-0.5000000000000004,0.9749279121818236,-0.22252093395631434
ST02,2026-07-15,17,2,0,3,36.46666666666667,110.0,22.0,35.0,1,2.3333333333333335,2.1666666666666665,2.1666666666666665,2.0,2.0,0,1,-0.9659258262890683,-0.25881904510252063,0.9749279121818236,-0.22252093395631434
ST02,2026-07-15,18,2,0,3,34.233333333333334,87.33333333333333,37.766666666666666,22.333333333333332,1,2.6666666666666665,2.3333333333333335,2.3333333333333335,3.0,2.0,0,1,-1.0,-1.8369701987210297e-16,0.9749279121818236,-0.22252093395631434
ST02,2026-07-15,19,2,0,4,32.3,63.0,46.85,31.5,1,3.3333333333333335,2.6666666666666665,2.5833333333333335,3.0,2.0,0,1,-0.9659258262890684,0.2588190451025203,0.9749279121818236,-0.22252093395631434
ST02,2026-07-15,20,2,0,4,33.025,63.5,55.55,35.25,1,3.6666666666666665,3.0,2.6666666666666665,4.0,2.0,0,1,-0.8660254037844386,0.5000000000000001,0.9749279121818236,-0.22252093395631434
ST02,2026-07-15,21,2,0,1,25.4,150.0,10.2,40.0,1,3.0,2.8333333333333335,2.5,4.0,4.0,0,0,-0.7071067811865477,0.7071067811865474,0.9749279121818236,-0.22252093395631434
ST02,2026-07-15,22,2,0,1,23.3,60.0,23.3,21.0,1,2.0,2.6666666666666665,2.3333333333333335,1.0,3.0,0,0,-0.5000000000000004,0.8660254037844384,0.9749279121818236,-0.22252093395631434
ST02,2026-07-15,23,2,0,1,20.5,150.0,8.2,28.0,1,1.0,2.3333333333333335,2.25,1.0,3.0,0,0,-0.25881904510252157,0.9659258262890681,0.9749279121818236,-0.22252093395631434
ST02,2026-07-16,0,3,0,1,37.0,50.0,44.4,24.0,1,1.0,2.0,2.1666666666666665,1.0,4.0,0,0,0.0,1.0,0.43388373911755823,-0.900968867902419
ST02,2026-07-16,1,3,0,1,26.6,50.0,31.9,13.0,1,1.0,1.5,2.0833333333333335,1.0,1.0,0,0,0.25881904510252074,0.9659258262890683,0.43388373911755823,-0.900968867902419
ST02,2026-07-16,3,3,0,1,17.5,120.0,8.8,41.0,1,1.0,1.0,2.0,1.0,1.0,0,0,0.7071067811865476,0.7071067811865476,0.43388373911755823,-0.900968867902419
ST02,2026-07-16,4,3,0,1,17.9,60.0,17.9,37.0,1,1.0,1.0,1.9166666666666667,1.0,1.0,0,0,0.8660254037844386,0.5000000000000001,0.43388373911755823,-0.900968867902419
ST02,2026-07-16,8,3,0,3,23.599999999999998,90.0,18.433333333333334,31.666666666666668,1,1.6666666666666667,1.3333333333333333,2.0,1.0,1.0,1,0,0.8660254037844387,-0.4999999999999998,0.43388373911755823,-0.900968867902419
ST02,2026-07-16,9,3,0,4,32.25,48.0,42.625,31.25,1,2.6666666666666665,1.8333333333333333,2.0833333333333335,3.0,1.0,1,0,0.7071067811865476,-0.7071067811865475,0.43388373911755823,-0.900968867902419
ST02,2026-07-16,10,3,0,4,31.5,61.0,50.175000000000004,19.0,1,3.6666666666666665,2.3333333333333335,2.1666666666666665,4.0,1.0,1,0,0.49999999999999994,-0.8660254037844387,0.43388373911755823,-0.900968867902419
ST02,2026-07-16,11,3,0,2,40.25,55.0,43.55,12.5,1,3.3333333333333335,2.5,2.0,4.0,1.0,0,0,0.258819045102521,-0.9659258262890682,0.43388373911755823,-0.900968867902419
ST02,2026-07-16,12,3,0,2,34.7,100.0,29.1,28.5,1,2.6666666666666665,2.6666666666666665,1.8333333333333333,2.0,3.0,0,0,1.2246467991473532e-16,-1.0,0.43388373911755823,-0.900968867902419
ST02,2026-07-16,13,3,0,2,32.5,60.0,32.5,33.0,1,2.0,2.8333333333333335,1.9166666666666667,2.0,3.0,0,0,-0.2588190451025208,-0.9659258262890683,0.43388373911755823,-0.900968867902419
ST02,2026-07-16,14,3,0,2,16.35,90.0,11.85,35.0,1,2.0,2.6666666666666665,2.0,2.0,3.0,0,0,-0.4999999999999997,-0.8660254037844388,0.43388373911755823,-0.900968867902419
ST02,2026-07-16,15,3,0,2,28.05,100.0,24.6,37.0,1,2.0,2.3333333333333335,2.0833333333333335,2.0,2.0,0,0,-0.7071067811865471,-0.7071067811865479,0.43388373911755823,-0.900968867902419
ST02,2026-07-16,16,3,0,2,25.45,60.0,25.45,37.0,1,2.0,2.0,2.1666666666666665,2.0,2.0,0,0,-0.8660254037844385,-0.5000000000000004,0.43388373911755823,-0.900968867902419
ST02,2026-07-16,17,3,0,4,37.875,110.0,26.125,21.25,1,2.6666666666666665,2.3333333333333335,2.4166666666666665,2.0,2.0,0,1,-0.9659258262890683,-0.25881904510252063,0.43388373911755823,-0.900968867902419
ST02,2026-07-16,18,3,0,4,22.450000000000003,92.5,18.475,33.75,1,3.3333333333333335,2.6666666666666665,2.6666666666666665,4.0,2.0,0,1,-1.0,-1.8369701987210297e-16,0.43388373911755823,-0.900968867902419
ST02,2026-07-16,19,3,0,4,31.75,50.0,38.1,31.5,1,4.0,3.0,2.9166666666666665,4.0,2.0,0,1,-0.9659258262890684,0.2588190451025203,0.43388373911755823,-0.900968867902419
ST02,2026-07-16,20,3,0,4,32.325,77.5,30.150000000000002,24.0,1,4.0,3.3333333333333335,3.0,4.0,2.0,0,1,-0.8660254037844386,0.5000000000000001,0.43388373911755823,-0.900968867902419
ST02,2026-07-16,21,3,0,1,16.1,50.0,19.3,48.0,1,3.0,3.1666666666666665,2.75,4.0,3.0,0,0,-0.7071067811865477,0.7071067811865474,0.43388373911755823,-0.900968867902419
ST02,2026-07-16,22,3,0,1,36.0,22.0,98.2,35.0,1,2.0,3.0,2.5,1.0,3.0,0,0,-0.5000000000000004,0.8660254037844384,0.43388373911755823,-0.900968867902419
ST02,2026-07-16,23,3,0,1,22.9,50.0,27.5,34.0,1,1.0,2.5,2.4166666666666665,1.0,4.0,0,0,-0.25881904510252157,0.9659258262890681,0.43388373911755823,-0.900968867902419
ST02,2026-07-17,0,4,0,1,28.1,150.0,11.2,44.0,1,1.0,2.0,2.3333333333333335,1.0,4.0,0,0,0.0,1.0,-0.433883739117558,-0.9009688679024191
ST02,2026-07-17,1,4,0,1,24.4,150.0,9.8,33.0,1,1.0,1.5,2.25,1.0,1.0,0,0,0.25881904510252074,0.9659258262890683,-0.433883739117558,-0.9009688679024191
ST02,2026-07-17,2,4,0,1,29.9,120.0,14.9,27.0,1,1.0,1.0,2.1666666666666665,1.0,1.0,0,0,0.49999999999999994,0.8660254037844387,-0.433883739117558,-0.9009688679024191
ST02,2026-07-17,3,4,0,1,24.6,150.0,9.8,46.0,1,1.0,1.0,2.0833333333333335,1.0,1.0,0,0,0.7071067811865476,0.7071067811865476,-0.433883739117558,-0.9009688679024191
ST02,2026-07-17,6,4,0,1,43.7,120.0,21.9,37.0,1,1.0,1.0,2.0,1.0,1.0,0,0,1.0,6.123233995736766e-17,-0.433883739117558,-0.9009688679024191
ST02,2026-07-17,7,4,0,1,18.7,22.0,51.0,36.0,1,1.0,1.0,1.75,1.0,1.0,0,0,0.9659258262890683,-0.25881904510252063,-0.433883739117558,-0.9009688679024191
ST02,2026-07-17,8,4,0,3,32.03333333333333,31.333333333333332,72.73333333333333,29.666666666666668,1,1.6666666666666667,1.3333333333333333,1.6666666666666667,1.0,1.0,1,0,0.8660254037844387,-0.4999999999999998,-0.433883739117558,-0.9009688679024191
ST02,2026-07-17,9,4,0,3,32.06666666666666,83.33333333333333,33.86666666666667,34.333333333333336,1,2.3333333333333335,1.6666666666666667,1.5833333333333333,3.0,1.0,1,0,0.7071067811865476,-0.7071067811865475,-0.433883739117558,-0.9009688679024191
ST02,2026-07-17,10,4,0,3,17.733333333333334,34.666666666666664,37.333333333333336,38.0,1,3.0,2.0,1.5,3.0,3.0,1,0,0.49999999999999994,-0.8660254037844387,-0.433883739117558,-0.9009688679024191
ST02,2026-07-17,11,4,0,2,34.3,90.0,26.5,31.5,1,2.6666666666666665,2.1666666666666665,1.5833333333333333,3.0,4.0,0,0,0.258819045102521,-0.9659258262890682,-0.433883739117558,-0.9009688679024191
ST02,2026-07-17,12,4,0,2,32.6,36.0,67.05,25.5,1,2.3333333333333335,2.3333333333333335,1.6666666666666667,2.0,4.0,0,0,1.2246467991473532e-16,-1.0,-0.433883739117558,-0.9009688679024191
ST02,2026-07-17,13,4,0,2,43.2,41.0,73.94999999999999,25.0,1,2.0,2.5,1.75,2.0,2.0,0,0,-0.2588190451025208,-0.9659258262890683,-0.433883739117558,-0.9009688679024191
ST02,2026-07-17,14,4,0,2,27.25,85.0,26.45,37.0,1,2.0,2.3333333333333335,1.8333333333333333,2.0,2.0,0,0,-0.4999999999999997,-0.8660254037844388,-0.433883739117558,-0.9009688679024191
ST02,2026-07-17,15,4,0,2,34.8,85.0,30.35,23.0,1,2.0,2.1666666666666665,1.9166666666666667,2.0,2.0,0,0,-0.7071067811865471,-0.7071067811865479,-0.433883739117558,-0.9009688679024191
ST02,2026-07-17,16,4,0,2,23.6,105.0,15.7,27.5,1,2.0,2.0,2.0,2.0,2.0,0,0,-0.8660254037844385,-0.5000000000000004,-0.433883739117558,-0.9009688679024191
ST02,2026-07-17,17,4,0,4,30.6,63.0,40.375,35.5,1,2.6666666666666665,2.3333333333333335,2.25,2.0,2.0,0,1,-0.9659258262890683,-0.25881904510252063,-0.433883739117558,-0.9009688679024191
ST02,2026-07-17,18,4,0,3,32.13333333333333,53.333333333333336,36.43333333333334,27.333333333333332,1,3.0,2.5,2.4166666666666665,4.0,2.0,0,1,-1.0,-1.8369701987210297e-16,-0.433883739117558,-0.9009688679024191
ST02,2026-07-17,19,4,0,3,28.566666666666666,116.66666666666667,19.033333333333335,30.0,1,3.3333333333333335,2.6666666666666665,2.5833333333333335,3.0,4.0,0,1,-0.9659258262890684,0.2588190451025203,-0.433883739117558,-0.9009688679024191
ST02,2026-07-17,20,4,0,3,26.599999999999998,64.66666666666667,50.133333333333326,28.666666666666668,1,3.0,2.8333333333333335,2.5833333333333335,3.0,4.0,0,1,-0.8660254037844386,0.5000000000000001,-0.433883739117558,-0.9009688679024191
ST02,2026-07-17,23,4,0,1,40.8,22.0,111.3,14.0,1,2.3333333333333335,2.6666666666666665,2.4166666666666665,3.0,4.0,0,0,-0.25881904510252157,0.9659258262890681,-0.433883739117558,-0.9009688679024191
ST02,2026-07-18,0,5,1,2,28.15,86.0,51.550000000000004,43.0,1,2.0,2.6666666666666665,2.3333333333333335,1.0,4.0,0,0,0.0,1.0,-0.9749279121818236,-0.2225209339563146
ST02,2026-07-18,1,5,1,1,49.1,22.0,133.9,18.0,1,1.3333333333333333,2.1666666666666665,2.25,2.0,1.0,0,0,0.25881904510252074,0.9659258262890683,-0.9749279121818236,-0.2225209339563146
ST02,2026-07-18,2,5,1,2,29.099999999999998,55.0,31.5,34.0,1,1.6666666666666667,2.0,2.25,1.0,1.0,0,0,0.49999999999999994,0.8660254037844387,-0.9749279121818236,-0.2225209339563146
ST02,2026-07-18,3,5,1,1,33.5,60.0,33.5,21.0,1,1.3333333333333333,1.6666666666666667,2.1666666666666665,2.0,1.0,0,0,0.7071067811865476,0.7071067811865476,-0.9749279121818236,-0.2225209339563146
ST02,2026-07-18,4,5,1,1,41.1,120.0,20.6,12.0,1,1.3333333333333333,1.3333333333333333,2.0833333333333335,1.0,1.0,0,0,0.8660254037844386,0.5000000000000001,-0.9749279121818236,-0.2225209339563146
ST02,2026-07-18,5,5,1,2,33.6,36.0,72.15,22.5,1,1.3333333333333333,1.5,2.0833333333333335,1.0,1.0,0,0,0.9659258262890683,0.25881904510252074,-0.9749279121818236,-0.2225209339563146
ST02,2026-07-18,6,5,1,1,26.4,50.0,31.7,37.0,1,1.3333333333333333,1.3333333333333333,2.0,2.0,1.0,0,0,1.0,6.123233995736766e-17,-0.9749279121818236,-0.2225209339563146
ST02,2026-07-18,7,5,1,1,9.2,50.0,11.0,48.0,1,1.3333333333333333,1.3333333333333333,1.75,1.0,1.0,0,0,0.9659258262890683,-0.25881904510252063,-0.9749279121818236,-0.2225209339563146
ST02,2026-07-18,8,5,1,1,23.3,150.0,9.3,30.0,1,1.0,1.1666666666666667,1.5833333333333333,1.0,1.0,1,0,0.8660254037844387,-0.4999999999999998,-0.9749279121818236,-0.2225209339563146
ST02,2026-07-18,9,5,1,1,17.8,60.0,17.8,39.0,1,1.0,1.1666666666666667,1.4166666666666667,1.0,1.0,1,0,0.7071067811865476,-0.7071067811865475,-0.9749279121818236,-0.2225209339563146
ST02,2026-07-18,10,5,1,3,29.53333333333333,106.66666666666667,20.266666666666666,24.333333333333332,1,1.6666666666666667,1.5,1.4166666666666667,1.0,3.0,1,0,0.49999999999999994,-0.8660254037844387,-0.9749279121818236,-0.2225209339563146
ST02,2026-07-18,11,5,1,3,32.4,90.0,27.53333333333333,36.666666666666664,1,2.3333333333333335,1.6666666666666667,1.5833333333333333,3.0,3.0,0,0,0.258819045102521,-0.9659258262890682,-0.9749279121818236,-0.2225209339563146
ST02,2026-07-18,12,5,1,3,30.96666666666667,86.66666666666667,26.3,27.666666666666668,1,3.0,2.0,1.6666666666666667,3.0,3.0,0,0,1.2246467991473532e-16,-1.0,-0.9749279121818236,-0.2225209339563146
ST02,2026-07-18,13,5,1,2,35.349999999999994,71.0,57.05,29.5,1,2.6666666666666665,2.1666666666666665,1.75,3.0,2.0,0,0,-0.2588190451025208,-0.9659258262890683,-0.9749279121818236,-0.2225209339563146
ST02,2026-07-18,14,5,1,3,23.833333333333332,77.33333333333333,31.7,38.666666666666664,1,2.6666666666666665,2.5,1.8333333333333333,2.0,2.0,0,0,-0.4999999999999997,-0.8660254037844388,-0.9749279121818236,-0.2225209339563146
ST02,2026-07-18,15,5,1,2,27.0,22.0,73.65,24.0,1,2.3333333333333335,2.6666666666666665,1.9166666666666667,3.0,2.0,0,0,-0.7071067811865471,-0.7071067811865479,-0.9749279121818236,-0.2225209339563146
ST02,2026-07-18,16,5,1,3,28.933333333333337,50.0,34.699999999999996,29.666666666666668,1,2.6666666666666665,2.6666666666666665,2.0833333333333335,2.0,2.0,0,0,-0.8660254037844385,-0.5000000000000004,-0.9749279121818236,-0.2225209339563146
ST02,2026-07-18,17,5,1,2,31.599999999999998,100.0,29.0,24.0,1,2.3333333333333335,2.5,2.0833333333333335,3.0,2.0,0,1,-0.9659258262890683,-0.25881904510252063,-0.9749279121818236,-0.2225209339563146
ST02,2026-07-18,18,5,1,2,39.099999999999994,105.0,28.799999999999997,28.5,1,2.3333333333333335,2.3333333333333335,2.1666666666666665,2.0,2.0,0,1,-1.0,-1.8369701987210297e-16,-0.9749279121818236,-0.2225209339563146
ST02,2026-07-18,19,5,1,2,36.3,50.0,43.55,45.5,1,2.0,2.3333333333333335,2.25,2.0,4.0,0,1,-0.9659258262890684,0.2588190451025203,-0.9749279121818236,-0.2225209339563146
ST02,2026-07-18,20,5,1,2,31.3,22.0,85.35,36.5,1,2.0,2.1666666666666665,2.3333333333333335,2.0,3.0,0,1,-0.8660254037844386,0.5000000000000001,-0.9749279121818236,-0.2225209339563146
ST02,2026-07-18,21,5,1,1,33.3,150.0,13.3,48.0,1,1.6666666666666667,2.0,2.3333333333333335,2.0,3.0,0,0,-0.7071067811865477,0.7071067811865474,-0.9749279121818236,-0.2225209339563146
ST02,2026-07-18,22,5,1,1,19.3,60.0,19.3,36.0,1,1.3333333333333333,1.6666666666666667,2.1666666666666665,1.0,3.0,0,0,-0.5000000000000004,0.8660254037844384,-0.9749279121818236,-0.2225209339563146
ST02,2026-07-18,23,5,1,1,30.4,50.0,36.5,30.0,1,1.0,1.5,2.0,1.0,1.0,0,0,-0.25881904510252157,0.9659258262890681,-0.9749279121818236,-0.2225209339563146
ST02,2026-07-19,0,6,1,1,43.4,50.0,52.1,13.0,1,1.0,1.3333333333333333,1.8333333333333333,1.0,2.0,0,0,0.0,1.0,-0.7818314824680299,0.6234898018587334
ST02,2026-07-19,1,6,1,1,30.5,50.0,36.6,37.0,1,1.0,1.1666666666666667,1.75,1.0,1.0,0,0,0.25881904510252074,0.9659258262890683,-0.7818314824680299,0.6234898018587334
ST02,2026-07-19,2,6,1,2,41.900000000000006,36.0,80.9,19.0,1,1.3333333333333333,1.1666666666666667,1.6666666666666667,1.0,2.0,0,0,0.49999999999999994,0.8660254037844387,-0.7818314824680299,0.6234898018587334
ST02,2026-07-19,3,6,1,1,28.9,50.0,34.7,40.0,1,1.3333333333333333,1.1666666666666667,1.5833333333333333,2.0,1.0,0,0,0.7071067811865476,0.7071067811865476,-0.7818314824680299,0.6234898018587334
ST02,2026-07-19,4,6,1,1,55.2,50.0,66.2,10.0,1,1.3333333333333333,1.1666666666666667,1.4166666666666667,1.0,1.0,0,0,0.8660254037844386,0.5000000000000001,-0.7818314824680299,0.6234898018587334
ST02,2026-07-19,5,6,1,2,34.55,135.0,15.3,27.0,1,1.3333333333333333,1.3333333333333333,1.4166666666666667,1.0,2.0,0,0,0.9659258262890683,0.25881904510252074,-0.7818314824680299,0.6234898018587334
ST02,2026-07-19,6,6,1,1,50.9,120.0,25.4,16.0,1,1.3333333333333333,1.3333333333333333,1.3333333333333333,2.0,1.0,0,0,1.0,6.123233995736766e-17,-0.7818314824680299,0.6234898018587334
ST02,2026-07-19,7,6,1,1,26.4,120.0,13.2,24.0,1,1.3333333333333333,1.3333333333333333,1.25,1.0,1.0,0,0,0.9659258262890683,-0.25881904510252063,-0.7818314824680299,0.6234898018587334
ST02,2026-07-19,8,6,1,1,24.3,120.0,12.2,45.0,1,1.0,1.1666666666666667,1.1666666666666667,1.0,1.0,1,0,0.8660254037844387,-0.4999999999999998,-0.7818314824680299,0.6234898018587334
ST02,2026-07-19,9,6,1,1,36.1,60.0,36.1,17.0,1,1.0,1.1666666666666667,1.1666666666666667,1.0,1.0,1,0,0.7071067811865476,-0.7071067811865475,-0.7818314824680299,0.6234898018587334
ST02,2026-07-19,10,6,1,3,27.833333333333332,80.0,23.866666666666664,27.666666666666668,1,1.6666666666666667,1.5,1.3333333333333333,1.0,3.0,1,0,0.49999999999999994,-0.8660254037844387,-0.7818314824680299,0.6234898018587334
ST02,2026-07-19,11,6,1,2,38.85,71.0,72.55,23.5,1,2.0,1.5,1.4166666666666667,3.0,3.0,0,0,0.258819045102521,-0.9659258262890682,-0.7818314824680299,0.6234898018587334
ST02,2026-07-19,12,6,1,3,31.96666666666667,74.0,38.13333333333333,29.666666666666668,1,2.6666666666666665,1.8333333333333333,1.5833333333333333,2.0,3.0,0,0,1.2246467991473532e-16,-1.0,-0.7818314824680299,0.6234898018587334
ST02,2026-07-19,13,6,1,3,33.5,77.33333333333333,41.96666666666666,30.666666666666668,1,2.6666666666666665,2.1666666666666665,1.75,3.0,2.0,0,0,-0.2588190451025208,-0.9659258262890683,-0.7818314824680299,0.6234898018587334
ST02,2026-07-19,14,6,1,3,35.93333333333333,77.33333333333333,41.8,33.0,1,3.0,2.5,1.8333333333333333,3.0,3.0,0,0,-0.4999999999999997,-0.8660254037844388,-0.7818314824680299,0.6234898018587334
ST02,2026-07-19,15,6,1,3,30.03333333333333,56.666666666666664,31.5,34.666666666666664,1,3.0,2.8333333333333335,2.0,3.0,2.0,0,0,-0.7071067811865471,-0.7071067811865479,-0.7818314824680299,0.6234898018587334
ST02,2026-07-19,16,6,1,2,33.7,71.0,44.25,34.0,1,2.6666666666666665,2.6666666666666665,2.0833333333333335,3.0,3.0,0,0,-0.8660254037844385,-0.5000000000000004,-0.7818314824680299,0.6234898018587334
ST02,2026-07-19,17,6,1,2,24.75,36.0,45.150000000000006,23.5,1,2.3333333333333335,2.6666666666666665,2.0833333333333335,2.0,2.0,0,1,-0.9659258262890683,-0.25881904510252063,-0.7818314824680299,0.6234898018587334
ST02,2026-07-19,18,6,1,3,26.233333333333334,110.0,16.46666666666667,41.0,1,2.3333333333333335,2.6666666666666665,2.25,2.0,2.0,0,1,-1.0,-1.8369701987210297e-16,-0.7818314824680299,0.6234898018587334
ST02,2026-07-19,19,6,1,2,32.6,90.0,28.9,32.0,1,2.3333333333333335,2.5,2.3333333333333335,3.0,2.0,0,1,-0.9659258262890684,0.2588190451025203,-0.7818314824680299,0.6234898018587334
ST02,2026-07-19,20,6,1,1,26.4,50.0,31.7,30.0,1,2.0,2.1666666666666665,2.3333333333333335,2.0,2.0,0,1,-0.8660254037844386,0.5000000000000001,-0.7818314824680299,0.6234898018587334
ST02,2026-07-19,21,6,1,1,21.5,120.0,10.8,43.0,1,1.3333333333333333,1.8333333333333333,2.3333333333333335,1.0,1.0,0,0,-0.7071067811865477,0.7071067811865474,-0.7818314824680299,0.6234898018587334
ST02,2026-07-19,22,6,1,1,35.4,60.0,35.4,21.0,1,1.0,1.6666666666666667,2.1666666666666665,1.0,1.0,0,0,-0.5000000000000004,0.8660254037844384,-0.7818314824680299,0.6234898018587334
ST02,2026-07-19,23,6,1,1,36.2,22.0,98.7,37.0,1,1.0,1.5,2.0833333333333335,1.0,1.0,0,0,-0.25881904510252157,0.9659258262890681,-0.7818314824680299,0.6234898018587334
ST02,2026-07-20,0,0,0,1,34.6,150.0,13.8,24.0,1,1.0,1.1666666666666667,1.9166666666666667,1.0,1.0,0,0,0.0,1.0,0.0,1.0
ST02,2026-07-20,1,0,0,1,42.3,22.0,115.4,14.0,1,1.0,1.0,1.75,1.0,1.0,0,0,0.25881904510252074,0.9659258262890683,0.0,1.0
ST02,2026-07-20,3,0,0,1,21.9,22.0,59.7,46.0,1,1.0,1.0,1.5833333333333333,1.0,2.0,0,0,0.7071067811865476,0.7071067811865476,0.0,1.0
ST02,2026-07-20,4,0,0,1,17.2,60.0,17.2,40.0,1,1.0,1.0,1.4166666666666667,1.0,1.0,0,0,0.8660254037844386,0.5000000000000001,0.0,1.0
ST02,2026-07-20,6,0,0,1,41.3,50.0,49.6,19.0,1,1.0,1.0,1.3333333333333333,1.0,1.0,0,0,1.0,6.123233995736766e-17,0.0,1.0
ST02,2026-07-20,7,0,0,1,25.1,22.0,68.5,50.0,1,1.0,1.0,1.25,1.0,2.0,0,0,0.9659258262890683,-0.25881904510252063,0.0,1.0
ST02,2026-07-20,8,0,0,3,33.76666666666667,64.66666666666667,61.76666666666667,34.666666666666664,1,1.6666666666666667,1.3333333333333333,1.25,1.0,1.0,1,0,0.8660254037844387,-0.4999999999999998,0.0,1.0
ST02,2026-07-20,9,0,0,4,31.55,97.5,23.65,35.5,1,2.6666666666666665,1.8333333333333333,1.4166666666666667,3.0,1.0,1,0,0.7071067811865476,-0.7071067811865475,0.0,1.0
ST02,2026-07-20,10,0,0,3,27.7,67.33333333333333,34.53333333333333,32.333333333333336,1,3.3333333333333335,2.1666666666666665,1.5833333333333333,4.0,1.0,1,0,0.49999999999999994,-0.8660254037844387,0.0,1.0
ST02,2026-07-20,11,0,0,2,45.349999999999994,100.0,41.5,26.5,1,3.0,2.3333333333333335,1.6666666666666667,3.0,1.0,0,0,0.258819045102521,-0.9659258262890682,0.0,1.0
ST02,2026-07-20,12,0,0,2,39.7,41.0,58.0,28.0,1,2.3333333333333335,2.5,1.75,2.0,3.0,0,0,1.2246467991473532e-16,-1.0,0.0,1.0
ST02,2026-07-20,13,0,0,2,23.5,135.0,10.4,45.0,1,2.0,2.6666666666666665,1.8333333333333333,2.0,2.0,0,0,-0.2588190451025208,-0.9659258262890683,0.0,1.0
ST02,2026-07-20,14,0,0,2,31.25,22.0,85.25,38.5,1,2.0,2.5,1.9166666666666667,2.0,3.0,0,0,-0.4999999999999997,-0.8660254037844388,0.0,1.0
ST02,2026-07-20,15,0,0,2,17.3,90.0,11.600000000000001,46.0,1,2.0,2.1666666666666665,2.0,2.0,3.0,0,0,-0.7071067811865471,-0.7071067811865479,0.0,1.0
ST02,2026-07-20,16,0,0,2,21.4,36.0,40.6,33.0,1,2.0,2.0,2.0833333333333335,2.0,3.0,0,0,-0.8660254037844385,-0.5000000000000004,0.0,1.0
ST02,2026-07-20,17,0,0,4,38.6,127.5,18.575,19.0,1,2.6666666666666665,2.3333333333333335,2.3333333333333335,2.0,3.0,0,1,-0.9659258262890683,-0.25881904510252063,0.0,1.0
ST02,2026-07-20,18,0,0,3,30.5,130.0,14.366666666666667,31.666666666666668,1,3.0,2.5,2.5,4.0,2.0,0,1,-1.0,-1.8369701987210297e-16,0.0,1.0
ST02,2026-07-20,19,0,0,4,32.275,88.0,34.125,26.75,1,3.6666666666666665,2.8333333333333335,2.75,3.0,2.0,0,1,-0.9659258262890684,0.2588190451025203,0.0,1.0
ST02,2026-07-20,20,0,0,4,30.174999999999997,95.5,24.8,30.75,1,3.6666666666666665,3.1666666666666665,2.8333333333333335,4.0,3.0,0,1,-0.8660254037844386,0.5000000000000001,0.0,1.0
ST02,2026-07-20,21,0,0,1,33.0,120.0,16.5,48.0,1,3.0,3.0,2.5833333333333335,4.0,2.0,0,0,-0.7071067811865477,0.7071067811865474,0.0,1.0
ST02,2026-07-20,22,0,0,1,32.0,22.0,87.3,44.0,1,2.0,2.8333333333333335,2.4166666666666665,1.0,1.0,0,0,-0.5000000000000004,0.8660254037844384,0.0,1.0
ST02,2026-07-20,23,0,0,1,53.3,50.0,64.0,21.0,1,1.0,2.3333333333333335,2.3333333333333335,1.0,1.0,0,0,-0.25881904510252157,0.9659258262890681,0.0,1.0
ST02,2026-07-21,0,1,0,1,45.7,150.0,18.3,22.0,1,1.0,2.0,2.25,1.0,1.0,0,0,0.0,1.0,0.7818314824680298,0.6234898018587336
ST02,2026-07-21,1,1,0,1,30.7,22.0,83.7,19.0,1,1.0,1.5,2.1666666666666665,1.0,1.0,0,0,0.25881904510252074,0.9659258262890683,0.7818314824680298,0.6234898018587336
ST02,2026-07-21,2,1,0,1,30.8,60.0,30.8,43.0,1,1.0,1.0,2.0833333333333335,1.0,1.0,0,0,0.49999999999999994,0.8660254037844387,0.7818314824680298,0.6234898018587336
ST02,2026-07-21,3,1,0,1,26.8,60.0,26.8,16.0,1,1.0,1.0,2.0,1.0,1.0,0,0,0.7071067811865476,0.7071067811865476,0.7818314824680298,0.6234898018587336
ST02,2026-07-21,4,1,0,1,16.6,150.0,6.6,36.0,1,1.0,1.0,1.9166666666666667,1.0,1.0,0,0,0.8660254037844386,0.5000000000000001,0.7818314824680298,0.6234898018587336
ST02,2026-07-21,6,1,0,1,38.5,60.0,38.5,34.0,1,1.0,1.0,1.6666666666666667,1.0,1.0,0,0,1.0,6.123233995736766e-17,0.7818314824680298,0.6234898018587336
ST02,2026-07-21,7,1,0,1,40.0,22.0,109.1,12.0,1,1.0,1.0,1.5,1.0,1.0,0,0,0.9659258262890683,-0.25881904510252063,0.7818314824680298,0.6234898018587336
ST02,2026-07-21,8,1,0,4,32.475,117.5,19.45,31.75,1,2.0,1.5,1.5,1.0,1.0,1,0,0.8660254037844387,-0.4999999999999998,0.7818314824680298,0.6234898018587336
ST02,2026-07-21,9,1,0,3,25.433333333333334,97.33333333333333,31.566666666666666,38.0,1,2.6666666666666665,1.8333333333333333,1.4166666666666667,4.0,3.0,1,0,0.7071067811865476,-0.7071067811865475,0.7818314824680298,0.6234898018587336
ST02,2026-07-21,10,1,0,3,33.6,67.33333333333333,52.400000000000006,33.666666666666664,1,3.3333333333333335,2.1666666666666665,1.5833333333333333,3.0,4.0,1,0,0.49999999999999994,-0.8660254037844387,0.7818314824680298,0.6234898018587336
ST02,2026-07-21,11,1,0,2,51.95,55.0,57.900000000000006,21.0,1,2.6666666666666665,2.3333333333333335,1.6666666666666667,3.0,3.0,0,0,0.258819045102521,-0.9659258262890682,0.7818314824680298,0.6234898018587336
ST02,2026-07-21,12,1,0,2,26.05,85.0,20.35,43.5,1,2.3333333333333335,2.5,1.75,2.0,2.0,0,0,1.2246467991473532e-16,-1.0,0.7818314824680298,0.6234898018587336
ST02,2026-07-21,13,1,0,2,27.1,50.0,32.55,28.0,1,2.0,2.6666666666666665,1.8333333333333333,2.0,2.0,0,0,-0.2588190451025208,-0.9659258262890683,0.7818314824680298,0.6234898018587336
ST02,2026-07-21,14,1,0,2,37.8,90.0,29.05,17.5,1,2.0,2.3333333333333335,1.9166666666666667,2.0,2.0,0,0,-0.4999999999999997,-0.8660254037844388,0.7818314824680298,0.6234898018587336
ST02,2026-07-21,15,1,0,2,17.35,50.0,20.8,38.0,1,2.0,2.1666666666666665,2.0,2.0,2.0,0,0,-0.7071067811865471,-0.7071067811865479,0.7818314824680298,0.6234898018587336
ST02,2026-07-21,16,1,0,2,24.25,22.0,66.15,40.0,1,2.0,2.0,2.0833333333333335,2.0,2.0,0,0,-0.8660254037844385,-0.5000000000000004,0.7818314824680298,0.6234898018587336
ST02,2026-07-21,17,1,0,3,33.43333333333333,56.666666666666664,36.166666666666664,25.333333333333332,1,2.3333333333333335,2.1666666666666665,2.25,2.0,2.0,0,1,-0.9659258262890683,-0.25881904510252063,0.7818314824680298,0.6234898018587336
ST02,2026-07-21,18,1,0,4,31.025,103.0,31.900000000000002,30.0,1,3.0,2.5,2.5,3.0,4.0,0,1,-1.0,-1.8369701987210297e-16,0.7818314824680298,0.6234898018587336
ST02,2026-07-21,19,1,0,4,35.474999999999994,85.5,42.5,20.5,1,3.6666666666666665,2.8333333333333335,2.75,4.0,3.0,0,1,-0.9659258262890684,0.2588190451025203,0.7818314824680298,0.6234898018587336
ST02,2026-07-21,20,1,0,4,32.225,88.0,27.05,33.5,1,4.0,3.1666666666666665,2.75,4.0,4.0,0,1,-0.8660254037844386,0.5000000000000001,0.7818314824680298,0.6234898018587336
ST02,2026-07-21,22,1,0,1,45.8,60.0,45.8,18.0,1,3.0,3.0,2.5833333333333335,4.0,4.0,0,0,-0.5000000000000004,0.8660254037844384,0.7818314824680298,0.6234898018587336
ST02,2026-07-21,23,1,0,1,26.3,60.0,26.3,34.0,1,2.0,2.8333333333333335,2.4166666666666665,1.0,1.0,0,0,-0.25881904510252157,0.9659258262890681,0.7818314824680298,0.6234898018587336
ST02,2026-07-22,0,2,0,1,33.0,50.0,39.6,31.0,1,1.0,2.5,2.3333333333333335,1.0,1.0,0,0,0.0,1.0,0.9749279121818236,-0.22252093395631434
ST02,2026-07-22,1,2,0,1,30.6,60.0,30.6,11.0,1,1.0,2.0,2.25,1.0,1.0,0,0,0.25881904510252074,0.9659258262890683,0.9749279121818236,-0.22252093395631434
ST02,2026-07-22,3,2,0,1,44.3,120.0,22.1,10.0,1,1.0,1.5,2.1666666666666665,1.0,1.0,0,0,0.7071067811865476,0.7071067811865476,0.9749279121818236,-0.22252093395631434
ST02,2026-07-22,5,2,0,1,33.5,50.0,40.2,16.0,1,1.0,1.0,2.0833333333333335,1.0,1.0,0,0,0.9659258262890683,0.25881904510252074,0.9749279121818236,-0.22252093395631434
ST02,2026-07-22,6,2,0,1,21.6,60.0,21.6,49.0,1,1.0,1.0,2.0,1.0,1.0,0,0,1.0,6.123233995736766e-17,0.9749279121818236,-0.22252093395631434
ST02,2026-07-22,8,2,0,3,42.23333333333333,74.0,64.60000000000001,23.333333333333332,1,1.6666666666666667,1.3333333333333333,2.0833333333333335,1.0,1.0,1,0,0.8660254037844387,-0.4999999999999998,0.9749279121818236,-0.22252093395631434
ST02,2026-07-22,9,2,0,4,34.725,87.5,27.650000000000002,24.25,1,2.6666666666666665,1.8333333333333333,2.1666666666666665,3.0,1.0,1,0,0.7071067811865476,-0.7071067811865475,0.9749279121818236,-0.22252093395631434
ST02,2026-07-22,10,2,0,3,29.066666666666666,86.66666666666667,24.3,25.0,1,3.3333333333333335,2.1666666666666665,2.0833333333333335,4.0,1.0,1,0,0.49999999999999994,-0.8660254037844387,0.9749279121818236,-0.22252093395631434
ST02,2026-07-22,11,2,0,2,26.9,90.0,20.35,29.0,1,3.0,2.3333333333333335,1.9166666666666667,3.0,1.0,0,0,0.258819045102521,-0.9659258262890682,0.9749279121818236,-0.22252093395631434
ST02,2026-07-22,12,2,0,2,34.75,90.0,27.299999999999997,40.5,1,2.3333333333333335,2.5,1.75,2.0,4.0,0,0,1.2246467991473532e-16,-1.0,0.9749279121818236,-0.22252093395631434
ST02,2026-07-22,13,2,0,2,24.2,150.0,9.7,38.0,1,2.0,2.6666666666666665,1.8333333333333333,2.0,3.0,0,0,-0.2588190451025208,-0.9659258262890683,0.9749279121818236,-0.22252093395631434
ST02,2026-07-22,14,2,0,2,36.9,50.0,44.3,26.0,1,2.0,2.5,1.9166666666666667,2.0,3.0,0,0,-0.4999999999999997,-0.8660254037844388,0.9749279121818236,-0.22252093395631434
ST02,2026-07-22,15,2,0,2,19.549999999999997,86.0,36.2,45.0,1,2.0,2.1666666666666665,2.0,2.0,2.0,0,0,-0.7071067811865471,-0.7071067811865479,0.9749279121818236,-0.22252093395631434
ST02,2026-07-22,16,2,0,2,36.45,105.0,25.55,14.0,1,2.0,2.0,2.0833333333333335,2.0,2.0,0,0,-0.8660254037844385,-0.5000000000000004,0.9749279121818236,-0.22252093395631434
ST02,2026-07-22,17,2,0,4,28.325,88.0,38.75,29.0,1,2.6666666666666665,2.3333333333333335,2.3333333333333335,2.0,2.0,0,1,-0.9659258262890683,-0.25881904510252063,0.9749279121818236,-0.22252093395631434
ST02,2026-07-22,18,2,0,3,32.233333333333334,64.0,58.06666666666666,30.666666666666668,1,3.0,2.5,2.5,4.0,2.0,0,1,-1.0,-1.8369701987210297e-16,0.9749279121818236,-0.22252093395631434
ST02,2026-07-22,19,2,0,3,42.06666666666666,40.666666666666664,77.1,19.0,1,3.3333333333333335,2.6666666666666665,2.6666666666666665,3.0,2.0,0,1,-0.9659258262890684,0.2588190451025203,0.9749279121818236,-0.22252093395631434
ST02,2026-07-22,20,2,0,4,35.125,85.5,47.85,16.75,1,3.3333333333333335,3.0,2.75,3.0,2.0,0,1,-0.8660254037844386,0.5000000000000001,0.9749279121818236,-0.22252093395631434
ST02,2026-07-22,21,2,0,1,22.2,60.0,22.2,48.0,1,2.6666666666666665,2.8333333333333335,2.5,4.0,3.0,0,0,-0.7071067811865477,0.7071067811865474,0.9749279121818236,-0.22252093395631434
ST02,2026-07-22,22,2,0,1,42.8,50.0,51.4,18.0,1,2.0,2.6666666666666665,2.3333333333333335,1.0,4.0,0,0,-0.5000000000000004,0.8660254037844384,0.9749279121818236,-0.22252093395631434
ST02,2026-07-22,23,2,0,1,38.8,22.0,105.8,22.0,1,1.0,2.1666666666666665,2.25,1.0,4.0,0,0,-0.25881904510252157,0.9659258262890681,0.9749279121818236,-0.22252093395631434
ST02,2026-07-23,0,3,0,1,23.8,150.0,9.5,45.0,1,1.0,1.8333333333333333,2.1666666666666665,1.0,4.0,0,0,0.0,1.0,0.43388373911755823,-0.900968867902419
ST02,2026-07-23,1,3,0,1,31.3,22.0,85.4,29.0,1,1.0,1.5,2.0833333333333335,1.0,1.0,0,0,0.25881904510252074,0.9659258262890683,0.43388373911755823,-0.900968867902419
ST02,2026-07-23,3,3,0,1,43.5,120.0,21.8,17.0,1,1.0,1.0,2.0,1.0,1.0,0,0,0.7071067811865476,0.7071067811865476,0.43388373911755823,-0.900968867902419
ST02,2026-07-23,4,3,0,1,21.7,60.0,21.7,50.0,1,1.0,1.0,1.9166666666666667,1.0,1.0,0,0,0.8660254037844386,0.5000000000000001,0.43388373911755823,-0.900968867902419
ST02,2026-07-23,5,3,0,1,34.6,150.0,13.8,27.0,1,1.0,1.0,1.8333333333333333,1.0,1.0,0,0,0.9659258262890683,0.25881904510252074,0.43388373911755823,-0.900968867902419
ST02,2026-07-23,6,3,0,1,29.0,50.0,34.8,29.0,1,1.0,1.0,1.5833333333333333,1.0,1.0,0,0,1.0,6.123233995736766e-17,0.43388373911755823,-0.900968867902419
ST02,2026-07-23,7,3,0,1,33.4,150.0,13.4,37.0,1,1.0,1.0,1.4166666666666667,1.0,1.0,0,0,0.9659258262890683,-0.25881904510252063,0.43388373911755823,-0.900968867902419
ST02,2026-07-23,8,3,0,3,33.53333333333333,54.666666666666664,75.06666666666666,36.0,1,1.6666666666666667,1.3333333333333333,1.4166666666666667,1.0,1.0,1,0,0.8660254037844387,-0.4999999999999998,0.43388373911755823,-0.900968867902419
ST02,2026-07-23,9,3,0,3,31.8,77.33333333333333,49.36666666666667,29.666666666666668,1,2.3333333333333335,1.6666666666666667,1.3333333333333333,3.0,3.0,1,0,0.7071067811865476,-0.7071067811865475,0.43388373911755823,-0.900968867902419
ST02,2026-07-23,10,3,0,4,20.299999999999997,55.0,22.65,38.0,1,3.3333333333333335,2.1666666666666665,1.5833333333333333,3.0,4.0,1,0,0.49999999999999994,-0.8660254037844387,0.43388373911755823,-0.900968867902419
ST02,2026-07-23,11,3,0,2,27.4,60.0,27.4,35.5,1,3.0,2.3333333333333335,1.6666666666666667,4.0,3.0,0,0,0.258819045102521,-0.9659258262890682,0.43388373911755823,-0.900968867902419
ST02,2026-07-23,12,3,0,2,38.1,36.0,88.25,29.0,1,2.6666666666666665,2.5,1.75,2.0,2.0,0,0,1.2246467991473532e-16,-1.0,0.43388373911755823,-0.900968867902419
ST02,2026-07-23,13,3,0,2,32.6,85.0,27.700000000000003,13.0,1,2.0,2.6666666666666665,1.8333333333333333,2.0,2.0,0,0,-0.2588190451025208,-0.9659258262890683,0.43388373911755823,-0.900968867902419
ST02,2026-07-23,14,3,0,2,30.35,135.0,13.0,34.5,1,2.0,2.5,1.9166666666666667,2.0,2.0,0,0,-0.4999999999999997,-0.8660254037844388,0.43388373911755823,-0.900968867902419
ST02,2026-07-23,15,3,0,2,27.200000000000003,105.0,18.0,33.0,1,2.0,2.3333333333333335,2.0,2.0,2.0,0,0,-0.7071067811865471,-0.7071067811865479,0.43388373911755823,-0.900968867902419
ST02,2026-07-23,16,3,0,2,27.35,135.0,12.1,25.0,1,2.0,2.0,2.0833333333333335,2.0,2.0,0,0,-0.8660254037844385,-0.5000000000000004,0.43388373911755823,-0.900968867902419
ST02,2026-07-23,17,3,0,3,34.93333333333333,106.66666666666667,23.0,30.0,1,2.3333333333333335,2.1666666666666665,2.25,2.0,2.0,0,1,-0.9659258262890683,-0.25881904510252063,0.43388373911755823,-0.900968867902419
ST02,2026-07-23,18,3,0,4,33.474999999999994,112.5,20.674999999999997,20.75,1,3.0,2.5,2.5,3.0,4.0,0,1,-1.0,-1.8369701987210297e-16,0.43388373911755823,-0.900968867902419
ST02,2026-07-23,19,3,0,3,27.366666666666664,77.33333333333333,39.300000000000004,32.666666666666664,1,3.3333333333333335,2.6666666666666665,2.6666666666666665,4.0,3.0,0,1,-0.9659258262890684,0.2588190451025203,0.43388373911755823,-0.900968867902419
ST02,2026-07-23,20,3,0,3,28.666666666666668,120.0,19.633333333333333,27.666666666666668,1,3.3333333333333335,2.8333333333333335,2.6666666666666665,3.0,3.0,0,1,-0.8660254037844386,0.5000000000000001,0.43388373911755823,-0.900968867902419
ST02,2026-07-23,21,3,0,1,60.4,120.0,30.2,11.0,1,2.3333333333333335,2.6666666666666665,2.5,3.0,4.0,0,0,-0.7071067811865477,0.7071067811865474,0.43388373911755823,-0.900968867902419
ST02,2026-07-23,22,3,0,1,37.8,60.0,37.8,16.0,1,1.6666666666666667,2.5,2.25,1.0,1.0,0,0,-0.5000000000000004,0.8660254037844384,0.43388373911755823,-0.900968867902419
ST02,2026-07-23,23,3,0,1,35.9,120.0,17.9,46.0,1,1.0,2.1666666666666665,2.1666666666666665,1.0,1.0,0,0,-0.25881904510252157,0.9659258262890681,0.43388373911755823,-0.900968867902419
ST02,2026-07-24,0,4,0,1,22.5,120.0,11.2,42.0,1,1.0,1.6666666666666667,2.0833333333333335,1.0,1.0,0,0,0.0,1.0,-0.433883739117558,-0.9009688679024191
ST02,2026-07-24,1,4,0,1,44.8,60.0,44.8,28.0,1,1.0,1.3333333333333333,2.0,1.0,1.0,0,0,0.25881904510252074,0.9659258262890683,-0.433883739117558,-0.9009688679024191
ST02,2026-07-24,2,4,0,1,22.5,50.0,27.0,48.0,1,1.0,1.0,1.9166666666666667,1.0,1.0,0,0,0.49999999999999994,0.8660254037844387,-0.433883739117558,-0.9009688679024191
ST02,2026-07-24,3,4,0,1,32.4,120.0,16.2,39.0,1,1.0,1.0,1.8333333333333333,1.0,1.0,0,0,0.7071067811865476,0.7071067811865476,-0.433883739117558,-0.9009688679024191
ST02,2026-07-24,4,4,0,1,23.7,120.0,11.8,47.0,1,1.0,1.0,1.75,1.0,1.0,0,0,0.8660254037844386,0.5000000000000001,-0.433883739117558,-0.9009688679024191
ST02,2026-07-24,5,4,0,1,18.3,120.0,9.2,29.0,1,1.0,1.0,1.5833333333333333,1.0,1.0,0,0,0.9659258262890683,0.25881904510252074,-0.433883739117558,-0.9009688679024191
ST02,2026-07-24,6,4,0,1,47.8,120.0,23.9,22.0,1,1.0,1.0,1.3333333333333333,1.0,1.0,0,0,1.0,6.123233995736766e-17,-0.433883739117558,-0.9009688679024191
ST02,2026-07-24,7,4,0,1,31.4,60.0,31.4,15.0,1,1.0,1.0,1.1666666666666667,1.0,1.0,0,0,0.9659258262890683,-0.25881904510252063,-0.433883739117558,-0.9009688679024191
ST02,2026-07-24,8,4,0,3,35.333333333333336,76.66666666666667,30.400000000000002,23.0,1,1.6666666666666667,1.3333333333333333,1.1666666666666667,1.0,3.0,1,0,0.8660254037844387,-0.4999999999999998,-0.433883739117558,-0.9009688679024191
ST02,2026-07-24,9,4,0,3,37.166666666666664,77.33333333333333,40.6,32.333333333333336,1,2.3333333333333335,1.6666666666666667,1.3333333333333333,3.0,3.0,1,0,0.7071067811865476,-0.7071067811865475,-0.433883739117558,-0.9009688679024191
ST02,2026-07-24,10,4,0,3,39.666666666666664,80.0,33.1,31.333333333333332,1,3.0,2.0,1.5,3.0,4.0,1,0,0.49999999999999994,-0.8660254037844387,-0.433883739117558,-0.9009688679024191
ST02,2026-07-24,11,4,0,2,31.4,90.0,22.9,34.0,1,2.6666666666666665,2.1666666666666665,1.5833333333333333,3.0,2.0,0,0,0.258819045102521,-0.9659258262890682,-0.433883739117558,-0.9009688679024191
ST02,2026-07-24,12,4,0,2,21.05,41.0,30.8,44.5,1,2.3333333333333335,2.3333333333333335,1.6666666666666667,2.0,2.0,0,0,1.2246467991473532e-16,-1.0,-0.433883739117558,-0.9009688679024191
ST02,2026-07-24,13,4,0,2,32.15,105.0,23.599999999999998,36.0,1,2.0,2.5,1.75,2.0,2.0,0,0,-0.2588190451025208,-0.9659258262890683,-0.433883739117558,-0.9009688679024191
ST02,2026-07-24,14,4,0,2,38.7,150.0,15.5,34.0,1,2.0,2.3333333333333335,1.8333333333333333,2.0,2.0,0,0,-0.4999999999999997,-0.8660254037844388,-0.433883739117558,-0.9009688679024191
ST02,2026-07-24,15,4,0,2,30.6,41.0,56.75,40.5,1,2.0,2.1666666666666665,1.9166666666666667,2.0,2.0,0,0,-0.7071067811865471,-0.7071067811865479,-0.433883739117558,-0.9009688679024191
ST02,2026-07-24,16,4,0,2,34.8,150.0,13.9,21.0,1,2.0,2.0,2.0,2.0,2.0,0,0,-0.8660254037844385,-0.5000000000000004,-0.433883739117558,-0.9009688679024191
ST02,2026-07-24,17,4,0,4,32.875,73.0,41.6,31.5,1,2.6666666666666665,2.3333333333333335,2.25,2.0,3.0,0,1,-0.9659258262890683,-0.25881904510252063,-0.433883739117558,-0.9009688679024191
ST02,2026-07-24,18,4,0,4,32.15,70.5,40.075,28.5,1,3.3333333333333335,2.6666666666666665,2.5,4.0,4.0,0,1,-1.0,-1.8369701987210297e-16,-0.433883739117558,-0.9009688679024191
ST02,2026-07-24,19,4,0,4,31.35,103.0,37.05,32.25,1,4.0,3.0,2.75,4.0,3.0,0,1,-0.9659258262890684,0.2588190451025203,-0.433883739117558,-0.9009688679024191
ST02,2026-07-24,20,4,0,4,47.0,70.5,61.3,20.5,1,4.0,3.3333333333333335,2.8333333333333335,4.0,3.0,0,1,-0.8660254037844386,0.5000000000000001,-0.433883739117558,-0.9009688679024191
ST02,2026-07-24,22,4,0,1,24.7,60.0,24.7,25.0,1,3.0,3.1666666666666665,2.6666666666666665,4.0,1.0,0,0,-0.5000000000000004,0.8660254037844384,-0.433883739117558,-0.9009688679024191
ST02,2026-07-24,23,4,0,1,38.8,50.0,46.6,25.0,1,2.0,3.0,2.5,1.0,1.0,0,0,-0.25881904510252157,0.9659258262890681,-0.433883739117558,-0.9009688679024191
ST02,2026-07-25,0,5,1,1,17.5,150.0,7.0,39.0,1,1.0,2.5,2.4166666666666665,1.0,1.0,0,0,0.0,1.0,-0.9749279121818236,-0.2225209339563146
ST02,2026-07-25,1,5,1,2,24.9,90.0,17.75,26.0,1,1.3333333333333333,2.1666666666666665,2.4166666666666665,1.0,1.0,0,0,0.25881904510252074,0.9659258262890683,-0.9749279121818236,-0.2225209339563146
ST02,2026-07-25,2,5,1,1,28.8,60.0,28.8,30.0,1,1.3333333333333333,1.6666666666666667,2.3333333333333335,2.0,1.0,0,0,0.49999999999999994,0.8660254037844387,-0.9749279121818236,-0.2225209339563146
ST02,2026-07-25,3,5,1,1,26.7,120.0,13.3,11.0,1,1.3333333333333333,1.1666666666666667,2.25,1.0,1.0,0,0,0.7071067811865476,0.7071067811865476,-0.9749279121818236,-0.2225209339563146
ST02,2026-07-25,4,5,1,1,25.3,120.0,12.7,37.0,1,1.0,1.1666666666666667,2.1666666666666665,1.0,1.0,0,0,0.8660254037844386,0.5000000000000001,-0.9749279121818236,-0.2225209339563146
ST02,2026-07-25,5,5,1,1,28.9,150.0,11.6,29.0,1,1.0,1.1666666666666667,2.0833333333333335,1.0,1.0,0,0,0.9659258262890683,0.25881904510252074,-0.9749279121818236,-0.2225209339563146
ST02,2026-07-25,6,5,1,2,31.450000000000003,120.0,15.75,34.0,1,1.3333333333333333,1.3333333333333333,1.9166666666666667,1.0,1.0,0,0,1.0,6.123233995736766e-17,-0.9749279121818236,-0.2225209339563146
ST02,2026-07-25,7,5,1,2,25.05,135.0,10.8,41.5,1,1.6666666666666667,1.3333333333333333,1.75,2.0,1.0,0,0,0.9659258262890683,-0.25881904510252063,-0.9749279121818236,-0.2225209339563146
ST02,2026-07-25,8,5,1,1,40.0,50.0,48.0,23.0,1,1.6666666666666667,1.3333333333333333,1.5,2.0,1.0,1,0,0.8660254037844387,-0.4999999999999998,-0.9749279121818236,-0.2225209339563146
ST02,2026-07-25,9,5,1,1,30.5,150.0,12.2,26.0,1,1.3333333333333333,1.3333333333333333,1.25,1.0,3.0,1,0,0.7071067811865476,-0.7071067811865475,-0.9749279121818236,-0.2225209339563146
ST02,2026-07-25,10,5,1,3,33.266666666666666,97.33333333333333,31.53333333333333,31.0,1,1.6666666666666667,1.6666666666666667,1.4166666666666667,1.0,3.0,1,0,0.49999999999999994,-0.8660254037844387,-0.9749279121818236,-0.2225209339563146
ST02,2026-07-25,11,5,1,3,26.5,64.66666666666667,49.1,27.0,1,2.3333333333333335,2.0,1.5833333333333333,3.0,3.0,0,0,0.258819045102521,-0.9659258262890682,-0.9749279121818236,-0.2225209339563146
ST02,2026-07-25,12,5,1,3,35.0,53.333333333333336,39.5,22.0,1,3.0,2.1666666666666665,1.75,3.0,2.0,0,0,1.2246467991473532e-16,-1.0,-0.9749279121818236,-0.2225209339563146
ST02,2026-07-25,13,5,1,3,23.266666666666666,76.66666666666667,18.633333333333333,39.333333333333336,1,3.0,2.3333333333333335,1.8333333333333333,3.0,2.0,0,0,-0.2588190451025208,-0.9659258262890683,-0.9749279121818236,-0.2225209339563146
ST02,2026-07-25,14,5,1,3,34.333333333333336,106.66666666666667,23.166666666666668,23.666666666666668,1,3.0,2.6666666666666665,2.0,3.0,2.0,0,0,-0.4999999999999997,-0.8660254037844388,-0.9749279121818236,-0.2225209339563146
ST02,2026-07-25,15,5,1,3,27.2,83.33333333333333,24.933333333333337,30.666666666666668,1,3.0,3.0,2.1666666666666665,3.0,2.0,0,0,-0.7071067811865471,-0.7071067811865479,-0.9749279121818236,-0.2225209339563146
ST02,2026-07-25,16,5,1,3,31.0,96.66666666666667,24.233333333333334,30.666666666666668,1,3.0,3.0,2.3333333333333335,3.0,2.0,0,0,-0.8660254037844385,-0.5000000000000004,-0.9749279121818236,-0.2225209339563146
ST02,2026-07-25,17,5,1,3,33.5,100.0,21.833333333333332,36.0,1,3.0,3.0,2.5,3.0,2.0,0,1,-0.9659258262890683,-0.25881904510252063,-0.9749279121818236,-0.2225209339563146
ST02,2026-07-25,18,5,1,3,36.1,100.0,23.2,24.333333333333332,1,3.0,3.0,2.5833333333333335,3.0,4.0,0,1,-1.0,-1.8369701987210297e-16,-0.9749279121818236,-0.2225209339563146
ST02,2026-07-25,19,5,1,2,28.7,135.0,12.7,43.5,1,2.6666666666666665,2.8333333333333335,2.5833333333333335,3.0,4.0,0,1,-0.9659258262890684,0.2588190451025203,-0.9749279121818236,-0.2225209339563146
ST02,2026-07-25,20,5,1,1,13.4,50.0,16.1,50.0,1,2.0,2.5,2.5833333333333335,2.0,4.0,0,1,-0.8660254037844386,0.5000000000000001,-0.9749279121818236,-0.2225209339563146
ST02,2026-07-25,21,5,1,2,25.75,86.0,52.35,37.0,1,1.6666666666666667,2.3333333333333335,2.6666666666666665,1.0,4.0,0,0,-0.7071067811865477,0.7071067811865474,-0.9749279121818236,-0.2225209339563146
ST02,2026-07-25,22,5,1,2,40.3,86.0,63.150000000000006,18.0,1,1.6666666666666667,2.1666666666666665,2.5833333333333335,2.0,1.0,0,0,-0.5000000000000004,0.8660254037844384,-0.9749279121818236,-0.2225209339563146
ST02,2026-07-25,23,5,1,1,23.1,22.0,63.0,24.0,1,1.6666666666666667,1.8333333333333333,2.4166666666666665,2.0,1.0,0,0,-0.25881904510252157,0.9659258262890681,-0.9749279121818236,-0.2225209339563146
ST02,2026-07-26,0,6,1,1,26.3,60.0,26.3,14.0,1,1.3333333333333333,1.5,2.25,1.0,1.0,0,0,0.0,1.0,-0.7818314824680299,0.6234898018587334
ST02,2026-07-26,1,6,1,1,20.5,120.0,10.2,28.0,1,1.0,1.3333333333333333,2.0833333333333335,1.0,2.0,0,0,0.25881904510252074,0.9659258262890683,-0.7818314824680299,0.6234898018587334
ST02,2026-07-26,2,6,1,2,30.65,150.0,12.25,26.0,1,1.3333333333333333,1.5,2.0,1.0,1.0,0,0,0.49999999999999994,0.8660254037844387,-0.7818314824680299,0.6234898018587334
ST02,2026-07-26,3,6,1,1,24.7,22.0,67.4,37.0,1,1.3333333333333333,1.3333333333333333,1.8333333333333333,2.0,1.0,0,0,0.7071067811865476,0.7071067811865476,-0.7818314824680299,0.6234898018587334
ST02,2026-07-26,4,6,1,2,39.25,105.0,27.049999999999997,17.0,1,1.6666666666666667,1.3333333333333333,1.75,1.0,1.0,0,0,0.8660254037844386,0.5000000000000001,-0.7818314824680299,0.6234898018587334
ST02,2026-07-26,5,6,1,1,40.7,50.0,48.8,15.0,1,1.3333333333333333,1.3333333333333333,1.5833333333333333,2.0,1.0,0,0,0.9659258262890683,0.25881904510252074,-0.7818314824680299,0.6234898018587334
ST02,2026-07-26,6,6,1,1,30.0,60.0,30.0,33.0,1,1.3333333333333333,1.3333333333333333,1.4166666666666667,1.0,2.0,0,0,1.0,6.123233995736766e-17,-0.7818314824680299,0.6234898018587334
ST02,2026-07-26,7,6,1,1,38.6,22.0,105.3,10.0,1,1.0,1.3333333333333333,1.3333333333333333,1.0,2.0,0,0,0.9659258262890683,-0.25881904510252063,-0.7818314824680299,0.6234898018587334
ST02,2026-07-26,8,6,1,2,36.95,100.0,23.65,24.0,1,1.3333333333333333,1.3333333333333333,1.4166666666666667,1.0,1.0,1,0,0.8660254037844387,-0.4999999999999998,-0.7818314824680299,0.6234898018587334
ST02,2026-07-26,9,6,1,2,25.1,71.0,45.949999999999996,36.0,1,1.6666666666666667,1.5,1.4166666666666667,2.0,1.0,1,0,0.7071067811865476,-0.7071067811865475,-0.7818314824680299,0.6234898018587334
ST02,2026-07-26,10,6,1,3,40.199999999999996,64.0,48.199999999999996,33.333333333333336,1,2.3333333333333335,1.6666666666666667,1.5,2.0,3.0,1,0,0.49999999999999994,-0.8660254037844387,-0.7818314824680299,0.6234898018587334
ST02,2026-07-26,11,6,1,3,28.2,44.0,42.46666666666667,27.0,1,2.6666666666666665,2.0,1.6666666666666667,3.0,3.0,0,0,0.258819045102521,-0.9659258262890682,-0.7818314824680299,0.6234898018587334
ST02,2026-07-26,12,6,1,3,23.53333333333333,74.0,34.199999999999996,37.666666666666664,1,3.0,2.3333333333333335,1.8333333333333333,3.0,3.0,0,0,1.2246467991473532e-16,-1.0,-0.7818314824680299,0.6234898018587334
ST02,2026-07-26,13,6,1,3,32.43333333333333,90.0,25.23333333333333,19.0,1,3.0,2.6666666666666665,2.0,3.0,3.0,0,0,-0.2588190451025208,-0.9659258262890683,-0.7818314824680299,0.6234898018587334
ST02,2026-07-26,14,6,1,2,26.35,41.0,41.05,35.5,1,2.6666666666666665,2.6666666666666665,2.0,3.0,3.0,0,0,-0.4999999999999997,-0.8660254037844388,-0.7818314824680299,0.6234898018587334
ST02,2026-07-26,15,6,1,3,36.666666666666664,64.0,51.26666666666667,30.666666666666668,1,2.6666666666666665,2.8333333333333335,2.1666666666666665,2.0,3.0,0,0,-0.7071067811865471,-0.7071067811865479,-0.7818314824680299,0.6234898018587334
ST02,2026-07-26,16,6,1,2,30.549999999999997,36.0,57.8,41.5,1,2.3333333333333335,2.6666666666666665,2.1666666666666665,3.0,3.0,0,0,-0.8660254037844385,-0.5000000000000004,-0.7818314824680299,0.6234898018587334
ST02,2026-07-26,17,6,1,2,25.55,100.0,22.15,37.5,1,2.3333333333333335,2.5,2.25,2.0,3.0,0,1,-0.9659258262890683,-0.25881904510252063,-0.7818314824680299,0.6234898018587334
ST02,2026-07-26,18,6,1,2,30.700000000000003,55.0,33.55,20.0,1,2.0,2.3333333333333335,2.3333333333333335,2.0,3.0,0,1,-1.0,-1.8369701987210297e-16,-0.7818314824680299,0.6234898018587334
ST02,2026-07-26,19,6,1,2,36.95,105.0,24.0,14.0,1,2.0,2.1666666666666665,2.4166666666666665,2.0,2.0,0,1,-0.9659258262890684,0.2588190451025203,-0.7818314824680299,0.6234898018587334
ST02,2026-07-26,20,6,1,1,32.5,120.0,16.2,26.0,1,1.6666666666666667,2.0,2.3333333333333335,2.0,1.0,0,1,-0.8660254037844386,0.5000000000000001,-0.7818314824680299,0.6234898018587334
ST02,2026-07-26,21,6,1,1,24.6,150.0,9.8,36.0,1,1.3333333333333333,1.6666666666666667,2.25,1.0,2.0,0,0,-0.7071067811865477,0.7071067811865474,-0.7818314824680299,0.6234898018587334
ST02,2026-07-26,22,6,1,2,27.65,55.0,31.450000000000003,28.5,1,1.3333333333333333,1.6666666666666667,2.1666666666666665,1.0,2.0,0,0,-0.5000000000000004,0.8660254037844384,-0.7818314824680299,0.6234898018587334
ST02,2026-07-26,23,6,1,1,13.8,22.0,37.6,44.0,1,1.3333333333333333,1.5,2.0,2.0,1.0,0,0,-0.25881904510252157,0.9659258262890681,-0.7818314824680299,0.6234898018587334
ST02,2026-07-27,0,0,0,1,19.4,22.0,52.9,34.0,1,1.3333333333333333,1.3333333333333333,1.8333333333333333,1.0,1.0,0,0,0.0,1.0,0.0,1.0
ST02,2026-07-27,2,0,0,1,14.6,22.0,39.8,45.0,1,1.0,1.1666666666666667,1.6666666666666667,1.0,1.0,0,0,0.49999999999999994,0.8660254037844387,0.0,1.0
ST02,2026-07-27,3,0,0,1,51.1,120.0,25.6,19.0,1,1.0,1.1666666666666667,1.5833333333333333,1.0,2.0,0,0,0.7071067811865476,0.7071067811865476,0.0,1.0
ST02,2026-07-27,5,0,0,1,27.6,150.0,11.0,20.0,1,1.0,1.1666666666666667,1.4166666666666667,1.0,1.0,0,0,0.9659258262890683,0.25881904510252074,0.0,1.0
ST02,2026-07-27,6,0,0,1,19.2,22.0,52.4,48.0,1,1.0,1.0,1.3333333333333333,1.0,2.0,0,0,1.0,6.123233995736766e-17,0.0,1.0
ST02,2026-07-27,7,0,0,1,29.7,60.0,29.7,31.0,1,1.0,1.0,1.25,1.0,1.0,0,0,0.9659258262890683,-0.25881904510252063,0.0,1.0
ST02,2026-07-27,8,0,0,3,24.8,44.0,36.833333333333336,39.666666666666664,1,1.6666666666666667,1.3333333333333333,1.3333333333333333,1.0,1.0,1,0,0.8660254037844387,-0.4999999999999998,0.0,1.0
ST02,2026-07-27,9,0,0,3,39.36666666666667,116.66666666666667,30.3,17.666666666666668,1,2.3333333333333335,1.6666666666666667,1.4166666666666667,3.0,1.0,1,0,0.7071067811865476,-0.7071067811865475,0.0,1.0
ST02,2026-07-27,10,0,0,3,33.06666666666667,77.33333333333333,53.0,28.0,1,3.0,2.0,1.5833333333333333,3.0,2.0,1,0,0.49999999999999994,-0.8660254037844387,0.0,1.0
ST02,2026-07-27,11,0,0,2,41.7,36.0,82.25,24.0,1,2.6666666666666665,2.1666666666666665,1.6666666666666667,3.0,2.0,0,0,0.258819045102521,-0.9659258262890682,0.0,1.0
ST02,2026-07-27,12,0,0,2,41.0,135.0,18.55,26.0,1,2.3333333333333335,2.3333333333333335,1.6666666666666667,2.0,3.0,0,0,1.2246467991473532e-16,-1.0,0.0,1.0
ST02,2026-07-27,13,0,0,2,35.5,105.0,24.2,26.5,1,2.0,2.5,1.75,2.0,3.0,0,0,-0.2588190451025208,-0.9659258262890683,0.0,1.0
ST02,2026-07-27,14,0,0,2,41.650000000000006,71.0,69.95,15.5,1,2.0,2.3333333333333335,1.8333333333333333,2.0,3.0,0,0,-0.4999999999999997,-0.8660254037844388,0.0,1.0
ST02,2026-07-27,15,0,0,2,41.2,85.0,32.650000000000006,22.5,1,2.0,2.1666666666666665,1.9166666666666667,2.0,3.0,0,0,-0.7071067811865471,-0.7071067811865479,0.0,1.0
ST02,2026-07-27,16,0,0,2,34.75,100.0,31.9,26.0,1,2.0,2.0,2.0,2.0,2.0,0,0,-0.8660254037844385,-0.5000000000000004,0.0,1.0
ST02,2026-07-27,17,0,0,4,33.4,142.5,14.35,26.5,1,2.6666666666666665,2.3333333333333335,2.25,2.0,3.0,0,1,-0.9659258262890683,-0.25881904510252063,0.0,1.0
ST02,2026-07-27,18,0,0,4,26.275,85.5,34.6,34.75,1,3.3333333333333335,2.6666666666666665,2.5,4.0,2.0,0,1,-1.0,-1.8369701987210297e-16,0.0,1.0
ST02,2026-07-27,19,0,0,4,23.974999999999998,60.5,34.15,29.75,1,4.0,3.0,2.75,4.0,2.0,0,1,-0.9659258262890684,0.2588190451025203,0.0,1.0
ST02,2026-07-27,20,0,0,4,28.775,85.5,31.975,39.5,1,4.0,3.3333333333333335,2.8333333333333335,4.0,2.0,0,1,-0.8660254037844386,0.5000000000000001,0.0,1.0
ST02,2026-07-27,21,0,0,1,30.7,50.0,36.8,23.0,1,3.0,3.1666666666666665,2.6666666666666665,4.0,2.0,0,0,-0.7071067811865477,0.7071067811865474,0.0,1.0
ST02,2026-07-27,22,0,0,1,55.6,60.0,55.6,15.0,1,2.0,3.0,2.5,1.0,1.0,0,0,-0.5000000000000004,0.8660254037844384,0.0,1.0
ST02,2026-07-27,23,0,0,1,25.8,120.0,12.9,30.0,1,1.0,2.5,2.4166666666666665,1.0,1.0,0,0,-0.25881904510252157,0.9659258262890681,0.0,1.0
ST02,2026-07-28,1,1,0,1,33.1,60.0,33.1,43.0,1,1.0,2.0,2.3333333333333335,1.0,2.0,0,0,0.25881904510252074,0.9659258262890683,0.7818314824680298,0.6234898018587336
ST02,2026-07-28,2,1,0,1,35.5,22.0,96.8,40.0,1,1.0,1.5,2.25,1.0,1.0,0,0,0.49999999999999994,0.8660254037844387,0.7818314824680298,0.6234898018587336
ST02,2026-07-28,3,1,0,1,20.7,150.0,8.3,40.0,1,1.0,1.0,2.1666666666666665,1.0,1.0,0,0,0.7071067811865476,0.7071067811865476,0.7818314824680298,0.6234898018587336
ST02,2026-07-28,4,1,0,1,17.3,60.0,17.3,42.0,1,1.0,1.0,2.0833333333333335,1.0,1.0,0,0,0.8660254037844386,0.5000000000000001,0.7818314824680298,0.6234898018587336
ST02,2026-07-28,5,1,0,1,17.3,22.0,47.2,48.0,1,1.0,1.0,2.0,1.0,1.0,0,0,0.9659258262890683,0.25881904510252074,0.7818314824680298,0.6234898018587336
ST02,2026-07-28,6,1,0,1,25.3,60.0,25.3,26.0,1,1.0,1.0,1.75,1.0,1.0,0,0,1.0,6.123233995736766e-17,0.7818314824680298,0.6234898018587336
ST02,2026-07-28,7,1,0,1,9.7,60.0,9.7,47.0,1,1.0,1.0,1.5,1.0,1.0,0,0,0.9659258262890683,-0.25881904510252063,0.7818314824680298,0.6234898018587336
ST02,2026-07-28,8,1,0,3,27.533333333333335,40.666666666666664,54.53333333333333,27.0,1,1.6666666666666667,1.3333333333333333,1.4166666666666667,1.0,1.0,1,0,0.8660254037844387,-0.4999999999999998,0.7818314824680298,0.6234898018587336
ST02,2026-07-28,9,1,0,3,31.03333333333333,97.33333333333333,33.9,25.666666666666668,1,2.3333333333333335,1.6666666666666667,1.3333333333333333,3.0,3.0,1,0,0.7071067811865476,-0.7071067811865475,0.7818314824680298,0.6234898018587336
ST02,2026-07-28,10,1,0,4,31.6,50.0,37.9,32.75,1,3.3333333333333335,2.1666666666666665,1.5833333333333333,3.0,3.0,1,0,0.49999999999999994,-0.8660254037844387,0.7818314824680298,0.6234898018587336
ST02,2026-07-28,11,1,0,2,39.55,135.0,17.65,29.5,1,3.0,2.3333333333333335,1.6666666666666667,4.0,3.0,0,0,0.258819045102521,-0.9659258262890682,0.7818314824680298,0.6234898018587336
ST02,2026-07-28,12,1,0,2,33.400000000000006,85.0,30.75,32.5,1,2.6666666666666665,2.5,1.75,2.0,2.0,0,0,1.2246467991473532e-16,-1.0,0.7818314824680298,0.6234898018587336
ST02,2026-07-28,13,1,0,2,25.25,71.0,25.8,27.0,1,2.0,2.6666666666666665,1.8333333333333333,2.0,2.0,0,0,-0.2588190451025208,-0.9659258262890683,0.7818314824680298,0.6234898018587336
ST02,2026-07-28,14,1,0,2,36.1,100.0,30.7,16.5,1,2.0,2.5,1.9166666666666667,2.0,2.0,0,0,-0.4999999999999997,-0.8660254037844388,0.7818314824680298,0.6234898018587336
ST02,2026-07-28,15,1,0,2,27.4,105.0,19.5,24.0,1,2.0,2.3333333333333335,2.0,2.0,2.0,0,0,-0.7071067811865471,-0.7071067811865479,0.7818314824680298,0.6234898018587336
ST02,2026-07-28,16,1,0,2,24.8,41.0,50.55,40.0,1,2.0,2.0,2.0833333333333335,2.0,2.0,0,0,-0.8660254037844385,-0.5000000000000004,0.7818314824680298,0.6234898018587336
ST02,2026-07-28,17,1,0,4,38.35,90.0,29.575,22.25,1,2.6666666666666665,2.3333333333333335,2.3333333333333335,2.0,2.0,0,1,-0.9659258262890683,-0.25881904510252063,0.7818314824680298,0.6234898018587336
ST02,2026-07-28,18,1,0,3,29.933333333333334,86.66666666666667,22.900000000000002,32.333333333333336,1,3.0,2.5,2.5,4.0,4.0,0,1,-1.0,-1.8369701987210297e-16,0.7818314824680298,0.6234898018587336
ST02,2026-07-28,19,1,0,4,24.2,68.0,29.625,32.75,1,3.6666666666666665,2.8333333333333335,2.75,3.0,4.0,0,1,-0.9659258262890684,0.2588190451025203,0.7818314824680298,0.6234898018587336
ST02,2026-07-28,20,1,0,4,30.0,70.5,34.25,33.75,1,3.6666666666666665,3.1666666666666665,2.8333333333333335,4.0,4.0,0,1,-0.8660254037844386,0.5000000000000001,0.7818314824680298,0.6234898018587336
ST02,2026-07-28,21,1,0,1,47.4,150.0,19.0,21.0,1,3.0,3.0,2.6666666666666665,4.0,4.0,0,0,-0.7071067811865477,0.7071067811865474,0.7818314824680298,0.6234898018587336
ST02,2026-07-28,22,1,0,1,44.9,60.0,44.9,10.0,1,2.0,2.8333333333333335,2.4166666666666665,1.0,1.0,0,0,-0.5000000000000004,0.8660254037844384,0.7818314824680298,0.6234898018587336
ST02,2026-07-28,23,1,0,1,19.1,60.0,19.1,37.0,1,1.0,2.3333333333333335,2.3333333333333335,1.0,1.0,0,0,-0.25881904510252157,0.9659258262890681,0.7818314824680298,0.6234898018587336
ST02,2026-07-29,0,2,0,1,29.8,60.0,29.8,31.0,1,1.0,2.0,2.25,1.0,1.0,0,0,0.0,1.0,0.9749279121818236,-0.22252093395631434
ST02,2026-07-29,1,2,0,1,28.0,120.0,14.0,37.0,1,1.0,1.5,2.1666666666666665,1.0,1.0,0,0,0.25881904510252074,0.9659258262890683,0.9749279121818236,-0.22252093395631434
ST02,2026-07-29,2,2,0,1,27.3,150.0,10.9,18.0,1,1.0,1.0,2.0833333333333335,1.0,1.0,0,0,0.49999999999999994,0.8660254037844387,0.9749279121818236,-0.22252093395631434
ST02,2026-07-29,3,2,0,1,17.0,22.0,46.4,47.0,1,1.0,1.0,2.0,1.0,1.0,0,0,0.7071067811865476,0.7071067811865476,0.9749279121818236,-0.22252093395631434
ST02,2026-07-29,4,2,0,1,32.4,22.0,88.4,24.0,1,1.0,1.0,1.9166666666666667,1.0,1.0,0,0,0.8660254037844386,0.5000000000000001,0.9749279121818236,-0.22252093395631434
ST02,2026-07-29,5,2,0,1,34.6,120.0,17.3,33.0,1,1.0,1.0,1.6666666666666667,1.0,1.0,0,0,0.9659258262890683,0.25881904510252074,0.9749279121818236,-0.22252093395631434
ST02,2026-07-29,6,2,0,1,25.2,22.0,68.7,45.0,1,1.0,1.0,1.5,1.0,1.0,0,0,1.0,6.123233995736766e-17,0.9749279121818236,-0.22252093395631434
ST02,2026-07-29,7,2,0,1,30.7,60.0,30.7,32.0,1,1.0,1.0,1.25,1.0,1.0,0,0,0.9659258262890683,-0.25881904510252063,0.9749279121818236,-0.22252093395631434
ST02,2026-07-29,8,2,0,3,38.43333333333333,80.0,32.1,26.666666666666668,1,1.6666666666666667,1.3333333333333333,1.1666666666666667,1.0,3.0,1,0,0.8660254037844387,-0.4999999999999998,0.9749279121818236,-0.22252093395631434
ST02,2026-07-29,9,2,0,3,34.199999999999996,130.0,16.266666666666666,33.333333333333336,1,2.3333333333333335,1.6666666666666667,1.3333333333333333,3.0,3.0,1,0,0.7071067811865476,-0.7071067811865475,0.9749279121818236,-0.22252093395631434
ST02,2026-07-29,10,2,0,4,24.125,48.0,32.7,33.25,1,3.3333333333333335,2.1666666666666665,1.5833333333333333,3.0,4.0,1,0,0.49999999999999994,-0.8660254037844387,0.9749279121818236,-0.22252093395631434
ST02,2026-07-29,11,2,0,2,36.45,85.0,30.1,24.5,1,3.0,2.3333333333333335,1.6666666666666667,4.0,2.0,0,0,0.258819045102521,-0.9659258262890682,0.9749279121818236,-0.22252093395631434
ST02,2026-07-29,12,2,0,2,27.049999999999997,55.0,29.7,39.5,1,2.6666666666666665,2.5,1.75,2.0,2.0,0,0,1.2246467991473532e-16,-1.0,0.9749279121818236,-0.22252093395631434
ST02,2026-07-29,13,2,0,2,23.75,41.0,41.55,38.0,1,2.0,2.6666666666666665,1.8333333333333333,2.0,2.0,0,0,-0.2588190451025208,-0.9659258262890683,0.9749279121818236,-0.22252093395631434
ST02,2026-07-29,14,2,0,2,33.2,85.0,30.400000000000002,22.5,1,2.0,2.5,1.9166666666666667,2.0,2.0,0,0,-0.4999999999999997,-0.8660254037844388,0.9749279121818236,-0.22252093395631434
ST02,2026-07-29,15,2,0,2,24.45,71.0,52.35,39.0,1,2.0,2.3333333333333335,2.0,2.0,2.0,0,0,-0.7071067811865471,-0.7071067811865479,0.9749279121818236,-0.22252093395631434
ST02,2026-07-29,16,2,0,2,32.75,22.0,89.3,36.5,1,2.0,2.0,2.0833333333333335,2.0,2.0,0,0,-0.8660254037844385,-0.5000000000000004,0.9749279121818236,-0.22252093395631434
ST02,2026-07-29,17,2,0,3,29.066666666666666,120.0,14.533333333333333,23.333333333333332,1,2.3333333333333335,2.1666666666666665,2.25,2.0,4.0,0,1,-0.9659258262890683,-0.25881904510252063,0.9749279121818236,-0.22252093395631434
ST02,2026-07-29,18,2,0,4,37.8,110.5,34.6,29.75,1,3.0,2.5,2.5,3.0,3.0,0,1,-1.0,-1.8369701987210297e-16,0.9749279121818236,-0.22252093395631434
ST02,2026-07-29,19,2,0,4,21.05,70.0,17.325,41.5,1,3.6666666666666665,2.8333333333333335,2.75,4.0,4.0,0,1,-0.9659258262890684,0.2588190451025203,0.9749279121818236,-0.22252093395631434
ST02,2026-07-29,20,2,0,4,32.3,110.5,36.5,23.75,1,4.0,3.1666666666666665,2.8333333333333335,4.0,4.0,0,1,-0.8660254037844386,0.5000000000000001,0.9749279121818236,-0.22252093395631434
ST02,2026-07-29,21,2,0,1,29.8,120.0,14.9,33.0,1,3.0,3.0,2.6666666666666665,4.0,1.0,0,0,-0.7071067811865477,0.7071067811865474,0.9749279121818236,-0.22252093395631434
ST02,2026-07-29,22,2,0,1,38.1,150.0,15.2,21.0,1,2.0,2.8333333333333335,2.4166666666666665,1.0,1.0,0,0,-0.5000000000000004,0.8660254037844384,0.9749279121818236,-0.22252093395631434
ST02,2026-07-29,23,2,0,1,12.7,22.0,34.6,46.0,1,1.0,2.5,2.3333333333333335,1.0,1.0,0,0,-0.25881904510252157,0.9659258262890681,0.9749279121818236,-0.22252093395631434
ST02,2026-07-30,0,3,0,1,30.4,60.0,30.4,34.0,1,1.0,2.0,2.25,1.0,1.0,0,0,0.0,1.0,0.43388373911755823,-0.900968867902419
ST02,2026-07-30,1,3,0,1,27.6,50.0,33.1,21.0,1,1.0,1.5,2.1666666666666665,1.0,1.0,0,0,0.25881904510252074,0.9659258262890683,0.43388373911755823,-0.900968867902419
ST02,2026-07-30,3,3,0,1,27.6,120.0,13.8,48.0,1,1.0,1.0,2.0833333333333335,1.0,1.0,0,0,0.7071067811865476,0.7071067811865476,0.43388373911755823,-0.900968867902419
ST02,2026-07-30,4,3,0,1,29.4,150.0,11.8,35.0,1,1.0,1.0,2.0,1.0,1.0,0,0,0.8660254037844386,0.5000000000000001,0.43388373911755823,-0.900968867902419
ST02,2026-07-30,5,3,0,1,30.7,60.0,30.7,42.0,1,1.0,1.0,1.9166666666666667,1.0,1.0,0,0,0.9659258262890683,0.25881904510252074,0.43388373911755823,-0.900968867902419
ST02,2026-07-30,6,3,0,1,30.4,120.0,15.2,17.0,1,1.0,1.0,1.75,1.0,1.0,0,0,1.0,6.123233995736766e-17,0.43388373911755823,-0.900968867902419
ST02,2026-07-30,8,3,0,3,35.266666666666666,130.0,16.633333333333333,27.0,1,1.6666666666666667,1.3333333333333333,1.6666666666666667,1.0,1.0,1,0,0.8660254037844387,-0.4999999999999998,0.43388373911755823,-0.900968867902419
ST02,2026-07-30,9,3,0,4,36.775,118.0,49.8,31.75,1,2.6666666666666665,1.8333333333333333,1.6666666666666667,3.0,1.0,1,0,0.7071067811865476,-0.7071067811865475,0.43388373911755823,-0.900968867902419
ST02,2026-07-30,10,3,0,3,24.733333333333334,54.666666666666664,40.23333333333333,34.333333333333336,1,3.3333333333333335,2.1666666666666665,1.5833333333333333,4.0,3.0,1,0,0.49999999999999994,-0.8660254037844387,0.43388373911755823,-0.900968867902419
ST02,2026-07-30,11,3,0,2,28.95,150.0,11.600000000000001,20.5,1,3.0,2.3333333333333335,1.6666666666666667,3.0,3.0,0,0,0.258819045102521,-0.9659258262890682,0.43388373911755823,-0.900968867902419
ST02,2026-07-30,12,3,0,2,43.6,41.0,84.6,22.0,1,2.3333333333333335,2.5,1.75,2.0,4.0,0,0,1.2246467991473532e-16,-1.0,0.43388373911755823,-0.900968867902419
ST02,2026-07-30,13,3,0,2,34.85,105.0,26.7,37.0,1,2.0,2.6666666666666665,1.8333333333333333,2.0,2.0,0,0,-0.2588190451025208,-0.9659258262890683,0.43388373911755823,-0.900968867902419
ST02,2026-07-30,14,3,0,2,29.5,36.0,55.65,35.0,1,2.0,2.5,1.9166666666666667,2.0,2.0,0,0,-0.4999999999999997,-0.8660254037844388,0.43388373911755823,-0.900968867902419
ST02,2026-07-30,15,3,0,2,21.0,60.0,21.0,38.5,1,2.0,2.1666666666666665,2.0,2.0,2.0,0,0,-0.7071067811865471,-0.7071067811865479,0.43388373911755823,-0.900968867902419
ST02,2026-07-30,16,3,0,2,29.1,60.0,29.1,42.0,1,2.0,2.0,2.0833333333333335,2.0,2.0,0,0,-0.8660254037844385,-0.5000000000000004,0.43388373911755823,-0.900968867902419
ST02,2026-07-30,17,3,0,3,37.699999999999996,87.33333333333333,49.9,20.0,1,2.3333333333333335,2.1666666666666665,2.25,2.0,2.0,0,1,-0.9659258262890683,-0.25881904510252063,0.43388373911755823,-0.900968867902419
ST02,2026-07-30,18,3,0,4,33.0,41.0,63.650000000000006,35.5,1,3.0,2.5,2.5,3.0,2.0,0,1,-1.0,-1.8369701987210297e-16,0.43388373911755823,-0.900968867902419
ST02,2026-07-30,19,3,0,4,36.1,97.5,28.25,27.5,1,3.6666666666666665,2.8333333333333335,2.75,4.0,3.0,0,1,-0.9659258262890684,0.2588190451025203,0.43388373911755823,-0.900968867902419
ST02,2026-07-30,20,3,0,3,23.3,56.666666666666664,24.53333333333333,37.666666666666664,1,3.6666666666666665,3.0,2.75,4.0,4.0,0,1,-0.8660254037844386,0.5000000000000001,0.43388373911755823,-0.900968867902419
ST02,2026-07-30,21,3,0,1,22.7,150.0,9.1,35.0,1,2.6666666666666665,2.8333333333333335,2.5,3.0,4.0,0,0,-0.7071067811865477,0.7071067811865474,0.43388373911755823,-0.900968867902419
ST02,2026-07-30,22,3,0,1,28.9,150.0,11.6,30.0,1,1.6666666666666667,2.6666666666666665,2.3333333333333335,1.0,4.0,0,0,-0.5000000000000004,0.8660254037844384,0.43388373911755823,-0.900968867902419
ST02,2026-07-30,23,3,0,1,12.4,120.0,6.2,47.0,1,1.0,2.3333333333333335,2.25,1.0,1.0,0,0,-0.25881904510252157,0.9659258262890681,0.43388373911755823,-0.900968867902419
ST03,2026-07-01,1,2,0,1,28.6,120.0,14.3,26.0,2,1.0,1.0,1.0,0.0,0.0,0,0,0.25881904510252074,0.9659258262890683,0.9749279121818236,-0.22252093395631434
ST03,2026-07-01,2,2,0,1,47.3,22.0,129.0,27.0,2,1.0,1.0,1.0,1.0,0.0,0,0,0.49999999999999994,0.8660254037844387,0.9749279121818236,-0.22252093395631434
ST03,2026-07-01,4,2,0,1,41.2,150.0,16.5,34.0,2,1.0,1.0,1.0,1.0,0.0,0,0,0.8660254037844386,0.5000000000000001,0.9749279121818236,-0.22252093395631434
ST03,2026-07-01,5,2,0,1,27.8,150.0,11.1,33.0,2,1.0,1.0,1.0,1.0,0.0,0,0,0.9659258262890683,0.25881904510252074,0.9749279121818236,-0.22252093395631434
ST03,2026-07-01,6,2,0,1,35.6,60.0,35.6,22.0,2,1.0,1.0,1.0,1.0,0.0,0,0,1.0,6.123233995736766e-17,0.9749279121818236,-0.22252093395631434
ST03,2026-07-01,8,2,0,3,21.366666666666664,86.66666666666667,18.033333333333335,38.0,2,1.6666666666666667,1.3333333333333333,1.3333333333333333,1.0,0.0,1,0,0.8660254037844387,-0.4999999999999998,0.9749279121818236,-0.22252093395631434
ST03,2026-07-01,9,2,0,3,28.400000000000002,34.666666666666664,61.26666666666667,35.666666666666664,2,2.3333333333333335,1.6666666666666667,1.5714285714285714,3.0,0.0,1,0,0.7071067811865476,-0.7071067811865475,0.9749279121818236,-0.22252093395631434
ST03,2026-07-01,10,2,0,2,28.900000000000002,135.0,13.600000000000001,37.0,2,2.6666666666666665,1.8333333333333333,1.625,3.0,0.0,1,0,0.49999999999999994,-0.8660254037844387,0.9749279121818236,-0.22252093395631434
ST03,2026-07-01,11,2,0,2,31.349999999999998,36.0,52.849999999999994,28.5,2,2.3333333333333335,2.0,1.6666666666666667,2.0,0.0,0,0,0.258819045102521,-0.9659258262890682,0.9749279121818236,-0.22252093395631434
ST03,2026-07-01,12,2,0,2,41.4,105.0,23.15,25.5,2,2.0,2.1666666666666665,1.7,2.0,0.0,0,0,1.2246467991473532e-16,-1.0,0.9749279121818236,-0.22252093395631434
ST03,2026-07-01,13,2,0,1,12.1,120.0,6.0,49.0,2,1.6666666666666667,2.1666666666666665,1.6363636363636365,2.0,0.0,0,0,-0.2588190451025208,-0.9659258262890683,0.9749279121818236,-0.22252093395631434
ST03,2026-07-01,14,2,0,2,28.450000000000003,86.0,49.300000000000004,35.0,2,1.6666666666666667,2.0,1.6666666666666667,1.0,0.0,0,0,-0.4999999999999997,-0.8660254037844388,0.9749279121818236,-0.22252093395631434
ST03,2026-07-01,15,2,0,1,32.0,60.0,32.0,24.0,2,1.3333333333333333,1.6666666666666667,1.6666666666666667,2.0,0.0,0,0,-0.7071067811865471,-0.7071067811865479,0.9749279121818236,-0.22252093395631434
ST03,2026-07-01,16,2,0,1,46.7,150.0,18.7,17.0,2,1.3333333333333333,1.5,1.6666666666666667,1.0,0.0,0,0,-0.8660254037844385,-0.5000000000000004,0.9749279121818236,-0.22252093395631434
ST03,2026-07-01,17,2,0,3,38.53333333333333,110.0,23.366666666666664,32.0,2,1.6666666666666667,1.6666666666666667,1.8333333333333333,1.0,0.0,0,1,-0.9659258262890683,-0.25881904510252063,0.9749279121818236,-0.22252093395631434
ST03,2026-07-01,18,2,0,3,24.366666666666664,100.0,15.699999999999998,34.0,2,2.3333333333333335,1.8333333333333333,2.0,3.0,0.0,0,1,-1.0,-1.8369701987210297e-16,0.9749279121818236,-0.22252093395631434
ST03,2026-07-01,19,2,0,3,21.366666666666664,47.333333333333336,31.333333333333332,43.0,2,3.0,2.1666666666666665,2.1666666666666665,3.0,0.0,0,1,-0.9659258262890684,0.2588190451025203,0.9749279121818236,-0.22252093395631434
ST03,2026-07-01,20,2,0,3,26.566666666666666,56.666666666666664,28.166666666666668,35.666666666666664,2,3.0,2.3333333333333335,2.1666666666666665,3.0,0.0,0,1,-0.8660254037844386,0.5000000000000001,0.9749279121818236,-0.22252093395631434
ST03,2026-07-01,22,2,0,1,51.0,150.0,20.4,16.0,2,2.3333333333333335,2.3333333333333335,2.0,3.0,0.0,0,0,-0.5000000000000004,0.8660254037844384,0.9749279121818236,-0.22252093395631434
ST03,2026-07-02,0,3,0,1,33.6,150.0,13.4,45.0,2,1.6666666666666667,2.3333333333333335,1.9166666666666667,1.0,0.0,0,0,0.0,1.0,0.43388373911755823,-0.900968867902419
ST03,2026-07-02,1,3,0,1,24.9,60.0,24.9,36.0,2,1.0,2.0,1.8333333333333333,1.0,0.0,0,0,0.25881904510252074,0.9659258262890683,0.43388373911755823,-0.900968867902419
ST03,2026-07-02,2,3,0,1,28.5,22.0,77.7,41.0,2,1.0,1.6666666666666667,1.75,1.0,0.0,0,0,0.49999999999999994,0.8660254037844387,0.43388373911755823,-0.900968867902419
ST03,2026-07-02,3,3,0,1,42.3,120.0,21.1,14.0,2,1.0,1.3333333333333333,1.75,1.0,0.0,0,0,0.7071067811865476,0.7071067811865476,0.43388373911755823,-0.900968867902419
ST03,2026-07-02,4,3,0,1,27.5,22.0,75.0,37.0,2,1.0,1.0,1.6666666666666667,1.0,0.0,0,0,0.8660254037844386,0.5000000000000001,0.43388373911755823,-0.900968867902419
ST03,2026-07-02,5,3,0,1,44.7,120.0,22.4,14.0,2,1.0,1.0,1.6666666666666667,1.0,1.0,0,0,0.9659258262890683,0.25881904510252074,0.43388373911755823,-0.900968867902419
ST03,2026-07-02,7,3,0,1,22.1,50.0,26.5,42.0,2,1.0,1.0,1.6666666666666667,1.0,1.0,0,0,0.9659258262890683,-0.25881904510252063,0.43388373911755823,-0.900968867902419
ST03,2026-07-02,8,3,0,2,30.450000000000003,86.0,43.25,31.5,2,1.3333333333333333,1.1666666666666667,1.5833333333333333,1.0,1.0,1,0,0.8660254037844387,-0.4999999999999998,0.43388373911755823,-0.900968867902419
ST03,2026-07-02,9,3,0,2,25.5,71.0,29.55,44.5,2,1.6666666666666667,1.3333333333333333,1.5,2.0,1.0,1,0,0.7071067811865476,-0.7071067811865475,0.43388373911755823,-0.900968867902419
ST03,2026-07-02,10,3,0,2,34.85,86.0,59.35,20.5,2,2.0,1.5,1.4166666666666667,2.0,1.0,1,0,0.49999999999999994,-0.8660254037844387,0.43388373911755823,-0.900968867902419
ST03,2026-07-02,11,3,0,2,34.45,135.0,15.5,22.5,2,2.0,1.6666666666666667,1.3333333333333333,2.0,3.0,0,0,0.258819045102521,-0.9659258262890682,0.43388373911755823,-0.900968867902419
ST03,2026-07-02,12,3,0,2,33.3,135.0,15.100000000000001,25.0,2,2.0,1.8333333333333333,1.4166666666666667,2.0,3.0,0,0,1.2246467991473532e-16,-1.0,0.43388373911755823,-0.900968867902419
ST03,2026-07-02,13,3,0,1,20.1,150.0,8.0,46.0,2,1.6666666666666667,1.8333333333333333,1.4166666666666667,2.0,2.0,0,0,-0.2588190451025208,-0.9659258262890683,0.43388373911755823,-0.900968867902419
ST03,2026-07-02,14,3,0,1,25.4,60.0,25.4,41.0,2,1.3333333333333333,1.6666666666666667,1.4166666666666667,1.0,2.0,0,0,-0.4999999999999997,-0.8660254037844388,0.43388373911755823,-0.900968867902419
ST03,2026-07-02,15,3,0,2,30.849999999999998,135.0,14.350000000000001,25.5,2,1.3333333333333333,1.6666666666666667,1.5,1.0,2.0,0,0,-0.7071067811865471,-0.7071067811865479,0.43388373911755823,-0.900968867902419
ST03,2026-07-02,16,3,0,2,35.0,85.0,29.9,21.5,2,1.6666666666666667,1.6666666666666667,1.5833333333333333,2.0,1.0,0,0,-0.8660254037844385,-0.5000000000000004,0.43388373911755823,-0.900968867902419
ST03,2026-07-02,17,3,0,3,24.166666666666668,34.666666666666664,49.666666666666664,38.0,2,2.3333333333333335,1.8333333333333333,1.75,2.0,2.0,0,1,-0.9659258262890683,-0.25881904510252063,0.43388373911755823,-0.900968867902419
ST03,2026-07-02,18,3,0,3,28.46666666666667,120.0,19.3,28.0,2,2.6666666666666665,2.0,1.9166666666666667,3.0,1.0,0,1,-1.0,-1.8369701987210297e-16,0.43388373911755823,-0.900968867902419
ST03,2026-07-02,19,3,0,3,30.0,97.33333333333333,36.666666666666664,26.333333333333332,2,3.0,2.3333333333333335,2.0833333333333335,3.0,1.0,0,1,-0.9659258262890684,0.2588190451025203,0.43388373911755823,-0.900968867902419
ST03,2026-07-02,20,3,0,3,28.2,83.33333333333333,27.133333333333336,29.666666666666668,2,3.0,2.6666666666666665,2.1666666666666665,3.0,3.0,0,1,-0.8660254037844386,0.5000000000000001,0.43388373911755823,-0.900968867902419
ST03,2026-07-02,23,3,0,1,42.1,50.0,50.5,11.0,2,2.3333333333333335,2.5,2.0833333333333335,3.0,3.0,0,0,-0.25881904510252157,0.9659258262890681,0.43388373911755823,-0.900968867902419
ST03,2026-07-03,0,4,0,1,40.4,150.0,16.2,14.0,2,1.6666666666666667,2.3333333333333335,2.0,1.0,3.0,0,0,0.0,1.0,-0.433883739117558,-0.9009688679024191
ST03,2026-07-03,2,4,0,1,39.6,50.0,47.5,45.0,2,1.0,2.0,1.9166666666666667,1.0,3.0,0,0,0.49999999999999994,0.8660254037844387,-0.433883739117558,-0.9009688679024191
ST03,2026-07-03,4,4,0,1,18.2,150.0,7.3,46.0,2,1.0,1.6666666666666667,1.8333333333333333,1.0,1.0,0,0,0.8660254037844386,0.5000000000000001,-0.433883739117558,-0.9009688679024191
ST03,2026-07-03,7,4,0,1,35.4,60.0,35.4,38.0,2,1.0,1.3333333333333333,1.8333333333333333,1.0,1.0,0,0,0.9659258262890683,-0.25881904510252063,-0.433883739117558,-0.9009688679024191
ST03,2026-07-03,8,4,0,3,21.033333333333335,56.666666666666664,22.166666666666668,41.0,2,1.6666666666666667,1.3333333333333333,2.0,1.0,1.0,1,0,0.8660254037844387,-0.4999999999999998,-0.433883739117558,-0.9009688679024191
ST03,2026-07-03,9,4,0,3,31.333333333333332,106.66666666666667,18.46666666666667,35.333333333333336,2,2.3333333333333335,1.6666666666666667,2.0833333333333335,3.0,1.0,1,0,0.7071067811865476,-0.7071067811865475,-0.433883739117558,-0.9009688679024191
ST03,2026-07-03,10,4,0,3,34.36666666666667,53.333333333333336,37.53333333333333,29.333333333333332,2,3.0,2.0,2.1666666666666665,3.0,1.0,1,0,0.49999999999999994,-0.8660254037844387,-0.433883739117558,-0.9009688679024191
ST03,2026-07-03,11,4,0,2,27.450000000000003,100.0,22.0,32.0,2,2.6666666666666665,2.1666666666666665,2.0833333333333335,3.0,1.0,0,0,0.258819045102521,-0.9659258262890682,-0.433883739117558,-0.9009688679024191
ST03,2026-07-03,12,4,0,2,39.25,36.0,75.15,11.5,2,2.3333333333333335,2.3333333333333335,2.0,2.0,1.0,0,0,1.2246467991473532e-16,-1.0,-0.433883739117558,-0.9009688679024191
ST03,2026-07-03,13,4,0,1,41.1,60.0,41.1,36.0,2,1.6666666666666667,2.3333333333333335,1.8333333333333333,2.0,1.0,0,0,-0.2588190451025208,-0.9659258262890683,-0.433883739117558,-0.9009688679024191
ST03,2026-07-03,14,4,0,2,43.9,71.0,62.4,21.5,2,1.6666666666666667,2.1666666666666665,1.75,1.0,2.0,0,0,-0.4999999999999997,-0.8660254037844388,-0.433883739117558,-0.9009688679024191
ST03,2026-07-03,15,4,0,1,29.0,60.0,29.0,32.0,2,1.3333333333333333,1.8333333333333333,1.75,2.0,2.0,0,0,-0.7071067811865471,-0.7071067811865479,-0.433883739117558,-0.9009688679024191
ST03,2026-07-03,16,4,0,2,26.5,55.0,29.35,35.0,2,1.6666666666666667,1.6666666666666667,1.8333333333333333,1.0,2.0,0,0,-0.8660254037844385,-0.5000000000000004,-0.433883739117558,-0.9009688679024191
ST03,2026-07-03,17,4,0,3,22.400000000000002,106.66666666666667,16.933333333333334,33.0,2,2.0,1.8333333333333333,2.0,2.0,2.0,0,1,-0.9659258262890683,-0.25881904510252063,-0.433883739117558,-0.9009688679024191
ST03,2026-07-03,18,4,0,3,22.96666666666667,64.0,35.46666666666667,42.666666666666664,2,2.6666666666666665,2.0,2.1666666666666665,3.0,2.0,0,1,-1.0,-1.8369701987210297e-16,-0.433883739117558,-0.9009688679024191
ST03,2026-07-03,19,4,0,3,19.333333333333332,97.33333333333333,21.033333333333335,45.0,2,3.0,2.3333333333333335,2.3333333333333335,3.0,1.0,0,1,-0.9659258262890684,0.2588190451025203,-0.433883739117558,-0.9009688679024191
ST03,2026-07-03,20,4,0,3,39.43333333333333,116.66666666666667,26.133333333333336,19.666666666666668,2,3.0,2.5,2.3333333333333335,3.0,1.0,0,1,-0.8660254037844386,0.5000000000000001,-0.433883739117558,-0.9009688679024191
ST03,2026-07-03,23,4,0,1,47.9,150.0,19.2,20.0,2,2.3333333333333335,2.5,2.1666666666666665,3.0,2.0,0,0,-0.25881904510252157,0.9659258262890681,-0.433883739117558,-0.9009688679024191
ST03,2026-07-04,0,5,1,1,30.0,22.0,81.8,47.0,2,1.6666666666666667,2.3333333333333335,2.0,1.0,2.0,0,0,0.0,1.0,-0.9749279121818236,-0.2225209339563146
ST03,2026-07-04,1,5,1,1,45.4,120.0,22.7,20.0,2,1.0,2.0,1.9166666666666667,1.0,3.0,0,0,0.25881904510252074,0.9659258262890683,-0.9749279121818236,-0.2225209339563146
ST03,2026-07-04,2,5,1,1,26.8,120.0,13.4,43.0,2,1.0,1.6666666666666667,1.8333333333333333,1.0,3.0,0,0,0.49999999999999994,0.8660254037844387,-0.9749279121818236,-0.2225209339563146
ST03,2026-07-04,3,5,1,1,18.7,50.0,22.4,45.0,2,1.0,1.3333333333333333,1.8333333333333333,1.0,3.0,0,0,0.7071067811865476,0.7071067811865476,-0.9749279121818236,-0.2225209339563146
ST03,2026-07-04,4,5,1,1,28.7,120.0,14.3,45.0,2,1.0,1.0,1.75,1.0,3.0,0,0,0.8660254037844386,0.5000000000000001,-0.9749279121818236,-0.2225209339563146
ST03,2026-07-04,5,5,1,1,45.2,50.0,54.2,15.0,2,1.0,1.0,1.75,1.0,1.0,0,0,0.9659258262890683,0.25881904510252074,-0.9749279121818236,-0.2225209339563146
ST03,2026-07-04,6,5,1,1,29.5,60.0,29.5,12.0,2,1.0,1.0,1.6666666666666667,1.0,1.0,0,0,1.0,6.123233995736766e-17,-0.9749279121818236,-0.2225209339563146
ST03,2026-07-04,7,5,1,1,18.9,60.0,18.9,41.0,2,1.0,1.0,1.5,1.0,1.0,0,0,0.9659258262890683,-0.25881904510252063,-0.9749279121818236,-0.2225209339563146
ST03,2026-07-04,8,5,1,1,24.4,150.0,9.8,39.0,2,1.0,1.0,1.3333333333333333,1.0,1.0,1,0,0.8660254037844387,-0.4999999999999998,-0.9749279121818236,-0.2225209339563146
ST03,2026-07-04,9,5,1,1,25.4,150.0,10.2,36.0,2,1.0,1.0,1.1666666666666667,1.0,1.0,1,0,0.7071067811865476,-0.7071067811865475,-0.9749279121818236,-0.2225209339563146
ST03,2026-07-04,10,5,1,3,35.833333333333336,74.0,49.9,31.333333333333332,2,1.6666666666666667,1.3333333333333333,1.1666666666666667,1.0,3.0,1,0,0.49999999999999994,-0.8660254037844387,-0.9749279121818236,-0.2225209339563146
ST03,2026-07-04,11,5,1,2,31.85,36.0,69.5,22.5,2,2.0,1.5,1.25,3.0,3.0,0,0,0.258819045102521,-0.9659258262890682,-0.9749279121818236,-0.2225209339563146
ST03,2026-07-04,12,5,1,3,33.800000000000004,54.666666666666664,67.23333333333333,29.666666666666668,2,2.6666666666666665,1.8333333333333333,1.4166666666666667,2.0,3.0,0,0,1.2246467991473532e-16,-1.0,-0.9749279121818236,-0.2225209339563146
ST03,2026-07-04,13,5,1,2,18.3,100.0,13.15,34.0,2,2.3333333333333335,2.0,1.5,3.0,2.0,0,0,-0.2588190451025208,-0.9659258262890683,-0.9749279121818236,-0.2225209339563146
ST03,2026-07-04,14,5,1,2,29.599999999999998,150.0,11.850000000000001,23.5,2,2.3333333333333335,2.1666666666666665,1.5833333333333333,2.0,2.0,0,0,-0.4999999999999997,-0.8660254037844388,-0.9749279121818236,-0.2225209339563146
ST03,2026-07-04,15,5,1,2,26.2,50.0,31.400000000000002,37.5,2,2.0,2.3333333333333335,1.6666666666666667,2.0,1.0,0,0,-0.7071067811865471,-0.7071067811865479,-0.9749279121818236,-0.2225209339563146
ST03,2026-07-04,16,5,1,2,23.9,100.0,22.1,33.0,2,2.0,2.1666666666666665,1.75,2.0,2.0,0,0,-0.8660254037844385,-0.5000000000000004,-0.9749279121818236,-0.2225209339563146
ST03,2026-07-04,17,5,1,2,33.2,120.0,16.6,25.0,2,2.0,2.1666666666666665,1.8333333333333333,2.0,1.0,0,1,-0.9659258262890683,-0.25881904510252063,-0.9749279121818236,-0.2225209339563146
ST03,2026-07-04,18,5,1,2,32.55,105.0,24.05,24.5,2,2.0,2.0,1.9166666666666667,2.0,2.0,0,1,-1.0,-1.8369701987210297e-16,-0.9749279121818236,-0.2225209339563146
ST03,2026-07-04,19,5,1,2,25.5,55.0,27.0,34.0,2,2.0,2.0,2.0,2.0,3.0,0,1,-0.9659258262890684,0.2588190451025203,-0.9749279121818236,-0.2225209339563146
ST03,2026-07-04,20,5,1,1,29.0,50.0,34.8,26.0,2,1.6666666666666667,1.8333333333333333,2.0,2.0,3.0,0,1,-0.8660254037844386,0.5000000000000001,-0.9749279121818236,-0.2225209339563146
ST03,2026-07-04,21,5,1,1,42.7,22.0,116.5,26.0,2,1.3333333333333333,1.6666666666666667,2.0,1.0,3.0,0,0,-0.7071067811865477,0.7071067811865474,-0.9749279121818236,-0.2225209339563146
ST03,2026-07-04,22,5,1,1,28.9,120.0,14.4,42.0,2,1.0,1.5,1.8333333333333333,1.0,3.0,0,0,-0.5000000000000004,0.8660254037844384,-0.9749279121818236,-0.2225209339563146
ST03,2026-07-04,23,5,1,1,20.6,22.0,56.2,38.0,2,1.0,1.3333333333333333,1.75,1.0,1.0,0,0,-0.25881904510252157,0.9659258262890681,-0.9749279121818236,-0.2225209339563146
ST03,2026-07-05,0,6,1,1,38.0,150.0,15.2,30.0,2,1.0,1.1666666666666667,1.5833333333333333,1.0,1.0,0,0,0.0,1.0,-0.7818314824680299,0.6234898018587334
ST03,2026-07-05,1,6,1,1,29.3,22.0,79.9,28.0,2,1.0,1.0,1.5,1.0,1.0,0,0,0.25881904510252074,0.9659258262890683,-0.7818314824680299,0.6234898018587334
ST03,2026-07-05,2,6,1,1,38.4,22.0,104.7,19.0,2,1.0,1.0,1.4166666666666667,1.0,1.0,0,0,0.49999999999999994,0.8660254037844387,-0.7818314824680299,0.6234898018587334
ST03,2026-07-05,3,6,1,1,38.2,120.0,19.1,25.0,2,1.0,1.0,1.3333333333333333,1.0,1.0,0,0,0.7071067811865476,0.7071067811865476,-0.7818314824680299,0.6234898018587334
ST03,2026-07-05,4,6,1,1,33.3,150.0,13.3,25.0,2,1.0,1.0,1.25,1.0,1.0,0,0,0.8660254037844386,0.5000000000000001,-0.7818314824680299,0.6234898018587334
ST03,2026-07-05,5,6,1,1,20.1,120.0,10.1,45.0,2,1.0,1.0,1.1666666666666667,1.0,1.0,0,0,0.9659258262890683,0.25881904510252074,-0.7818314824680299,0.6234898018587334
ST03,2026-07-05,6,6,1,1,31.4,150.0,12.6,41.0,2,1.0,1.0,1.0833333333333333,1.0,1.0,0,0,1.0,6.123233995736766e-17,-0.7818314824680299,0.6234898018587334
ST03,2026-07-05,7,6,1,1,51.1,150.0,20.4,13.0,2,1.0,1.0,1.0,1.0,1.0,0,0,0.9659258262890683,-0.25881904510252063,-0.7818314824680299,0.6234898018587334
ST03,2026-07-05,8,6,1,1,31.9,60.0,31.9,38.0,2,1.0,1.0,1.0,1.0,1.0,1,0,0.8660254037844387,-0.4999999999999998,-0.7818314824680299,0.6234898018587334
ST03,2026-07-05,9,6,1,1,31.1,50.0,37.3,45.0,2,1.0,1.0,1.0,1.0,1.0,1,0,0.7071067811865476,-0.7071067811865475,-0.7818314824680299,0.6234898018587334
ST03,2026-07-05,10,6,1,2,28.2,86.0,39.1,38.5,2,1.3333333333333333,1.1666666666666667,1.0833333333333333,1.0,3.0,1,0,0.49999999999999994,-0.8660254037844387,-0.7818314824680299,0.6234898018587334
ST03,2026-07-05,11,6,1,2,34.95,105.0,25.15,17.0,2,1.6666666666666667,1.3333333333333333,1.1666666666666667,2.0,2.0,0,0,0.258819045102521,-0.9659258262890682,-0.7818314824680299,0.6234898018587334
ST03,2026-07-05,12,6,1,3,35.93333333333333,106.66666666666667,23.433333333333334,23.666666666666668,2,2.3333333333333335,1.6666666666666667,1.3333333333333333,2.0,3.0,0,0,1.2246467991473532e-16,-1.0,-0.7818314824680299,0.6234898018587334
ST03,2026-07-05,13,6,1,3,31.166666666666668,64.66666666666667,61.63333333333333,32.0,2,2.6666666666666665,2.0,1.5,3.0,2.0,0,0,-0.2588190451025208,-0.9659258262890683,-0.7818314824680299,0.6234898018587334
ST03,2026-07-05,14,6,1,3,28.566666666666663,64.0,56.03333333333333,32.0,2,3.0,2.3333333333333335,1.6666666666666667,3.0,2.0,0,0,-0.4999999999999997,-0.8660254037844388,-0.7818314824680299,0.6234898018587334
ST03,2026-07-05,15,6,1,2,34.2,150.0,13.7,29.5,2,2.6666666666666665,2.5,1.75,3.0,2.0,0,0,-0.7071067811865471,-0.7071067811865479,-0.7818314824680299,0.6234898018587334
ST03,2026-07-05,16,6,1,2,39.05,85.0,31.75,21.5,2,2.3333333333333335,2.5,1.8333333333333333,2.0,2.0,0,0,-0.8660254037844385,-0.5000000000000004,-0.7818314824680299,0.6234898018587334
ST03,2026-07-05,17,6,1,2,33.45,41.0,58.95,35.0,2,2.0,2.5,1.9166666666666667,2.0,2.0,0,1,-0.9659258262890683,-0.25881904510252063,-0.7818314824680299,0.6234898018587334
ST03,2026-07-05,18,6,1,2,34.65,36.0,69.75,26.5,2,2.0,2.3333333333333335,2.0,2.0,2.0,0,1,-1.0,-1.8369701987210297e-16,-0.7818314824680299,0.6234898018587334
ST03,2026-07-05,19,6,1,2,29.75,135.0,13.35,19.5,2,2.0,2.1666666666666665,2.0833333333333335,2.0,2.0,0,1,-0.9659258262890684,0.2588190451025203,-0.7818314824680299,0.6234898018587334
ST03,2026-07-05,20,6,1,1,40.9,60.0,40.9,37.0,2,1.6666666666666667,1.8333333333333333,2.0833333333333335,2.0,1.0,0,1,-0.8660254037844386,0.5000000000000001,-0.7818314824680299,0.6234898018587334
ST03,2026-07-05,21,6,1,1,43.8,50.0,52.6,28.0,2,1.3333333333333333,1.6666666666666667,2.0833333333333335,1.0,1.0,0,0,-0.7071067811865477,0.7071067811865474,-0.7818314824680299,0.6234898018587334
ST03,2026-07-05,22,6,1,1,28.2,150.0,11.3,33.0,2,1.0,1.5,2.0,1.0,1.0,0,0,-0.5000000000000004,0.8660254037844384,-0.7818314824680299,0.6234898018587334
ST03,2026-07-05,23,6,1,1,50.5,60.0,50.5,32.0,2,1.0,1.3333333333333333,1.9166666666666667,1.0,1.0,0,0,-0.25881904510252157,0.9659258262890681,-0.7818314824680299,0.6234898018587334
ST03,2026-07-06,0,0,0,1,47.4,50.0,56.9,21.0,2,1.0,1.1666666666666667,1.75,1.0,1.0,0,0,0.0,1.0,0.0,1.0
ST03,2026-07-06,2,0,0,1,31.4,60.0,31.4,49.0,2,1.0,1.0,1.5833333333333333,1.0,1.0,0,0,0.49999999999999994,0.8660254037844387,0.0,1.0
ST03,2026-07-06,3,0,0,1,23.4,22.0,63.8,28.0,2,1.0,1.0,1.4166666666666667,1.0,1.0,0,0,0.7071067811865476,0.7071067811865476,0.0,1.0
ST03,2026-07-06,4,0,0,1,42.5,60.0,42.5,14.0,2,1.0,1.0,1.3333333333333333,1.0,1.0,0,0,0.8660254037844386,0.5000000000000001,0.0,1.0
ST03,2026-07-06,6,0,0,1,19.8,60.0,19.8,40.0,2,1.0,1.0,1.25,1.0,1.0,0,0,1.0,6.123233995736766e-17,0.0,1.0
ST03,2026-07-06,8,0,0,2,35.400000000000006,105.0,25.6,15.0,2,1.3333333333333333,1.1666666666666667,1.25,1.0,1.0,1,0,0.8660254037844387,-0.4999999999999998,0.0,1.0
ST03,2026-07-06,9,0,0,2,20.25,41.0,32.35,33.5,2,1.6666666666666667,1.3333333333333333,1.25,2.0,1.0,1,0,0.7071067811865476,-0.7071067811865475,0.0,1.0
ST03,2026-07-06,10,0,0,2,27.45,71.0,57.2,29.0,2,2.0,1.5,1.25,2.0,1.0,1,0,0.49999999999999994,-0.8660254037844387,0.0,1.0
ST03,2026-07-06,11,0,0,2,33.05,55.0,36.75,35.5,2,2.0,1.6666666666666667,1.3333333333333333,2.0,1.0,0,0,0.258819045102521,-0.9659258262890682,0.0,1.0
ST03,2026-07-06,12,0,0,2,29.8,105.0,21.3,39.0,2,2.0,1.8333333333333333,1.4166666666666667,2.0,1.0,0,0,1.2246467991473532e-16,-1.0,0.0,1.0
ST03,2026-07-06,13,0,0,2,43.05,135.0,19.5,23.5,2,2.0,2.0,1.5,2.0,2.0,0,0,-0.2588190451025208,-0.9659258262890683,0.0,1.0
ST03,2026-07-06,14,0,0,2,22.55,135.0,9.95,37.0,2,2.0,2.0,1.5833333333333333,2.0,2.0,0,0,-0.4999999999999997,-0.8660254037844388,0.0,1.0
ST03,2026-07-06,15,0,0,2,29.200000000000003,60.0,29.200000000000003,43.5,2,2.0,2.0,1.6666666666666667,2.0,3.0,0,0,-0.7071067811865471,-0.7071067811865479,0.0,1.0
ST03,2026-07-06,16,0,0,2,29.1,86.0,44.800000000000004,46.5,2,2.0,2.0,1.75,2.0,3.0,0,0,-0.8660254037844385,-0.5000000000000004,0.0,1.0
ST03,2026-07-06,17,0,0,3,31.5,74.0,46.06666666666666,31.333333333333332,2,2.3333333333333335,2.1666666666666665,1.9166666666666667,2.0,3.0,0,1,-0.9659258262890683,-0.25881904510252063,0.0,1.0
ST03,2026-07-06,18,0,0,3,32.5,31.333333333333332,71.36666666666666,23.0,2,2.6666666666666665,2.3333333333333335,2.0833333333333335,3.0,2.0,0,1,-1.0,-1.8369701987210297e-16,0.0,1.0
ST03,2026-07-06,19,0,0,3,25.5,54.666666666666664,52.46666666666667,33.666666666666664,2,3.0,2.5,2.25,3.0,2.0,0,1,-0.9659258262890684,0.2588190451025203,0.0,1.0
ST03,2026-07-06,20,0,0,3,24.46666666666667,67.33333333333333,27.766666666666666,37.0,2,3.0,2.6666666666666665,2.3333333333333335,3.0,2.0,0,1,-0.8660254037844386,0.5000000000000001,0.0,1.0
ST03,2026-07-06,21,0,0,1,35.1,60.0,35.1,19.0,2,2.3333333333333335,2.5,2.25,3.0,2.0,0,0,-0.7071067811865477,0.7071067811865474,0.0,1.0
ST03,2026-07-06,23,0,0,1,38.3,50.0,46.0,21.0,2,1.6666666666666667,2.3333333333333335,2.1666666666666665,1.0,2.0,0,0,-0.25881904510252157,0.9659258262890681,0.0,1.0
ST03,2026-07-07,0,1,0,1,20.6,60.0,20.6,28.0,2,1.0,2.0,2.0833333333333335,1.0,1.0,0,0,0.0,1.0,0.7818314824680298,0.6234898018587336
ST03,2026-07-07,1,1,0,1,20.7,60.0,20.7,26.0,2,1.0,1.6666666666666667,2.0,1.0,1.0,0,0,0.25881904510252074,0.9659258262890683,0.7818314824680298,0.6234898018587336
ST03,2026-07-07,2,1,0,1,41.4,120.0,20.7,28.0,2,1.0,1.3333333333333333,1.9166666666666667,1.0,1.0,0,0,0.49999999999999994,0.8660254037844387,0.7818314824680298,0.6234898018587336
ST03,2026-07-07,5,1,0,1,39.5,120.0,19.8,20.0,2,1.0,1.0,1.8333333333333333,1.0,1.0,0,0,0.9659258262890683,0.25881904510252074,0.7818314824680298,0.6234898018587336
ST03,2026-07-07,6,1,0,1,22.4,22.0,61.1,45.0,2,1.0,1.0,1.75,1.0,1.0,0,0,1.0,6.123233995736766e-17,0.7818314824680298,0.6234898018587336
ST03,2026-07-07,7,1,0,1,34.5,22.0,94.1,17.0,2,1.0,1.0,1.6666666666666667,1.0,1.0,0,0,0.9659258262890683,-0.25881904510252063,0.7818314824680298,0.6234898018587336
ST03,2026-07-07,8,1,0,3,34.300000000000004,64.0,51.93333333333334,28.666666666666668,2,1.6666666666666667,1.3333333333333333,1.6666666666666667,1.0,1.0,1,0,0.8660254037844387,-0.4999999999999998,0.7818314824680298,0.6234898018587336
ST03,2026-07-07,9,1,0,3,31.399999999999995,44.0,50.133333333333326,31.333333333333332,2,2.3333333333333335,1.6666666666666667,1.6666666666666667,3.0,1.0,1,0,0.7071067811865476,-0.7071067811865475,0.7818314824680298,0.6234898018587336
ST03,2026-07-07,10,1,0,3,28.866666666666664,40.666666666666664,52.9,32.0,2,3.0,2.0,1.6666666666666667,3.0,1.0,1,0,0.49999999999999994,-0.8660254037844387,0.7818314824680298,0.6234898018587336
ST03,2026-07-07,11,1,0,2,32.9,36.0,74.45,31.0,2,2.6666666666666665,2.1666666666666665,1.5833333333333333,3.0,2.0,0,0,0.258819045102521,-0.9659258262890682,0.7818314824680298,0.6234898018587336
ST03,2026-07-07,12,1,0,2,37.8,120.0,18.9,38.0,2,2.3333333333333335,2.3333333333333335,1.6666666666666667,2.0,2.0,0,0,1.2246467991473532e-16,-1.0,0.7818314824680298,0.6234898018587336
ST03,2026-07-07,13,1,0,1,20.0,60.0,20.0,47.0,2,1.6666666666666667,2.3333333333333335,1.6666666666666667,2.0,2.0,0,0,-0.2588190451025208,-0.9659258262890683,0.7818314824680298,0.6234898018587336
ST03,2026-07-07,14,1,0,1,28.6,60.0,28.6,19.0,2,1.3333333333333333,2.0,1.6666666666666667,1.0,2.0,0,0,-0.4999999999999997,-0.8660254037844388,0.7818314824680298,0.6234898018587336
ST03,2026-07-07,15,1,0,2,36.85,55.0,41.2,33.5,2,1.3333333333333333,1.8333333333333333,1.75,1.0,2.0,0,0,-0.7071067811865471,-0.7071067811865479,0.7818314824680298,0.6234898018587336
ST03,2026-07-07,16,1,0,1,31.8,120.0,15.9,36.0,2,1.3333333333333333,1.5,1.75,2.0,2.0,0,0,-0.8660254037844385,-0.5000000000000004,0.7818314824680298,0.6234898018587336
ST03,2026-07-07,17,1,0,3,35.6,56.666666666666664,37.166666666666664,37.666666666666664,2,2.0,1.6666666666666667,1.9166666666666667,1.0,2.0,0,1,-0.9659258262890683,-0.25881904510252063,0.7818314824680298,0.6234898018587336
ST03,2026-07-07,18,1,0,3,37.86666666666667,87.33333333333333,43.93333333333334,28.0,2,2.3333333333333335,1.8333333333333333,2.0833333333333335,3.0,2.0,0,1,-1.0,-1.8369701987210297e-16,0.7818314824680298,0.6234898018587336
ST03,2026-07-07,19,1,0,3,33.13333333333333,76.66666666666667,31.133333333333336,32.0,2,3.0,2.1666666666666665,2.25,3.0,2.0,0,1,-0.9659258262890684,0.2588190451025203,0.7818314824680298,0.6234898018587336
ST03,2026-07-07,20,1,0,3,37.03333333333333,44.0,55.133333333333326,30.333333333333332,2,3.0,2.5,2.25,3.0,3.0,0,1,-0.8660254037844386,0.5000000000000001,0.7818314824680298,0.6234898018587336
ST03,2026-07-07,21,1,0,1,32.5,50.0,39.0,37.0,2,2.3333333333333335,2.3333333333333335,2.0833333333333335,3.0,3.0,0,0,-0.7071067811865477,0.7071067811865474,0.7818314824680298,0.6234898018587336
ST03,2026-07-07,22,1,0,1,47.9,60.0,47.9,14.0,2,1.6666666666666667,2.3333333333333335,1.9166666666666667,1.0,3.0,0,0,-0.5000000000000004,0.8660254037844384,0.7818314824680298,0.6234898018587336
ST03,2026-07-07,23,1,0,1,27.0,60.0,27.0,44.0,2,1.0,2.0,1.8333333333333333,1.0,3.0,0,0,-0.25881904510252157,0.9659258262890681,0.7818314824680298,0.6234898018587336
ST03,2026-07-08,0,2,0,1,31.2,120.0,15.6,30.0,2,1.0,1.6666666666666667,1.75,1.0,1.0,0,0,0.0,1.0,0.9749279121818236,-0.22252093395631434
ST03,2026-07-08,3,2,0,1,49.9,50.0,59.9,14.0,2,1.0,1.3333333333333333,1.75,1.0,1.0,0,0,0.7071067811865476,0.7071067811865476,0.9749279121818236,-0.22252093395631434
ST03,2026-07-08,4,2,0,1,35.0,120.0,17.5,12.0,2,1.0,1.0,1.75,1.0,1.0,0,0,0.8660254037844386,0.5000000000000001,0.9749279121818236,-0.22252093395631434
ST03,2026-07-08,8,2,0,3,27.333333333333332,64.0,40.333333333333336,34.0,2,1.6666666666666667,1.3333333333333333,1.8333333333333333,1.0,1.0,1,0,0.8660254037844387,-0.4999999999999998,0.9749279121818236,-0.22252093395631434
ST03,2026-07-08,9,2,0,2,34.3,100.0,31.65,28.0,2,2.0,1.5,1.9166666666666667,3.0,1.0,1,0,0.7071067811865476,-0.7071067811865475,0.9749279121818236,-0.22252093395631434
ST03,2026-07-08,10,2,0,3,30.53333333333333,64.0,36.36666666666667,33.0,2,2.6666666666666665,1.8333333333333333,1.9166666666666667,2.0,1.0,1,0,0.49999999999999994,-0.8660254037844387,0.9749279121818236,-0.22252093395631434
ST03,2026-07-08,11,2,0,2,32.3,120.0,16.15,26.0,2,2.3333333333333335,2.0,1.8333333333333333,3.0,1.0,0,0,0.258819045102521,-0.9659258262890682,0.9749279121818236,-0.22252093395631434
ST03,2026-07-08,12,2,0,2,32.75,60.0,32.75,31.0,2,2.3333333333333335,2.1666666666666665,1.75,2.0,1.0,0,0,1.2246467991473532e-16,-1.0,0.9749279121818236,-0.22252093395631434
ST03,2026-07-08,13,2,0,1,33.0,150.0,13.2,43.0,2,1.6666666666666667,2.1666666666666665,1.5833333333333333,2.0,3.0,0,0,-0.2588190451025208,-0.9659258262890683,0.9749279121818236,-0.22252093395631434
ST03,2026-07-08,14,2,0,1,28.5,150.0,11.4,17.0,2,1.3333333333333333,1.8333333333333333,1.5833333333333333,1.0,3.0,0,0,-0.4999999999999997,-0.8660254037844388,0.9749279121818236,-0.22252093395631434
ST03,2026-07-08,15,2,0,2,36.3,50.0,43.55,32.5,2,1.3333333333333333,1.8333333333333333,1.6666666666666667,1.0,3.0,0,0,-0.7071067811865471,-0.7071067811865479,0.9749279121818236,-0.22252093395631434
ST03,2026-07-08,16,2,0,2,34.15,120.0,17.05,31.5,2,1.6666666666666667,1.6666666666666667,1.75,2.0,2.0,0,0,-0.8660254037844385,-0.5000000000000004,0.9749279121818236,-0.22252093395631434
ST03,2026-07-08,17,2,0,3,27.633333333333336,44.0,41.56666666666666,37.666666666666664,2,2.3333333333333335,1.8333333333333333,1.9166666666666667,2.0,2.0,0,1,-0.9659258262890683,-0.25881904510252063,0.9749279121818236,-0.22252093395631434
ST03,2026-07-08,18,2,0,3,23.76666666666667,130.0,11.466666666666667,36.666666666666664,2,2.6666666666666665,2.0,2.0833333333333335,3.0,1.0,0,1,-1.0,-1.8369701987210297e-16,0.9749279121818236,-0.22252093395631434
ST03,2026-07-08,19,2,0,3,38.5,150.0,15.433333333333332,27.333333333333332,2,3.0,2.3333333333333335,2.25,3.0,1.0,0,1,-0.9659258262890684,0.2588190451025203,0.9749279121818236,-0.22252093395631434
ST03,2026-07-08,20,2,0,3,27.766666666666666,74.0,38.766666666666666,32.0,2,3.0,2.6666666666666665,2.25,3.0,2.0,0,1,-0.8660254037844386,0.5000000000000001,0.9749279121818236,-0.22252093395631434
ST03,2026-07-08,21,2,0,1,24.4,60.0,24.4,43.0,2,2.3333333333333335,2.5,2.1666666666666665,3.0,1.0,0,0,-0.7071067811865477,0.7071067811865474,0.9749279121818236,-0.22252093395631434
ST03,2026-07-08,23,2,0,1,29.3,150.0,11.7,41.0,2,1.6666666666666667,2.3333333333333335,2.0,1.0,3.0,0,0,-0.25881904510252157,0.9659258262890681,0.9749279121818236,-0.22252093395631434
ST03,2026-07-09,2,3,0,1,44.0,150.0,17.6,26.0,2,1.0,2.0,1.9166666666666667,1.0,3.0,0,0,0.49999999999999994,0.8660254037844387,0.43388373911755823,-0.900968867902419
ST03,2026-07-09,3,3,0,1,28.5,50.0,34.2,46.0,2,1.0,1.6666666666666667,1.8333333333333333,1.0,3.0,0,0,0.7071067811865476,0.7071067811865476,0.43388373911755823,-0.900968867902419
ST03,2026-07-09,6,3,0,1,40.4,22.0,110.2,34.0,2,1.0,1.3333333333333333,1.8333333333333333,1.0,3.0,0,0,1.0,6.123233995736766e-17,0.43388373911755823,-0.900968867902419
ST03,2026-07-09,7,3,0,1,28.8,120.0,14.4,32.0,2,1.0,1.0,1.8333333333333333,1.0,1.0,0,0,0.9659258262890683,-0.25881904510252063,0.43388373911755823,-0.900968867902419
ST03,2026-07-09,8,3,0,3,31.599999999999998,90.0,25.599999999999998,21.666666666666668,2,1.6666666666666667,1.3333333333333333,1.9166666666666667,1.0,1.0,1,0,0.8660254037844387,-0.4999999999999998,0.43388373911755823,-0.900968867902419
ST03,2026-07-09,9,3,0,3,19.966666666666665,67.33333333333333,27.166666666666668,36.666666666666664,2,2.3333333333333335,1.6666666666666667,2.0,3.0,1.0,1,0,0.7071067811865476,-0.7071067811865475,0.43388373911755823,-0.900968867902419
ST03,2026-07-09,10,3,0,3,37.166666666666664,64.0,39.300000000000004,28.333333333333332,2,3.0,2.0,2.0,3.0,1.0,1,0,0.49999999999999994,-0.8660254037844387,0.43388373911755823,-0.900968867902419
ST03,2026-07-09,11,3,0,1,61.1,120.0,30.6,16.0,2,2.3333333333333335,2.0,1.8333333333333333,3.0,1.0,0,0,0.258819045102521,-0.9659258262890682,0.43388373911755823,-0.900968867902419
ST03,2026-07-09,12,3,0,2,38.15,105.0,30.7,33.0,2,2.0,2.1666666666666665,1.75,1.0,1.0,0,0,1.2246467991473532e-16,-1.0,0.43388373911755823,-0.900968867902419
ST03,2026-07-09,13,3,0,2,23.299999999999997,60.0,23.299999999999997,41.5,2,1.6666666666666667,2.3333333333333335,1.6666666666666667,2.0,3.0,0,0,-0.2588190451025208,-0.9659258262890683,0.43388373911755823,-0.900968867902419
ST03,2026-07-09,14,3,0,1,36.8,120.0,18.4,26.0,2,1.6666666666666667,2.0,1.6666666666666667,2.0,2.0,0,0,-0.4999999999999997,-0.8660254037844388,0.43388373911755823,-0.900968867902419
ST03,2026-07-09,15,3,0,2,32.95,85.0,23.8,27.0,2,1.6666666666666667,1.8333333333333333,1.75,1.0,3.0,0,0,-0.7071067811865471,-0.7071067811865479,0.43388373911755823,-0.900968867902419
ST03,2026-07-09,16,3,0,2,32.4,100.0,24.4,30.0,2,1.6666666666666667,1.6666666666666667,1.8333333333333333,2.0,2.0,0,0,-0.8660254037844385,-0.5000000000000004,0.43388373911755823,-0.900968867902419
ST03,2026-07-09,17,3,0,3,34.6,64.0,48.333333333333336,22.666666666666668,2,2.3333333333333335,2.0,2.0,2.0,2.0,0,1,-0.9659258262890683,-0.25881904510252063,0.43388373911755823,-0.900968867902419
ST03,2026-07-09,18,3,0,3,31.133333333333336,110.0,18.866666666666667,34.333333333333336,2,2.6666666666666665,2.1666666666666665,2.1666666666666665,3.0,1.0,0,1,-1.0,-1.8369701987210297e-16,0.43388373911755823,-0.900968867902419
ST03,2026-07-09,19,3,0,3,33.36666666666667,64.66666666666667,67.96666666666667,17.666666666666668,2,3.0,2.3333333333333335,2.3333333333333335,3.0,1.0,0,1,-0.9659258262890684,0.2588190451025203,0.43388373911755823,-0.900968867902419
ST03,2026-07-09,20,3,0,3,34.03333333333333,130.0,15.633333333333333,28.333333333333332,2,3.0,2.6666666666666665,2.3333333333333335,3.0,2.0,0,1,-0.8660254037844386,0.5000000000000001,0.43388373911755823,-0.900968867902419
ST03,2026-07-09,22,3,0,1,25.1,150.0,10.0,22.0,2,2.3333333333333335,2.5,2.1666666666666665,3.0,2.0,0,0,-0.5000000000000004,0.8660254037844384,0.43388373911755823,-0.900968867902419
ST03,2026-07-09,23,3,0,1,35.5,60.0,35.5,15.0,2,1.6666666666666667,2.3333333333333335,2.0,1.0,3.0,0,0,-0.25881904510252157,0.9659258262890681,0.43388373911755823,-0.900968867902419
ST03,2026-07-10,0,4,0,1,25.5,22.0,69.5,47.0,2,1.0,2.0,2.0,1.0,3.0,0,0,0.0,1.0,-0.433883739117558,-0.9009688679024191
ST03,2026-07-10,3,4,0,1,30.5,120.0,15.2,32.0,2,1.0,1.6666666666666667,1.9166666666666667,1.0,3.0,0,0,0.7071067811865476,0.7071067811865476,-0.433883739117558,-0.9009688679024191
ST03,2026-07-10,4,4,0,1,19.9,150.0,8.0,48.0,2,1.0,1.3333333333333333,1.8333333333333333,1.0,3.0,0,0,0.8660254037844386,0.5000000000000001,-0.433883739117558,-0.9009688679024191
ST03,2026-07-10,5,4,0,1,44.4,22.0,121.1,34.0,2,1.0,1.0,1.8333333333333333,1.0,1.0,0,0,0.9659258262890683,0.25881904510252074,-0.433883739117558,-0.9009688679024191
ST03,2026-07-10,7,4,0,1,23.3,22.0,63.5,45.0,2,1.0,1.0,1.75,1.0,1.0,0,0,0.9659258262890683,-0.25881904510252063,-0.433883739117558,-0.9009688679024191
ST03,2026-07-10,8,4,0,2,32.75,105.0,21.75,13.0,2,1.3333333333333333,1.1666666666666667,1.75,1.0,1.0,1,0,0.8660254037844387,-0.4999999999999998,-0.433883739117558,-0.9009688679024191
ST03,2026-07-10,9,4,0,3,32.333333333333336,86.66666666666667,27.099999999999998,32.0,2,2.0,1.5,1.75,2.0,1.0,1,0,0.7071067811865476,-0.7071067811865475,-0.433883739117558,-0.9009688679024191
ST03,2026-07-10,10,4,0,3,29.2,90.0,22.96666666666667,29.333333333333332,2,2.6666666666666665,1.8333333333333333,1.75,3.0,1.0,1,0,0.49999999999999994,-0.8660254037844387,-0.433883739117558,-0.9009688679024191
ST03,2026-07-10,11,4,0,1,18.8,150.0,7.5,28.0,2,2.3333333333333335,1.8333333333333333,1.5833333333333333,3.0,1.0,0,0,0.258819045102521,-0.9659258262890682,-0.433883739117558,-0.9009688679024191
ST03,2026-07-10,12,4,0,2,32.05,135.0,15.049999999999999,25.0,2,2.0,2.0,1.5,1.0,3.0,0,0,1.2246467991473532e-16,-1.0,-0.433883739117558,-0.9009688679024191
ST03,2026-07-10,13,4,0,1,45.0,60.0,45.0,17.0,2,1.3333333333333333,2.0,1.5,2.0,3.0,0,0,-0.2588190451025208,-0.9659258262890683,-0.433883739117558,-0.9009688679024191
ST03,2026-07-10,14,4,0,2,26.4,41.0,54.05,37.0,2,1.6666666666666667,2.0,1.5833333333333333,1.0,3.0,0,0,-0.4999999999999997,-0.8660254037844388,-0.433883739117558,-0.9009688679024191
ST03,2026-07-10,15,4,0,2,41.35,71.0,58.0,34.5,2,1.6666666666666667,1.8333333333333333,1.6666666666666667,2.0,1.0,0,0,-0.7071067811865471,-0.7071067811865479,-0.433883739117558,-0.9009688679024191
ST03,2026-07-10,16,4,0,1,40.7,60.0,40.7,28.0,2,1.6666666666666667,1.5,1.6666666666666667,2.0,2.0,0,0,-0.8660254037844385,-0.5000000000000004,-0.433883739117558,-0.9009688679024191
ST03,2026-07-10,17,4,0,3,30.633333333333336,64.0,38.86666666666667,36.333333333333336,2,2.0,1.8333333333333333,1.8333333333333333,1.0,2.0,0,1,-0.9659258262890683,-0.25881904510252063,-0.433883739117558,-0.9009688679024191
ST03,2026-07-10,18,4,0,3,23.766666666666666,86.66666666666667,20.066666666666666,32.0,2,2.3333333333333335,2.0,2.0,3.0,1.0,0,1,-1.0,-1.8369701987210297e-16,-0.433883739117558,-0.9009688679024191
ST03,2026-07-10,19,4,0,3,27.266666666666666,50.0,32.733333333333334,31.333333333333332,2,3.0,2.3333333333333335,2.1666666666666665,3.0,2.0,0,1,-0.9659258262890684,0.2588190451025203,-0.433883739117558,-0.9009688679024191
ST03,2026-07-10,20,4,0,3,41.333333333333336,97.33333333333333,46.166666666666664,21.333333333333332,2,3.0,2.5,2.25,3.0,2.0,0,1,-0.8660254037844386,0.5000000000000001,-0.433883739117558,-0.9009688679024191
ST03,2026-07-10,23,4,0,1,37.4,150.0,15.0,20.0,2,2.3333333333333335,2.3333333333333335,2.0833333333333335,3.0,3.0,0,0,-0.25881904510252157,0.9659258262890681,-0.433883739117558,-0.9009688679024191
ST03,2026-07-11,0,5,1,1,34.5,22.0,94.1,34.0,2,1.6666666666666667,2.3333333333333335,1.9166666666666667,1.0,3.0,0,0,0.0,1.0,-0.9749279121818236,-0.2225209339563146
ST03,2026-07-11,1,5,1,1,50.9,150.0,20.4,24.0,2,1.0,2.0,1.9166666666666667,1.0,3.0,0,0,0.25881904510252074,0.9659258262890683,-0.9749279121818236,-0.2225209339563146
ST03,2026-07-11,2,5,1,1,34.2,22.0,93.3,10.0,2,1.0,1.6666666666666667,1.8333333333333333,1.0,3.0,0,0,0.49999999999999994,0.8660254037844387,-0.9749279121818236,-0.2225209339563146
ST03,2026-07-11,3,5,1,1,36.5,120.0,18.2,14.0,2,1.0,1.3333333333333333,1.8333333333333333,1.0,1.0,0,0,0.7071067811865476,0.7071067811865476,-0.9749279121818236,-0.2225209339563146
ST03,2026-07-11,4,5,1,1,21.4,120.0,10.7,46.0,2,1.0,1.0,1.75,1.0,1.0,0,0,0.8660254037844386,0.5000000000000001,-0.9749279121818236,-0.2225209339563146
ST03,2026-07-11,5,5,1,1,19.1,22.0,52.1,37.0,2,1.0,1.0,1.6666666666666667,1.0,1.0,0,0,0.9659258262890683,0.25881904510252074,-0.9749279121818236,-0.2225209339563146
ST03,2026-07-11,6,5,1,1,25.2,22.0,68.7,43.0,2,1.0,1.0,1.6666666666666667,1.0,1.0,0,0,1.0,6.123233995736766e-17,-0.9749279121818236,-0.2225209339563146
ST03,2026-07-11,7,5,1,1,32.8,22.0,89.5,21.0,2,1.0,1.0,1.5,1.0,1.0,0,0,0.9659258262890683,-0.25881904510252063,-0.9749279121818236,-0.2225209339563146
ST03,2026-07-11,8,5,1,1,21.5,150.0,8.6,44.0,2,1.0,1.0,1.3333333333333333,1.0,1.0,1,0,0.8660254037844387,-0.4999999999999998,-0.9749279121818236,-0.2225209339563146
ST03,2026-07-11,9,5,1,1,34.4,22.0,93.8,37.0,2,1.0,1.0,1.1666666666666667,1.0,1.0,1,0,0.7071067811865476,-0.7071067811865475,-0.9749279121818236,-0.2225209339563146
ST03,2026-07-11,10,5,1,3,28.266666666666666,64.0,37.699999999999996,35.0,2,1.6666666666666667,1.3333333333333333,1.1666666666666667,1.0,2.0,1,0,0.49999999999999994,-0.8660254037844387,-0.9749279121818236,-0.2225209339563146
ST03,2026-07-11,11,5,1,2,27.700000000000003,90.0,20.2,29.5,2,2.0,1.5,1.25,3.0,3.0,0,0,0.258819045102521,-0.9659258262890682,-0.9749279121818236,-0.2225209339563146
ST03,2026-07-11,12,5,1,2,25.5,85.0,23.799999999999997,28.5,2,2.3333333333333335,1.6666666666666667,1.3333333333333333,2.0,3.0,0,0,1.2246467991473532e-16,-1.0,-0.9749279121818236,-0.2225209339563146
ST03,2026-07-11,13,5,1,2,30.299999999999997,41.0,67.35,28.5,2,2.0,1.8333333333333333,1.4166666666666667,2.0,1.0,0,0,-0.2588190451025208,-0.9659258262890683,-0.9749279121818236,-0.2225209339563146
ST03,2026-07-11,14,5,1,3,31.766666666666666,90.0,26.3,24.333333333333332,2,2.3333333333333335,2.1666666666666665,1.5833333333333333,2.0,2.0,0,0,-0.4999999999999997,-0.8660254037844388,-0.9749279121818236,-0.2225209339563146
ST03,2026-07-11,15,5,1,2,34.6,105.0,24.55,20.5,2,2.3333333333333335,2.3333333333333335,1.6666666666666667,3.0,1.0,0,0,-0.7071067811865471,-0.7071067811865479,-0.9749279121818236,-0.2225209339563146
ST03,2026-07-11,16,5,1,2,30.75,100.0,29.3,34.5,2,2.3333333333333335,2.1666666666666665,1.75,2.0,2.0,0,0,-0.8660254037844385,-0.5000000000000004,-0.9749279121818236,-0.2225209339563146
ST03,2026-07-11,17,5,1,2,30.700000000000003,135.0,13.3,27.5,2,2.0,2.1666666666666665,1.8333333333333333,2.0,2.0,0,1,-0.9659258262890683,-0.25881904510252063,-0.9749279121818236,-0.2225209339563146
ST03,2026-07-11,18,5,1,2,36.0,50.0,43.2,24.5,2,2.0,2.1666666666666665,1.9166666666666667,2.0,1.0,0,1,-1.0,-1.8369701987210297e-16,-0.9749279121818236,-0.2225209339563146
ST03,2026-07-11,19,5,1,2,27.799999999999997,85.0,21.549999999999997,28.5,2,2.0,2.1666666666666665,2.0,2.0,3.0,0,1,-0.9659258262890684,0.2588190451025203,-0.9749279121818236,-0.2225209339563146
ST03,2026-07-11,20,5,1,1,17.6,60.0,17.6,44.0,2,1.6666666666666667,1.8333333333333333,2.0,2.0,3.0,0,1,-0.8660254037844386,0.5000000000000001,-0.9749279121818236,-0.2225209339563146
ST03,2026-07-11,21,5,1,1,17.8,150.0,7.1,42.0,2,1.3333333333333333,1.6666666666666667,2.0,1.0,3.0,0,0,-0.7071067811865477,0.7071067811865474,-0.9749279121818236,-0.2225209339563146
ST03,2026-07-11,22,5,1,1,32.4,120.0,16.2,27.0,2,1.0,1.5,1.8333333333333333,1.0,3.0,0,0,-0.5000000000000004,0.8660254037844384,-0.9749279121818236,-0.2225209339563146
ST03,2026-07-11,23,5,1,1,55.6,50.0,66.7,24.0,2,1.0,1.3333333333333333,1.75,1.0,1.0,0,0,-0.25881904510252157,0.9659258262890681,-0.9749279121818236,-0.2225209339563146
ST03,2026-07-12,0,6,1,1,12.9,150.0,5.2,43.0,2,1.0,1.1666666666666667,1.6666666666666667,1.0,1.0,0,0,0.0,1.0,-0.7818314824680299,0.6234898018587334
ST03,2026-07-12,1,6,1,1,22.0,120.0,11.0,46.0,2,1.0,1.0,1.5833333333333333,1.0,1.0,0,0,0.25881904510252074,0.9659258262890683,-0.7818314824680299,0.6234898018587334
ST03,2026-07-12,2,6,1,1,57.8,22.0,157.6,11.0,2,1.0,1.0,1.4166666666666667,1.0,1.0,0,0,0.49999999999999994,0.8660254037844387,-0.7818314824680299,0.6234898018587334
ST03,2026-07-12,3,6,1,1,38.6,22.0,105.3,24.0,2,1.0,1.0,1.3333333333333333,1.0,1.0,0,0,0.7071067811865476,0.7071067811865476,-0.7818314824680299,0.6234898018587334
ST03,2026-07-12,4,6,1,1,36.1,120.0,18.1,48.0,2,1.0,1.0,1.25,1.0,1.0,0,0,0.8660254037844386,0.5000000000000001,-0.7818314824680299,0.6234898018587334
ST03,2026-07-12,5,6,1,1,26.8,150.0,10.7,38.0,2,1.0,1.0,1.1666666666666667,1.0,1.0,0,0,0.9659258262890683,0.25881904510252074,-0.7818314824680299,0.6234898018587334
ST03,2026-07-12,6,6,1,1,18.9,150.0,7.6,48.0,2,1.0,1.0,1.0833333333333333,1.0,1.0,0,0,1.0,6.123233995736766e-17,-0.7818314824680299,0.6234898018587334
ST03,2026-07-12,7,6,1,1,24.1,60.0,24.1,38.0,2,1.0,1.0,1.0,1.0,1.0,0,0,0.9659258262890683,-0.25881904510252063,-0.7818314824680299,0.6234898018587334
ST03,2026-07-12,8,6,1,1,23.7,50.0,28.4,40.0,2,1.0,1.0,1.0,1.0,1.0,1,0,0.8660254037844387,-0.4999999999999998,-0.7818314824680299,0.6234898018587334
ST03,2026-07-12,9,6,1,1,39.6,150.0,15.8,14.0,2,1.0,1.0,1.0,1.0,1.0,1,0,0.7071067811865476,-0.7071067811865475,-0.7818314824680299,0.6234898018587334
ST03,2026-07-12,10,6,1,3,27.0,107.33333333333333,24.833333333333332,40.333333333333336,2,1.6666666666666667,1.3333333333333333,1.1666666666666667,1.0,3.0,1,0,0.49999999999999994,-0.8660254037844387,-0.7818314824680299,0.6234898018587334
ST03,2026-07-12,11,6,1,2,18.5,135.0,8.45,42.0,2,2.0,1.5,1.25,3.0,2.0,0,0,0.258819045102521,-0.9659258262890682,-0.7818314824680299,0.6234898018587334
ST03,2026-07-12,12,6,1,3,29.366666666666664,80.0,23.766666666666666,28.333333333333332,2,2.6666666666666665,1.8333333333333333,1.4166666666666667,2.0,2.0,0,0,1.2246467991473532e-16,-1.0,-0.7818314824680299,0.6234898018587334
ST03,2026-07-12,13,6,1,2,27.45,105.0,18.7,21.5,2,2.3333333333333335,2.0,1.5,3.0,2.0,0,0,-0.2588190451025208,-0.9659258262890683,-0.7818314824680299,0.6234898018587334
ST03,2026-07-12,14,6,1,2,38.45,22.0,104.85,11.5,2,2.3333333333333335,2.1666666666666665,1.5833333333333333,2.0,3.0,0,0,-0.4999999999999997,-0.8660254037844388,-0.7818314824680299,0.6234898018587334
ST03,2026-07-12,15,6,1,2,36.599999999999994,85.0,32.45,20.0,2,2.0,2.3333333333333335,1.6666666666666667,2.0,2.0,0,0,-0.7071067811865471,-0.7071067811865479,-0.7818314824680299,0.6234898018587334
ST03,2026-07-12,16,6,1,2,37.650000000000006,55.0,40.1,28.5,2,2.0,2.1666666666666665,1.75,2.0,2.0,0,0,-0.8660254037844385,-0.5000000000000004,-0.7818314824680299,0.6234898018587334
ST03,2026-07-12,17,6,1,2,37.849999999999994,100.0,34.3,40.0,2,2.0,2.1666666666666665,1.8333333333333333,2.0,2.0,0,1,-0.9659258262890683,-0.25881904510252063,-0.7818314824680299,0.6234898018587334
ST03,2026-07-12,18,6,1,2,29.849999999999998,50.0,35.85,25.5,2,2.0,2.0,1.9166666666666667,2.0,2.0,0,1,-1.0,-1.8369701987210297e-16,-0.7818314824680299,0.6234898018587334
ST03,2026-07-12,19,6,1,2,37.2,90.0,26.4,28.5,2,2.0,2.0,2.0,2.0,2.0,0,1,-0.9659258262890684,0.2588190451025203,-0.7818314824680299,0.6234898018587334
ST03,2026-07-12,20,6,1,1,12.6,22.0,34.4,48.0,2,1.6666666666666667,1.8333333333333333,2.0,2.0,1.0,0,1,-0.8660254037844386,0.5000000000000001,-0.7818314824680299,0.6234898018587334
ST03,2026-07-12,21,6,1,1,18.0,150.0,7.2,48.0,2,1.3333333333333333,1.6666666666666667,2.0,1.0,1.0,0,0,-0.7071067811865477,0.7071067811865474,-0.7818314824680299,0.6234898018587334
ST03,2026-07-12,22,6,1,1,27.2,150.0,10.9,14.0,2,1.0,1.5,1.8333333333333333,1.0,1.0,0,0,-0.5000000000000004,0.8660254037844384,-0.7818314824680299,0.6234898018587334
ST03,2026-07-12,23,6,1,1,34.8,120.0,17.4,18.0,2,1.0,1.3333333333333333,1.75,1.0,1.0,0,0,-0.25881904510252157,0.9659258262890681,-0.7818314824680299,0.6234898018587334
ST03,2026-07-13,1,0,0,1,21.6,22.0,58.9,21.0,2,1.0,1.1666666666666667,1.5833333333333333,1.0,1.0,0,0,0.25881904510252074,0.9659258262890683,0.0,1.0
ST03,2026-07-13,2,0,0,1,21.1,120.0,10.6,48.0,2,1.0,1.0,1.5,1.0,1.0,0,0,0.49999999999999994,0.8660254037844387,0.0,1.0
ST03,2026-07-13,3,0,0,1,19.4,22.0,52.9,33.0,2,1.0,1.0,1.4166666666666667,1.0,1.0,0,0,0.7071067811865476,0.7071067811865476,0.0,1.0
ST03,2026-07-13,5,0,0,1,24.5,22.0,66.8,40.0,2,1.0,1.0,1.3333333333333333,1.0,1.0,0,0,0.9659258262890683,0.25881904510252074,0.0,1.0
ST03,2026-07-13,7,0,0,1,32.4,150.0,13.0,20.0,2,1.0,1.0,1.25,1.0,1.0,0,0,0.9659258262890683,-0.25881904510252063,0.0,1.0
ST03,2026-07-13,8,0,0,3,28.0,50.0,33.6,28.666666666666668,2,1.6666666666666667,1.3333333333333333,1.3333333333333333,1.0,1.0,1,0,0.8660254037844387,-0.4999999999999998,0.0,1.0
ST03,2026-07-13,9,0,0,3,26.2,67.33333333333333,42.3,26.666666666666668,2,2.3333333333333335,1.6666666666666667,1.4166666666666667,3.0,1.0,1,0,0.7071067811865476,-0.7071067811865475,0.0,1.0
ST03,2026-07-13,10,0,0,3,27.366666666666664,40.666666666666664,45.800000000000004,37.333333333333336,2,3.0,2.0,1.5,3.0,1.0,1,0,0.49999999999999994,-0.8660254037844387,0.0,1.0
ST03,2026-07-13,11,0,0,1,26.3,150.0,10.5,40.0,2,2.3333333333333335,2.0,1.5,3.0,1.0,0,0,0.258819045102521,-0.9659258262890682,0.0,1.0
ST03,2026-07-13,12,0,0,2,24.299999999999997,90.0,19.45,44.5,2,2.0,2.1666666666666665,1.5833333333333333,1.0,1.0,0,0,1.2246467991473532e-16,-1.0,0.0,1.0
ST03,2026-07-13,13,0,0,1,10.1,60.0,10.1,46.0,2,1.3333333333333333,2.1666666666666665,1.5833333333333333,2.0,3.0,0,0,-0.2588190451025208,-0.9659258262890683,0.0,1.0
ST03,2026-07-13,14,0,0,2,23.85,135.0,10.7,43.5,2,1.6666666666666667,2.0,1.6666666666666667,1.0,2.0,0,0,-0.4999999999999997,-0.8660254037844388,0.0,1.0
ST03,2026-07-13,15,0,0,2,34.3,86.0,42.1,33.5,2,1.6666666666666667,1.8333333333333333,1.75,2.0,3.0,0,0,-0.7071067811865471,-0.7071067811865479,0.0,1.0
ST03,2026-07-13,16,0,0,2,46.1,41.0,83.4,10.5,2,2.0,1.6666666666666667,1.8333333333333333,2.0,2.0,0,0,-0.8660254037844385,-0.5000000000000004,0.0,1.0
ST03,2026-07-13,17,0,0,3,39.53333333333333,73.33333333333333,37.9,27.0,2,2.3333333333333335,2.0,2.0,2.0,2.0,0,1,-0.9659258262890683,-0.25881904510252063,0.0,1.0
ST03,2026-07-13,18,0,0,3,27.0,96.66666666666667,21.766666666666666,25.0,2,2.6666666666666665,2.1666666666666665,2.1666666666666665,3.0,2.0,0,1,-1.0,-1.8369701987210297e-16,0.0,1.0
ST03,2026-07-13,19,0,0,3,32.13333333333333,53.333333333333336,36.06666666666667,28.0,2,3.0,2.5,2.3333333333333335,3.0,2.0,0,1,-0.9659258262890684,0.2588190451025203,0.0,1.0
ST03,2026-07-13,20,0,0,3,30.2,80.0,23.03333333333333,21.666666666666668,2,3.0,2.6666666666666665,2.3333333333333335,3.0,2.0,0,1,-0.8660254037844386,0.5000000000000001,0.0,1.0
ST03,2026-07-13,23,0,0,1,17.0,150.0,6.8,47.0,2,2.3333333333333335,2.5,2.1666666666666665,3.0,2.0,0,0,-0.25881904510252157,0.9659258262890681,0.0,1.0
ST03,2026-07-14,0,1,0,1,35.7,60.0,35.7,20.0,2,1.6666666666666667,2.3333333333333335,2.0,1.0,2.0,0,0,0.0,1.0,0.7818314824680298,0.6234898018587336
ST03,2026-07-14,1,1,0,1,23.2,120.0,11.6,44.0,2,1.0,2.0,2.0,1.0,1.0,0,0,0.25881904510252074,0.9659258262890683,0.7818314824680298,0.6234898018587336
ST03,2026-07-14,2,1,0,1,24.6,120.0,12.3,37.0,2,1.0,1.6666666666666667,1.9166666666666667,1.0,1.0,0,0,0.49999999999999994,0.8660254037844387,0.7818314824680298,0.6234898018587336
ST03,2026-07-14,4,1,0,1,23.9,120.0,11.9,30.0,2,1.0,1.3333333333333333,1.9166666666666667,1.0,1.0,0,0,0.8660254037844386,0.5000000000000001,0.7818314824680298,0.6234898018587336
ST03,2026-07-14,6,1,0,1,25.1,60.0,25.1,44.0,2,1.0,1.0,1.8333333333333333,1.0,1.0,0,0,1.0,6.123233995736766e-17,0.7818314824680298,0.6234898018587336
ST03,2026-07-14,7,1,0,1,24.3,50.0,29.2,25.0,2,1.0,1.0,1.75,1.0,1.0,0,0,0.9659258262890683,-0.25881904510252063,0.7818314824680298,0.6234898018587336
ST03,2026-07-14,8,1,0,3,47.6,40.666666666666664,81.89999999999999,14.333333333333334,2,1.6666666666666667,1.3333333333333333,1.8333333333333333,1.0,1.0,1,0,0.8660254037844387,-0.4999999999999998,0.7818314824680298,0.6234898018587336
ST03,2026-07-14,9,1,0,2,40.4,71.0,80.8,28.5,2,2.0,1.5,1.75,3.0,1.0,1,0,0.7071067811865476,-0.7071067811865475,0.7818314824680298,0.6234898018587336
ST03,2026-07-14,10,1,0,3,31.76666666666667,96.66666666666667,21.8,25.333333333333332,2,2.6666666666666665,1.8333333333333333,1.75,2.0,1.0,1,0,0.49999999999999994,-0.8660254037844387,0.7818314824680298,0.6234898018587336
ST03,2026-07-14,11,1,0,2,23.700000000000003,36.0,41.15,26.5,2,2.3333333333333335,2.0,1.6666666666666667,3.0,1.0,0,0,0.258819045102521,-0.9659258262890682,0.7818314824680298,0.6234898018587336
ST03,2026-07-14,12,1,0,2,26.15,150.0,10.45,31.5,2,2.3333333333333335,2.1666666666666665,1.5833333333333333,2.0,3.0,0,0,1.2246467991473532e-16,-1.0,0.7818314824680298,0.6234898018587336
ST03,2026-07-14,13,1,0,1,46.2,22.0,126.0,22.0,2,1.6666666666666667,2.1666666666666665,1.5833333333333333,2.0,3.0,0,0,-0.2588190451025208,-0.9659258262890683,0.7818314824680298,0.6234898018587336
ST03,2026-07-14,14,1,0,1,20.5,120.0,10.2,43.0,2,1.3333333333333333,1.8333333333333333,1.5833333333333333,1.0,3.0,0,0,-0.4999999999999997,-0.8660254037844388,0.7818314824680298,0.6234898018587336
ST03,2026-07-14,15,1,0,1,51.8,50.0,62.2,26.0,2,1.0,1.6666666666666667,1.5833333333333333,1.0,1.0,0,0,-0.7071067811865471,-0.7071067811865479,0.7818314824680298,0.6234898018587336
ST03,2026-07-14,16,1,0,2,41.25,36.0,91.35,27.5,2,1.3333333333333333,1.5,1.6666666666666667,1.0,2.0,0,0,-0.8660254037844385,-0.5000000000000004,0.7818314824680298,0.6234898018587336
ST03,2026-07-14,17,1,0,3,36.6,67.33333333333333,47.666666666666664,36.666666666666664,2,2.0,1.6666666666666667,1.8333333333333333,2.0,1.0,0,1,-0.9659258262890683,-0.25881904510252063,0.7818314824680298,0.6234898018587336
ST03,2026-07-14,18,1,0,3,40.300000000000004,107.33333333333333,42.333333333333336,20.666666666666668,2,2.6666666666666665,1.8333333333333333,2.0,3.0,2.0,0,1,-1.0,-1.8369701987210297e-16,0.7818314824680298,0.6234898018587336
ST03,2026-07-14,19,1,0,3,28.46666666666667,76.66666666666667,26.53333333333333,41.666666666666664,2,3.0,2.1666666666666665,2.1666666666666665,3.0,2.0,0,1,-0.9659258262890684,0.2588190451025203,0.7818314824680298,0.6234898018587336
ST03,2026-07-14,20,1,0,3,31.933333333333334,107.33333333333333,32.4,29.0,2,3.0,2.5,2.1666666666666665,3.0,2.0,0,1,-0.8660254037844386,0.5000000000000001,0.7818314824680298,0.6234898018587336
ST03,2026-07-14,21,1,0,1,16.6,22.0,45.3,48.0,2,2.3333333333333335,2.5,2.0833333333333335,3.0,3.0,0,0,-0.7071067811865477,0.7071067811865474,0.7818314824680298,0.6234898018587336
ST03,2026-07-14,22,1,0,1,37.3,150.0,14.9,35.0,2,1.6666666666666667,2.3333333333333335,1.9166666666666667,1.0,3.0,0,0,-0.5000000000000004,0.8660254037844384,0.7818314824680298,0.6234898018587336
ST03,2026-07-15,0,2,0,1,42.8,60.0,42.8,13.0,2,1.0,2.0,1.8333333333333333,1.0,3.0,0,0,0.0,1.0,0.9749279121818236,-0.22252093395631434
ST03,2026-07-15,1,2,0,1,39.2,150.0,15.7,41.0,2,1.0,1.6666666666666667,1.75,1.0,3.0,0,0,0.25881904510252074,0.9659258262890683,0.9749279121818236,-0.22252093395631434
ST03,2026-07-15,2,2,0,1,17.6,150.0,7.0,36.0,2,1.0,1.3333333333333333,1.75,1.0,1.0,0,0,0.49999999999999994,0.8660254037844387,0.9749279121818236,-0.22252093395631434
ST03,2026-07-15,6,2,0,1,50.3,22.0,137.2,12.0,2,1.0,1.0,1.75,1.0,1.0,0,0,1.0,6.123233995736766e-17,0.9749279121818236,-0.22252093395631434
ST03,2026-07-15,7,2,0,1,24.0,150.0,9.6,34.0,2,1.0,1.0,1.75,1.0,1.0,0,0,0.9659258262890683,-0.25881904510252063,0.9749279121818236,-0.22252093395631434
ST03,2026-07-15,8,2,0,2,28.349999999999998,100.0,16.9,33.5,2,1.3333333333333333,1.1666666666666667,1.75,1.0,1.0,1,0,0.8660254037844387,-0.4999999999999998,0.9749279121818236,-0.22252093395631434
ST03,2026-07-15,9,2,0,2,27.15,120.0,13.549999999999999,38.0,2,1.6666666666666667,1.3333333333333333,1.6666666666666667,2.0,1.0,1,0,0.7071067811865476,-0.7071067811865475,0.9749279121818236,-0.22252093395631434
ST03,2026-07-15,10,2,0,3,43.46666666666667,40.666666666666664,80.93333333333332,20.333333333333332,2,2.3333333333333335,1.6666666666666667,1.6666666666666667,2.0,1.0,1,0,0.49999999999999994,-0.8660254037844387,0.9749279121818236,-0.22252093395631434
ST03,2026-07-15,11,2,0,2,24.6,135.0,11.0,29.0,2,2.3333333333333335,1.8333333333333333,1.5833333333333333,3.0,1.0,0,0,0.258819045102521,-0.9659258262890682,0.9749279121818236,-0.22252093395631434
ST03,2026-07-15,12,2,0,2,23.8,100.0,16.65,43.0,2,2.3333333333333335,2.0,1.5,2.0,3.0,0,0,1.2246467991473532e-16,-1.0,0.9749279121818236,-0.22252093395631434
ST03,2026-07-15,13,2,0,1,29.1,150.0,11.6,31.0,2,1.6666666666666667,2.0,1.5,2.0,2.0,0,0,-0.2588190451025208,-0.9659258262890683,0.9749279121818236,-0.22252093395631434
ST03,2026-07-15,14,2,0,2,31.0,105.0,19.65,25.0,2,1.6666666666666667,2.0,1.5833333333333333,1.0,3.0,0,0,-0.4999999999999997,-0.8660254037844388,0.9749279121818236,-0.22252093395631434
ST03,2026-07-15,15,2,0,2,26.6,150.0,10.65,38.0,2,1.6666666666666667,2.0,1.6666666666666667,2.0,2.0,0,0,-0.7071067811865471,-0.7071067811865479,0.9749279121818236,-0.22252093395631434
ST03,2026-07-15,16,2,0,2,36.0,41.0,74.95,21.5,2,2.0,1.8333333333333333,1.75,2.0,2.0,0,0,-0.8660254037844385,-0.5000000000000004,0.9749279121818236,-0.22252093395631434
ST03,2026-07-15,17,2,0,3,31.03333333333333,110.0,21.733333333333334,24.666666666666668,2,2.3333333333333335,2.0,1.9166666666666667,2.0,1.0,0,1,-0.9659258262890683,-0.25881904510252063,0.9749279121818236,-0.22252093395631434
ST03,2026-07-15,18,2,0,3,41.166666666666664,97.33333333333333,57.73333333333333,20.0,2,2.6666666666666665,2.1666666666666665,2.0833333333333335,3.0,1.0,0,1,-1.0,-1.8369701987210297e-16,0.9749279121818236,-0.22252093395631434
ST03,2026-07-15,19,2,0,3,26.633333333333336,64.66666666666667,63.26666666666667,30.0,2,3.0,2.5,2.25,3.0,1.0,0,1,-0.9659258262890684,0.2588190451025203,0.9749279121818236,-0.22252093395631434
ST03,2026-07-15,20,2,0,3,31.53333333333333,86.66666666666667,28.96666666666667,35.333333333333336,2,3.0,2.6666666666666665,2.3333333333333335,3.0,2.0,0,1,-0.8660254037844386,0.5000000000000001,0.9749279121818236,-0.22252093395631434
ST03,2026-07-15,21,2,0,1,28.1,22.0,76.6,14.0,2,2.3333333333333335,2.5,2.25,3.0,3.0,0,0,-0.7071067811865477,0.7071067811865474,0.9749279121818236,-0.22252093395631434
ST03,2026-07-15,23,2,0,1,47.2,120.0,23.6,14.0,2,1.6666666666666667,2.3333333333333335,2.0833333333333335,1.0,3.0,0,0,-0.25881904510252157,0.9659258262890681,0.9749279121818236,-0.22252093395631434
ST03,2026-07-16,0,3,0,1,32.5,120.0,16.2,34.0,2,1.0,2.0,2.0,1.0,3.0,0,0,0.0,1.0,0.43388373911755823,-0.900968867902419
ST03,2026-07-16,1,3,0,1,34.8,120.0,17.4,21.0,2,1.0,1.6666666666666667,1.9166666666666667,1.0,3.0,0,0,0.25881904510252074,0.9659258262890683,0.43388373911755823,-0.900968867902419
ST03,2026-07-16,2,3,0,1,23.5,120.0,11.8,33.0,2,1.0,1.3333333333333333,1.9166666666666667,1.0,1.0,0,0,0.49999999999999994,0.8660254037844387,0.43388373911755823,-0.900968867902419
ST03,2026-07-16,7,3,0,1,30.5,60.0,30.5,46.0,2,1.0,1.0,1.8333333333333333,1.0,1.0,0,0,0.9659258262890683,-0.25881904510252063,0.43388373911755823,-0.900968867902419
ST03,2026-07-16,8,3,0,3,28.96666666666667,87.33333333333333,41.666666666666664,25.0,2,1.6666666666666667,1.3333333333333333,1.9166666666666667,1.0,1.0,1,0,0.8660254037844387,-0.4999999999999998,0.43388373911755823,-0.900968867902419
ST03,2026-07-16,9,3,0,2,36.8,150.0,14.7,23.0,2,2.0,1.5,1.9166666666666667,3.0,1.0,1,0,0.7071067811865476,-0.7071067811865475,0.43388373911755823,-0.900968867902419
ST03,2026-07-16,10,3,0,2,28.8,135.0,12.600000000000001,27.5,2,2.3333333333333335,1.6666666666666667,1.8333333333333333,2.0,1.0,1,0,0.49999999999999994,-0.8660254037844387,0.43388373911755823,-0.900968867902419
ST03,2026-07-16,11,3,0,1,20.8,120.0,10.4,47.0,2,1.6666666666666667,1.6666666666666667,1.6666666666666667,2.0,1.0,0,0,0.258819045102521,-0.9659258262890682,0.43388373911755823,-0.900968867902419
ST03,2026-07-16,12,3,0,2,36.15,135.0,16.25,38.5,2,1.6666666666666667,1.8333333333333333,1.5833333333333333,1.0,1.0,0,0,1.2246467991473532e-16,-1.0,0.43388373911755823,-0.900968867902419
ST03,2026-07-16,13,3,0,2,31.15,86.0,47.6,27.5,2,1.6666666666666667,2.0,1.5,2.0,2.0,0,0,-0.2588190451025208,-0.9659258262890683,0.43388373911755823,-0.900968867902419
ST03,2026-07-16,14,3,0,2,42.0,41.0,80.1,29.5,2,2.0,1.8333333333333333,1.5833333333333333,2.0,2.0,0,0,-0.4999999999999997,-0.8660254037844388,0.43388373911755823,-0.900968867902419
ST03,2026-07-16,15,3,0,2,21.950000000000003,41.0,42.5,38.0,2,2.0,1.8333333333333333,1.6666666666666667,2.0,3.0,0,0,-0.7071067811865471,-0.7071067811865479,0.43388373911755823,-0.900968867902419
ST03,2026-07-16,16,3,0,2,22.1,22.0,60.25,41.0,2,2.0,1.8333333333333333,1.75,2.0,2.0,0,0,-0.8660254037844385,-0.5000000000000004,0.43388373911755823,-0.900968867902419
ST03,2026-07-16,17,3,0,3,40.800000000000004,90.0,29.766666666666666,24.0,2,2.3333333333333335,2.1666666666666665,1.9166666666666667,2.0,2.0,0,1,-0.9659258262890683,-0.25881904510252063,0.43388373911755823,-0.900968867902419
ST03,2026-07-16,18,3,0,3,33.166666666666664,44.0,52.333333333333336,32.0,2,2.6666666666666665,2.3333333333333335,2.0833333333333335,3.0,1.0,0,1,-1.0,-1.8369701987210297e-16,0.43388373911755823,-0.900968867902419
ST03,2026-07-16,19,3,0,3,26.03333333333333,67.33333333333333,52.13333333333333,30.666666666666668,2,3.0,2.5,2.25,3.0,2.0,0,1,-0.9659258262890684,0.2588190451025203,0.43388373911755823,-0.900968867902419
ST03,2026-07-16,20,3,0,3,27.3,77.33333333333333,32.93333333333334,29.333333333333332,2,3.0,2.6666666666666665,2.25,3.0,2.0,0,1,-0.8660254037844386,0.5000000000000001,0.43388373911755823,-0.900968867902419
ST03,2026-07-16,21,3,0,1,36.5,22.0,99.5,23.0,2,2.3333333333333335,2.5,2.1666666666666665,3.0,2.0,0,0,-0.7071067811865477,0.7071067811865474,0.43388373911755823,-0.900968867902419
ST03,2026-07-16,22,3,0,1,29.0,150.0,11.6,35.0,2,1.6666666666666667,2.3333333333333335,2.0833333333333335,1.0,3.0,0,0,-0.5000000000000004,0.8660254037844384,0.43388373911755823,-0.900968867902419
ST03,2026-07-16,23,3,0,1,46.1,22.0,125.7,18.0,2,1.0,2.0,2.0833333333333335,1.0,3.0,0,0,-0.25881904510252157,0.9659258262890681,0.43388373911755823,-0.900968867902419
ST03,2026-07-17,0,4,0,1,47.6,120.0,23.8,16.0,2,1.0,1.6666666666666667,2.0,1.0,3.0,0,0,0.0,1.0,-0.433883739117558,-0.9009688679024191
ST03,2026-07-17,2,4,0,1,44.2,60.0,44.2,27.0,2,1.0,1.3333333333333333,1.9166666666666667,1.0,3.0,0,0,0.49999999999999994,0.8660254037844387,-0.433883739117558,-0.9009688679024191
ST03,2026-07-17,3,4,0,1,20.6,50.0,24.7,42.0,2,1.0,1.0,1.8333333333333333,1.0,1.0,0,0,0.7071067811865476,0.7071067811865476,-0.433883739117558,-0.9009688679024191
ST03,2026-07-17,4,4,0,1,37.8,50.0,45.4,26.0,2,1.0,1.0,1.75,1.0,1.0,0,0,0.8660254037844386,0.5000000000000001,-0.433883739117558,-0.9009688679024191
ST03,2026-07-17,5,4,0,1,34.6,22.0,94.4,11.0,2,1.0,1.0,1.6666666666666667,1.0,1.0,0,0,0.9659258262890683,0.25881904510252074,-0.433883739117558,-0.9009688679024191
ST03,2026-07-17,8,4,0,3,39.86666666666667,110.0,22.399999999999995,22.333333333333332,2,1.6666666666666667,1.3333333333333333,1.6666666666666667,1.0,1.0,1,0,0.8660254037844387,-0.4999999999999998,-0.433883739117558,-0.9009688679024191
ST03,2026-07-17,9,4,0,2,31.450000000000003,105.0,19.1,41.0,2,2.0,1.5,1.5833333333333333,3.0,1.0,1,0,0.7071067811865476,-0.7071067811865475,-0.433883739117558,-0.9009688679024191
ST03,2026-07-17,10,4,0,3,27.666666666666668,67.33333333333333,40.46666666666667,32.666666666666664,2,2.6666666666666665,1.8333333333333333,1.5833333333333333,2.0,1.0,1,0,0.49999999999999994,-0.8660254037844387,-0.433883739117558,-0.9009688679024191
ST03,2026-07-17,11,4,0,1,51.6,150.0,20.6,11.0,2,2.0,1.8333333333333333,1.4166666666666667,3.0,3.0,0,0,0.258819045102521,-0.9659258262890682,-0.433883739117558,-0.9009688679024191
ST03,2026-07-17,12,4,0,2,24.4,90.0,18.35,42.0,2,2.0,2.0,1.5,1.0,2.0,0,0,1.2246467991473532e-16,-1.0,-0.433883739117558,-0.9009688679024191
ST03,2026-07-17,13,4,0,2,27.599999999999998,105.0,23.75,37.0,2,1.6666666666666667,2.1666666666666665,1.5833333333333333,2.0,2.0,0,0,-0.2588190451025208,-0.9659258262890683,-0.433883739117558,-0.9009688679024191
ST03,2026-07-17,14,4,0,2,26.0,90.0,19.55,29.0,2,2.0,2.0,1.6666666666666667,2.0,1.0,0,0,-0.4999999999999997,-0.8660254037844388,-0.433883739117558,-0.9009688679024191
ST03,2026-07-17,15,4,0,1,30.9,22.0,84.3,21.0,2,1.6666666666666667,1.8333333333333333,1.6666666666666667,2.0,2.0,0,0,-0.7071067811865471,-0.7071067811865479,-0.433883739117558,-0.9009688679024191
ST03,2026-07-17,16,4,0,2,30.1,50.0,36.1,29.5,2,1.6666666666666667,1.6666666666666667,1.75,1.0,2.0,0,0,-0.8660254037844385,-0.5000000000000004,-0.433883739117558,-0.9009688679024191
ST03,2026-07-17,17,4,0,3,27.400000000000002,97.33333333333333,32.333333333333336,36.666666666666664,2,2.0,2.0,1.9166666666666667,2.0,2.0,0,1,-0.9659258262890683,-0.25881904510252063,-0.433883739117558,-0.9009688679024191
ST03,2026-07-17,18,4,0,3,32.06666666666667,76.66666666666667,31.700000000000003,32.0,2,2.6666666666666665,2.1666666666666665,2.0833333333333335,3.0,2.0,0,1,-1.0,-1.8369701987210297e-16,-0.433883739117558,-0.9009688679024191
ST03,2026-07-17,19,4,0,3,19.633333333333333,86.66666666666667,17.599999999999998,42.666666666666664,2,3.0,2.3333333333333335,2.25,3.0,2.0,0,1,-0.9659258262890684,0.2588190451025203,-0.433883739117558,-0.9009688679024191
ST03,2026-07-17,20,4,0,3,35.26666666666667,74.0,49.6,38.0,2,3.0,2.5,2.25,3.0,3.0,0,1,-0.8660254037844386,0.5000000000000001,-0.433883739117558,-0.9009688679024191
ST03,2026-07-17,21,4,0,1,26.1,120.0,13.1,37.0,2,2.3333333333333335,2.5,2.1666666666666665,3.0,3.0,0,0,-0.7071067811865477,0.7071067811865474,-0.433883739117558,-0.9009688679024191
ST03,2026-07-17,22,4,0,1,25.3,22.0,69.0,37.0,2,1.6666666666666667,2.3333333333333335,2.0,1.0,3.0,0,0,-0.5000000000000004,0.8660254037844384,-0.433883739117558,-0.9009688679024191
ST03,2026-07-17,23,4,0,1,24.1,22.0,65.7,40.0,2,1.0,2.0,2.0,1.0,3.0,0,0,-0.25881904510252157,0.9659258262890681,-0.433883739117558,-0.9009688679024191
ST03,2026-07-18,0,5,1,1,32.8,50.0,39.4,29.0,2,1.0,1.6666666666666667,1.9166666666666667,1.0,1.0,0,0,0.0,1.0,-0.9749279121818236,-0.2225209339563146
ST03,2026-07-18,1,5,1,1,22.7,120.0,11.3,40.0,2,1.0,1.3333333333333333,1.8333333333333333,1.0,1.0,0,0,0.25881904510252074,0.9659258262890683,-0.9749279121818236,-0.2225209339563146
ST03,2026-07-18,2,5,1,1,27.3,22.0,74.5,47.0,2,1.0,1.0,1.75,1.0,1.0,0,0,0.49999999999999994,0.8660254037844387,-0.9749279121818236,-0.2225209339563146
ST03,2026-07-18,3,5,1,1,27.4,150.0,11.0,24.0,2,1.0,1.0,1.75,1.0,1.0,0,0,0.7071067811865476,0.7071067811865476,-0.9749279121818236,-0.2225209339563146
ST03,2026-07-18,4,5,1,1,51.2,150.0,20.5,16.0,2,1.0,1.0,1.6666666666666667,1.0,1.0,0,0,0.8660254037844386,0.5000000000000001,-0.9749279121818236,-0.2225209339563146
ST03,2026-07-18,5,5,1,1,37.4,60.0,37.4,28.0,2,1.0,1.0,1.5,1.0,1.0,0,0,0.9659258262890683,0.25881904510252074,-0.9749279121818236,-0.2225209339563146
ST03,2026-07-18,6,5,1,1,21.9,60.0,21.9,31.0,2,1.0,1.0,1.3333333333333333,1.0,1.0,0,0,1.0,6.123233995736766e-17,-0.9749279121818236,-0.2225209339563146
ST03,2026-07-18,7,5,1,1,34.1,22.0,93.0,21.0,2,1.0,1.0,1.1666666666666667,1.0,1.0,0,0,0.9659258262890683,-0.25881904510252063,-0.9749279121818236,-0.2225209339563146
ST03,2026-07-18,8,5,1,1,12.8,22.0,34.9,49.0,2,1.0,1.0,1.0,1.0,3.0,1,0,0.8660254037844387,-0.4999999999999998,-0.9749279121818236,-0.2225209339563146
ST03,2026-07-18,9,5,1,1,18.2,150.0,7.3,39.0,2,1.0,1.0,1.0,1.0,2.0,1,0,0.7071067811865476,-0.7071067811865475,-0.9749279121818236,-0.2225209339563146
ST03,2026-07-18,10,5,1,2,20.200000000000003,120.0,10.149999999999999,43.0,2,1.3333333333333333,1.1666666666666667,1.0833333333333333,1.0,3.0,1,0,0.49999999999999994,-0.8660254037844387,-0.9749279121818236,-0.2225209339563146
ST03,2026-07-18,11,5,1,2,29.400000000000002,22.0,80.2,32.5,2,1.6666666666666667,1.3333333333333333,1.1666666666666667,2.0,1.0,0,0,0.258819045102521,-0.9659258262890682,-0.9749279121818236,-0.2225209339563146
ST03,2026-07-18,12,5,1,3,36.1,97.33333333333333,57.166666666666664,19.333333333333332,2,2.3333333333333335,1.6666666666666667,1.3333333333333333,2.0,2.0,0,0,1.2246467991473532e-16,-1.0,-0.9749279121818236,-0.2225209339563146
ST03,2026-07-18,13,5,1,2,18.549999999999997,86.0,25.15,40.0,2,2.3333333333333335,1.8333333333333333,1.4166666666666667,3.0,2.0,0,0,-0.2588190451025208,-0.9659258262890683,-0.9749279121818236,-0.2225209339563146
ST03,2026-07-18,14,5,1,2,35.85,41.0,62.6,30.0,2,2.3333333333333335,2.0,1.5,2.0,2.0,0,0,-0.4999999999999997,-0.8660254037844388,-0.9749279121818236,-0.2225209339563146
ST03,2026-07-18,15,5,1,2,36.75,85.0,28.7,21.5,2,2.0,2.1666666666666665,1.5833333333333333,2.0,1.0,0,0,-0.7071067811865471,-0.7071067811865479,-0.9749279121818236,-0.2225209339563146
ST03,2026-07-18,16,5,1,2,39.7,71.0,74.39999999999999,19.0,2,2.0,2.1666666666666665,1.6666666666666667,2.0,2.0,0,0,-0.8660254037844385,-0.5000000000000004,-0.9749279121818236,-0.2225209339563146
ST03,2026-07-18,17,5,1,2,31.95,90.0,25.45,31.0,2,2.0,2.1666666666666665,1.75,2.0,3.0,0,1,-0.9659258262890683,-0.25881904510252063,-0.9749279121818236,-0.2225209339563146
ST03,2026-07-18,18,5,1,2,23.25,86.0,40.5,31.5,2,2.0,2.0,1.8333333333333333,2.0,3.0,0,1,-1.0,-1.8369701987210297e-16,-0.9749279121818236,-0.2225209339563146
ST03,2026-07-18,19,5,1,2,23.1,41.0,42.8,33.5,2,2.0,2.0,1.9166666666666667,2.0,3.0,0,1,-0.9659258262890684,0.2588190451025203,-0.9749279121818236,-0.2225209339563146
ST03,2026-07-18,20,5,1,1,16.5,50.0,19.8,50.0,2,1.6666666666666667,1.8333333333333333,1.9166666666666667,2.0,3.0,0,1,-0.8660254037844386,0.5000000000000001,-0.9749279121818236,-0.2225209339563146
ST03,2026-07-18,21,5,1,1,29.3,22.0,79.9,24.0,2,1.3333333333333333,1.6666666666666667,1.9166666666666667,1.0,1.0,0,0,-0.7071067811865477,0.7071067811865474,-0.9749279121818236,-0.2225209339563146
ST03,2026-07-18,22,5,1,1,20.0,150.0,8.0,48.0,2,1.0,1.5,1.8333333333333333,1.0,1.0,0,0,-0.5000000000000004,0.8660254037844384,-0.9749279121818236,-0.2225209339563146
ST03,2026-07-18,23,5,1,1,14.1,50.0,16.9,50.0,2,1.0,1.3333333333333333,1.75,1.0,1.0,0,0,-0.25881904510252157,0.9659258262890681,-0.9749279121818236,-0.2225209339563146
ST03,2026-07-19,0,6,1,1,14.2,50.0,17.0,36.0,2,1.0,1.1666666666666667,1.5833333333333333,1.0,1.0,0,0,0.0,1.0,-0.7818314824680299,0.6234898018587334
ST03,2026-07-19,1,6,1,1,28.3,22.0,77.2,26.0,2,1.0,1.0,1.5,1.0,1.0,0,0,0.25881904510252074,0.9659258262890683,-0.7818314824680299,0.6234898018587334
ST03,2026-07-19,2,6,1,1,27.9,120.0,13.9,42.0,2,1.0,1.0,1.4166666666666667,1.0,1.0,0,0,0.49999999999999994,0.8660254037844387,-0.7818314824680299,0.6234898018587334
ST03,2026-07-19,3,6,1,1,32.2,22.0,87.8,27.0,2,1.0,1.0,1.3333333333333333,1.0,1.0,0,0,0.7071067811865476,0.7071067811865476,-0.7818314824680299,0.6234898018587334
ST03,2026-07-19,4,6,1,1,24.0,150.0,9.6,47.0,2,1.0,1.0,1.25,1.0,1.0,0,0,0.8660254037844386,0.5000000000000001,-0.7818314824680299,0.6234898018587334
ST03,2026-07-19,5,6,1,1,27.0,150.0,10.8,25.0,2,1.0,1.0,1.1666666666666667,1.0,1.0,0,0,0.9659258262890683,0.25881904510252074,-0.7818314824680299,0.6234898018587334
ST03,2026-07-19,6,6,1,1,38.4,22.0,104.7,32.0,2,1.0,1.0,1.0833333333333333,1.0,1.0,0,0,1.0,6.123233995736766e-17,-0.7818314824680299,0.6234898018587334
ST03,2026-07-19,7,6,1,1,27.2,150.0,10.9,45.0,2,1.0,1.0,1.0,1.0,1.0,0,0,0.9659258262890683,-0.25881904510252063,-0.7818314824680299,0.6234898018587334
ST03,2026-07-19,8,6,1,1,26.6,60.0,26.6,12.0,2,1.0,1.0,1.0,1.0,1.0,1,0,0.8660254037844387,-0.4999999999999998,-0.7818314824680299,0.6234898018587334
ST03,2026-07-19,9,6,1,1,27.2,22.0,74.2,19.0,2,1.0,1.0,1.0,1.0,1.0,1,0,0.7071067811865476,-0.7071067811865475,-0.7818314824680299,0.6234898018587334
ST03,2026-07-19,10,6,1,3,32.96666666666667,64.66666666666667,53.36666666666667,21.666666666666668,2,1.6666666666666667,1.3333333333333333,1.1666666666666667,1.0,2.0,1,0,0.49999999999999994,-0.8660254037844387,-0.7818314824680299,0.6234898018587334
ST03,2026-07-19,11,6,1,2,36.95,36.0,73.85,20.0,2,2.0,1.5,1.25,3.0,2.0,0,0,0.258819045102521,-0.9659258262890682,-0.7818314824680299,0.6234898018587334
ST03,2026-07-19,12,6,1,2,38.85,135.0,17.1,15.0,2,2.3333333333333335,1.6666666666666667,1.3333333333333333,2.0,3.0,0,0,1.2246467991473532e-16,-1.0,-0.7818314824680299,0.6234898018587334
ST03,2026-07-19,13,6,1,2,35.25,85.0,31.6,21.5,2,2.0,1.8333333333333333,1.4166666666666667,2.0,2.0,0,0,-0.2588190451025208,-0.9659258262890683,-0.7818314824680299,0.6234898018587334
ST03,2026-07-19,14,6,1,3,20.2,40.666666666666664,34.4,39.666666666666664,2,2.3333333333333335,2.1666666666666665,1.5833333333333333,2.0,2.0,0,0,-0.4999999999999997,-0.8660254037844388,-0.7818314824680299,0.6234898018587334
ST03,2026-07-19,15,6,1,2,36.55,55.0,39.75,21.0,2,2.3333333333333335,2.3333333333333335,1.6666666666666667,3.0,2.0,0,0,-0.7071067811865471,-0.7071067811865479,-0.7818314824680299,0.6234898018587334
ST03,2026-07-19,16,6,1,2,29.299999999999997,55.0,32.75,26.5,2,2.3333333333333335,2.1666666666666665,1.75,2.0,2.0,0,0,-0.8660254037844385,-0.5000000000000004,-0.7818314824680299,0.6234898018587334
ST03,2026-07-19,17,6,1,2,39.5,86.0,54.4,21.5,2,2.0,2.1666666666666665,1.8333333333333333,2.0,2.0,0,1,-0.9659258262890683,-0.25881904510252063,-0.7818314824680299,0.6234898018587334
ST03,2026-07-19,18,6,1,2,26.849999999999998,55.0,29.0,30.5,2,2.0,2.1666666666666665,1.9166666666666667,2.0,2.0,0,1,-1.0,-1.8369701987210297e-16,-0.7818314824680299,0.6234898018587334
ST03,2026-07-19,19,6,1,2,23.35,36.0,49.400000000000006,43.5,2,2.0,2.1666666666666665,2.0,2.0,2.0,0,1,-0.9659258262890684,0.2588190451025203,-0.7818314824680299,0.6234898018587334
ST03,2026-07-19,20,6,1,1,31.8,50.0,38.2,38.0,2,1.6666666666666667,1.8333333333333333,2.0,2.0,1.0,0,1,-0.8660254037844386,0.5000000000000001,-0.7818314824680299,0.6234898018587334
ST03,2026-07-19,21,6,1,1,49.7,50.0,59.6,12.0,2,1.3333333333333333,1.6666666666666667,2.0,1.0,1.0,0,0,-0.7071067811865477,0.7071067811865474,-0.7818314824680299,0.6234898018587334
ST03,2026-07-19,22,6,1,1,32.8,22.0,89.5,29.0,2,1.0,1.5,1.8333333333333333,1.0,1.0,0,0,-0.5000000000000004,0.8660254037844384,-0.7818314824680299,0.6234898018587334
ST03,2026-07-19,23,6,1,1,15.3,60.0,15.3,48.0,2,1.0,1.3333333333333333,1.75,1.0,1.0,0,0,-0.25881904510252157,0.9659258262890681,-0.7818314824680299,0.6234898018587334
ST03,2026-07-20,1,0,0,1,30.7,22.0,83.7,43.0,2,1.0,1.1666666666666667,1.6666666666666667,1.0,1.0,0,0,0.25881904510252074,0.9659258262890683,0.0,1.0
ST03,2026-07-20,2,0,0,1,29.1,120.0,14.6,25.0,2,1.0,1.0,1.5833333333333333,1.0,1.0,0,0,0.49999999999999994,0.8660254037844387,0.0,1.0
ST03,2026-07-20,3,0,0,1,24.3,150.0,9.7,42.0,2,1.0,1.0,1.4166666666666667,1.0,1.0,0,0,0.7071067811865476,0.7071067811865476,0.0,1.0
ST03,2026-07-20,4,0,0,1,27.3,60.0,27.3,30.0,2,1.0,1.0,1.3333333333333333,1.0,1.0,0,0,0.8660254037844386,0.5000000000000001,0.0,1.0
ST03,2026-07-20,6,0,0,1,18.5,22.0,50.5,39.0,2,1.0,1.0,1.25,1.0,1.0,0,0,1.0,6.123233995736766e-17,0.0,1.0
ST03,2026-07-20,8,0,0,3,36.0,140.0,15.0,20.666666666666668,2,1.6666666666666667,1.3333333333333333,1.3333333333333333,1.0,1.0,1,0,0.8660254037844387,-0.4999999999999998,0.0,1.0
ST03,2026-07-20,9,0,0,3,27.03333333333333,47.333333333333336,39.4,25.333333333333332,2,2.3333333333333335,1.6666666666666667,1.4166666666666667,3.0,1.0,1,0,0.7071067811865476,-0.7071067811865475,0.0,1.0
ST03,2026-07-20,10,0,0,2,14.45,120.0,7.2,41.5,2,2.6666666666666665,1.8333333333333333,1.4166666666666667,3.0,1.0,1,0,0.49999999999999994,-0.8660254037844387,0.0,1.0
ST03,2026-07-20,11,0,0,2,32.599999999999994,86.0,68.1,28.5,2,2.3333333333333335,2.0,1.5,2.0,1.0,0,0,0.258819045102521,-0.9659258262890682,0.0,1.0
ST03,2026-07-20,12,0,0,2,33.9,135.0,15.9,30.5,2,2.0,2.1666666666666665,1.5833333333333333,2.0,1.0,0,0,1.2246467991473532e-16,-1.0,0.0,1.0
ST03,2026-07-20,13,0,0,1,37.2,60.0,37.2,21.0,2,1.6666666666666667,2.1666666666666665,1.5833333333333333,2.0,3.0,0,0,-0.2588190451025208,-0.9659258262890683,0.0,1.0
ST03,2026-07-20,14,0,0,1,19.8,150.0,7.9,38.0,2,1.3333333333333333,1.8333333333333333,1.5833333333333333,1.0,2.0,0,0,-0.4999999999999997,-0.8660254037844388,0.0,1.0
ST03,2026-07-20,15,0,0,1,19.7,50.0,23.6,48.0,2,1.0,1.5,1.5833333333333333,1.0,2.0,0,0,-0.7071067811865471,-0.7071067811865479,0.0,1.0
ST03,2026-07-20,16,0,0,1,18.1,120.0,9.1,35.0,2,1.0,1.3333333333333333,1.5833333333333333,1.0,2.0,0,0,-0.8660254037844385,-0.5000000000000004,0.0,1.0
ST03,2026-07-20,17,0,0,3,23.099999999999998,40.666666666666664,36.03333333333333,35.333333333333336,2,1.6666666666666667,1.5,1.75,1.0,3.0,0,1,-0.9659258262890683,-0.25881904510252063,0.0,1.0
ST03,2026-07-20,18,0,0,3,41.1,31.333333333333332,92.56666666666668,22.666666666666668,2,2.3333333333333335,1.6666666666666667,1.9166666666666667,3.0,2.0,0,1,-1.0,-1.8369701987210297e-16,0.0,1.0
ST03,2026-07-20,19,0,0,3,29.866666666666664,53.333333333333336,34.0,39.0,2,3.0,2.0,2.0833333333333335,3.0,2.0,0,1,-0.9659258262890684,0.2588190451025203,0.0,1.0
ST03,2026-07-20,20,0,0,3,32.4,73.33333333333333,33.800000000000004,25.0,2,3.0,2.3333333333333335,2.0833333333333335,3.0,2.0,0,1,-0.8660254037844386,0.5000000000000001,0.0,1.0
ST03,2026-07-20,23,0,0,1,31.1,120.0,15.5,39.0,2,2.3333333333333335,2.3333333333333335,1.9166666666666667,3.0,2.0,0,0,-0.25881904510252157,0.9659258262890681,0.0,1.0
ST03,2026-07-21,0,1,0,1,36.4,150.0,14.6,29.0,2,1.6666666666666667,2.3333333333333335,1.8333333333333333,1.0,2.0,0,0,0.0,1.0,0.7818314824680298,0.6234898018587336
ST03,2026-07-21,2,1,0,1,17.4,50.0,20.9,41.0,2,1.0,2.0,1.75,1.0,1.0,0,0,0.49999999999999994,0.8660254037844387,0.7818314824680298,0.6234898018587336
ST03,2026-07-21,3,1,0,1,46.3,150.0,18.5,14.0,2,1.0,1.6666666666666667,1.6666666666666667,1.0,1.0,0,0,0.7071067811865476,0.7071067811865476,0.7818314824680298,0.6234898018587336
ST03,2026-07-21,5,1,0,1,50.2,150.0,20.1,14.0,2,1.0,1.3333333333333333,1.6666666666666667,1.0,1.0,0,0,0.9659258262890683,0.25881904510252074,0.7818314824680298,0.6234898018587336
ST03,2026-07-21,6,1,0,1,19.5,50.0,23.4,46.0,2,1.0,1.0,1.6666666666666667,1.0,1.0,0,0,1.0,6.123233995736766e-17,0.7818314824680298,0.6234898018587336
ST03,2026-07-21,7,1,0,1,20.7,150.0,8.3,48.0,2,1.0,1.0,1.6666666666666667,1.0,1.0,0,0,0.9659258262890683,-0.25881904510252063,0.7818314824680298,0.6234898018587336
ST03,2026-07-21,8,1,0,3,27.933333333333334,110.0,17.766666666666666,30.666666666666668,2,1.6666666666666667,1.3333333333333333,1.8333333333333333,1.0,1.0,1,0,0.8660254037844387,-0.4999999999999998,0.7818314824680298,0.6234898018587336
ST03,2026-07-21,9,1,0,3,17.633333333333333,140.0,7.8,46.333333333333336,2,2.3333333333333335,1.6666666666666667,1.8333333333333333,3.0,1.0,1,0,0.7071067811865476,-0.7071067811865475,0.7818314824680298,0.6234898018587336
ST03,2026-07-21,10,1,0,3,29.46666666666667,31.333333333333332,62.26666666666667,36.0,2,3.0,2.0,1.8333333333333333,3.0,1.0,1,0,0.49999999999999994,-0.8660254037844387,0.7818314824680298,0.6234898018587336
ST03,2026-07-21,11,1,0,2,28.75,85.0,25.0,28.0,2,2.6666666666666665,2.1666666666666665,1.75,3.0,1.0,0,0,0.258819045102521,-0.9659258262890682,0.7818314824680298,0.6234898018587336
ST03,2026-07-21,12,1,0,2,30.849999999999998,71.0,44.25,27.0,2,2.3333333333333335,2.3333333333333335,1.6666666666666667,2.0,3.0,0,0,1.2246467991473532e-16,-1.0,0.7818314824680298,0.6234898018587336
ST03,2026-07-21,13,1,0,2,44.25,105.0,29.15,11.0,2,2.0,2.5,1.75,2.0,3.0,0,0,-0.2588190451025208,-0.9659258262890683,0.7818314824680298,0.6234898018587336
ST03,2026-07-21,14,1,0,2,28.65,85.0,21.8,23.0,2,2.0,2.3333333333333335,1.8333333333333333,2.0,2.0,0,0,-0.4999999999999997,-0.8660254037844388,0.7818314824680298,0.6234898018587336
ST03,2026-07-21,15,1,0,2,27.3,55.0,29.4,36.0,2,2.0,2.1666666666666665,1.9166666666666667,2.0,2.0,0,0,-0.7071067811865471,-0.7071067811865479,0.7818314824680298,0.6234898018587336
ST03,2026-07-21,16,1,0,1,30.2,22.0,82.4,44.0,2,1.6666666666666667,1.8333333333333333,1.9166666666666667,2.0,2.0,0,0,-0.8660254037844385,-0.5000000000000004,0.7818314824680298,0.6234898018587336
ST03,2026-07-21,17,1,0,3,27.399999999999995,97.33333333333333,32.9,22.666666666666668,2,2.0,2.0,2.0833333333333335,1.0,1.0,0,1,-0.9659258262890683,-0.25881904510252063,0.7818314824680298,0.6234898018587336
ST03,2026-07-21,18,1,0,3,22.266666666666666,96.66666666666667,18.133333333333333,43.333333333333336,2,2.3333333333333335,2.1666666666666665,2.25,3.0,1.0,0,1,-1.0,-1.8369701987210297e-16,0.7818314824680298,0.6234898018587336
ST03,2026-07-21,19,1,0,3,42.26666666666667,140.0,18.7,19.333333333333332,2,3.0,2.3333333333333335,2.4166666666666665,3.0,1.0,0,1,-0.9659258262890684,0.2588190451025203,0.7818314824680298,0.6234898018587336
ST03,2026-07-21,20,1,0,3,32.93333333333333,80.0,26.766666666666666,24.333333333333332,2,3.0,2.5,2.4166666666666665,3.0,1.0,0,1,-0.8660254037844386,0.5000000000000001,0.7818314824680298,0.6234898018587336
ST03,2026-07-21,21,1,0,1,30.3,120.0,15.2,13.0,2,2.3333333333333335,2.3333333333333335,2.25,3.0,3.0,0,0,-0.7071067811865477,0.7071067811865474,0.7818314824680298,0.6234898018587336
ST03,2026-07-22,0,2,0,1,29.4,50.0,35.3,29.0,2,1.6666666666666667,2.3333333333333335,2.0833333333333335,1.0,3.0,0,0,0.0,1.0,0.9749279121818236,-0.22252093395631434
ST03,2026-07-22,1,2,0,1,21.6,150.0,8.6,35.0,2,1.0,2.0,2.0,1.0,3.0,0,0,0.25881904510252074,0.9659258262890683,0.9749279121818236,-0.22252093395631434
ST03,2026-07-22,3,2,0,1,38.6,22.0,105.3,13.0,2,1.0,1.6666666666666667,1.9166666666666667,1.0,3.0,0,0,0.7071067811865476,0.7071067811865476,0.9749279121818236,-0.22252093395631434
ST03,2026-07-22,5,2,0,1,23.5,120.0,11.8,30.0,2,1.0,1.3333333333333333,1.8333333333333333,1.0,1.0,0,0,0.9659258262890683,0.25881904510252074,0.9749279121818236,-0.22252093395631434
ST03,2026-07-22,7,2,0,1,11.4,50.0,13.7,49.0,2,1.0,1.0,1.75,1.0,1.0,0,0,0.9659258262890683,-0.25881904510252063,0.9749279121818236,-0.22252093395631434
ST03,2026-07-22,8,2,0,3,30.433333333333334,67.33333333333333,33.6,27.0,2,1.6666666666666667,1.3333333333333333,1.8333333333333333,1.0,1.0,1,0,0.8660254037844387,-0.4999999999999998,0.9749279121818236,-0.22252093395631434
ST03,2026-07-22,9,2,0,2,29.25,36.0,48.75,24.5,2,2.0,1.5,1.9166666666666667,3.0,1.0,1,0,0.7071067811865476,-0.7071067811865475,0.9749279121818236,-0.22252093395631434
ST03,2026-07-22,10,2,0,3,32.166666666666664,120.0,17.5,23.666666666666668,2,2.6666666666666665,1.8333333333333333,1.9166666666666667,2.0,1.0,1,0,0.49999999999999994,-0.8660254037844387,0.9749279121818236,-0.22252093395631434
ST03,2026-07-22,11,2,0,1,11.5,50.0,13.8,47.0,2,2.0,1.8333333333333333,1.75,3.0,1.0,0,0,0.258819045102521,-0.9659258262890682,0.9749279121818236,-0.22252093395631434
ST03,2026-07-22,12,2,0,2,37.7,36.0,55.0,28.5,2,2.0,2.0,1.6666666666666667,1.0,1.0,0,0,1.2246467991473532e-16,-1.0,0.9749279121818236,-0.22252093395631434
ST03,2026-07-22,13,2,0,2,32.45,71.0,59.75,26.5,2,1.6666666666666667,2.1666666666666665,1.5833333333333333,2.0,3.0,0,0,-0.2588190451025208,-0.9659258262890683,0.9749279121818236,-0.22252093395631434
ST03,2026-07-22,14,2,0,2,42.8,55.0,46.2,25.5,2,2.0,2.0,1.6666666666666667,2.0,3.0,0,0,-0.4999999999999997,-0.8660254037844388,0.9749279121818236,-0.22252093395631434
ST03,2026-07-22,15,2,0,2,41.85,105.0,30.25,19.0,2,2.0,2.0,1.75,2.0,3.0,0,0,-0.7071067811865471,-0.7071067811865479,0.9749279121818236,-0.22252093395631434
ST03,2026-07-22,16,2,0,1,36.0,50.0,43.2,16.0,2,1.6666666666666667,1.6666666666666667,1.75,2.0,2.0,0,0,-0.8660254037844385,-0.5000000000000004,0.9749279121818236,-0.22252093395631434
ST03,2026-07-22,17,2,0,3,38.1,90.0,30.166666666666668,19.333333333333332,2,2.0,2.0,1.9166666666666667,1.0,2.0,0,1,-0.9659258262890683,-0.25881904510252063,0.9749279121818236,-0.22252093395631434
ST03,2026-07-22,18,2,0,3,30.633333333333336,44.0,59.63333333333333,23.0,2,2.3333333333333335,2.1666666666666665,2.0833333333333335,3.0,2.0,0,1,-1.0,-1.8369701987210297e-16,0.9749279121818236,-0.22252093395631434
ST03,2026-07-22,19,2,0,3,30.200000000000003,76.66666666666667,27.5,43.333333333333336,2,3.0,2.3333333333333335,2.25,3.0,2.0,0,1,-0.9659258262890684,0.2588190451025203,0.9749279121818236,-0.22252093395631434
ST03,2026-07-22,20,2,0,3,34.833333333333336,31.333333333333332,77.16666666666667,39.0,2,3.0,2.5,2.25,3.0,2.0,0,1,-0.8660254037844386,0.5000000000000001,0.9749279121818236,-0.22252093395631434
ST03,2026-07-22,21,2,0,1,32.1,60.0,32.1,45.0,2,2.3333333333333335,2.3333333333333335,2.1666666666666665,3.0,1.0,0,0,-0.7071067811865477,0.7071067811865474,0.9749279121818236,-0.22252093395631434
ST03,2026-07-22,22,2,0,1,29.2,60.0,29.2,37.0,2,1.6666666666666667,2.3333333333333335,2.0,1.0,3.0,0,0,-0.5000000000000004,0.8660254037844384,0.9749279121818236,-0.22252093395631434
ST03,2026-07-22,23,2,0,1,20.9,150.0,8.4,30.0,2,1.0,2.0,2.0,1.0,3.0,0,0,-0.25881904510252157,0.9659258262890681,0.9749279121818236,-0.22252093395631434
ST03,2026-07-23,0,3,0,1,13.3,22.0,36.3,44.0,2,1.0,1.6666666666666667,1.9166666666666667,1.0,3.0,0,0,0.0,1.0,0.43388373911755823,-0.900968867902419
ST03,2026-07-23,1,3,0,1,37.8,50.0,45.4,12.0,2,1.0,1.3333333333333333,1.8333333333333333,1.0,3.0,0,0,0.25881904510252074,0.9659258262890683,0.43388373911755823,-0.900968867902419
ST03,2026-07-23,4,3,0,1,50.0,60.0,50.0,15.0,2,1.0,1.0,1.75,1.0,1.0,0,0,0.8660254037844386,0.5000000000000001,0.43388373911755823,-0.900968867902419
ST03,2026-07-23,5,3,0,1,32.6,150.0,13.0,36.0,2,1.0,1.0,1.6666666666666667,1.0,1.0,0,0,0.9659258262890683,0.25881904510252074,0.43388373911755823,-0.900968867902419
ST03,2026-07-23,8,3,0,3,32.233333333333334,64.66666666666667,68.8,26.0,2,1.6666666666666667,1.3333333333333333,1.8333333333333333,1.0,1.0,1,0,0.8660254037844387,-0.4999999999999998,0.43388373911755823,-0.900968867902419
ST03,2026-07-23,9,3,0,3,30.433333333333334,67.33333333333333,44.86666666666667,28.333333333333332,2,2.3333333333333335,1.6666666666666667,1.8333333333333333,3.0,1.0,1,0,0.7071067811865476,-0.7071067811865475,0.43388373911755823,-0.900968867902419
ST03,2026-07-23,10,3,0,2,32.349999999999994,71.0,50.0,25.0,2,2.6666666666666665,1.8333333333333333,1.75,3.0,1.0,1,0,0.49999999999999994,-0.8660254037844387,0.43388373911755823,-0.900968867902419
ST03,2026-07-23,11,3,0,1,21.8,120.0,10.9,21.0,2,2.0,1.8333333333333333,1.5833333333333333,2.0,1.0,0,0,0.258819045102521,-0.9659258262890682,0.43388373911755823,-0.900968867902419
ST03,2026-07-23,12,3,0,1,16.1,60.0,16.1,34.0,2,1.3333333333333333,1.8333333333333333,1.4166666666666667,1.0,3.0,0,0,1.2246467991473532e-16,-1.0,0.43388373911755823,-0.900968867902419
ST03,2026-07-23,13,3,0,1,52.8,150.0,21.1,11.0,2,1.0,1.8333333333333333,1.4166666666666667,1.0,2.0,0,0,-0.2588190451025208,-0.9659258262890683,0.43388373911755823,-0.900968867902419
ST03,2026-07-23,14,3,0,1,27.5,120.0,13.8,33.0,2,1.0,1.5,1.4166666666666667,1.0,3.0,0,0,-0.4999999999999997,-0.8660254037844388,0.43388373911755823,-0.900968867902419
ST03,2026-07-23,15,3,0,2,30.1,71.0,55.3,42.5,2,1.3333333333333333,1.3333333333333333,1.5,1.0,1.0,0,0,-0.7071067811865471,-0.7071067811865479,0.43388373911755823,-0.900968867902419
ST03,2026-07-23,16,3,0,2,36.1,105.0,27.05,34.5,2,1.6666666666666667,1.3333333333333333,1.5833333333333333,2.0,2.0,0,0,-0.8660254037844385,-0.5000000000000004,0.43388373911755823,-0.900968867902419
ST03,2026-07-23,17,3,0,3,31.0,73.33333333333333,33.233333333333334,32.333333333333336,2,2.3333333333333335,1.6666666666666667,1.75,2.0,2.0,0,1,-0.9659258262890683,-0.25881904510252063,0.43388373911755823,-0.900968867902419
ST03,2026-07-23,18,3,0,3,30.666666666666668,47.333333333333336,57.333333333333336,41.666666666666664,2,2.6666666666666665,2.0,1.9166666666666667,3.0,2.0,0,1,-1.0,-1.8369701987210297e-16,0.43388373911755823,-0.900968867902419
ST03,2026-07-23,19,3,0,3,33.233333333333334,77.33333333333333,52.13333333333333,28.0,2,3.0,2.3333333333333335,2.0833333333333335,3.0,2.0,0,1,-0.9659258262890684,0.2588190451025203,0.43388373911755823,-0.900968867902419
ST03,2026-07-23,20,3,0,3,30.96666666666667,64.66666666666667,59.73333333333333,25.666666666666668,2,3.0,2.6666666666666665,2.0833333333333335,3.0,1.0,0,1,-0.8660254037844386,0.5000000000000001,0.43388373911755823,-0.900968867902419
ST03,2026-07-23,21,3,0,1,34.9,22.0,95.2,26.0,2,2.3333333333333335,2.5,1.9166666666666667,3.0,3.0,0,0,-0.7071067811865477,0.7071067811865474,0.43388373911755823,-0.900968867902419
ST03,2026-07-23,23,3,0,1,50.6,60.0,50.6,18.0,2,1.6666666666666667,2.3333333333333335,1.8333333333333333,1.0,3.0,0,0,-0.25881904510252157,0.9659258262890681,0.43388373911755823,-0.900968867902419
ST03,2026-07-24,0,4,0,1,23.5,50.0,28.2,43.0,2,1.0,2.0,1.8333333333333333,1.0,3.0,0,0,0.0,1.0,-0.433883739117558,-0.9009688679024191
ST03,2026-07-24,3,4,0,1,40.3,150.0,16.1,25.0,2,1.0,1.6666666666666667,1.8333333333333333,1.0,3.0,0,0,0.7071067811865476,0.7071067811865476,-0.433883739117558,-0.9009688679024191
ST03,2026-07-24,4,4,0,1,49.6,22.0,135.3,26.0,2,1.0,1.3333333333333333,1.8333333333333333,1.0,1.0,0,0,0.8660254037844386,0.5000000000000001,-0.433883739117558,-0.9009688679024191
ST03,2026-07-24,5,4,0,1,29.6,22.0,80.7,23.0,2,1.0,1.0,1.8333333333333333,1.0,1.0,0,0,0.9659258262890683,0.25881904510252074,-0.433883739117558,-0.9009688679024191
ST03,2026-07-24,6,4,0,1,29.5,22.0,80.5,50.0,2,1.0,1.0,1.75,1.0,1.0,0,0,1.0,6.123233995736766e-17,-0.433883739117558,-0.9009688679024191
ST03,2026-07-24,7,4,0,1,41.3,120.0,20.6,38.0,2,1.0,1.0,1.6666666666666667,1.0,1.0,0,0,0.9659258262890683,-0.25881904510252063,-0.433883739117558,-0.9009688679024191
ST03,2026-07-24,8,4,0,3,31.933333333333334,76.66666666666667,29.03333333333333,22.333333333333332,2,1.6666666666666667,1.3333333333333333,1.6666666666666667,1.0,1.0,1,0,0.8660254037844387,-0.4999999999999998,-0.433883739117558,-0.9009688679024191
ST03,2026-07-24,9,4,0,3,33.0,107.33333333333333,36.63333333333333,21.333333333333332,2,2.3333333333333335,1.6666666666666667,1.6666666666666667,3.0,1.0,1,0,0.7071067811865476,-0.7071067811865475,-0.433883739117558,-0.9009688679024191
ST03,2026-07-24,10,4,0,2,37.849999999999994,55.0,42.0,35.0,2,2.6666666666666665,1.8333333333333333,1.5833333333333333,3.0,1.0,1,0,0.49999999999999994,-0.8660254037844387,-0.433883739117558,-0.9009688679024191
ST03,2026-07-24,11,4,0,1,22.2,120.0,11.1,20.0,2,2.0,1.8333333333333333,1.4166666666666667,2.0,3.0,0,0,0.258819045102521,-0.9659258262890682,-0.433883739117558,-0.9009688679024191
ST03,2026-07-24,12,4,0,2,22.35,85.0,19.6,38.0,2,1.6666666666666667,2.0,1.5,1.0,3.0,0,0,1.2246467991473532e-16,-1.0,-0.433883739117558,-0.9009688679024191
ST03,2026-07-24,13,4,0,1,29.9,60.0,29.9,47.0,2,1.3333333333333333,2.0,1.5,2.0,2.0,0,0,-0.2588190451025208,-0.9659258262890683,-0.433883739117558,-0.9009688679024191
ST03,2026-07-24,14,4,0,2,23.200000000000003,36.0,44.35,33.5,2,1.6666666666666667,1.8333333333333333,1.5833333333333333,1.0,1.0,0,0,-0.4999999999999997,-0.8660254037844388,-0.433883739117558,-0.9009688679024191
ST03,2026-07-24,15,4,0,2,26.45,36.0,53.150000000000006,40.5,2,1.6666666666666667,1.6666666666666667,1.6666666666666667,2.0,1.0,0,0,-0.7071067811865471,-0.7071067811865479,-0.433883739117558,-0.9009688679024191
ST03,2026-07-24,16,4,0,1,21.3,150.0,8.5,36.0,2,1.6666666666666667,1.5,1.6666666666666667,2.0,1.0,0,0,-0.8660254037844385,-0.5000000000000004,-0.433883739117558,-0.9009688679024191
ST03,2026-07-24,17,4,0,3,27.2,110.0,17.8,32.0,2,2.0,1.8333333333333333,1.8333333333333333,1.0,1.0,0,1,-0.9659258262890683,-0.25881904510252063,-0.433883739117558,-0.9009688679024191
ST03,2026-07-24,18,4,0,3,37.266666666666666,60.0,37.266666666666666,27.333333333333332,2,2.3333333333333335,2.0,2.0,3.0,2.0,0,1,-1.0,-1.8369701987210297e-16,-0.433883739117558,-0.9009688679024191
ST03,2026-07-24,19,4,0,3,31.633333333333336,34.666666666666664,67.13333333333333,30.0,2,3.0,2.3333333333333335,2.1666666666666665,3.0,2.0,0,1,-0.9659258262890684,0.2588190451025203,-0.433883739117558,-0.9009688679024191
ST03,2026-07-24,20,4,0,3,30.3,76.66666666666667,26.633333333333336,35.0,2,3.0,2.5,2.1666666666666665,3.0,3.0,0,1,-0.8660254037844386,0.5000000000000001,-0.433883739117558,-0.9009688679024191
ST03,2026-07-24,21,4,0,1,18.1,150.0,7.2,31.0,2,2.3333333333333335,2.3333333333333335,2.0,3.0,3.0,0,0,-0.7071067811865477,0.7071067811865474,-0.433883739117558,-0.9009688679024191
ST03,2026-07-24,22,4,0,1,26.5,50.0,31.8,16.0,2,1.6666666666666667,2.3333333333333335,1.9166666666666667,1.0,3.0,0,0,-0.5000000000000004,0.8660254037844384,-0.433883739117558,-0.9009688679024191
ST03,2026-07-24,23,4,0,1,41.1,120.0,20.6,10.0,2,1.0,2.0,1.9166666666666667,1.0,3.0,0,0,-0.25881904510252157,0.9659258262890681,-0.433883739117558,-0.9009688679024191
ST03,2026-07-25,0,5,1,1,44.5,50.0,53.4,30.0,2,1.0,1.6666666666666667,1.8333333333333333,1.0,1.0,0,0,0.0,1.0,-0.9749279121818236,-0.2225209339563146
ST03,2026-07-25,1,5,1,1,31.8,22.0,86.7,31.0,2,1.0,1.3333333333333333,1.8333333333333333,1.0,1.0,0,0,0.25881904510252074,0.9659258262890683,-0.9749279121818236,-0.2225209339563146
ST03,2026-07-25,2,5,1,1,25.7,60.0,25.7,34.0,2,1.0,1.0,1.75,1.0,1.0,0,0,0.49999999999999994,0.8660254037844387,-0.9749279121818236,-0.2225209339563146
ST03,2026-07-25,3,5,1,1,51.1,22.0,139.4,13.0,2,1.0,1.0,1.6666666666666667,1.0,1.0,0,0,0.7071067811865476,0.7071067811865476,-0.9749279121818236,-0.2225209339563146
ST03,2026-07-25,4,5,1,1,51.4,150.0,20.6,30.0,2,1.0,1.0,1.6666666666666667,1.0,1.0,0,0,0.8660254037844386,0.5000000000000001,-0.9749279121818236,-0.2225209339563146
ST03,2026-07-25,5,5,1,1,44.5,120.0,22.2,29.0,2,1.0,1.0,1.5,1.0,1.0,0,0,0.9659258262890683,0.25881904510252074,-0.9749279121818236,-0.2225209339563146
ST03,2026-07-25,6,5,1,1,31.1,50.0,37.3,42.0,2,1.0,1.0,1.3333333333333333,1.0,1.0,0,0,1.0,6.123233995736766e-17,-0.9749279121818236,-0.2225209339563146
ST03,2026-07-25,7,5,1,1,38.9,120.0,19.4,23.0,2,1.0,1.0,1.1666666666666667,1.0,1.0,0,0,0.9659258262890683,-0.25881904510252063,-0.9749279121818236,-0.2225209339563146
ST03,2026-07-25,8,5,1,1,45.4,22.0,123.8,11.0,2,1.0,1.0,1.0,1.0,3.0,1,0,0.8660254037844387,-0.4999999999999998,-0.9749279121818236,-0.2225209339563146
ST03,2026-07-25,9,5,1,1,39.5,50.0,47.4,40.0,2,1.0,1.0,1.0,1.0,3.0,1,0,0.7071067811865476,-0.7071067811865475,-0.9749279121818236,-0.2225209339563146
ST03,2026-07-25,10,5,1,2,23.9,71.0,34.0,41.5,2,1.3333333333333333,1.1666666666666667,1.0833333333333333,1.0,2.0,1,0,0.49999999999999994,-0.8660254037844387,-0.9749279121818236,-0.2225209339563146
ST03,2026-07-25,11,5,1,2,30.3,55.0,34.3,39.5,2,1.6666666666666667,1.3333333333333333,1.1666666666666667,2.0,1.0,0,0,0.258819045102521,-0.9659258262890682,-0.9749279121818236,-0.2225209339563146
ST03,2026-07-25,12,5,1,3,29.8,76.66666666666667,25.866666666666664,28.333333333333332,2,2.3333333333333335,1.6666666666666667,1.3333333333333333,2.0,2.0,0,0,1.2246467991473532e-16,-1.0,-0.9749279121818236,-0.2225209339563146
ST03,2026-07-25,13,5,1,3,26.866666666666664,60.0,26.866666666666664,27.666666666666668,2,2.6666666666666665,2.0,1.5,3.0,1.0,0,0,-0.2588190451025208,-0.9659258262890683,-0.9749279121818236,-0.2225209339563146
ST03,2026-07-25,14,5,1,3,40.1,22.0,109.36666666666667,19.666666666666668,2,3.0,2.3333333333333335,1.6666666666666667,3.0,2.0,0,0,-0.4999999999999997,-0.8660254037844388,-0.9749279121818236,-0.2225209339563146
ST03,2026-07-25,15,5,1,2,32.05,85.0,21.3,25.5,2,2.6666666666666665,2.5,1.75,3.0,2.0,0,0,-0.7071067811865471,-0.7071067811865479,-0.9749279121818236,-0.2225209339563146
ST03,2026-07-25,16,5,1,2,51.400000000000006,135.0,22.950000000000003,25.5,2,2.3333333333333335,2.5,1.8333333333333333,2.0,1.0,0,0,-0.8660254037844385,-0.5000000000000004,-0.9749279121818236,-0.2225209339563146
ST03,2026-07-25,17,5,1,2,28.9,150.0,11.6,31.5,2,2.0,2.5,1.9166666666666667,2.0,3.0,0,1,-0.9659258262890683,-0.25881904510252063,-0.9749279121818236,-0.2225209339563146
ST03,2026-07-25,18,5,1,2,29.799999999999997,71.0,53.650000000000006,38.5,2,2.0,2.3333333333333335,2.0,2.0,3.0,0,1,-1.0,-1.8369701987210297e-16,-0.9749279121818236,-0.2225209339563146
ST03,2026-07-25,19,5,1,2,28.099999999999998,36.0,49.7,29.5,2,2.0,2.1666666666666665,2.0833333333333335,2.0,3.0,0,1,-0.9659258262890684,0.2588190451025203,-0.9749279121818236,-0.2225209339563146
ST03,2026-07-25,20,5,1,1,42.1,60.0,42.1,18.0,2,1.6666666666666667,1.8333333333333333,2.0833333333333335,2.0,3.0,0,1,-0.8660254037844386,0.5000000000000001,-0.9749279121818236,-0.2225209339563146
ST03,2026-07-25,21,5,1,1,26.2,50.0,31.4,22.0,2,1.3333333333333333,1.6666666666666667,2.0833333333333335,1.0,1.0,0,0,-0.7071067811865477,0.7071067811865474,-0.9749279121818236,-0.2225209339563146
ST03,2026-07-25,22,5,1,1,14.9,22.0,40.6,46.0,2,1.0,1.5,2.0,1.0,1.0,0,0,-0.5000000000000004,0.8660254037844384,-0.9749279121818236,-0.2225209339563146
ST03,2026-07-25,23,5,1,1,13.2,150.0,5.3,43.0,2,1.0,1.3333333333333333,1.9166666666666667,1.0,1.0,0,0,-0.25881904510252157,0.9659258262890681,-0.9749279121818236,-0.2225209339563146
ST03,2026-07-26,0,6,1,1,22.4,50.0,26.9,34.0,2,1.0,1.1666666666666667,1.75,1.0,1.0,0,0,0.0,1.0,-0.7818314824680299,0.6234898018587334
ST03,2026-07-26,1,6,1,1,46.0,50.0,55.2,10.0,2,1.0,1.0,1.5833333333333333,1.0,1.0,0,0,0.25881904510252074,0.9659258262890683,-0.7818314824680299,0.6234898018587334
ST03,2026-07-26,2,6,1,1,26.1,150.0,10.4,50.0,2,1.0,1.0,1.4166666666666667,1.0,1.0,0,0,0.49999999999999994,0.8660254037844387,-0.7818314824680299,0.6234898018587334
ST03,2026-07-26,3,6,1,1,34.2,60.0,34.2,20.0,2,1.0,1.0,1.3333333333333333,1.0,1.0,0,0,0.7071067811865476,0.7071067811865476,-0.7818314824680299,0.6234898018587334
ST03,2026-07-26,4,6,1,1,54.7,120.0,27.4,17.0,2,1.0,1.0,1.25,1.0,1.0,0,0,0.8660254037844386,0.5000000000000001,-0.7818314824680299,0.6234898018587334
ST03,2026-07-26,5,6,1,1,54.1,150.0,21.6,17.0,2,1.0,1.0,1.1666666666666667,1.0,1.0,0,0,0.9659258262890683,0.25881904510252074,-0.7818314824680299,0.6234898018587334
ST03,2026-07-26,6,6,1,1,25.7,120.0,12.8,47.0,2,1.0,1.0,1.0833333333333333,1.0,1.0,0,0,1.0,6.123233995736766e-17,-0.7818314824680299,0.6234898018587334
ST03,2026-07-26,7,6,1,1,40.5,120.0,20.2,13.0,2,1.0,1.0,1.0,1.0,1.0,0,0,0.9659258262890683,-0.25881904510252063,-0.7818314824680299,0.6234898018587334
ST03,2026-07-26,8,6,1,1,26.6,120.0,13.3,26.0,2,1.0,1.0,1.0,1.0,1.0,1,0,0.8660254037844387,-0.4999999999999998,-0.7818314824680299,0.6234898018587334
ST03,2026-07-26,9,6,1,1,23.7,120.0,11.8,50.0,2,1.0,1.0,1.0,1.0,1.0,1,0,0.7071067811865476,-0.7071067811865475,-0.7818314824680299,0.6234898018587334
ST03,2026-07-26,10,6,1,2,36.6,41.0,80.19999999999999,28.0,2,1.3333333333333333,1.1666666666666667,1.0833333333333333,1.0,2.0,1,0,0.49999999999999994,-0.8660254037844387,-0.7818314824680299,0.6234898018587334
ST03,2026-07-26,11,6,1,3,24.333333333333332,110.0,14.266666666666666,31.666666666666668,2,2.0,1.5,1.25,2.0,2.0,0,0,0.258819045102521,-0.9659258262890682,-0.7818314824680299,0.6234898018587334
ST03,2026-07-26,12,6,1,2,26.3,36.0,53.0,40.5,2,2.3333333333333335,1.6666666666666667,1.3333333333333333,3.0,3.0,0,0,1.2246467991473532e-16,-1.0,-0.7818314824680299,0.6234898018587334
ST03,2026-07-26,13,6,1,3,25.900000000000002,86.66666666666667,23.433333333333334,25.666666666666668,2,2.6666666666666665,2.0,1.5,2.0,3.0,0,0,-0.2588190451025208,-0.9659258262890683,-0.7818314824680299,0.6234898018587334
ST03,2026-07-26,14,6,1,2,26.75,86.0,53.4,45.5,2,2.3333333333333335,2.1666666666666665,1.5833333333333333,3.0,3.0,0,0,-0.4999999999999997,-0.8660254037844388,-0.7818314824680299,0.6234898018587334
ST03,2026-07-26,15,6,1,2,30.15,86.0,48.599999999999994,32.0,2,2.3333333333333335,2.3333333333333335,1.6666666666666667,2.0,2.0,0,0,-0.7071067811865471,-0.7071067811865479,-0.7818314824680299,0.6234898018587334
ST03,2026-07-26,16,6,1,2,19.25,135.0,8.45,43.5,2,2.0,2.3333333333333335,1.75,2.0,2.0,0,0,-0.8660254037844385,-0.5000000000000004,-0.7818314824680299,0.6234898018587334
ST03,2026-07-26,17,6,1,2,41.85,85.0,38.65,25.0,2,2.0,2.1666666666666665,1.8333333333333333,2.0,2.0,0,1,-0.9659258262890683,-0.25881904510252063,-0.7818314824680299,0.6234898018587334
ST03,2026-07-26,18,6,1,2,26.5,85.0,22.9,31.5,2,2.0,2.1666666666666665,1.9166666666666667,2.0,2.0,0,1,-1.0,-1.8369701987210297e-16,-0.7818314824680299,0.6234898018587334
ST03,2026-07-26,19,6,1,2,41.9,50.0,50.3,23.5,2,2.0,2.0,2.0,2.0,2.0,0,1,-0.9659258262890684,0.2588190451025203,-0.7818314824680299,0.6234898018587334
ST03,2026-07-26,20,6,1,1,34.8,50.0,41.8,20.0,2,1.6666666666666667,1.8333333333333333,2.0,2.0,1.0,0,1,-0.8660254037844386,0.5000000000000001,-0.7818314824680299,0.6234898018587334
ST03,2026-07-26,21,6,1,1,22.0,120.0,11.0,42.0,2,1.3333333333333333,1.6666666666666667,2.0,1.0,1.0,0,0,-0.7071067811865477,0.7071067811865474,-0.7818314824680299,0.6234898018587334
ST03,2026-07-26,22,6,1,1,25.9,60.0,25.9,36.0,2,1.0,1.5,1.9166666666666667,1.0,1.0,0,0,-0.5000000000000004,0.8660254037844384,-0.7818314824680299,0.6234898018587334
ST03,2026-07-26,23,6,1,1,16.4,120.0,8.2,48.0,2,1.0,1.3333333333333333,1.75,1.0,1.0,0,0,-0.25881904510252157,0.9659258262890681,-0.7818314824680299,0.6234898018587334
ST03,2026-07-27,1,0,0,1,23.8,120.0,11.9,35.0,2,1.0,1.1666666666666667,1.6666666666666667,1.0,1.0,0,0,0.25881904510252074,0.9659258262890683,0.0,1.0
ST03,2026-07-27,2,0,0,1,19.3,120.0,9.7,40.0,2,1.0,1.0,1.5,1.0,1.0,0,0,0.49999999999999994,0.8660254037844387,0.0,1.0
ST03,2026-07-27,4,0,0,1,17.8,50.0,21.4,46.0,2,1.0,1.0,1.4166666666666667,1.0,1.0,0,0,0.8660254037844386,0.5000000000000001,0.0,1.0
ST03,2026-07-27,5,0,0,1,25.4,120.0,12.7,20.0,2,1.0,1.0,1.3333333333333333,1.0,1.0,0,0,0.9659258262890683,0.25881904510252074,0.0,1.0
ST03,2026-07-27,6,0,0,1,43.3,150.0,17.3,34.0,2,1.0,1.0,1.25,1.0,1.0,0,0,1.0,6.123233995736766e-17,0.0,1.0
ST03,2026-07-27,7,0,0,1,25.4,60.0,25.4,32.0,2,1.0,1.0,1.1666666666666667,1.0,1.0,0,0,0.9659258262890683,-0.25881904510252063,0.0,1.0
ST03,2026-07-27,8,0,0,3,23.266666666666666,120.0,14.666666666666666,32.666666666666664,2,1.6666666666666667,1.3333333333333333,1.25,1.0,1.0,1,0,0.8660254037844387,-0.4999999999999998,0.0,1.0
ST03,2026-07-27,9,0,0,3,16.566666666666666,44.0,32.4,44.666666666666664,2,2.3333333333333335,1.6666666666666667,1.3333333333333333,3.0,1.0,1,0,0.7071067811865476,-0.7071067811865475,0.0,1.0
ST03,2026-07-27,10,0,0,3,23.96666666666667,74.0,34.43333333333333,36.333333333333336,2,3.0,2.0,1.5,3.0,1.0,1,0,0.49999999999999994,-0.8660254037844387,0.0,1.0
ST03,2026-07-27,11,0,0,1,45.1,60.0,45.1,32.0,2,2.3333333333333335,2.0,1.5,3.0,1.0,0,0,0.258819045102521,-0.9659258262890682,0.0,1.0
ST03,2026-07-27,12,0,0,2,38.2,135.0,17.5,15.0,2,2.0,2.1666666666666665,1.5833333333333333,1.0,2.0,0,0,1.2246467991473532e-16,-1.0,0.0,1.0
ST03,2026-07-27,13,0,0,1,47.0,60.0,47.0,11.0,2,1.3333333333333333,2.1666666666666665,1.5833333333333333,2.0,3.0,0,0,-0.2588190451025208,-0.9659258262890683,0.0,1.0
ST03,2026-07-27,14,0,0,2,33.5,105.0,24.85,36.5,2,1.6666666666666667,2.0,1.6666666666666667,1.0,2.0,0,0,-0.4999999999999997,-0.8660254037844388,0.0,1.0
ST03,2026-07-27,15,0,0,1,18.5,50.0,22.2,30.0,2,1.3333333333333333,1.6666666666666667,1.6666666666666667,2.0,3.0,0,0,-0.7071067811865471,-0.7071067811865479,0.0,1.0
ST03,2026-07-27,16,0,0,1,48.7,150.0,19.5,28.0,2,1.3333333333333333,1.3333333333333333,1.6666666666666667,1.0,2.0,0,0,-0.8660254037844385,-0.5000000000000004,0.0,1.0
ST03,2026-07-27,17,0,0,3,32.56666666666666,106.66666666666667,21.833333333333332,27.666666666666668,2,1.6666666666666667,1.6666666666666667,1.8333333333333333,1.0,2.0,0,1,-0.9659258262890683,-0.25881904510252063,0.0,1.0
ST03,2026-07-27,18,0,0,3,39.73333333333333,44.0,64.53333333333333,28.0,2,2.3333333333333335,1.8333333333333333,2.0,3.0,2.0,0,1,-1.0,-1.8369701987210297e-16,0.0,1.0
ST03,2026-07-27,19,0,0,3,29.166666666666668,47.333333333333336,42.866666666666674,25.666666666666668,2,3.0,2.1666666666666665,2.1666666666666665,3.0,2.0,0,1,-0.9659258262890684,0.2588190451025203,0.0,1.0
ST03,2026-07-27,20,0,0,3,31.03333333333333,77.33333333333333,37.36666666666667,26.666666666666668,2,3.0,2.3333333333333335,2.1666666666666665,3.0,2.0,0,1,-0.8660254037844386,0.5000000000000001,0.0,1.0
ST03,2026-07-27,21,0,0,1,26.8,22.0,73.1,42.0,2,2.3333333333333335,2.3333333333333335,2.0,3.0,2.0,0,0,-0.7071067811865477,0.7071067811865474,0.0,1.0
ST03,2026-07-27,23,0,0,1,34.3,150.0,13.7,16.0,2,1.6666666666666667,2.3333333333333335,1.8333333333333333,1.0,1.0,0,0,-0.25881904510252157,0.9659258262890681,0.0,1.0
ST03,2026-07-28,0,1,0,1,37.8,60.0,37.8,29.0,2,1.0,2.0,1.8333333333333333,1.0,1.0,0,0,0.0,1.0,0.7818314824680298,0.6234898018587336
ST03,2026-07-28,1,1,0,1,45.0,120.0,22.5,25.0,2,1.0,1.6666666666666667,1.75,1.0,1.0,0,0,0.25881904510252074,0.9659258262890683,0.7818314824680298,0.6234898018587336
ST03,2026-07-28,2,1,0,1,31.4,50.0,37.7,35.0,2,1.0,1.3333333333333333,1.75,1.0,1.0,0,0,0.49999999999999994,0.8660254037844387,0.7818314824680298,0.6234898018587336
ST03,2026-07-28,3,1,0,1,22.6,120.0,11.3,38.0,2,1.0,1.0,1.6666666666666667,1.0,1.0,0,0,0.7071067811865476,0.7071067811865476,0.7818314824680298,0.6234898018587336
ST03,2026-07-28,4,1,0,1,31.3,150.0,12.5,37.0,2,1.0,1.0,1.6666666666666667,1.0,1.0,0,0,0.8660254037844386,0.5000000000000001,0.7818314824680298,0.6234898018587336
ST03,2026-07-28,5,1,0,1,32.9,60.0,32.9,27.0,2,1.0,1.0,1.6666666666666667,1.0,1.0,0,0,0.9659258262890683,0.25881904510252074,0.7818314824680298,0.6234898018587336
ST03,2026-07-28,6,1,0,1,27.6,22.0,75.3,25.0,2,1.0,1.0,1.5,1.0,1.0,0,0,1.0,6.123233995736766e-17,0.7818314824680298,0.6234898018587336
ST03,2026-07-28,7,1,0,1,38.5,120.0,19.2,23.0,2,1.0,1.0,1.3333333333333333,1.0,1.0,0,0,0.9659258262890683,-0.25881904510252063,0.7818314824680298,0.6234898018587336
ST03,2026-07-28,8,1,0,3,25.599999999999998,107.33333333333333,24.2,42.333333333333336,2,1.6666666666666667,1.3333333333333333,1.3333333333333333,1.0,1.0,1,0,0.8660254037844387,-0.4999999999999998,0.7818314824680298,0.6234898018587336
ST03,2026-07-28,9,1,0,2,26.95,135.0,12.149999999999999,42.5,2,2.0,1.5,1.25,3.0,3.0,1,0,0.7071067811865476,-0.7071067811865475,0.7818314824680298,0.6234898018587336
ST03,2026-07-28,10,1,0,3,27.833333333333332,34.666666666666664,56.9,32.333333333333336,2,2.6666666666666665,1.8333333333333333,1.4166666666666667,2.0,3.0,1,0,0.49999999999999994,-0.8660254037844387,0.7818314824680298,0.6234898018587336
ST03,2026-07-28,11,1,0,2,30.15,60.0,30.15,37.5,2,2.3333333333333335,2.0,1.5,3.0,3.0,0,0,0.258819045102521,-0.9659258262890682,0.7818314824680298,0.6234898018587336
ST03,2026-07-28,12,1,0,2,25.75,100.0,21.95,26.5,2,2.3333333333333335,2.1666666666666665,1.5833333333333333,2.0,1.0,0,0,1.2246467991473532e-16,-1.0,0.7818314824680298,0.6234898018587336
ST03,2026-07-28,13,1,0,1,35.1,120.0,17.6,28.0,2,1.6666666666666667,2.1666666666666665,1.5833333333333333,2.0,2.0,0,0,-0.2588190451025208,-0.9659258262890683,0.7818314824680298,0.6234898018587336
ST03,2026-07-28,14,1,0,2,18.55,86.0,32.1,35.0,2,1.6666666666666667,2.0,1.6666666666666667,1.0,1.0,0,0,-0.4999999999999997,-0.8660254037844388,0.7818314824680298,0.6234898018587336
ST03,2026-07-28,15,1,0,2,40.7,36.0,72.75,16.0,2,1.6666666666666667,2.0,1.75,2.0,2.0,0,0,-0.7071067811865471,-0.7071067811865479,0.7818314824680298,0.6234898018587336
ST03,2026-07-28,16,1,0,2,36.4,86.0,70.3,25.0,2,2.0,1.8333333333333333,1.8333333333333333,2.0,1.0,0,0,-0.8660254037844385,-0.5000000000000004,0.7818314824680298,0.6234898018587336
ST03,2026-07-28,17,1,0,3,36.833333333333336,130.0,17.2,30.666666666666668,2,2.3333333333333335,2.0,2.0,2.0,1.0,0,1,-0.9659258262890683,-0.25881904510252063,0.7818314824680298,0.6234898018587336
ST03,2026-07-28,18,1,0,3,36.266666666666666,40.666666666666664,71.06666666666668,26.666666666666668,2,2.6666666666666665,2.1666666666666665,2.1666666666666665,3.0,3.0,0,1,-1.0,-1.8369701987210297e-16,0.7818314824680298,0.6234898018587336
ST03,2026-07-28,19,1,0,3,31.2,130.0,14.466666666666667,24.0,2,3.0,2.5,2.3333333333333335,3.0,3.0,0,1,-0.9659258262890684,0.2588190451025203,0.7818314824680298,0.6234898018587336
ST03,2026-07-28,20,1,0,3,34.86666666666667,106.66666666666667,21.7,29.0,2,3.0,2.6666666666666665,2.3333333333333335,3.0,3.0,0,1,-0.8660254037844386,0.5000000000000001,0.7818314824680298,0.6234898018587336
ST03,2026-07-28,22,1,0,1,23.4,22.0,63.8,37.0,2,2.3333333333333335,2.5,2.25,3.0,3.0,0,0,-0.5000000000000004,0.8660254037844384,0.7818314824680298,0.6234898018587336
ST03,2026-07-29,0,2,0,1,30.9,60.0,30.9,45.0,2,1.6666666666666667,2.3333333333333335,2.0833333333333335,1.0,1.0,0,0,0.0,1.0,0.9749279121818236,-0.22252093395631434
ST03,2026-07-29,1,2,0,1,36.9,22.0,100.6,33.0,2,1.0,2.0,2.0,1.0,1.0,0,0,0.25881904510252074,0.9659258262890683,0.9749279121818236,-0.22252093395631434
ST03,2026-07-29,3,2,0,1,25.8,120.0,12.9,35.0,2,1.0,1.6666666666666667,1.9166666666666667,1.0,1.0,0,0,0.7071067811865476,0.7071067811865476,0.9749279121818236,-0.22252093395631434
ST03,2026-07-29,4,2,0,1,36.7,50.0,44.0,17.0,2,1.0,1.3333333333333333,1.9166666666666667,1.0,1.0,0,0,0.8660254037844386,0.5000000000000001,0.9749279121818236,-0.22252093395631434
ST03,2026-07-29,5,2,0,1,17.3,22.0,47.2,41.0,2,1.0,1.0,1.8333333333333333,1.0,1.0,0,0,0.9659258262890683,0.25881904510252074,0.9749279121818236,-0.22252093395631434
ST03,2026-07-29,6,2,0,1,36.7,50.0,44.0,31.0,2,1.0,1.0,1.75,1.0,1.0,0,0,1.0,6.123233995736766e-17,0.9749279121818236,-0.22252093395631434
ST03,2026-07-29,7,2,0,1,34.3,120.0,17.1,38.0,2,1.0,1.0,1.6666666666666667,1.0,1.0,0,0,0.9659258262890683,-0.25881904510252063,0.9749279121818236,-0.22252093395631434
ST03,2026-07-29,8,2,0,3,30.03333333333333,120.0,19.099999999999998,28.0,2,1.6666666666666667,1.3333333333333333,1.6666666666666667,1.0,1.0,1,0,0.8660254037844387,-0.4999999999999998,0.9749279121818236,-0.22252093395631434
ST03,2026-07-29,9,2,0,2,33.15,60.0,33.15,31.5,2,2.0,1.5,1.5833333333333333,3.0,1.0,1,0,0.7071067811865476,-0.7071067811865475,0.9749279121818236,-0.22252093395631434
ST03,2026-07-29,10,2,0,3,30.566666666666666,31.333333333333332,65.86666666666666,26.666666666666668,2,2.6666666666666665,1.8333333333333333,1.5833333333333333,2.0,1.0,1,0,0.49999999999999994,-0.8660254037844387,0.9749279121818236,-0.22252093395631434
ST03,2026-07-29,11,2,0,2,28.15,86.0,47.8,28.5,2,2.3333333333333335,2.0,1.5,3.0,3.0,0,0,0.258819045102521,-0.9659258262890682,0.9749279121818236,-0.22252093395631434
ST03,2026-07-29,12,2,0,2,34.15,41.0,57.9,24.5,2,2.3333333333333335,2.1666666666666665,1.5833333333333333,2.0,2.0,0,0,1.2246467991473532e-16,-1.0,0.9749279121818236,-0.22252093395631434
ST03,2026-07-29,13,2,0,2,27.35,105.0,19.6,28.0,2,2.0,2.3333333333333335,1.6666666666666667,2.0,3.0,0,0,-0.2588190451025208,-0.9659258262890683,0.9749279121818236,-0.22252093395631434
ST03,2026-07-29,14,2,0,2,22.25,41.0,29.950000000000003,38.5,2,2.0,2.1666666666666665,1.75,2.0,2.0,0,0,-0.4999999999999997,-0.8660254037844388,0.9749279121818236,-0.22252093395631434
ST03,2026-07-29,15,2,0,2,25.9,60.0,25.9,29.0,2,2.0,2.1666666666666665,1.8333333333333333,2.0,2.0,0,0,-0.7071067811865471,-0.7071067811865479,0.9749279121818236,-0.22252093395631434
ST03,2026-07-29,16,2,0,2,33.85,86.0,40.55,28.0,2,2.0,2.0,1.9166666666666667,2.0,1.0,0,0,-0.8660254037844385,-0.5000000000000004,0.9749279121818236,-0.22252093395631434
ST03,2026-07-29,17,2,0,3,42.36666666666667,100.0,27.166666666666668,20.0,2,2.3333333333333335,2.1666666666666665,2.0833333333333335,2.0,2.0,0,1,-0.9659258262890683,-0.25881904510252063,0.9749279121818236,-0.22252093395631434
ST03,2026-07-29,18,2,0,3,37.5,110.0,25.099999999999998,21.666666666666668,2,2.6666666666666665,2.3333333333333335,2.25,3.0,2.0,0,1,-1.0,-1.8369701987210297e-16,0.9749279121818236,-0.22252093395631434
ST03,2026-07-29,19,2,0,3,33.766666666666666,80.0,27.599999999999998,26.666666666666668,2,3.0,2.5,2.4166666666666665,3.0,2.0,0,1,-0.9659258262890684,0.2588190451025203,0.9749279121818236,-0.22252093395631434
ST03,2026-07-29,20,2,0,3,36.03333333333333,83.33333333333333,36.6,33.0,2,3.0,2.6666666666666665,2.4166666666666665,3.0,3.0,0,1,-0.8660254037844386,0.5000000000000001,0.9749279121818236,-0.22252093395631434
ST03,2026-07-29,21,2,0,1,53.6,60.0,53.6,10.0,2,2.3333333333333335,2.5,2.3333333333333335,3.0,3.0,0,0,-0.7071067811865477,0.7071067811865474,0.9749279121818236,-0.22252093395631434
ST03,2026-07-29,23,2,0,1,32.2,150.0,12.9,32.0,2,1.6666666666666667,2.3333333333333335,2.1666666666666665,1.0,3.0,0,0,-0.25881904510252157,0.9659258262890681,0.9749279121818236,-0.22252093395631434
ST03,2026-07-30,0,3,0,1,28.9,60.0,28.9,32.0,2,1.0,2.0,2.0833333333333335,1.0,3.0,0,0,0.0,1.0,0.43388373911755823,-0.900968867902419
ST03,2026-07-30,1,3,0,1,55.9,120.0,27.9,18.0,2,1.0,1.6666666666666667,2.0,1.0,1.0,0,0,0.25881904510252074,0.9659258262890683,0.43388373911755823,-0.900968867902419
ST03,2026-07-30,2,3,0,1,29.9,120.0,14.9,22.0,2,1.0,1.3333333333333333,1.9166666666666667,1.0,1.0,0,0,0.49999999999999994,0.8660254037844387,0.43388373911755823,-0.900968867902419
ST03,2026-07-30,4,3,0,1,27.9,150.0,11.2,39.0,2,1.0,1.0,1.8333333333333333,1.0,1.0,0,0,0.8660254037844386,0.5000000000000001,0.43388373911755823,-0.900968867902419
ST03,2026-07-30,5,3,0,1,39.3,150.0,15.7,25.0,2,1.0,1.0,1.75,1.0,1.0,0,0,0.9659258262890683,0.25881904510252074,0.43388373911755823,-0.900968867902419
ST03,2026-07-30,7,3,0,1,19.7,60.0,19.7,40.0,2,1.0,1.0,1.6666666666666667,1.0,1.0,0,0,0.9659258262890683,-0.25881904510252063,0.43388373911755823,-0.900968867902419
ST03,2026-07-30,8,3,0,2,33.25,60.0,33.25,26.0,2,1.3333333333333333,1.1666666666666667,1.5833333333333333,1.0,1.0,1,0,0.8660254037844387,-0.4999999999999998,0.43388373911755823,-0.900968867902419
ST03,2026-07-30,9,3,0,2,18.25,105.0,10.2,40.0,2,1.6666666666666667,1.3333333333333333,1.5,2.0,1.0,1,0,0.7071067811865476,-0.7071067811865475,0.43388373911755823,-0.900968867902419
ST03,2026-07-30,10,3,0,3,27.03333333333333,74.0,41.833333333333336,32.0,2,2.3333333333333335,1.6666666666666667,1.5,2.0,1.0,1,0,0.49999999999999994,-0.8660254037844387,0.43388373911755823,-0.900968867902419
ST03,2026-07-30,11,3,0,2,19.55,100.0,15.0,43.5,2,2.3333333333333335,1.8333333333333333,1.4166666666666667,3.0,3.0,0,0,0.258819045102521,-0.9659258262890682,0.43388373911755823,-0.900968867902419
ST03,2026-07-30,12,3,0,2,30.7,55.0,33.1,30.0,2,2.3333333333333335,2.0,1.5,2.0,2.0,0,0,1.2246467991473532e-16,-1.0,0.43388373911755823,-0.900968867902419
ST03,2026-07-30,13,3,0,2,30.450000000000003,135.0,13.75,23.0,2,2.0,2.1666666666666665,1.5833333333333333,2.0,3.0,0,0,-0.2588190451025208,-0.9659258262890683,0.43388373911755823,-0.900968867902419
ST03,2026-07-30,14,3,0,2,27.85,120.0,13.95,17.5,2,2.0,2.1666666666666665,1.6666666666666667,2.0,2.0,0,0,-0.4999999999999997,-0.8660254037844388,0.43388373911755823,-0.900968867902419
ST03,2026-07-30,15,3,0,1,32.9,120.0,16.4,16.0,2,1.6666666666666667,2.0,1.6666666666666667,2.0,2.0,0,0,-0.7071067811865471,-0.7071067811865479,0.43388373911755823,-0.900968867902419
ST03,2026-07-30,16,3,0,2,40.8,85.0,35.15,23.5,2,1.6666666666666667,1.8333333333333333,1.75,1.0,2.0,0,0,-0.8660254037844385,-0.5000000000000004,0.43388373911755823,-0.900968867902419
ST03,2026-07-30,17,3,0,3,31.566666666666663,22.0,86.10000000000001,23.333333333333332,2,2.0,2.0,1.9166666666666667,2.0,2.0,0,1,-0.9659258262890683,-0.25881904510252063,0.43388373911755823,-0.900968867902419
ST03,2026-07-30,18,3,0,3,25.566666666666666,83.33333333333333,25.833333333333332,35.333333333333336,2,2.6666666666666665,2.1666666666666665,2.0833333333333335,3.0,2.0,0,1,-1.0,-1.8369701987210297e-16,0.43388373911755823,-0.900968867902419
ST03,2026-07-30,19,3,0,3,28.333333333333332,77.33333333333333,36.56666666666667,32.0,2,3.0,2.3333333333333335,2.25,3.0,2.0,0,1,-0.9659258262890684,0.2588190451025203,0.43388373911755823,-0.900968867902419
ST03,2026-07-30,20,3,0,3,26.866666666666664,90.0,20.599999999999998,22.0,2,3.0,2.5,2.3333333333333335,3.0,3.0,0,1,-0.8660254037844386,0.5000000000000001,0.43388373911755823,-0.900968867902419
ST03,2026-07-30,21,3,0,1,43.3,150.0,17.3,16.0,2,2.3333333333333335,2.5,2.25,3.0,3.0,0,0,-0.7071067811865477,0.7071067811865474,0.43388373911755823,-0.900968867902419
ST04,2026-07-01,0,2,0,1,13.1,150.0,5.2,48.0,3,1.0,1.0,1.0,0.0,0.0,0,0,0.0,1.0,0.9749279121818236,-0.22252093395631434
ST04,2026-07-01,1,2,0,1,22.5,150.0,9.0,34.0,3,1.0,1.0,1.0,1.0,0.0,0,0,0.25881904510252074,0.9659258262890683,0.9749279121818236,-0.22252093395631434
ST04,2026-07-01,2,2,0,1,23.8,120.0,11.9,44.0,3,1.0,1.0,1.0,1.0,0.0,0,0,0.49999999999999994,0.8660254037844387,0.9749279121818236,-0.22252093395631434
ST04,2026-07-01,3,2,0,1,17.2,50.0,20.6,39.0,3,1.0,1.0,1.0,1.0,0.0,0,0,0.7071067811865476,0.7071067811865476,0.9749279121818236,-0.22252093395631434
ST04,2026-07-01,4,2,0,1,52.8,150.0,21.1,10.0,3,1.0,1.0,1.0,1.0,0.0,0,0,0.8660254037844386,0.5000000000000001,0.9749279121818236,-0.22252093395631434
ST04,2026-07-01,5,2,0,2,21.299999999999997,105.0,15.25,29.5,3,1.3333333333333333,1.1666666666666667,1.1666666666666667,1.0,0.0,0,0,0.9659258262890683,0.25881904510252074,0.9749279121818236,-0.22252093395631434
ST04,2026-07-01,6,2,0,1,17.0,22.0,46.4,38.0,3,1.3333333333333333,1.1666666666666667,1.1428571428571428,2.0,0.0,0,0,1.0,6.123233995736766e-17,0.9749279121818236,-0.22252093395631434
ST04,2026-07-01,7,2,0,1,23.7,120.0,11.8,46.0,3,1.3333333333333333,1.1666666666666667,1.125,1.0,0.0,0,0,0.9659258262890683,-0.25881904510252063,0.9749279121818236,-0.22252093395631434
ST04,2026-07-01,8,2,0,6,29.78333333333333,73.66666666666667,35.733333333333334,36.166666666666664,3,2.6666666666666665,2.0,1.6666666666666667,1.0,0.0,1,0,0.8660254037844387,-0.4999999999999998,0.9749279121818236,-0.22252093395631434
ST04,2026-07-01,9,2,0,5,38.36,66.4,46.18,24.0,3,4.0,2.6666666666666665,2.0,6.0,0.0,1,0,0.7071067811865476,-0.7071067811865475,0.9749279121818236,-0.22252093395631434
ST04,2026-07-01,10,2,0,5,30.82,102.0,22.54,29.2,3,5.333333333333333,3.3333333333333335,2.272727272727273,5.0,0.0,1,0,0.49999999999999994,-0.8660254037844387,0.9749279121818236,-0.22252093395631434
ST04,2026-07-01,11,2,0,4,25.525,110.0,15.025,36.25,3,4.666666666666667,3.6666666666666665,2.4166666666666665,5.0,0.0,0,0,0.258819045102521,-0.9659258262890682,0.9749279121818236,-0.22252093395631434
ST04,2026-07-01,12,2,0,4,25.975,95.0,18.8,39.0,3,4.333333333333333,4.166666666666667,2.6666666666666665,4.0,0.0,0,0,1.2246467991473532e-16,-1.0,0.9749279121818236,-0.22252093395631434
ST04,2026-07-01,13,2,0,4,36.95,88.0,39.2,30.0,3,4.0,4.666666666666667,2.9166666666666665,4.0,0.0,0,0,-0.2588190451025208,-0.9659258262890683,0.9749279121818236,-0.22252093395631434
ST04,2026-07-01,14,2,0,3,25.333333333333332,90.0,17.566666666666666,33.333333333333336,3,3.6666666666666665,4.166666666666667,3.0833333333333335,4.0,0.0,0,0,-0.4999999999999997,-0.8660254037844388,0.9749279121818236,-0.22252093395631434
ST04,2026-07-01,15,2,0,3,26.96666666666667,76.66666666666667,24.433333333333334,30.0,3,3.3333333333333335,3.8333333333333335,3.25,3.0,0.0,0,0,-0.7071067811865471,-0.7071067811865479,0.9749279121818236,-0.22252093395631434
ST04,2026-07-01,16,2,0,3,29.2,87.33333333333333,28.03333333333333,36.0,3,3.0,3.5,3.4166666666666665,3.0,0.0,0,0,-0.8660254037844385,-0.5000000000000004,0.9749279121818236,-0.22252093395631434
ST04,2026-07-01,17,2,0,6,27.133333333333336,103.33333333333333,17.216666666666665,37.333333333333336,3,4.0,3.8333333333333335,3.75,3.0,0.0,0,1,-0.9659258262890683,-0.25881904510252063,0.9749279121818236,-0.22252093395631434
ST04,2026-07-01,18,2,0,6,33.53333333333333,70.66666666666667,52.400000000000006,28.166666666666668,3,5.0,4.166666666666667,4.166666666666667,6.0,0.0,0,1,-1.0,-1.8369701987210297e-16,0.9749279121818236,-0.22252093395631434
ST04,2026-07-01,19,2,0,6,36.36666666666667,47.0,55.04999999999999,29.0,3,6.0,4.5,4.583333333333333,6.0,0.0,0,1,-0.9659258262890684,0.2588190451025203,0.9749279121818236,-0.22252093395631434
ST04,2026-07-01,20,2,0,6,28.549999999999997,78.66666666666667,43.65,32.666666666666664,3,6.0,5.0,4.583333333333333,6.0,0.0,0,1,-0.8660254037844386,0.5000000000000001,0.9749279121818236,-0.22252093395631434
ST04,2026-07-01,21,2,0,1,50.2,120.0,25.1,13.0,3,4.333333333333333,4.666666666666667,4.25,6.0,0.0,0,0,-0.7071067811865477,0.7071067811865474,0.9749279121818236,-0.22252093395631434
ST04,2026-07-01,22,2,0,2,28.45,71.0,40.4,38.0,3,3.0,4.5,4.0,1.0,0.0,0,0,-0.5000000000000004,0.8660254037844384,0.9749279121818236,-0.22252093395631434
ST04,2026-07-01,23,2,0,1,43.2,22.0,117.8,37.0,3,1.3333333333333333,3.6666666666666665,3.75,2.0,0.0,0,0,-0.25881904510252157,0.9659258262890681,0.9749279121818236,-0.22252093395631434
ST04,2026-07-02,0,3,0,2,46.7,60.0,46.7,16.0,3,1.6666666666666667,3.0,3.5833333333333335,1.0,1.0,0,0,0.0,1.0,0.43388373911755823,-0.900968867902419
ST04,2026-07-02,1,3,0,1,18.5,22.0,50.5,46.0,3,1.3333333333333333,2.1666666666666665,3.3333333333333335,2.0,1.0,0,0,0.25881904510252074,0.9659258262890683,0.43388373911755823,-0.900968867902419
ST04,2026-07-02,2,3,0,1,26.9,50.0,32.3,13.0,3,1.3333333333333333,1.3333333333333333,3.1666666666666665,1.0,1.0,0,0,0.49999999999999994,0.8660254037844387,0.43388373911755823,-0.900968867902419
ST04,2026-07-02,3,3,0,1,16.5,120.0,8.2,50.0,3,1.0,1.3333333333333333,3.0,1.0,1.0,0,0,0.7071067811865476,0.7071067811865476,0.43388373911755823,-0.900968867902419
ST04,2026-07-02,4,3,0,1,23.8,50.0,28.6,31.0,3,1.0,1.1666666666666667,2.8333333333333335,1.0,1.0,0,0,0.8660254037844386,0.5000000000000001,0.43388373911755823,-0.900968867902419
ST04,2026-07-02,5,3,0,1,23.6,150.0,9.4,47.0,3,1.0,1.1666666666666667,2.4166666666666665,1.0,2.0,0,0,0.9659258262890683,0.25881904510252074,0.43388373911755823,-0.900968867902419
ST04,2026-07-02,6,3,0,1,53.4,22.0,145.6,14.0,3,1.0,1.0,2.0,1.0,1.0,0,0,1.0,6.123233995736766e-17,0.43388373911755823,-0.900968867902419
ST04,2026-07-02,7,3,0,2,27.85,60.0,27.85,35.5,3,1.3333333333333333,1.1666666666666667,1.6666666666666667,1.0,1.0,0,0,0.9659258262890683,-0.25881904510252063,0.43388373911755823,-0.900968867902419
ST04,2026-07-02,8,3,0,5,31.360000000000003,112.0,16.84,31.8,3,2.6666666666666665,1.8333333333333333,1.5833333333333333,2.0,6.0,1,0,0.8660254037844387,-0.4999999999999998,0.43388373911755823,-0.900968867902419
ST04,2026-07-02,9,3,0,5,31.4,124.0,17.22,26.2,3,4.0,2.5,1.9166666666666667,5.0,5.0,1,0,0.7071067811865476,-0.7071067811865475,0.43388373911755823,-0.900968867902419
ST04,2026-07-02,10,3,0,5,29.54,76.4,34.28,30.4,3,5.0,3.1666666666666665,2.1666666666666665,5.0,5.0,1,0,0.49999999999999994,-0.8660254037844387,0.43388373911755823,-0.900968867902419
ST04,2026-07-02,11,3,0,3,26.7,86.66666666666667,20.933333333333334,30.333333333333332,3,4.333333333333333,3.5,2.3333333333333335,5.0,4.0,0,0,0.258819045102521,-0.9659258262890682,0.43388373911755823,-0.900968867902419
ST04,2026-07-02,12,3,0,3,37.766666666666666,116.66666666666667,20.099999999999998,26.333333333333332,3,3.6666666666666665,3.8333333333333335,2.4166666666666665,3.0,4.0,0,0,1.2246467991473532e-16,-1.0,0.43388373911755823,-0.900968867902419
ST04,2026-07-02,13,3,0,3,33.666666666666664,106.66666666666667,20.0,26.333333333333332,3,3.0,4.0,2.5833333333333335,3.0,4.0,0,0,-0.2588190451025208,-0.9659258262890683,0.43388373911755823,-0.900968867902419
ST04,2026-07-02,14,3,0,3,25.833333333333332,76.66666666666667,21.966666666666665,43.333333333333336,3,3.0,3.6666666666666665,2.75,3.0,3.0,0,0,-0.4999999999999997,-0.8660254037844388,0.43388373911755823,-0.900968867902419
ST04,2026-07-02,15,3,0,3,25.03333333333333,140.0,11.033333333333333,39.666666666666664,3,3.0,3.3333333333333335,2.9166666666666665,3.0,3.0,0,0,-0.7071067811865471,-0.7071067811865479,0.43388373911755823,-0.900968867902419
ST04,2026-07-02,16,3,0,3,29.133333333333336,86.66666666666667,24.5,36.666666666666664,3,3.0,3.0,3.0833333333333335,3.0,3.0,0,0,-0.8660254037844385,-0.5000000000000004,0.43388373911755823,-0.900968867902419
ST04,2026-07-02,17,3,0,6,34.75,98.66666666666667,37.36666666666667,30.333333333333332,3,4.0,3.5,3.5,3.0,6.0,0,1,-0.9659258262890683,-0.25881904510252063,0.43388373911755823,-0.900968867902419
ST04,2026-07-02,18,3,0,6,22.400000000000002,77.0,28.7,34.333333333333336,3,5.0,4.0,3.9166666666666665,6.0,6.0,0,1,-1.0,-1.8369701987210297e-16,0.43388373911755823,-0.900968867902419
ST04,2026-07-02,19,3,0,6,28.650000000000002,81.66666666666667,24.416666666666668,34.666666666666664,3,6.0,4.5,4.25,6.0,6.0,0,1,-0.9659258262890684,0.2588190451025203,0.43388373911755823,-0.900968867902419
ST04,2026-07-02,20,3,0,6,29.183333333333334,96.66666666666667,22.95,34.666666666666664,3,6.0,5.0,4.333333333333333,6.0,6.0,0,1,-0.8660254037844386,0.5000000000000001,0.43388373911755823,-0.900968867902419
ST04,2026-07-02,21,3,0,2,36.95,50.0,44.349999999999994,26.5,3,4.666666666666667,4.833333333333333,4.083333333333333,6.0,1.0,0,0,-0.7071067811865477,0.7071067811865474,0.43388373911755823,-0.900968867902419
ST04,2026-07-02,22,3,0,1,19.3,50.0,23.2,40.0,3,3.0,4.5,3.75,2.0,2.0,0,0,-0.5000000000000004,0.8660254037844384,0.43388373911755823,-0.900968867902419
ST04,2026-07-02,23,3,0,2,35.45,85.0,27.299999999999997,30.0,3,1.6666666666666667,3.8333333333333335,3.6666666666666665,1.0,1.0,0,0,-0.25881904510252157,0.9659258262890681,0.43388373911755823,-0.900968867902419
ST04,2026-07-03,0,4,0,2,29.349999999999998,120.0,14.649999999999999,27.0,3,1.6666666666666667,3.1666666666666665,3.5833333333333335,2.0,2.0,0,0,0.0,1.0,-0.433883739117558,-0.9009688679024191
ST04,2026-07-03,1,4,0,1,28.7,22.0,78.3,38.0,3,1.6666666666666667,2.3333333333333335,3.4166666666666665,2.0,1.0,0,0,0.25881904510252074,0.9659258262890683,-0.433883739117558,-0.9009688679024191
ST04,2026-07-03,2,4,0,1,18.4,60.0,18.4,34.0,3,1.3333333333333333,1.5,3.25,1.0,1.0,0,0,0.49999999999999994,0.8660254037844387,-0.433883739117558,-0.9009688679024191
ST04,2026-07-03,3,4,0,1,40.1,60.0,40.1,31.0,3,1.0,1.3333333333333333,3.0833333333333335,1.0,1.0,0,0,0.7071067811865476,0.7071067811865476,-0.433883739117558,-0.9009688679024191
ST04,2026-07-03,4,4,0,1,18.3,120.0,9.2,45.0,3,1.0,1.3333333333333333,2.9166666666666665,1.0,1.0,0,0,0.8660254037844386,0.5000000000000001,-0.433883739117558,-0.9009688679024191
ST04,2026-07-03,5,4,0,2,40.9,135.0,17.35,29.5,3,1.3333333333333333,1.3333333333333333,2.5833333333333335,1.0,1.0,0,0,0.9659258262890683,0.25881904510252074,-0.433883739117558,-0.9009688679024191
ST04,2026-07-03,6,4,0,2,29.95,135.0,13.35,41.0,3,1.6666666666666667,1.3333333333333333,2.25,2.0,1.0,0,0,1.0,6.123233995736766e-17,-0.433883739117558,-0.9009688679024191
ST04,2026-07-03,7,4,0,1,37.0,22.0,100.9,17.0,3,1.6666666666666667,1.3333333333333333,1.8333333333333333,2.0,2.0,0,0,0.9659258262890683,-0.25881904510252063,-0.433883739117558,-0.9009688679024191
ST04,2026-07-03,8,4,0,5,28.639999999999997,112.0,18.36,28.4,3,2.6666666666666665,2.0,1.75,1.0,5.0,1,0,0.8660254037844387,-0.4999999999999998,-0.433883739117558,-0.9009688679024191
ST04,2026-07-03,9,4,0,6,34.15,92.0,37.65,31.333333333333332,3,4.0,2.8333333333333335,2.0833333333333335,5.0,5.0,1,0,0.7071067811865476,-0.7071067811865475,-0.433883739117558,-0.9009688679024191
ST04,2026-07-03,10,4,0,5,27.04,41.6,65.96000000000001,28.8,3,5.333333333333333,3.5,2.4166666666666665,6.0,5.0,1,0,0.49999999999999994,-0.8660254037844387,-0.433883739117558,-0.9009688679024191
ST04,2026-07-03,11,4,0,3,36.166666666666664,40.666666666666664,62.43333333333334,27.0,3,4.666666666666667,3.6666666666666665,2.5,5.0,3.0,0,0,0.258819045102521,-0.9659258262890682,-0.433883739117558,-0.9009688679024191
ST04,2026-07-03,12,4,0,3,37.1,60.0,37.1,31.0,3,3.6666666666666665,3.8333333333333335,2.5833333333333335,3.0,3.0,0,0,1.2246467991473532e-16,-1.0,-0.433883739117558,-0.9009688679024191
ST04,2026-07-03,13,4,0,4,33.35,56.0,58.325,25.0,3,3.3333333333333335,4.333333333333333,2.8333333333333335,3.0,3.0,0,0,-0.2588190451025208,-0.9659258262890683,-0.433883739117558,-0.9009688679024191
ST04,2026-07-03,14,4,0,4,30.349999999999998,53.5,58.074999999999996,32.75,3,3.6666666666666665,4.166666666666667,3.0833333333333335,4.0,3.0,0,0,-0.4999999999999997,-0.8660254037844388,-0.433883739117558,-0.9009688679024191
ST04,2026-07-03,15,4,0,3,28.100000000000005,64.0,29.53333333333333,24.666666666666668,3,3.6666666666666665,3.6666666666666665,3.25,4.0,3.0,0,0,-0.7071067811865471,-0.7071067811865479,-0.433883739117558,-0.9009688679024191
ST04,2026-07-03,16,4,0,3,24.666666666666668,77.33333333333333,33.86666666666667,37.666666666666664,3,3.3333333333333335,3.3333333333333335,3.4166666666666665,3.0,3.0,0,0,-0.8660254037844385,-0.5000000000000004,-0.433883739117558,-0.9009688679024191
ST04,2026-07-03,17,4,0,6,37.45,76.66666666666667,33.199999999999996,24.166666666666668,3,4.0,3.8333333333333335,3.75,3.0,6.0,0,1,-0.9659258262890683,-0.25881904510252063,-0.433883739117558,-0.9009688679024191
ST04,2026-07-03,18,4,0,6,29.216666666666665,103.33333333333333,19.366666666666664,29.0,3,5.0,4.333333333333333,4.083333333333333,6.0,6.0,0,1,-1.0,-1.8369701987210297e-16,-0.433883739117558,-0.9009688679024191
ST04,2026-07-03,19,4,0,6,29.25,49.333333333333336,52.416666666666664,32.666666666666664,3,6.0,4.666666666666667,4.5,6.0,6.0,0,1,-0.9659258262890684,0.2588190451025203,-0.433883739117558,-0.9009688679024191
ST04,2026-07-03,20,4,0,6,34.31666666666667,55.666666666666664,57.68333333333334,28.0,3,6.0,5.0,4.583333333333333,6.0,6.0,0,1,-0.8660254037844386,0.5000000000000001,-0.433883739117558,-0.9009688679024191
ST04,2026-07-03,21,4,0,1,23.1,150.0,9.2,35.0,3,4.333333333333333,4.666666666666667,4.166666666666667,6.0,2.0,0,0,-0.7071067811865477,0.7071067811865474,-0.433883739117558,-0.9009688679024191
ST04,2026-07-03,22,4,0,1,57.4,150.0,23.0,13.0,3,2.6666666666666665,4.333333333333333,3.8333333333333335,1.0,1.0,0,0,-0.5000000000000004,0.8660254037844384,-0.433883739117558,-0.9009688679024191
ST04,2026-07-03,23,4,0,1,22.4,150.0,9.0,40.0,3,1.0,3.5,3.6666666666666665,1.0,2.0,0,0,-0.25881904510252157,0.9659258262890681,-0.433883739117558,-0.9009688679024191
ST04,2026-07-04,0,5,1,2,22.200000000000003,85.0,19.0,35.5,3,1.3333333333333333,2.8333333333333335,3.5833333333333335,1.0,2.0,0,0,0.0,1.0,-0.9749279121818236,-0.2225209339563146
ST04,2026-07-04,1,5,1,2,36.0,71.0,57.75,26.0,3,1.6666666666666667,2.1666666666666665,3.4166666666666665,2.0,1.0,0,0,0.25881904510252074,0.9659258262890683,-0.9749279121818236,-0.2225209339563146
ST04,2026-07-04,2,5,1,2,27.549999999999997,50.0,33.1,33.0,3,2.0,1.5,3.25,2.0,1.0,0,0,0.49999999999999994,0.8660254037844387,-0.9749279121818236,-0.2225209339563146
ST04,2026-07-04,3,5,1,2,15.850000000000001,36.0,26.7,46.5,3,2.0,1.6666666666666667,3.1666666666666665,2.0,1.0,0,0,0.7071067811865476,0.7071067811865476,-0.9749279121818236,-0.2225209339563146
ST04,2026-07-04,4,5,1,2,30.35,22.0,82.80000000000001,28.0,3,2.0,1.8333333333333333,3.0833333333333335,2.0,1.0,0,0,0.8660254037844386,0.5000000000000001,-0.9749279121818236,-0.2225209339563146
ST04,2026-07-04,5,5,1,2,32.65,85.0,29.75,37.5,3,2.0,2.0,2.75,2.0,2.0,0,0,0.9659258262890683,0.25881904510252074,-0.9749279121818236,-0.2225209339563146
ST04,2026-07-04,6,5,1,2,32.900000000000006,150.0,13.15,37.0,3,2.0,2.0,2.4166666666666665,2.0,2.0,0,0,1.0,6.123233995736766e-17,-0.9749279121818236,-0.2225209339563146
ST04,2026-07-04,7,5,1,2,27.3,85.0,22.05,42.0,3,2.0,2.0,2.0833333333333335,2.0,1.0,0,0,0.9659258262890683,-0.25881904510252063,-0.9749279121818236,-0.2225209339563146
ST04,2026-07-04,8,5,1,2,28.4,41.0,56.8,28.5,3,2.0,2.0,1.75,2.0,5.0,1,0,0.8660254037844387,-0.4999999999999998,-0.9749279121818236,-0.2225209339563146
ST04,2026-07-04,9,5,1,2,23.0,86.0,29.0,39.5,3,2.0,2.0,1.8333333333333333,2.0,6.0,1,0,0.7071067811865476,-0.7071067811865475,-0.9749279121818236,-0.2225209339563146
ST04,2026-07-04,10,5,1,5,31.02,62.8,40.54,32.0,3,3.0,2.5,2.1666666666666665,2.0,5.0,1,0,0.49999999999999994,-0.8660254037844387,-0.9749279121818236,-0.2225209339563146
ST04,2026-07-04,11,5,1,5,27.2,80.4,35.519999999999996,35.2,3,4.0,3.0,2.5,5.0,3.0,0,0,0.258819045102521,-0.9659258262890682,-0.9749279121818236,-0.2225209339563146
ST04,2026-07-04,12,5,1,4,30.1,53.5,58.9,27.75,3,4.666666666666667,3.3333333333333335,2.6666666666666665,5.0,3.0,0,0,1.2246467991473532e-16,-1.0,-0.9749279121818236,-0.2225209339563146
ST04,2026-07-04,13,5,1,5,24.48,66.4,31.48,31.8,3,4.666666666666667,3.8333333333333335,2.9166666666666665,4.0,4.0,0,0,-0.2588190451025208,-0.9659258262890683,-0.9749279121818236,-0.2225209339563146
ST04,2026-07-04,14,5,1,4,35.275,92.5,31.275,30.75,3,4.333333333333333,4.166666666666667,3.0833333333333335,5.0,4.0,0,0,-0.4999999999999997,-0.8660254037844388,-0.9749279121818236,-0.2225209339563146
ST04,2026-07-04,15,5,1,4,30.75,135.0,13.825,26.75,3,4.333333333333333,4.5,3.25,4.0,3.0,0,0,-0.7071067811865471,-0.7071067811865479,-0.9749279121818236,-0.2225209339563146
ST04,2026-07-04,16,5,1,4,44.825,135.0,20.825,29.25,3,4.0,4.333333333333333,3.4166666666666665,4.0,3.0,0,0,-0.8660254037844385,-0.5000000000000004,-0.9749279121818236,-0.2225209339563146
ST04,2026-07-04,17,5,1,4,34.975,38.5,66.775,29.75,3,4.0,4.166666666666667,3.5833333333333335,4.0,6.0,0,1,-0.9659258262890683,-0.25881904510252063,-0.9749279121818236,-0.2225209339563146
ST04,2026-07-04,18,5,1,4,22.25,97.5,14.525,37.5,3,4.0,4.166666666666667,3.75,4.0,6.0,0,1,-1.0,-1.8369701987210297e-16,-0.9749279121818236,-0.2225209339563146
ST04,2026-07-04,19,5,1,4,42.275,78.0,61.575,22.75,3,4.0,4.0,3.9166666666666665,4.0,6.0,0,1,-0.9659258262890684,0.2588190451025203,-0.9749279121818236,-0.2225209339563146
ST04,2026-07-04,20,5,1,2,30.15,90.0,24.35,33.5,3,3.3333333333333335,3.6666666666666665,3.9166666666666665,4.0,6.0,0,1,-0.8660254037844386,0.5000000000000001,-0.9749279121818236,-0.2225209339563146
ST04,2026-07-04,21,5,1,2,18.5,60.0,18.5,35.0,3,2.6666666666666665,3.3333333333333335,3.9166666666666665,2.0,1.0,0,0,-0.7071067811865477,0.7071067811865474,-0.9749279121818236,-0.2225209339563146
ST04,2026-07-04,22,5,1,2,32.349999999999994,55.0,34.05,34.5,3,2.0,3.0,3.6666666666666665,2.0,1.0,0,0,-0.5000000000000004,0.8660254037844384,-0.9749279121818236,-0.2225209339563146
ST04,2026-07-04,23,5,1,2,37.95,22.0,103.5,23.0,3,2.0,2.6666666666666665,3.4166666666666665,2.0,1.0,0,0,-0.25881904510252157,0.9659258262890681,-0.9749279121818236,-0.2225209339563146
ST04,2026-07-05,0,6,1,2,25.05,150.0,10.0,42.5,3,2.0,2.3333333333333335,3.25,2.0,2.0,0,0,0.0,1.0,-0.7818314824680299,0.6234898018587334
ST04,2026-07-05,1,6,1,2,42.2,120.0,21.1,28.0,3,2.0,2.0,3.0,2.0,2.0,0,0,0.25881904510252074,0.9659258262890683,-0.7818314824680299,0.6234898018587334
ST04,2026-07-05,2,6,1,2,25.549999999999997,71.0,44.949999999999996,19.0,3,2.0,2.0,2.8333333333333335,2.0,2.0,0,0,0.49999999999999994,0.8660254037844387,-0.7818314824680299,0.6234898018587334
ST04,2026-07-05,3,6,1,2,37.0,41.0,72.25,22.5,3,2.0,2.0,2.6666666666666665,2.0,2.0,0,0,0.7071067811865476,0.7071067811865476,-0.7818314824680299,0.6234898018587334
ST04,2026-07-05,4,6,1,2,20.950000000000003,86.0,24.4,34.0,3,2.0,2.0,2.5,2.0,2.0,0,0,0.8660254037844386,0.5000000000000001,-0.7818314824680299,0.6234898018587334
ST04,2026-07-05,5,6,1,2,27.4,85.0,26.25,46.0,3,2.0,2.0,2.3333333333333335,2.0,2.0,0,0,0.9659258262890683,0.25881904510252074,-0.7818314824680299,0.6234898018587334
ST04,2026-07-05,6,6,1,2,29.400000000000002,36.0,49.45,24.0,3,2.0,2.0,2.1666666666666665,2.0,2.0,0,0,1.0,6.123233995736766e-17,-0.7818314824680299,0.6234898018587334
ST04,2026-07-05,7,6,1,2,34.2,135.0,15.55,22.5,3,2.0,2.0,2.0,2.0,2.0,0,0,0.9659258262890683,-0.25881904510252063,-0.7818314824680299,0.6234898018587334
ST04,2026-07-05,8,6,1,2,31.0,135.0,14.05,31.5,3,2.0,2.0,2.0,2.0,2.0,1,0,0.8660254037844387,-0.4999999999999998,-0.7818314824680299,0.6234898018587334
ST04,2026-07-05,9,6,1,2,16.6,60.0,16.6,39.5,3,2.0,2.0,2.0,2.0,2.0,1,0,0.7071067811865476,-0.7071067811865475,-0.7818314824680299,0.6234898018587334
ST04,2026-07-05,10,6,1,5,25.98,84.4,29.880000000000003,32.4,3,3.0,2.5,2.25,2.0,5.0,1,0,0.49999999999999994,-0.8660254037844387,-0.7818314824680299,0.6234898018587334
ST04,2026-07-05,11,6,1,5,35.540000000000006,55.2,75.32000000000001,26.6,3,4.0,3.0,2.5,5.0,5.0,0,0,0.258819045102521,-0.9659258262890682,-0.7818314824680299,0.6234898018587334
ST04,2026-07-05,12,6,1,5,34.660000000000004,66.4,42.339999999999996,29.8,3,5.0,3.5,2.75,5.0,4.0,0,0,1.2246467991473532e-16,-1.0,-0.7818314824680299,0.6234898018587334
ST04,2026-07-05,13,6,1,5,32.04,42.8,54.04,29.2,3,5.0,4.0,3.0,5.0,5.0,0,0,-0.2588190451025208,-0.9659258262890683,-0.7818314824680299,0.6234898018587334
ST04,2026-07-05,14,6,1,5,29.46,118.4,28.48,37.6,3,5.0,4.5,3.25,5.0,4.0,0,0,-0.4999999999999997,-0.8660254037844388,-0.7818314824680299,0.6234898018587334
ST04,2026-07-05,15,6,1,4,28.05,120.0,17.15,46.5,3,4.666666666666667,4.833333333333333,3.4166666666666665,5.0,4.0,0,0,-0.7071067811865471,-0.7071067811865479,-0.7818314824680299,0.6234898018587334
ST04,2026-07-05,16,6,1,4,38.95,95.0,29.875,29.5,3,4.333333333333333,4.666666666666667,3.5833333333333335,4.0,4.0,0,0,-0.8660254037844385,-0.5000000000000004,-0.7818314824680299,0.6234898018587334
ST04,2026-07-05,17,6,1,4,26.625,80.5,24.425,30.25,3,4.0,4.5,3.75,4.0,4.0,0,1,-0.9659258262890683,-0.25881904510252063,-0.7818314824680299,0.6234898018587334
ST04,2026-07-05,18,6,1,4,27.95,102.5,18.225,35.25,3,4.0,4.333333333333333,3.9166666666666665,4.0,4.0,0,1,-1.0,-1.8369701987210297e-16,-0.7818314824680299,0.6234898018587334
ST04,2026-07-05,19,6,1,4,30.375,92.5,21.6,36.5,3,4.0,4.166666666666667,4.083333333333333,4.0,4.0,0,1,-0.9659258262890684,0.2588190451025203,-0.7818314824680299,0.6234898018587334
ST04,2026-07-05,20,6,1,2,49.3,90.0,34.55,14.0,3,3.3333333333333335,3.6666666666666665,4.083333333333333,4.0,2.0,0,1,-0.8660254037844386,0.5000000000000001,-0.7818314824680299,0.6234898018587334
ST04,2026-07-05,21,6,1,2,28.5,120.0,14.3,24.0,3,2.6666666666666665,3.3333333333333335,4.083333333333333,2.0,2.0,0,0,-0.7071067811865477,0.7071067811865474,-0.7818314824680299,0.6234898018587334
ST04,2026-07-05,22,6,1,2,40.3,41.0,75.2,30.0,3,2.0,3.0,3.8333333333333335,2.0,2.0,0,0,-0.5000000000000004,0.8660254037844384,-0.7818314824680299,0.6234898018587334
ST04,2026-07-05,23,6,1,2,33.2,100.0,30.7,30.5,3,2.0,2.6666666666666665,3.5833333333333335,2.0,2.0,0,0,-0.25881904510252157,0.9659258262890681,-0.7818314824680299,0.6234898018587334
ST04,2026-07-06,0,0,0,1,38.4,50.0,46.1,21.0,3,1.6666666666666667,2.1666666666666665,3.25,2.0,2.0,0,0,0.0,1.0,0.0,1.0
ST04,2026-07-06,1,0,0,1,37.0,150.0,14.8,29.0,3,1.3333333333333333,1.6666666666666667,2.9166666666666665,1.0,2.0,0,0,0.25881904510252074,0.9659258262890683,0.0,1.0
ST04,2026-07-06,2,0,0,1,39.0,120.0,19.5,16.0,3,1.0,1.5,2.5833333333333335,1.0,2.0,0,0,0.49999999999999994,0.8660254037844387,0.0,1.0
ST04,2026-07-06,3,0,0,1,30.7,50.0,36.8,48.0,3,1.0,1.3333333333333333,2.3333333333333335,1.0,2.0,0,0,0.7071067811865476,0.7071067811865476,0.0,1.0
ST04,2026-07-06,4,0,0,2,29.45,22.0,80.30000000000001,21.5,3,1.3333333333333333,1.3333333333333333,2.1666666666666665,1.0,2.0,0,0,0.8660254037844386,0.5000000000000001,0.0,1.0
ST04,2026-07-06,5,0,0,1,22.8,50.0,27.4,38.0,3,1.3333333333333333,1.1666666666666667,1.9166666666666667,2.0,2.0,0,0,0.9659258262890683,0.25881904510252074,0.0,1.0
ST04,2026-07-06,6,0,0,1,22.4,22.0,61.1,35.0,3,1.3333333333333333,1.1666666666666667,1.6666666666666667,1.0,2.0,0,0,1.0,6.123233995736766e-17,0.0,1.0
ST04,2026-07-06,7,0,0,1,21.4,22.0,58.4,22.0,3,1.0,1.1666666666666667,1.4166666666666667,1.0,2.0,0,0,0.9659258262890683,-0.25881904510252063,0.0,1.0
ST04,2026-07-06,8,0,0,6,27.433333333333334,78.66666666666667,37.76666666666667,28.666666666666668,3,2.6666666666666665,2.0,1.75,1.0,2.0,1,0,0.8660254037844387,-0.4999999999999998,0.0,1.0
ST04,2026-07-06,9,0,0,6,29.25,91.66666666666667,22.46666666666667,29.0,3,4.333333333333333,2.8333333333333335,2.0833333333333335,6.0,2.0,1,0,0.7071067811865476,-0.7071067811865475,0.0,1.0
ST04,2026-07-06,10,0,0,5,35.4,80.4,49.0,31.0,3,5.666666666666667,3.3333333333333335,2.3333333333333335,6.0,5.0,1,0,0.49999999999999994,-0.8660254037844387,0.0,1.0
ST04,2026-07-06,11,0,0,3,25.766666666666666,47.333333333333336,40.9,37.333333333333336,3,4.666666666666667,3.6666666666666665,2.4166666666666665,5.0,5.0,0,0,0.258819045102521,-0.9659258262890682,0.0,1.0
ST04,2026-07-06,12,0,0,3,26.96666666666667,80.0,21.633333333333336,28.333333333333332,3,3.6666666666666665,4.0,2.5833333333333335,3.0,5.0,0,0,1.2246467991473532e-16,-1.0,0.0,1.0
ST04,2026-07-06,13,0,0,3,22.266666666666666,116.66666666666667,14.800000000000002,33.666666666666664,3,3.0,4.333333333333333,2.75,3.0,5.0,0,0,-0.2588190451025208,-0.9659258262890683,0.0,1.0
ST04,2026-07-06,14,0,0,3,49.96666666666667,110.0,31.166666666666668,17.666666666666668,3,3.0,3.8333333333333335,2.9166666666666665,3.0,5.0,0,0,-0.4999999999999997,-0.8660254037844388,0.0,1.0
ST04,2026-07-06,15,0,0,3,33.9,106.66666666666667,23.53333333333333,16.666666666666668,3,3.0,3.3333333333333335,3.0833333333333335,3.0,4.0,0,0,-0.7071067811865471,-0.7071067811865479,0.0,1.0
ST04,2026-07-06,16,0,0,3,38.46666666666667,74.0,54.86666666666667,28.0,3,3.0,3.0,3.1666666666666665,3.0,4.0,0,0,-0.8660254037844385,-0.5000000000000004,0.0,1.0
ST04,2026-07-06,17,0,0,6,31.48333333333333,92.0,31.316666666666666,27.666666666666668,3,4.0,3.5,3.5833333333333335,3.0,4.0,0,1,-0.9659258262890683,-0.25881904510252063,0.0,1.0
ST04,2026-07-06,18,0,0,6,37.300000000000004,103.66666666666667,34.516666666666666,29.333333333333332,3,5.0,4.0,4.0,6.0,4.0,0,1,-1.0,-1.8369701987210297e-16,0.0,1.0
ST04,2026-07-06,19,0,0,6,25.616666666666664,61.0,40.96666666666667,35.666666666666664,3,6.0,4.5,4.416666666666667,6.0,4.0,0,1,-0.9659258262890684,0.2588190451025203,0.0,1.0
ST04,2026-07-06,20,0,0,6,28.399999999999995,59.666666666666664,59.31666666666666,31.5,3,6.0,5.0,4.416666666666667,6.0,2.0,0,1,-0.8660254037844386,0.5000000000000001,0.0,1.0
ST04,2026-07-06,21,0,0,2,23.75,41.0,37.55,36.5,3,4.666666666666667,4.833333333333333,4.083333333333333,6.0,2.0,0,0,-0.7071067811865477,0.7071067811865474,0.0,1.0
ST04,2026-07-06,22,0,0,2,36.5,120.0,18.25,25.0,3,3.3333333333333335,4.666666666666667,3.8333333333333335,2.0,2.0,0,0,-0.5000000000000004,0.8660254037844384,0.0,1.0
ST04,2026-07-06,23,0,0,1,14.8,22.0,40.4,50.0,3,1.6666666666666667,3.8333333333333335,3.6666666666666665,2.0,2.0,0,0,-0.25881904510252157,0.9659258262890681,0.0,1.0
ST04,2026-07-07,0,1,0,1,45.7,150.0,18.3,34.0,3,1.3333333333333333,3.0,3.5,1.0,1.0,0,0,0.0,1.0,0.7818314824680298,0.6234898018587336
ST04,2026-07-07,1,1,0,1,34.5,120.0,17.2,17.0,3,1.0,2.1666666666666665,3.3333333333333335,1.0,1.0,0,0,0.25881904510252074,0.9659258262890683,0.7818314824680298,0.6234898018587336
ST04,2026-07-07,2,1,0,1,25.6,60.0,25.6,19.0,3,1.0,1.3333333333333333,3.1666666666666665,1.0,1.0,0,0,0.49999999999999994,0.8660254037844387,0.7818314824680298,0.6234898018587336
ST04,2026-07-07,3,1,0,1,48.6,120.0,24.3,13.0,3,1.0,1.1666666666666667,3.0,1.0,1.0,0,0,0.7071067811865476,0.7071067811865476,0.7818314824680298,0.6234898018587336
ST04,2026-07-07,4,1,0,1,15.1,150.0,6.0,39.0,3,1.0,1.0,2.8333333333333335,1.0,2.0,0,0,0.8660254037844386,0.5000000000000001,0.7818314824680298,0.6234898018587336
ST04,2026-07-07,5,1,0,2,29.700000000000003,85.0,22.5,33.5,3,1.3333333333333333,1.1666666666666667,2.5,1.0,1.0,0,0,0.9659258262890683,0.25881904510252074,0.7818314824680298,0.6234898018587336
ST04,2026-07-07,6,1,0,2,30.35,100.0,23.4,23.5,3,1.6666666666666667,1.3333333333333333,2.1666666666666665,2.0,1.0,0,0,1.0,6.123233995736766e-17,0.7818314824680298,0.6234898018587336
ST04,2026-07-07,7,1,0,2,29.450000000000003,71.0,42.25,30.5,3,2.0,1.5,1.8333333333333333,2.0,1.0,0,0,0.9659258262890683,-0.25881904510252063,0.7818314824680298,0.6234898018587336
ST04,2026-07-07,8,1,0,5,33.78,100.0,25.78,25.4,3,3.0,2.1666666666666665,1.75,2.0,6.0,1,0,0.8660254037844387,-0.4999999999999998,0.7818314824680298,0.6234898018587336
ST04,2026-07-07,9,1,0,6,32.333333333333336,63.666666666666664,41.61666666666667,27.333333333333332,3,4.333333333333333,3.0,2.0833333333333335,5.0,6.0,1,0,0.7071067811865476,-0.7071067811865475,0.7818314824680298,0.6234898018587336
ST04,2026-07-07,10,1,0,5,32.78,68.4,39.260000000000005,28.8,3,5.333333333333333,3.6666666666666665,2.3333333333333335,6.0,5.0,1,0,0.49999999999999994,-0.8660254037844387,0.7818314824680298,0.6234898018587336
ST04,2026-07-07,11,1,0,3,29.366666666666664,73.33333333333333,27.5,38.666666666666664,3,4.666666666666667,3.8333333333333335,2.5,5.0,3.0,0,0,0.258819045102521,-0.9659258262890682,0.7818314824680298,0.6234898018587336
ST04,2026-07-07,12,1,0,4,30.224999999999998,105.0,22.375,28.0,3,4.0,4.166666666666667,2.75,3.0,3.0,0,0,1.2246467991473532e-16,-1.0,0.7818314824680298,0.6234898018587336
ST04,2026-07-07,13,1,0,3,34.0,64.0,47.166666666666664,29.333333333333332,3,3.3333333333333335,4.333333333333333,2.9166666666666665,4.0,3.0,0,0,-0.2588190451025208,-0.9659258262890683,0.7818314824680298,0.6234898018587336
ST04,2026-07-07,14,1,0,3,49.5,77.33333333333333,70.36666666666666,15.0,3,3.3333333333333335,4.0,3.0833333333333335,3.0,3.0,0,0,-0.4999999999999997,-0.8660254037844388,0.7818314824680298,0.6234898018587336
ST04,2026-07-07,15,1,0,4,30.25,95.5,39.25,33.75,3,3.3333333333333335,3.6666666666666665,3.3333333333333335,3.0,3.0,0,0,-0.7071067811865471,-0.7071067811865479,0.7818314824680298,0.6234898018587336
ST04,2026-07-07,16,1,0,4,26.575000000000003,135.0,11.775,23.75,3,3.6666666666666665,3.5,3.5833333333333335,4.0,3.0,0,0,-0.8660254037844385,-0.5000000000000004,0.7818314824680298,0.6234898018587336
ST04,2026-07-07,17,1,0,6,36.61666666666667,80.66666666666667,49.666666666666664,28.833333333333332,3,4.666666666666667,4.0,3.9166666666666665,4.0,6.0,0,1,-0.9659258262890683,-0.25881904510252063,0.7818314824680298,0.6234898018587336
ST04,2026-07-07,18,1,0,6,31.566666666666663,82.33333333333333,48.68333333333334,26.0,3,5.333333333333333,4.333333333333333,4.25,6.0,6.0,0,1,-1.0,-1.8369701987210297e-16,0.7818314824680298,0.6234898018587336
ST04,2026-07-07,19,1,0,6,34.06666666666667,86.66666666666667,29.8,29.333333333333332,3,6.0,4.833333333333333,4.583333333333333,6.0,6.0,0,1,-0.9659258262890684,0.2588190451025203,0.7818314824680298,0.6234898018587336
ST04,2026-07-07,20,1,0,6,37.68333333333333,80.0,35.550000000000004,27.0,3,6.0,5.333333333333333,4.666666666666667,6.0,6.0,0,1,-0.8660254037844386,0.5000000000000001,0.7818314824680298,0.6234898018587336
ST04,2026-07-07,21,1,0,2,25.65,86.0,40.75,32.0,3,4.666666666666667,5.0,4.333333333333333,6.0,2.0,0,0,-0.7071067811865477,0.7071067811865474,0.7818314824680298,0.6234898018587336
ST04,2026-07-07,22,1,0,2,20.65,60.0,20.65,34.0,3,3.3333333333333335,4.666666666666667,4.083333333333333,2.0,2.0,0,0,-0.5000000000000004,0.8660254037844384,0.7818314824680298,0.6234898018587336
ST04,2026-07-07,23,1,0,1,35.2,150.0,14.1,35.0,3,1.6666666666666667,3.8333333333333335,3.9166666666666665,2.0,1.0,0,0,-0.25881904510252157,0.9659258262890681,0.7818314824680298,0.6234898018587336
ST04,2026-07-08,0,2,0,1,13.3,150.0,5.3,45.0,3,1.3333333333333333,3.0,3.6666666666666665,1.0,1.0,0,0,0.0,1.0,0.9749279121818236,-0.22252093395631434
ST04,2026-07-08,1,2,0,2,26.049999999999997,135.0,11.55,40.5,3,1.3333333333333333,2.3333333333333335,3.5833333333333335,1.0,1.0,0,0,0.25881904510252074,0.9659258262890683,0.9749279121818236,-0.22252093395631434
ST04,2026-07-08,2,2,0,2,17.35,41.0,29.0,37.5,3,1.6666666666666667,1.6666666666666667,3.5,2.0,1.0,0,0,0.49999999999999994,0.8660254037844387,0.9749279121818236,-0.22252093395631434
ST04,2026-07-08,3,2,0,1,37.1,120.0,18.6,29.0,3,1.6666666666666667,1.5,3.25,2.0,1.0,0,0,0.7071067811865476,0.7071067811865476,0.9749279121818236,-0.22252093395631434
ST04,2026-07-08,4,2,0,1,32.6,50.0,39.1,29.0,3,1.3333333333333333,1.3333333333333333,3.0,1.0,1.0,0,0,0.8660254037844386,0.5000000000000001,0.9749279121818236,-0.22252093395631434
ST04,2026-07-08,5,2,0,2,34.7,150.0,13.899999999999999,28.0,3,1.3333333333333333,1.5,2.6666666666666665,1.0,2.0,0,0,0.9659258262890683,0.25881904510252074,0.9749279121818236,-0.22252093395631434
ST04,2026-07-08,6,2,0,1,39.3,120.0,19.6,18.0,3,1.3333333333333333,1.5,2.25,2.0,2.0,0,0,1.0,6.123233995736766e-17,0.9749279121818236,-0.22252093395631434
ST04,2026-07-08,7,2,0,2,40.35,50.0,48.4,19.5,3,1.6666666666666667,1.5,1.9166666666666667,1.0,2.0,0,0,0.9659258262890683,-0.25881904510252063,0.9749279121818236,-0.22252093395631434
ST04,2026-07-08,8,2,0,5,38.62,100.4,32.94,28.8,3,2.6666666666666665,2.0,1.8333333333333333,2.0,5.0,1,0,0.8660254037844387,-0.4999999999999998,0.9749279121818236,-0.22252093395631434
ST04,2026-07-08,9,2,0,5,24.44,47.2,50.86,38.4,3,4.0,2.6666666666666665,2.0833333333333335,5.0,6.0,1,0,0.7071067811865476,-0.7071067811865475,0.9749279121818236,-0.22252093395631434
ST04,2026-07-08,10,2,0,5,37.92,48.4,52.239999999999995,30.4,3,5.0,3.3333333333333335,2.3333333333333335,5.0,5.0,1,0,0.49999999999999994,-0.8660254037844387,0.9749279121818236,-0.22252093395631434
ST04,2026-07-08,11,2,0,3,27.2,106.66666666666667,18.466666666666665,28.666666666666668,3,4.333333333333333,3.5,2.5,5.0,3.0,0,0,0.258819045102521,-0.9659258262890682,0.9749279121818236,-0.22252093395631434
ST04,2026-07-08,12,2,0,3,26.099999999999998,110.0,14.700000000000001,27.666666666666668,3,3.6666666666666665,3.8333333333333335,2.6666666666666665,3.0,4.0,0,0,1.2246467991473532e-16,-1.0,0.9749279121818236,-0.22252093395631434
ST04,2026-07-08,13,2,0,3,28.633333333333336,74.0,35.666666666666664,32.666666666666664,3,3.0,4.0,2.75,3.0,3.0,0,0,-0.2588190451025208,-0.9659258262890683,0.9749279121818236,-0.22252093395631434
ST04,2026-07-08,14,2,0,4,29.525,63.0,36.849999999999994,35.0,3,3.3333333333333335,3.8333333333333335,2.9166666666666665,3.0,3.0,0,0,-0.4999999999999997,-0.8660254037844388,0.9749279121818236,-0.22252093395631434
ST04,2026-07-08,15,2,0,4,33.7,112.5,18.3,27.5,3,3.6666666666666665,3.6666666666666665,3.1666666666666665,4.0,4.0,0,0,-0.7071067811865471,-0.7071067811865479,0.9749279121818236,-0.22252093395631434
ST04,2026-07-08,16,2,0,3,35.36666666666667,107.33333333333333,27.666666666666668,22.0,3,3.6666666666666665,3.3333333333333335,3.3333333333333335,4.0,4.0,0,0,-0.8660254037844385,-0.5000000000000004,0.9749279121818236,-0.22252093395631434
ST04,2026-07-08,17,2,0,6,30.599999999999998,115.0,18.466666666666665,27.666666666666668,3,4.333333333333333,3.8333333333333335,3.6666666666666665,3.0,6.0,0,1,-0.9659258262890683,-0.25881904510252063,0.9749279121818236,-0.22252093395631434
ST04,2026-07-08,18,2,0,6,35.85,77.0,39.199999999999996,30.5,3,5.0,4.333333333333333,4.083333333333333,6.0,6.0,0,1,-1.0,-1.8369701987210297e-16,0.9749279121818236,-0.22252093395631434
ST04,2026-07-08,19,2,0,6,30.900000000000002,80.0,29.433333333333334,25.833333333333332,3,6.0,4.833333333333333,4.416666666666667,6.0,6.0,0,1,-0.9659258262890684,0.2588190451025203,0.9749279121818236,-0.22252093395631434
ST04,2026-07-08,20,2,0,6,28.883333333333336,70.66666666666667,40.06666666666667,25.833333333333332,3,6.0,5.166666666666667,4.5,6.0,6.0,0,1,-0.8660254037844386,0.5000000000000001,0.9749279121818236,-0.22252093395631434
ST04,2026-07-08,21,2,0,1,36.3,150.0,14.5,15.0,3,4.333333333333333,4.666666666666667,4.166666666666667,6.0,2.0,0,0,-0.7071067811865477,0.7071067811865474,0.9749279121818236,-0.22252093395631434
ST04,2026-07-08,22,2,0,1,25.7,120.0,12.8,45.0,3,2.6666666666666665,4.333333333333333,3.8333333333333335,1.0,2.0,0,0,-0.5000000000000004,0.8660254037844384,0.9749279121818236,-0.22252093395631434
ST04,2026-07-08,23,2,0,2,30.9,100.0,24.15,36.0,3,1.3333333333333333,3.6666666666666665,3.75,1.0,1.0,0,0,-0.25881904510252157,0.9659258262890681,0.9749279121818236,-0.22252093395631434
ST04,2026-07-09,0,3,0,1,22.3,50.0,26.8,25.0,3,1.3333333333333333,2.8333333333333335,3.5833333333333335,2.0,1.0,0,0,0.0,1.0,0.43388373911755823,-0.900968867902419
ST04,2026-07-09,1,3,0,1,15.4,22.0,42.0,49.0,3,1.3333333333333333,2.0,3.4166666666666665,1.0,2.0,0,0,0.25881904510252074,0.9659258262890683,0.43388373911755823,-0.900968867902419
ST04,2026-07-09,2,3,0,1,20.0,50.0,24.0,38.0,3,1.0,1.1666666666666667,3.1666666666666665,1.0,2.0,0,0,0.49999999999999994,0.8660254037844387,0.43388373911755823,-0.900968867902419
ST04,2026-07-09,3,3,0,1,32.7,120.0,16.4,29.0,3,1.0,1.1666666666666667,2.9166666666666665,1.0,1.0,0,0,0.7071067811865476,0.7071067811865476,0.43388373911755823,-0.900968867902419
ST04,2026-07-09,4,3,0,2,40.2,22.0,109.65,15.5,3,1.3333333333333333,1.3333333333333333,2.8333333333333335,1.0,1.0,0,0,0.8660254037844386,0.5000000000000001,0.43388373911755823,-0.900968867902419
ST04,2026-07-09,5,3,0,1,16.4,22.0,44.7,50.0,3,1.3333333333333333,1.1666666666666667,2.4166666666666665,2.0,2.0,0,0,0.9659258262890683,0.25881904510252074,0.43388373911755823,-0.900968867902419
ST04,2026-07-09,6,3,0,1,36.0,60.0,36.0,24.0,3,1.3333333333333333,1.1666666666666667,2.0,1.0,1.0,0,0,1.0,6.123233995736766e-17,0.43388373911755823,-0.900968867902419
ST04,2026-07-09,7,3,0,1,49.5,22.0,135.0,26.0,3,1.0,1.1666666666666667,1.5833333333333333,1.0,2.0,0,0,0.9659258262890683,-0.25881904510252063,0.43388373911755823,-0.900968867902419
ST04,2026-07-09,8,3,0,5,39.839999999999996,86.0,33.6,19.8,3,2.3333333333333335,1.8333333333333333,1.5,1.0,5.0,1,0,0.8660254037844387,-0.4999999999999998,0.43388373911755823,-0.900968867902419
ST04,2026-07-09,9,3,0,5,26.939999999999998,53.2,52.160000000000004,29.8,3,3.6666666666666665,2.5,1.8333333333333333,5.0,5.0,1,0,0.7071067811865476,-0.7071067811865475,0.43388373911755823,-0.900968867902419
ST04,2026-07-09,10,3,0,5,35.78,76.4,43.4,22.6,3,5.0,3.0,2.1666666666666665,5.0,5.0,1,0,0.49999999999999994,-0.8660254037844387,0.43388373911755823,-0.900968867902419
ST04,2026-07-09,11,3,0,4,24.725,95.0,18.025,30.5,3,4.666666666666667,3.5,2.3333333333333335,5.0,3.0,0,0,0.258819045102521,-0.9659258262890682,0.43388373911755823,-0.900968867902419
ST04,2026-07-09,12,3,0,4,36.15,95.0,29.85,22.5,3,4.333333333333333,4.0,2.5833333333333335,4.0,3.0,0,0,1.2246467991473532e-16,-1.0,0.43388373911755823,-0.900968867902419
ST04,2026-07-09,13,3,0,3,28.933333333333334,120.0,18.966666666666665,32.0,3,3.6666666666666665,4.333333333333333,2.75,4.0,3.0,0,0,-0.2588190451025208,-0.9659258262890683,0.43388373911755823,-0.900968867902419
ST04,2026-07-09,14,3,0,4,26.775,110.0,14.8,36.25,3,3.6666666666666665,4.166666666666667,3.0,3.0,4.0,0,0,-0.4999999999999997,-0.8660254037844388,0.43388373911755823,-0.900968867902419
ST04,2026-07-09,15,3,0,4,39.725,29.0,97.7,22.75,3,3.6666666666666665,4.0,3.25,4.0,4.0,0,0,-0.7071067811865471,-0.7071067811865479,0.43388373911755823,-0.900968867902419
ST04,2026-07-09,16,3,0,4,28.45,70.0,28.1,28.5,3,4.0,3.8333333333333335,3.4166666666666665,4.0,3.0,0,0,-0.8660254037844385,-0.5000000000000004,0.43388373911755823,-0.900968867902419
ST04,2026-07-09,17,3,0,6,29.78333333333333,82.33333333333333,44.849999999999994,32.0,3,4.666666666666667,4.166666666666667,3.8333333333333335,4.0,6.0,0,1,-0.9659258262890683,-0.25881904510252063,0.43388373911755823,-0.900968867902419
ST04,2026-07-09,18,3,0,6,27.683333333333334,78.33333333333333,24.066666666666666,30.333333333333332,3,5.333333333333333,4.5,4.25,6.0,6.0,0,1,-1.0,-1.8369701987210297e-16,0.43388373911755823,-0.900968867902419
ST04,2026-07-09,19,3,0,6,36.0,65.33333333333333,45.06666666666666,27.666666666666668,3,6.0,5.0,4.666666666666667,6.0,6.0,0,1,-0.9659258262890684,0.2588190451025203,0.43388373911755823,-0.900968867902419
ST04,2026-07-09,20,3,0,6,25.25,78.66666666666667,25.933333333333337,32.666666666666664,3,6.0,5.333333333333333,4.75,6.0,6.0,0,1,-0.8660254037844386,0.5000000000000001,0.43388373911755823,-0.900968867902419
ST04,2026-07-09,21,3,0,1,36.9,22.0,100.6,22.0,3,4.333333333333333,4.833333333333333,4.416666666666667,6.0,1.0,0,0,-0.7071067811865477,0.7071067811865474,0.43388373911755823,-0.900968867902419
ST04,2026-07-09,22,3,0,1,38.3,120.0,19.1,15.0,3,2.6666666666666665,4.333333333333333,4.083333333333333,1.0,1.0,0,0,-0.5000000000000004,0.8660254037844384,0.43388373911755823,-0.900968867902419
ST04,2026-07-09,23,3,0,2,21.700000000000003,135.0,10.0,44.0,3,1.3333333333333333,3.6666666666666665,3.9166666666666665,1.0,2.0,0,0,-0.25881904510252157,0.9659258262890681,0.43388373911755823,-0.900968867902419
ST04,2026-07-10,0,4,0,2,45.95,85.0,39.45,21.5,3,1.6666666666666667,3.0,3.75,2.0,1.0,0,0,0.0,1.0,-0.433883739117558,-0.9009688679024191
ST04,2026-07-10,1,4,0,1,22.5,22.0,61.4,42.0,3,1.6666666666666667,2.1666666666666665,3.5833333333333335,2.0,1.0,0,0,0.25881904510252074,0.9659258262890683,-0.433883739117558,-0.9009688679024191
ST04,2026-07-10,2,4,0,2,43.349999999999994,60.0,43.349999999999994,19.0,3,1.6666666666666667,1.5,3.4166666666666665,1.0,1.0,0,0,0.49999999999999994,0.8660254037844387,-0.433883739117558,-0.9009688679024191
ST04,2026-07-10,3,4,0,1,37.8,150.0,15.1,32.0,3,1.3333333333333333,1.5,3.1666666666666665,2.0,1.0,0,0,0.7071067811865476,0.7071067811865476,-0.433883739117558,-0.9009688679024191
ST04,2026-07-10,4,4,0,2,32.7,135.0,14.8,29.0,3,1.6666666666666667,1.6666666666666667,3.0,1.0,2.0,0,0,0.8660254037844386,0.5000000000000001,-0.433883739117558,-0.9009688679024191
ST04,2026-07-10,5,4,0,1,37.6,22.0,102.5,17.0,3,1.3333333333333333,1.5,2.5833333333333335,2.0,1.0,0,0,0.9659258262890683,0.25881904510252074,-0.433883739117558,-0.9009688679024191
ST04,2026-07-10,6,4,0,2,46.650000000000006,22.0,127.25,27.0,3,1.6666666666666667,1.5,2.25,1.0,1.0,0,0,1.0,6.123233995736766e-17,-0.433883739117558,-0.9009688679024191
ST04,2026-07-10,7,4,0,1,26.8,22.0,73.1,34.0,3,1.3333333333333333,1.5,1.8333333333333333,2.0,1.0,0,0,0.9659258262890683,-0.25881904510252063,-0.433883739117558,-0.9009688679024191
ST04,2026-07-10,8,4,0,6,32.983333333333334,75.33333333333333,40.0,28.833333333333332,3,3.0,2.1666666666666665,1.8333333333333333,1.0,5.0,1,0,0.8660254037844387,-0.4999999999999998,-0.433883739117558,-0.9009688679024191
ST04,2026-07-10,9,4,0,5,37.660000000000004,106.4,34.88,27.6,3,4.0,2.8333333333333335,2.1666666666666665,6.0,5.0,1,0,0.7071067811865476,-0.7071067811865475,-0.433883739117558,-0.9009688679024191
ST04,2026-07-10,10,4,0,5,28.5,102.0,20.580000000000002,35.6,3,5.333333333333333,3.3333333333333335,2.5,5.0,5.0,1,0,0.49999999999999994,-0.8660254037844387,-0.433883739117558,-0.9009688679024191
ST04,2026-07-10,11,4,0,4,33.45,78.5,48.199999999999996,31.75,3,4.666666666666667,3.8333333333333335,2.6666666666666665,5.0,4.0,0,0,0.258819045102521,-0.9659258262890682,-0.433883739117558,-0.9009688679024191
ST04,2026-07-10,12,4,0,3,22.166666666666668,76.66666666666667,20.099999999999998,42.333333333333336,3,4.0,4.0,2.75,4.0,4.0,0,0,1.2246467991473532e-16,-1.0,-0.433883739117558,-0.9009688679024191
ST04,2026-07-10,13,4,0,3,28.433333333333334,76.66666666666667,24.96666666666667,30.666666666666668,3,3.3333333333333335,4.333333333333333,2.9166666666666665,3.0,3.0,0,0,-0.2588190451025208,-0.9659258262890683,-0.433883739117558,-0.9009688679024191
ST04,2026-07-10,14,4,0,3,39.5,90.0,32.36666666666667,17.333333333333332,3,3.0,3.8333333333333335,3.0,3.0,4.0,0,0,-0.4999999999999997,-0.8660254037844388,-0.433883739117558,-0.9009688679024191
ST04,2026-07-10,15,4,0,3,23.3,74.0,31.166666666666668,37.0,3,3.0,3.5,3.1666666666666665,3.0,4.0,0,0,-0.7071067811865471,-0.7071067811865479,-0.433883739117558,-0.9009688679024191
ST04,2026-07-10,16,4,0,3,37.333333333333336,76.66666666666667,33.699999999999996,24.666666666666668,3,3.0,3.1666666666666665,3.25,3.0,4.0,0,0,-0.8660254037844385,-0.5000000000000004,-0.433883739117558,-0.9009688679024191
ST04,2026-07-10,17,4,0,6,30.3,87.0,28.683333333333334,24.5,3,4.0,3.5,3.6666666666666665,3.0,6.0,0,1,-0.9659258262890683,-0.25881904510252063,-0.433883739117558,-0.9009688679024191
ST04,2026-07-10,18,4,0,6,28.900000000000002,90.66666666666667,39.86666666666667,27.833333333333332,3,5.0,4.0,4.0,6.0,6.0,0,1,-1.0,-1.8369701987210297e-16,-0.433883739117558,-0.9009688679024191
ST04,2026-07-10,19,4,0,6,38.73333333333333,96.66666666666667,30.483333333333334,24.833333333333332,3,6.0,4.5,4.416666666666667,6.0,6.0,0,1,-0.9659258262890684,0.2588190451025203,-0.433883739117558,-0.9009688679024191
ST04,2026-07-10,20,4,0,6,30.516666666666666,74.0,45.06666666666666,34.0,3,6.0,5.0,4.416666666666667,6.0,6.0,0,1,-0.8660254037844386,0.5000000000000001,-0.433883739117558,-0.9009688679024191
ST04,2026-07-10,21,4,0,1,31.7,22.0,86.5,31.0,3,4.333333333333333,4.666666666666667,4.083333333333333,6.0,1.0,0,0,-0.7071067811865477,0.7071067811865474,-0.433883739117558,-0.9009688679024191
ST04,2026-07-10,22,4,0,2,34.15,55.0,38.45,23.5,3,3.0,4.5,3.8333333333333335,1.0,1.0,0,0,-0.5000000000000004,0.8660254037844384,-0.433883739117558,-0.9009688679024191
ST04,2026-07-10,23,4,0,1,22.4,120.0,11.2,46.0,3,1.3333333333333333,3.6666666666666665,3.5833333333333335,2.0,2.0,0,0,-0.25881904510252157,0.9659258262890681,-0.433883739117558,-0.9009688679024191
ST04,2026-07-11,0,5,1,2,23.55,22.0,64.25,43.0,3,1.6666666666666667,3.0,3.5,1.0,2.0,0,0,0.0,1.0,-0.9749279121818236,-0.2225209339563146
ST04,2026-07-11,1,5,1,2,37.1,105.0,23.9,23.5,3,1.6666666666666667,2.3333333333333335,3.4166666666666665,2.0,1.0,0,0,0.25881904510252074,0.9659258262890683,-0.9749279121818236,-0.2225209339563146
ST04,2026-07-11,2,5,1,2,30.95,85.0,27.7,34.5,3,2.0,1.6666666666666667,3.3333333333333335,2.0,2.0,0,0,0.49999999999999994,0.8660254037844387,-0.9749279121818236,-0.2225209339563146
ST04,2026-07-11,3,5,1,2,25.75,90.0,19.9,25.0,3,2.0,1.8333333333333333,3.25,2.0,1.0,0,0,0.7071067811865476,0.7071067811865476,-0.9749279121818236,-0.2225209339563146
ST04,2026-07-11,4,5,1,2,36.95,105.0,24.450000000000003,30.5,3,2.0,1.8333333333333333,3.1666666666666665,2.0,2.0,0,0,0.8660254037844386,0.5000000000000001,-0.9749279121818236,-0.2225209339563146
ST04,2026-07-11,5,5,1,2,21.1,105.0,15.85,36.0,3,2.0,2.0,2.8333333333333335,2.0,1.0,0,0,0.9659258262890683,0.25881904510252074,-0.9749279121818236,-0.2225209339563146
ST04,2026-07-11,6,5,1,2,36.85,41.0,81.65,30.5,3,2.0,2.0,2.5,2.0,2.0,0,0,1.0,6.123233995736766e-17,-0.9749279121818236,-0.2225209339563146
ST04,2026-07-11,7,5,1,2,33.35,36.0,66.75,22.0,3,2.0,2.0,2.1666666666666665,2.0,1.0,0,0,0.9659258262890683,-0.25881904510252063,-0.9749279121818236,-0.2225209339563146
ST04,2026-07-11,8,5,1,2,27.8,50.0,33.35,35.5,3,2.0,2.0,1.8333333333333333,2.0,6.0,1,0,0.8660254037844387,-0.4999999999999998,-0.9749279121818236,-0.2225209339563146
ST04,2026-07-11,9,5,1,2,21.7,36.0,38.25,44.5,3,2.0,2.0,1.9166666666666667,2.0,5.0,1,0,0.7071067811865476,-0.7071067811865475,-0.9749279121818236,-0.2225209339563146
ST04,2026-07-11,10,5,1,5,37.28,78.4,46.4,28.4,3,3.0,2.5,2.1666666666666665,2.0,5.0,1,0,0.49999999999999994,-0.8660254037844387,-0.9749279121818236,-0.2225209339563146
ST04,2026-07-11,11,5,1,5,30.26,88.4,28.48,28.6,3,4.0,3.0,2.5,5.0,4.0,0,0,0.258819045102521,-0.9659258262890682,-0.9749279121818236,-0.2225209339563146
ST04,2026-07-11,12,5,1,4,29.075,86.0,48.05,36.0,3,4.666666666666667,3.3333333333333335,2.6666666666666665,5.0,3.0,0,0,1.2246467991473532e-16,-1.0,-0.9749279121818236,-0.2225209339563146
ST04,2026-07-11,13,5,1,5,27.24,108.0,18.259999999999998,34.4,3,4.666666666666667,3.8333333333333335,2.9166666666666665,4.0,3.0,0,0,-0.2588190451025208,-0.9659258262890683,-0.9749279121818236,-0.2225209339563146
ST04,2026-07-11,14,5,1,5,39.56,72.8,66.86,26.4,3,4.666666666666667,4.333333333333333,3.1666666666666665,5.0,3.0,0,0,-0.4999999999999997,-0.8660254037844388,-0.9749279121818236,-0.2225209339563146
ST04,2026-07-11,15,5,1,4,44.15,57.5,46.325,24.75,3,4.666666666666667,4.666666666666667,3.3333333333333335,5.0,3.0,0,0,-0.7071067811865471,-0.7071067811865479,-0.9749279121818236,-0.2225209339563146
ST04,2026-07-11,16,5,1,4,37.725,73.0,57.525000000000006,23.75,3,4.333333333333333,4.5,3.5,4.0,3.0,0,0,-0.8660254037844385,-0.5000000000000004,-0.9749279121818236,-0.2225209339563146
ST04,2026-07-11,17,5,1,4,26.925,95.0,18.825,36.5,3,4.0,4.333333333333333,3.6666666666666665,4.0,6.0,0,1,-0.9659258262890683,-0.25881904510252063,-0.9749279121818236,-0.2225209339563146
ST04,2026-07-11,18,5,1,4,30.125,50.5,48.475,30.25,3,4.0,4.333333333333333,3.8333333333333335,4.0,6.0,0,1,-1.0,-1.8369701987210297e-16,-0.9749279121818236,-0.2225209339563146
ST04,2026-07-11,19,5,1,4,29.75,70.0,28.775,27.5,3,4.0,4.166666666666667,4.0,4.0,6.0,0,1,-0.9659258262890684,0.2588190451025203,-0.9749279121818236,-0.2225209339563146
ST04,2026-07-11,20,5,1,2,40.900000000000006,100.0,31.0,31.0,3,3.3333333333333335,3.6666666666666665,4.0,4.0,6.0,0,1,-0.8660254037844386,0.5000000000000001,-0.9749279121818236,-0.2225209339563146
ST04,2026-07-11,21,5,1,2,24.6,105.0,18.35,36.0,3,2.6666666666666665,3.3333333333333335,4.0,2.0,1.0,0,0,-0.7071067811865477,0.7071067811865474,-0.9749279121818236,-0.2225209339563146
ST04,2026-07-11,22,5,1,2,41.55,71.0,81.55,30.5,3,2.0,3.0,3.75,2.0,2.0,0,0,-0.5000000000000004,0.8660254037844384,-0.9749279121818236,-0.2225209339563146
ST04,2026-07-11,23,5,1,2,34.7,55.0,38.05,33.0,3,2.0,2.6666666666666665,3.5,2.0,1.0,0,0,-0.25881904510252157,0.9659258262890681,-0.9749279121818236,-0.2225209339563146
ST04,2026-07-12,0,6,1,2,25.15,71.0,34.05,35.0,3,2.0,2.3333333333333335,3.3333333333333335,2.0,2.0,0,0,0.0,1.0,-0.7818314824680299,0.6234898018587334
ST04,2026-07-12,1,6,1,2,37.650000000000006,36.0,70.5,31.5,3,2.0,2.0,3.0833333333333335,2.0,2.0,0,0,0.25881904510252074,0.9659258262890683,-0.7818314824680299,0.6234898018587334
ST04,2026-07-12,2,6,1,2,41.099999999999994,55.0,44.75,21.5,3,2.0,2.0,2.8333333333333335,2.0,2.0,0,0,0.49999999999999994,0.8660254037844387,-0.7818314824680299,0.6234898018587334
ST04,2026-07-12,3,6,1,2,27.65,90.0,23.6,35.5,3,2.0,2.0,2.6666666666666665,2.0,2.0,0,0,0.7071067811865476,0.7071067811865476,-0.7818314824680299,0.6234898018587334
ST04,2026-07-12,4,6,1,2,28.200000000000003,55.0,31.150000000000002,32.5,3,2.0,2.0,2.5,2.0,2.0,0,0,0.8660254037844386,0.5000000000000001,-0.7818314824680299,0.6234898018587334
ST04,2026-07-12,5,6,1,2,26.65,105.0,19.35,38.5,3,2.0,2.0,2.3333333333333335,2.0,2.0,0,0,0.9659258262890683,0.25881904510252074,-0.7818314824680299,0.6234898018587334
ST04,2026-07-12,6,6,1,2,21.75,71.0,36.949999999999996,44.0,3,2.0,2.0,2.1666666666666665,2.0,2.0,0,0,1.0,6.123233995736766e-17,-0.7818314824680299,0.6234898018587334
ST04,2026-07-12,7,6,1,2,27.35,150.0,10.95,44.5,3,2.0,2.0,2.0,2.0,2.0,0,0,0.9659258262890683,-0.25881904510252063,-0.7818314824680299,0.6234898018587334
ST04,2026-07-12,8,6,1,2,34.3,55.0,37.25,18.0,3,2.0,2.0,2.0,2.0,2.0,1,0,0.8660254037844387,-0.4999999999999998,-0.7818314824680299,0.6234898018587334
ST04,2026-07-12,9,6,1,2,25.299999999999997,85.0,21.45,28.0,3,2.0,2.0,2.0,2.0,2.0,1,0,0.7071067811865476,-0.7071067811865475,-0.7818314824680299,0.6234898018587334
ST04,2026-07-12,10,6,1,5,25.5,74.4,36.64,37.8,3,3.0,2.5,2.25,2.0,5.0,1,0,0.49999999999999994,-0.8660254037844387,-0.7818314824680299,0.6234898018587334
ST04,2026-07-12,11,6,1,5,37.58,62.4,51.239999999999995,26.0,3,4.0,3.0,2.5,5.0,5.0,0,0,0.258819045102521,-0.9659258262890682,-0.7818314824680299,0.6234898018587334
ST04,2026-07-12,12,6,1,5,27.439999999999998,118.0,14.940000000000001,28.8,3,5.0,3.5,2.75,5.0,4.0,0,0,1.2246467991473532e-16,-1.0,-0.7818314824680299,0.6234898018587334
ST04,2026-07-12,13,6,1,4,29.5,70.0,28.125,32.0,3,4.666666666666667,3.8333333333333335,2.9166666666666665,5.0,5.0,0,0,-0.2588190451025208,-0.9659258262890683,-0.7818314824680299,0.6234898018587334
ST04,2026-07-12,14,6,1,4,35.35,63.0,51.225,32.25,3,4.333333333333333,4.166666666666667,3.0833333333333335,4.0,5.0,0,0,-0.4999999999999997,-0.8660254037844388,-0.7818314824680299,0.6234898018587334
ST04,2026-07-12,15,6,1,4,31.549999999999997,95.5,41.925,37.25,3,4.0,4.5,3.25,4.0,4.0,0,0,-0.7071067811865471,-0.7071067811865479,-0.7818314824680299,0.6234898018587334
ST04,2026-07-12,16,6,1,4,23.125,56.0,41.4,33.5,3,4.0,4.333333333333333,3.4166666666666665,4.0,4.0,0,0,-0.8660254037844385,-0.5000000000000004,-0.7818314824680299,0.6234898018587334
ST04,2026-07-12,17,6,1,4,30.825,90.0,21.75,21.5,3,4.0,4.166666666666667,3.5833333333333335,4.0,4.0,0,1,-0.9659258262890683,-0.25881904510252063,-0.7818314824680299,0.6234898018587334
ST04,2026-07-12,18,6,1,4,28.9,127.5,13.425,23.5,3,4.0,4.0,3.75,4.0,4.0,0,1,-1.0,-1.8369701987210297e-16,-0.7818314824680299,0.6234898018587334
ST04,2026-07-12,19,6,1,4,35.849999999999994,68.0,48.3,27.25,3,4.0,4.0,3.9166666666666665,4.0,4.0,0,1,-0.9659258262890684,0.2588190451025203,-0.7818314824680299,0.6234898018587334
ST04,2026-07-12,20,6,1,2,30.8,36.0,61.1,38.5,3,3.3333333333333335,3.6666666666666665,3.9166666666666665,4.0,2.0,0,1,-0.8660254037844386,0.5000000000000001,-0.7818314824680299,0.6234898018587334
ST04,2026-07-12,21,6,1,2,29.45,135.0,12.8,25.0,3,2.6666666666666665,3.3333333333333335,3.9166666666666665,2.0,2.0,0,0,-0.7071067811865477,0.7071067811865474,-0.7818314824680299,0.6234898018587334
ST04,2026-07-12,22,6,1,2,33.3,41.0,63.85,20.0,3,2.0,3.0,3.6666666666666665,2.0,2.0,0,0,-0.5000000000000004,0.8660254037844384,-0.7818314824680299,0.6234898018587334
ST04,2026-07-12,23,6,1,2,36.15,90.0,23.15,23.0,3,2.0,2.6666666666666665,3.4166666666666665,2.0,2.0,0,0,-0.25881904510252157,0.9659258262890681,-0.7818314824680299,0.6234898018587334
ST04,2026-07-13,0,0,0,1,29.7,150.0,11.9,28.0,3,1.6666666666666667,2.1666666666666665,3.0833333333333335,2.0,2.0,0,0,0.0,1.0,0.0,1.0
ST04,2026-07-13,1,0,0,2,40.45,60.0,40.45,23.0,3,1.6666666666666667,1.8333333333333333,2.9166666666666665,1.0,2.0,0,0,0.25881904510252074,0.9659258262890683,0.0,1.0
ST04,2026-07-13,2,0,0,1,49.9,50.0,59.9,28.0,3,1.3333333333333333,1.6666666666666667,2.6666666666666665,2.0,2.0,0,0,0.49999999999999994,0.8660254037844387,0.0,1.0
ST04,2026-07-13,3,0,0,1,27.9,120.0,13.9,17.0,3,1.3333333333333333,1.5,2.4166666666666665,1.0,2.0,0,0,0.7071067811865476,0.7071067811865476,0.0,1.0
ST04,2026-07-13,4,0,0,1,24.1,120.0,12.1,19.0,3,1.0,1.3333333333333333,2.1666666666666665,1.0,2.0,0,0,0.8660254037844386,0.5000000000000001,0.0,1.0
ST04,2026-07-13,5,0,0,2,43.05,71.0,60.849999999999994,17.0,3,1.3333333333333333,1.3333333333333333,2.0,1.0,2.0,0,0,0.9659258262890683,0.25881904510252074,0.0,1.0
ST04,2026-07-13,6,0,0,1,36.2,120.0,18.1,21.0,3,1.3333333333333333,1.3333333333333333,1.75,2.0,2.0,0,0,1.0,6.123233995736766e-17,0.0,1.0
ST04,2026-07-13,7,0,0,2,28.6,50.0,34.35,32.5,3,1.6666666666666667,1.3333333333333333,1.5833333333333333,1.0,2.0,0,0,0.9659258262890683,-0.25881904510252063,0.0,1.0
ST04,2026-07-13,8,0,0,5,32.14,80.8,50.339999999999996,27.6,3,2.6666666666666665,2.0,1.8333333333333333,2.0,2.0,1,0,0.8660254037844387,-0.4999999999999998,0.0,1.0
ST04,2026-07-13,9,0,0,5,22.660000000000004,78.0,20.9,34.2,3,4.0,2.6666666666666665,2.0833333333333335,5.0,2.0,1,0,0.7071067811865476,-0.7071067811865475,0.0,1.0
ST04,2026-07-13,10,0,0,5,29.660000000000004,52.8,53.4,34.4,3,5.0,3.3333333333333335,2.3333333333333335,5.0,5.0,1,0,0.49999999999999994,-0.8660254037844387,0.0,1.0
ST04,2026-07-13,11,0,0,4,22.375,88.0,27.525,45.5,3,4.666666666666667,3.6666666666666665,2.5,5.0,5.0,0,0,0.258819045102521,-0.9659258262890682,0.0,1.0
ST04,2026-07-13,12,0,0,4,22.65,92.5,16.775,41.25,3,4.333333333333333,4.166666666666667,2.75,4.0,5.0,0,0,1.2246467991473532e-16,-1.0,0.0,1.0
ST04,2026-07-13,13,0,0,4,24.9,52.5,28.674999999999997,41.5,3,4.0,4.5,2.9166666666666665,4.0,4.0,0,0,-0.2588190451025208,-0.9659258262890683,0.0,1.0
ST04,2026-07-13,14,0,0,4,31.875,117.5,18.875,30.75,3,4.0,4.333333333333333,3.1666666666666665,4.0,4.0,0,0,-0.4999999999999997,-0.8660254037844388,0.0,1.0
ST04,2026-07-13,15,0,0,4,33.725,52.5,39.2,31.0,3,4.0,4.166666666666667,3.4166666666666665,4.0,4.0,0,0,-0.7071067811865471,-0.7071067811865479,0.0,1.0
ST04,2026-07-13,16,0,0,3,28.433333333333334,44.0,46.26666666666667,28.666666666666668,3,3.6666666666666665,3.8333333333333335,3.5833333333333335,4.0,4.0,0,0,-0.8660254037844385,-0.5000000000000004,0.0,1.0
ST04,2026-07-13,17,0,0,6,24.71666666666667,125.0,13.016666666666666,35.333333333333336,3,4.333333333333333,4.166666666666667,3.9166666666666665,3.0,4.0,0,1,-0.9659258262890683,-0.25881904510252063,0.0,1.0
ST04,2026-07-13,18,0,0,6,34.36666666666667,93.33333333333333,27.05,32.0,3,5.0,4.5,4.333333333333333,6.0,4.0,0,1,-1.0,-1.8369701987210297e-16,0.0,1.0
ST04,2026-07-13,19,0,0,6,36.416666666666664,70.66666666666667,57.916666666666664,27.5,3,6.0,4.833333333333333,4.666666666666667,6.0,4.0,0,1,-0.9659258262890684,0.2588190451025203,0.0,1.0
ST04,2026-07-13,20,0,0,6,29.333333333333332,80.33333333333333,32.21666666666667,28.0,3,6.0,5.166666666666667,4.75,6.0,2.0,0,1,-0.8660254037844386,0.5000000000000001,0.0,1.0
ST04,2026-07-13,21,0,0,1,31.7,22.0,86.5,47.0,3,4.333333333333333,4.666666666666667,4.416666666666667,6.0,2.0,0,0,-0.7071067811865477,0.7071067811865474,0.0,1.0
ST04,2026-07-13,22,0,0,1,22.4,120.0,11.2,24.0,3,2.6666666666666665,4.333333333333333,4.083333333333333,1.0,2.0,0,0,-0.5000000000000004,0.8660254037844384,0.0,1.0
ST04,2026-07-13,23,0,0,1,55.2,150.0,22.1,25.0,3,1.0,3.5,3.8333333333333335,1.0,2.0,0,0,-0.25881904510252157,0.9659258262890681,0.0,1.0
ST04,2026-07-14,0,1,0,1,25.6,60.0,25.6,37.0,3,1.0,2.6666666666666665,3.5833333333333335,1.0,1.0,0,0,0.0,1.0,0.7818314824680298,0.6234898018587336
ST04,2026-07-14,1,1,0,2,36.5,60.0,36.5,24.5,3,1.3333333333333333,2.0,3.4166666666666665,1.0,2.0,0,0,0.25881904510252074,0.9659258262890683,0.7818314824680298,0.6234898018587336
ST04,2026-07-14,2,1,0,1,23.3,150.0,9.3,49.0,3,1.3333333333333333,1.1666666666666667,3.1666666666666665,2.0,1.0,0,0,0.49999999999999994,0.8660254037844387,0.7818314824680298,0.6234898018587336
ST04,2026-07-14,3,1,0,1,34.4,22.0,93.8,31.0,3,1.3333333333333333,1.1666666666666667,2.9166666666666665,1.0,1.0,0,0,0.7071067811865476,0.7071067811865476,0.7818314824680298,0.6234898018587336
ST04,2026-07-14,4,1,0,1,40.1,50.0,48.1,16.0,3,1.0,1.1666666666666667,2.75,1.0,1.0,0,0,0.8660254037844386,0.5000000000000001,0.7818314824680298,0.6234898018587336
ST04,2026-07-14,5,1,0,1,28.6,60.0,28.6,48.0,3,1.0,1.1666666666666667,2.3333333333333335,1.0,2.0,0,0,0.9659258262890683,0.25881904510252074,0.7818314824680298,0.6234898018587336
ST04,2026-07-14,6,1,0,1,48.3,120.0,24.1,12.0,3,1.0,1.1666666666666667,1.9166666666666667,1.0,1.0,0,0,1.0,6.123233995736766e-17,0.7818314824680298,0.6234898018587336
ST04,2026-07-14,7,1,0,1,50.6,120.0,25.3,16.0,3,1.0,1.0,1.5,1.0,2.0,0,0,0.9659258262890683,-0.25881904510252063,0.7818314824680298,0.6234898018587336
ST04,2026-07-14,8,1,0,5,28.32,52.8,44.68,30.2,3,2.3333333333333335,1.6666666666666667,1.4166666666666667,1.0,5.0,1,0,0.8660254037844387,-0.4999999999999998,0.7818314824680298,0.6234898018587336
ST04,2026-07-14,9,1,0,5,29.24,130.0,13.86,32.2,3,3.6666666666666665,2.3333333333333335,1.75,5.0,5.0,1,0,0.7071067811865476,-0.7071067811865475,0.7818314824680298,0.6234898018587336
ST04,2026-07-14,10,1,0,5,36.660000000000004,46.4,52.92,31.8,3,5.0,3.0,2.0833333333333335,5.0,5.0,1,0,0.49999999999999994,-0.8660254037844387,0.7818314824680298,0.6234898018587336
ST04,2026-07-14,11,1,0,3,28.76666666666667,106.66666666666667,16.866666666666667,23.333333333333332,3,4.333333333333333,3.3333333333333335,2.25,5.0,4.0,0,0,0.258819045102521,-0.9659258262890682,0.7818314824680298,0.6234898018587336
ST04,2026-07-14,12,1,0,4,27.725,100.0,22.0,34.25,3,4.0,3.8333333333333335,2.5,3.0,4.0,0,0,1.2246467991473532e-16,-1.0,0.7818314824680298,0.6234898018587336
ST04,2026-07-14,13,1,0,3,26.7,77.33333333333333,40.03333333333334,35.0,3,3.3333333333333335,4.166666666666667,2.5833333333333335,4.0,4.0,0,0,-0.2588190451025208,-0.9659258262890683,0.7818314824680298,0.6234898018587336
ST04,2026-07-14,14,1,0,3,28.866666666666664,77.33333333333333,39.733333333333334,26.0,3,3.3333333333333335,3.8333333333333335,2.75,3.0,4.0,0,0,-0.4999999999999997,-0.8660254037844388,0.7818314824680298,0.6234898018587336
ST04,2026-07-14,15,1,0,3,37.9,116.66666666666667,24.133333333333336,29.666666666666668,3,3.0,3.5,2.9166666666666665,3.0,4.0,0,0,-0.7071067811865471,-0.7071067811865479,0.7818314824680298,0.6234898018587336
ST04,2026-07-14,16,1,0,4,34.775,95.5,40.75,24.5,3,3.3333333333333335,3.3333333333333335,3.1666666666666665,3.0,3.0,0,0,-0.8660254037844385,-0.5000000000000004,0.7818314824680298,0.6234898018587336
ST04,2026-07-14,17,1,0,6,37.03333333333333,59.666666666666664,81.51666666666667,25.833333333333332,3,4.333333333333333,3.8333333333333335,3.5833333333333335,4.0,6.0,0,1,-0.9659258262890683,-0.25881904510252063,0.7818314824680298,0.6234898018587336
ST04,2026-07-14,18,1,0,6,36.949999999999996,98.66666666666667,38.416666666666664,27.0,3,5.333333333333333,4.166666666666667,4.0,6.0,6.0,0,1,-1.0,-1.8369701987210297e-16,0.7818314824680298,0.6234898018587336
ST04,2026-07-14,19,1,0,6,37.36666666666667,101.66666666666667,25.266666666666666,23.666666666666668,3,6.0,4.666666666666667,4.416666666666667,6.0,6.0,0,1,-0.9659258262890684,0.2588190451025203,0.7818314824680298,0.6234898018587336
ST04,2026-07-14,20,1,0,6,34.6,97.0,34.1,24.5,3,6.0,5.166666666666667,4.5,6.0,6.0,0,1,-0.8660254037844386,0.5000000000000001,0.7818314824680298,0.6234898018587336
ST04,2026-07-14,21,1,0,2,36.2,71.0,53.5,18.0,3,4.666666666666667,5.0,4.25,6.0,1.0,0,0,-0.7071067811865477,0.7071067811865474,0.7818314824680298,0.6234898018587336
ST04,2026-07-14,22,1,0,1,30.2,22.0,82.4,22.0,3,3.0,4.5,3.9166666666666665,2.0,1.0,0,0,-0.5000000000000004,0.8660254037844384,0.7818314824680298,0.6234898018587336
ST04,2026-07-14,23,1,0,1,27.6,60.0,27.6,37.0,3,1.3333333333333333,3.6666666666666665,3.75,1.0,1.0,0,0,-0.25881904510252157,0.9659258262890681,0.7818314824680298,0.6234898018587336
ST04,2026-07-15,0,2,0,1,33.3,22.0,90.8,16.0,3,1.0,2.8333333333333335,3.5,1.0,1.0,0,0,0.0,1.0,0.9749279121818236,-0.22252093395631434
ST04,2026-07-15,1,2,0,2,17.05,120.0,8.55,48.0,3,1.3333333333333333,2.1666666666666665,3.4166666666666665,1.0,2.0,0,0,0.25881904510252074,0.9659258262890683,0.9749279121818236,-0.22252093395631434
ST04,2026-07-15,2,2,0,2,33.9,86.0,34.4,30.5,3,1.6666666666666667,1.5,3.3333333333333335,2.0,1.0,0,0,0.49999999999999994,0.8660254037844387,0.9749279121818236,-0.22252093395631434
ST04,2026-07-15,3,2,0,1,38.9,60.0,38.9,20.0,3,1.6666666666666667,1.3333333333333333,3.1666666666666665,2.0,1.0,0,0,0.7071067811865476,0.7071067811865476,0.9749279121818236,-0.22252093395631434
ST04,2026-07-15,4,2,0,1,37.9,50.0,45.5,21.0,3,1.3333333333333333,1.3333333333333333,2.9166666666666665,1.0,1.0,0,0,0.8660254037844386,0.5000000000000001,0.9749279121818236,-0.22252093395631434
ST04,2026-07-15,5,2,0,2,36.45,135.0,16.9,27.5,3,1.3333333333333333,1.5,2.5833333333333335,1.0,1.0,0,0,0.9659258262890683,0.25881904510252074,0.9749279121818236,-0.22252093395631434
ST04,2026-07-15,6,2,0,1,43.1,120.0,21.6,25.0,3,1.3333333333333333,1.5,2.1666666666666665,2.0,1.0,0,0,1.0,6.123233995736766e-17,0.9749279121818236,-0.22252093395631434
ST04,2026-07-15,7,2,0,1,28.0,50.0,33.6,42.0,3,1.3333333333333333,1.3333333333333333,1.75,1.0,1.0,0,0,0.9659258262890683,-0.25881904510252063,0.9749279121818236,-0.22252093395631434
ST04,2026-07-15,8,2,0,6,30.683333333333334,91.66666666666667,27.016666666666666,36.166666666666664,3,2.6666666666666665,2.0,1.75,1.0,5.0,1,0,0.8660254037844387,-0.4999999999999998,0.9749279121818236,-0.22252093395631434
ST04,2026-07-15,9,2,0,5,37.18,35.2,75.16,25.4,3,4.0,2.6666666666666665,2.0,6.0,5.0,1,0,0.7071067811865476,-0.7071067811865475,0.9749279121818236,-0.22252093395631434
ST04,2026-07-15,10,2,0,5,28.339999999999996,96.0,21.22,29.4,3,5.333333333333333,3.3333333333333335,2.3333333333333335,5.0,5.0,1,0,0.49999999999999994,-0.8660254037844387,0.9749279121818236,-0.22252093395631434
ST04,2026-07-15,11,2,0,3,35.266666666666666,76.66666666666667,32.53333333333333,26.666666666666668,3,4.333333333333333,3.5,2.5,5.0,3.0,0,0,0.258819045102521,-0.9659258262890682,0.9749279121818236,-0.22252093395631434
ST04,2026-07-15,12,2,0,3,36.93333333333334,50.0,44.300000000000004,30.333333333333332,3,3.6666666666666665,3.8333333333333335,2.6666666666666665,3.0,4.0,0,0,1.2246467991473532e-16,-1.0,0.9749279121818236,-0.22252093395631434
ST04,2026-07-15,13,2,0,3,21.5,97.33333333333333,21.166666666666668,38.0,3,3.0,4.166666666666667,2.75,3.0,3.0,0,0,-0.2588190451025208,-0.9659258262890683,0.9749279121818236,-0.22252093395631434
ST04,2026-07-15,14,2,0,4,35.0,86.0,58.4,26.0,3,3.3333333333333335,3.8333333333333335,2.9166666666666665,3.0,3.0,0,0,-0.4999999999999997,-0.8660254037844388,0.9749279121818236,-0.22252093395631434
ST04,2026-07-15,15,2,0,4,31.25,70.0,29.45,25.0,3,3.6666666666666665,3.6666666666666665,3.1666666666666665,4.0,3.0,0,0,-0.7071067811865471,-0.7071067811865479,0.9749279121818236,-0.22252093395631434
ST04,2026-07-15,16,2,0,3,40.56666666666666,73.33333333333333,37.5,21.0,3,3.6666666666666665,3.3333333333333335,3.3333333333333335,4.0,4.0,0,0,-0.8660254037844385,-0.5000000000000004,0.9749279121818236,-0.22252093395631434
ST04,2026-07-15,17,2,0,6,32.233333333333334,61.0,45.76666666666666,29.0,3,4.333333333333333,3.8333333333333335,3.6666666666666665,3.0,6.0,0,1,-0.9659258262890683,-0.25881904510252063,0.9749279121818236,-0.22252093395631434
ST04,2026-07-15,18,2,0,6,29.0,87.33333333333333,37.93333333333333,26.5,3,5.0,4.333333333333333,4.083333333333333,6.0,6.0,0,1,-1.0,-1.8369701987210297e-16,0.9749279121818236,-0.22252093395631434
ST04,2026-07-15,19,2,0,6,28.45,108.66666666666667,22.016666666666666,32.833333333333336,3,6.0,4.833333333333333,4.5,6.0,6.0,0,1,-0.9659258262890684,0.2588190451025203,0.9749279121818236,-0.22252093395631434
ST04,2026-07-15,20,2,0,6,25.45,103.66666666666667,20.916666666666668,35.833333333333336,3,6.0,5.166666666666667,4.5,6.0,6.0,0,1,-0.8660254037844386,0.5000000000000001,0.9749279121818236,-0.22252093395631434
ST04,2026-07-15,21,2,0,1,32.1,50.0,38.5,23.0,3,4.333333333333333,4.666666666666667,4.166666666666667,6.0,2.0,0,0,-0.7071067811865477,0.7071067811865474,0.9749279121818236,-0.22252093395631434
ST04,2026-07-15,22,2,0,1,43.5,22.0,118.6,31.0,3,2.6666666666666665,4.333333333333333,3.8333333333333335,1.0,1.0,0,0,-0.5000000000000004,0.8660254037844384,0.9749279121818236,-0.22252093395631434
ST04,2026-07-15,23,2,0,2,37.8,41.0,63.0,29.0,3,1.3333333333333333,3.6666666666666665,3.75,1.0,1.0,0,0,-0.25881904510252157,0.9659258262890681,0.9749279121818236,-0.22252093395631434
ST04,2026-07-16,0,3,0,1,33.1,150.0,13.2,49.0,3,1.3333333333333333,2.8333333333333335,3.5833333333333335,2.0,1.0,0,0,0.0,1.0,0.43388373911755823,-0.900968867902419
ST04,2026-07-16,1,3,0,2,35.8,41.0,62.050000000000004,24.0,3,1.6666666666666667,2.1666666666666665,3.5,1.0,2.0,0,0,0.25881904510252074,0.9659258262890683,0.43388373911755823,-0.900968867902419
ST04,2026-07-16,2,3,0,1,26.4,60.0,26.4,48.0,3,1.3333333333333333,1.3333333333333333,3.25,2.0,2.0,0,0,0.49999999999999994,0.8660254037844387,0.43388373911755823,-0.900968867902419
ST04,2026-07-16,3,3,0,1,28.0,60.0,28.0,29.0,3,1.3333333333333333,1.3333333333333333,3.0,1.0,1.0,0,0,0.7071067811865476,0.7071067811865476,0.43388373911755823,-0.900968867902419
ST04,2026-07-16,4,3,0,1,49.1,120.0,24.6,18.0,3,1.0,1.3333333333333333,2.8333333333333335,1.0,1.0,0,0,0.8660254037844386,0.5000000000000001,0.43388373911755823,-0.900968867902419
ST04,2026-07-16,5,3,0,1,52.7,120.0,26.4,21.0,3,1.0,1.1666666666666667,2.4166666666666665,1.0,2.0,0,0,0.9659258262890683,0.25881904510252074,0.43388373911755823,-0.900968867902419
ST04,2026-07-16,6,3,0,2,44.4,135.0,19.85,20.5,3,1.3333333333333333,1.3333333333333333,2.0833333333333335,1.0,1.0,0,0,1.0,6.123233995736766e-17,0.43388373911755823,-0.900968867902419
ST04,2026-07-16,7,3,0,1,60.6,120.0,30.3,10.0,3,1.3333333333333333,1.1666666666666667,1.6666666666666667,2.0,1.0,0,0,0.9659258262890683,-0.25881904510252063,0.43388373911755823,-0.900968867902419
ST04,2026-07-16,8,3,0,5,38.24,72.4,43.620000000000005,35.6,3,2.6666666666666665,1.8333333333333333,1.5833333333333333,1.0,6.0,1,0,0.8660254037844387,-0.4999999999999998,0.43388373911755823,-0.900968867902419
ST04,2026-07-16,9,3,0,5,21.4,106.0,13.780000000000001,43.2,3,3.6666666666666665,2.5,1.9166666666666667,5.0,5.0,1,0,0.7071067811865476,-0.7071067811865475,0.43388373911755823,-0.900968867902419
ST04,2026-07-16,10,3,0,6,30.53333333333333,59.0,50.31666666666666,28.333333333333332,3,5.333333333333333,3.3333333333333335,2.3333333333333335,5.0,5.0,1,0,0.49999999999999994,-0.8660254037844387,0.43388373911755823,-0.900968867902419
ST04,2026-07-16,11,3,0,3,35.43333333333334,116.66666666666667,26.866666666666664,26.666666666666668,3,4.666666666666667,3.6666666666666665,2.4166666666666665,6.0,3.0,0,0,0.258819045102521,-0.9659258262890682,0.43388373911755823,-0.900968867902419
ST04,2026-07-16,12,3,0,3,27.96666666666667,97.33333333333333,34.13333333333333,31.333333333333332,3,4.0,3.8333333333333335,2.5833333333333335,3.0,3.0,0,0,1.2246467991473532e-16,-1.0,0.43388373911755823,-0.900968867902419
ST04,2026-07-16,13,3,0,3,39.233333333333334,97.33333333333333,55.800000000000004,23.333333333333332,3,3.0,4.166666666666667,2.6666666666666665,3.0,3.0,0,0,-0.2588190451025208,-0.9659258262890683,0.43388373911755823,-0.900968867902419
ST04,2026-07-16,14,3,0,3,29.0,77.33333333333333,30.866666666666664,25.0,3,3.0,3.8333333333333335,2.8333333333333335,3.0,4.0,0,0,-0.4999999999999997,-0.8660254037844388,0.43388373911755823,-0.900968867902419
ST04,2026-07-16,15,3,0,4,32.325,85.5,37.575,29.25,3,3.3333333333333335,3.6666666666666665,3.0833333333333335,3.0,4.0,0,0,-0.7071067811865471,-0.7071067811865479,0.43388373911755823,-0.900968867902419
ST04,2026-07-16,16,3,0,3,34.766666666666666,47.333333333333336,54.06666666666666,27.0,3,3.3333333333333335,3.1666666666666665,3.25,4.0,3.0,0,0,-0.8660254037844385,-0.5000000000000004,0.43388373911755823,-0.900968867902419
ST04,2026-07-16,17,3,0,6,34.35,54.333333333333336,68.56666666666666,29.833333333333332,3,4.333333333333333,3.6666666666666665,3.6666666666666665,3.0,6.0,0,1,-0.9659258262890683,-0.25881904510252063,0.43388373911755823,-0.900968867902419
ST04,2026-07-16,18,3,0,6,29.983333333333334,83.66666666666667,35.35,31.666666666666668,3,5.0,4.166666666666667,4.0,6.0,6.0,0,1,-1.0,-1.8369701987210297e-16,0.43388373911755823,-0.900968867902419
ST04,2026-07-16,19,3,0,6,31.75,113.66666666666667,30.75,21.333333333333332,3,6.0,4.666666666666667,4.416666666666667,6.0,6.0,0,1,-0.9659258262890684,0.2588190451025203,0.43388373911755823,-0.900968867902419
ST04,2026-07-16,20,3,0,6,33.38333333333333,52.333333333333336,49.199999999999996,24.333333333333332,3,6.0,5.166666666666667,4.5,6.0,6.0,0,1,-0.8660254037844386,0.5000000000000001,0.43388373911755823,-0.900968867902419
ST04,2026-07-16,21,3,0,1,25.8,150.0,10.3,44.0,3,4.333333333333333,4.666666666666667,4.166666666666667,6.0,1.0,0,0,-0.7071067811865477,0.7071067811865474,0.43388373911755823,-0.900968867902419
ST04,2026-07-16,22,3,0,1,20.2,150.0,8.1,33.0,3,2.6666666666666665,4.333333333333333,3.75,1.0,1.0,0,0,-0.5000000000000004,0.8660254037844384,0.43388373911755823,-0.900968867902419
ST04,2026-07-16,23,3,0,1,33.8,50.0,40.6,26.0,3,1.0,3.5,3.5833333333333335,1.0,2.0,0,0,-0.25881904510252157,0.9659258262890681,0.43388373911755823,-0.900968867902419
ST04,2026-07-17,0,4,0,1,48.1,22.0,131.2,29.0,3,1.0,2.6666666666666665,3.4166666666666665,1.0,1.0,0,0,0.0,1.0,-0.433883739117558,-0.9009688679024191
ST04,2026-07-17,1,4,0,1,53.2,22.0,145.1,12.0,3,1.0,1.8333333333333333,3.25,1.0,2.0,0,0,0.25881904510252074,0.9659258262890683,-0.433883739117558,-0.9009688679024191
ST04,2026-07-17,2,4,0,2,30.049999999999997,135.0,13.55,26.0,3,1.3333333333333333,1.1666666666666667,3.1666666666666665,1.0,1.0,0,0,0.49999999999999994,0.8660254037844387,-0.433883739117558,-0.9009688679024191
ST04,2026-07-17,3,4,0,2,32.75,90.0,26.700000000000003,26.5,3,1.6666666666666667,1.3333333333333333,3.0,2.0,1.0,0,0,0.7071067811865476,0.7071067811865476,-0.433883739117558,-0.9009688679024191
ST04,2026-07-17,4,4,0,1,43.6,22.0,118.9,20.0,3,1.6666666666666667,1.3333333333333333,2.8333333333333335,2.0,1.0,0,0,0.8660254037844386,0.5000000000000001,-0.433883739117558,-0.9009688679024191
ST04,2026-07-17,5,4,0,1,30.7,22.0,83.7,32.0,3,1.3333333333333333,1.3333333333333333,2.4166666666666665,1.0,1.0,0,0,0.9659258262890683,0.25881904510252074,-0.433883739117558,-0.9009688679024191
ST04,2026-07-17,6,4,0,2,30.75,36.0,73.75,30.5,3,1.3333333333333333,1.5,2.0833333333333335,1.0,2.0,0,0,1.0,6.123233995736766e-17,-0.433883739117558,-0.9009688679024191
ST04,2026-07-17,7,4,0,2,50.3,105.0,37.5,15.5,3,1.6666666666666667,1.6666666666666667,1.75,2.0,1.0,0,0,0.9659258262890683,-0.25881904510252063,-0.433883739117558,-0.9009688679024191
ST04,2026-07-17,8,4,0,6,27.566666666666666,91.66666666666667,23.71666666666667,34.0,3,3.3333333333333335,2.3333333333333335,1.75,2.0,5.0,1,0,0.8660254037844387,-0.4999999999999998,-0.433883739117558,-0.9009688679024191
ST04,2026-07-17,9,4,0,5,30.419999999999998,80.0,26.919999999999998,32.4,3,4.333333333333333,2.8333333333333335,2.0833333333333335,6.0,5.0,1,0,0.7071067811865476,-0.7071067811865475,-0.433883739117558,-0.9009688679024191
ST04,2026-07-17,10,4,0,5,39.68,92.0,32.14,24.6,3,5.333333333333333,3.5,2.4166666666666665,5.0,6.0,1,0,0.49999999999999994,-0.8660254037844387,-0.433883739117558,-0.9009688679024191
ST04,2026-07-17,11,4,0,3,23.8,44.0,32.800000000000004,34.333333333333336,3,4.333333333333333,3.8333333333333335,2.5833333333333335,5.0,3.0,0,0,0.258819045102521,-0.9659258262890682,-0.433883739117558,-0.9009688679024191
ST04,2026-07-17,12,4,0,3,25.599999999999998,31.333333333333332,57.699999999999996,39.0,3,3.6666666666666665,4.0,2.75,3.0,3.0,0,0,1.2246467991473532e-16,-1.0,-0.433883739117558,-0.9009688679024191
ST04,2026-07-17,13,4,0,3,23.599999999999998,90.0,20.166666666666668,27.666666666666668,3,3.0,4.166666666666667,2.9166666666666665,3.0,3.0,0,0,-0.2588190451025208,-0.9659258262890683,-0.433883739117558,-0.9009688679024191
ST04,2026-07-17,14,4,0,4,19.95,63.5,32.775,42.0,3,3.3333333333333335,3.8333333333333335,3.0833333333333335,3.0,3.0,0,0,-0.4999999999999997,-0.8660254037844388,-0.433883739117558,-0.9009688679024191
ST04,2026-07-17,15,4,0,3,36.56666666666666,77.33333333333333,53.79999999999999,39.333333333333336,3,3.3333333333333335,3.5,3.1666666666666665,4.0,4.0,0,0,-0.7071067811865471,-0.7071067811865479,-0.433883739117558,-0.9009688679024191
ST04,2026-07-17,16,4,0,3,24.5,34.666666666666664,54.199999999999996,33.333333333333336,3,3.3333333333333335,3.1666666666666665,3.3333333333333335,3.0,3.0,0,0,-0.8660254037844385,-0.5000000000000004,-0.433883739117558,-0.9009688679024191
ST04,2026-07-17,17,4,0,6,27.7,128.33333333333334,16.7,35.833333333333336,3,4.0,3.6666666666666665,3.75,3.0,6.0,0,1,-0.9659258262890683,-0.25881904510252063,-0.433883739117558,-0.9009688679024191
ST04,2026-07-17,18,4,0,6,32.449999999999996,68.66666666666667,40.51666666666667,34.5,3,5.0,4.166666666666667,4.083333333333333,6.0,6.0,0,1,-1.0,-1.8369701987210297e-16,-0.433883739117558,-0.9009688679024191
ST04,2026-07-17,19,4,0,6,36.78333333333333,75.66666666666667,57.9,18.666666666666668,3,6.0,4.666666666666667,4.416666666666667,6.0,6.0,0,1,-0.9659258262890684,0.2588190451025203,-0.433883739117558,-0.9009688679024191
ST04,2026-07-17,20,4,0,6,31.333333333333332,70.66666666666667,44.25,30.166666666666668,3,6.0,5.0,4.416666666666667,6.0,6.0,0,1,-0.8660254037844386,0.5000000000000001,-0.433883739117558,-0.9009688679024191
ST04,2026-07-17,21,4,0,2,34.5,50.0,41.400000000000006,33.0,3,4.666666666666667,4.833333333333333,4.166666666666667,6.0,1.0,0,0,-0.7071067811865477,0.7071067811865474,-0.433883739117558,-0.9009688679024191
ST04,2026-07-17,22,4,0,1,32.9,50.0,39.5,22.0,3,3.0,4.5,3.8333333333333335,2.0,1.0,0,0,-0.5000000000000004,0.8660254037844384,-0.433883739117558,-0.9009688679024191
ST04,2026-07-17,23,4,0,1,38.0,22.0,103.6,33.0,3,1.3333333333333333,3.6666666666666665,3.6666666666666665,1.0,1.0,0,0,-0.25881904510252157,0.9659258262890681,-0.433883739117558,-0.9009688679024191
ST04,2026-07-18,0,5,1,2,33.5,55.0,36.3,27.0,3,1.3333333333333333,3.0,3.5833333333333335,1.0,1.0,0,0,0.0,1.0,-0.9749279121818236,-0.2225209339563146
ST04,2026-07-18,1,5,1,2,30.799999999999997,150.0,12.3,27.5,3,1.6666666666666667,2.3333333333333335,3.5,2.0,1.0,0,0,0.25881904510252074,0.9659258262890683,-0.9749279121818236,-0.2225209339563146
ST04,2026-07-18,2,5,1,2,34.2,105.0,18.6,28.5,3,2.0,1.6666666666666667,3.3333333333333335,2.0,2.0,0,0,0.49999999999999994,0.8660254037844387,-0.9749279121818236,-0.2225209339563146
ST04,2026-07-18,3,5,1,2,38.8,135.0,17.45,18.5,3,2.0,1.6666666666666667,3.25,2.0,2.0,0,0,0.7071067811865476,0.7071067811865476,-0.9749279121818236,-0.2225209339563146
ST04,2026-07-18,4,5,1,2,45.9,105.0,37.85,19.5,3,2.0,1.8333333333333333,3.1666666666666665,2.0,1.0,0,0,0.8660254037844386,0.5000000000000001,-0.9749279121818236,-0.2225209339563146
ST04,2026-07-18,5,5,1,2,39.15,60.0,39.15,28.5,3,2.0,2.0,2.8333333333333335,2.0,1.0,0,0,0.9659258262890683,0.25881904510252074,-0.9749279121818236,-0.2225209339563146
ST04,2026-07-18,6,5,1,2,26.15,90.0,18.65,35.0,3,2.0,2.0,2.5,2.0,2.0,0,0,1.0,6.123233995736766e-17,-0.9749279121818236,-0.2225209339563146
ST04,2026-07-18,7,5,1,2,23.85,55.0,26.55,39.5,3,2.0,2.0,2.1666666666666665,2.0,2.0,0,0,0.9659258262890683,-0.25881904510252063,-0.9749279121818236,-0.2225209339563146
ST04,2026-07-18,8,5,1,2,22.700000000000003,90.0,19.75,45.5,3,2.0,2.0,1.8333333333333333,2.0,6.0,1,0,0.8660254037844387,-0.4999999999999998,-0.9749279121818236,-0.2225209339563146
ST04,2026-07-18,9,5,1,2,32.599999999999994,71.0,55.6,23.0,3,2.0,2.0,1.8333333333333333,2.0,5.0,1,0,0.7071067811865476,-0.7071067811865475,-0.9749279121818236,-0.2225209339563146
ST04,2026-07-18,10,5,1,5,30.82,106.0,22.04,35.0,3,3.0,2.5,2.1666666666666665,2.0,5.0,1,0,0.49999999999999994,-0.8660254037844387,-0.9749279121818236,-0.2225209339563146
ST04,2026-07-18,11,5,1,5,40.14,60.8,59.379999999999995,28.8,3,4.0,3.0,2.5,5.0,3.0,0,0,0.258819045102521,-0.9659258262890682,-0.9749279121818236,-0.2225209339563146
ST04,2026-07-18,12,5,1,4,33.625,88.0,36.4,32.5,3,4.666666666666667,3.3333333333333335,2.6666666666666665,5.0,3.0,0,0,1.2246467991473532e-16,-1.0,-0.9749279121818236,-0.2225209339563146
ST04,2026-07-18,13,5,1,4,29.7,110.0,20.1,37.0,3,4.333333333333333,3.6666666666666665,2.8333333333333335,4.0,3.0,0,0,-0.2588190451025208,-0.9659258262890683,-0.9749279121818236,-0.2225209339563146
ST04,2026-07-18,14,5,1,5,28.339999999999996,68.0,26.5,37.6,3,4.333333333333333,4.166666666666667,3.0833333333333335,4.0,4.0,0,0,-0.4999999999999997,-0.8660254037844388,-0.9749279121818236,-0.2225209339563146
ST04,2026-07-18,15,5,1,4,41.925,56.0,74.875,17.5,3,4.333333333333333,4.5,3.25,5.0,3.0,0,0,-0.7071067811865471,-0.7071067811865479,-0.9749279121818236,-0.2225209339563146
ST04,2026-07-18,16,5,1,4,32.55,92.5,25.775,25.5,3,4.333333333333333,4.333333333333333,3.4166666666666665,4.0,3.0,0,0,-0.8660254037844385,-0.5000000000000004,-0.9749279121818236,-0.2225209339563146
ST04,2026-07-18,17,5,1,4,36.425,38.5,67.35,21.5,3,4.0,4.166666666666667,3.5833333333333335,4.0,6.0,0,1,-0.9659258262890683,-0.25881904510252063,-0.9749279121818236,-0.2225209339563146
ST04,2026-07-18,18,5,1,4,37.35,142.5,15.674999999999999,32.75,3,4.0,4.166666666666667,3.75,4.0,6.0,0,1,-1.0,-1.8369701987210297e-16,-0.9749279121818236,-0.2225209339563146
ST04,2026-07-18,19,5,1,4,33.4,80.5,35.175000000000004,21.0,3,4.0,4.166666666666667,3.9166666666666665,4.0,6.0,0,1,-0.9659258262890684,0.2588190451025203,-0.9749279121818236,-0.2225209339563146
ST04,2026-07-18,20,5,1,2,31.849999999999998,150.0,12.75,42.5,3,3.3333333333333335,3.6666666666666665,3.9166666666666665,4.0,6.0,0,1,-0.8660254037844386,0.5000000000000001,-0.9749279121818236,-0.2225209339563146
ST04,2026-07-18,21,5,1,2,26.4,150.0,10.55,26.5,3,2.6666666666666665,3.3333333333333335,3.9166666666666665,2.0,2.0,0,0,-0.7071067811865477,0.7071067811865474,-0.9749279121818236,-0.2225209339563146
ST04,2026-07-18,22,5,1,2,29.900000000000002,22.0,81.5,24.0,3,2.0,3.0,3.6666666666666665,2.0,1.0,0,0,-0.5000000000000004,0.8660254037844384,-0.9749279121818236,-0.2225209339563146
ST04,2026-07-18,23,5,1,2,25.5,105.0,16.55,26.0,3,2.0,2.6666666666666665,3.4166666666666665,2.0,1.0,0,0,-0.25881904510252157,0.9659258262890681,-0.9749279121818236,-0.2225209339563146
ST04,2026-07-19,0,6,1,2,34.45,36.0,62.75,20.0,3,2.0,2.3333333333333335,3.25,2.0,2.0,0,0,0.0,1.0,-0.7818314824680299,0.6234898018587334
ST04,2026-07-19,1,6,1,2,40.05,120.0,20.049999999999997,22.5,3,2.0,2.0,3.0833333333333335,2.0,2.0,0,0,0.25881904510252074,0.9659258262890683,-0.7818314824680299,0.6234898018587334
ST04,2026-07-19,2,6,1,2,45.9,85.0,33.25,24.5,3,2.0,2.0,2.8333333333333335,2.0,2.0,0,0,0.49999999999999994,0.8660254037844387,-0.7818314824680299,0.6234898018587334
ST04,2026-07-19,3,6,1,2,34.0,71.0,43.75,24.5,3,2.0,2.0,2.6666666666666665,2.0,2.0,0,0,0.7071067811865476,0.7071067811865476,-0.7818314824680299,0.6234898018587334
ST04,2026-07-19,4,6,1,2,31.299999999999997,135.0,13.55,25.0,3,2.0,2.0,2.5,2.0,2.0,0,0,0.8660254037844386,0.5000000000000001,-0.7818314824680299,0.6234898018587334
ST04,2026-07-19,5,6,1,2,21.85,100.0,17.7,35.0,3,2.0,2.0,2.3333333333333335,2.0,2.0,0,0,0.9659258262890683,0.25881904510252074,-0.7818314824680299,0.6234898018587334
ST04,2026-07-19,6,6,1,2,35.55,71.0,46.75,29.5,3,2.0,2.0,2.1666666666666665,2.0,2.0,0,0,1.0,6.123233995736766e-17,-0.7818314824680299,0.6234898018587334
ST04,2026-07-19,7,6,1,2,35.650000000000006,105.0,23.9,33.0,3,2.0,2.0,2.0,2.0,2.0,0,0,0.9659258262890683,-0.25881904510252063,-0.7818314824680299,0.6234898018587334
ST04,2026-07-19,8,6,1,2,39.5,36.0,70.5,28.5,3,2.0,2.0,2.0,2.0,2.0,1,0,0.8660254037844387,-0.4999999999999998,-0.7818314824680299,0.6234898018587334
ST04,2026-07-19,9,6,1,2,27.0,36.0,55.5,34.5,3,2.0,2.0,2.0,2.0,2.0,1,0,0.7071067811865476,-0.7071067811865475,-0.7818314824680299,0.6234898018587334
ST04,2026-07-19,10,6,1,5,31.3,92.4,36.56,34.8,3,3.0,2.5,2.25,2.0,5.0,1,0,0.49999999999999994,-0.8660254037844387,-0.7818314824680299,0.6234898018587334
ST04,2026-07-19,11,6,1,5,33.68,106.4,35.38,29.0,3,4.0,3.0,2.5,5.0,5.0,0,0,0.258819045102521,-0.9659258262890682,-0.7818314824680299,0.6234898018587334
ST04,2026-07-19,12,6,1,5,33.88,108.0,21.880000000000003,27.4,3,5.0,3.5,2.75,5.0,4.0,0,0,1.2246467991473532e-16,-1.0,-0.7818314824680299,0.6234898018587334
ST04,2026-07-19,13,6,1,4,23.775,63.5,37.375,34.5,3,4.666666666666667,3.8333333333333335,2.9166666666666665,5.0,4.0,0,0,-0.2588190451025208,-0.9659258262890683,-0.7818314824680299,0.6234898018587334
ST04,2026-07-19,14,6,1,4,33.025,97.5,23.8,25.75,3,4.333333333333333,4.166666666666667,3.0833333333333335,4.0,5.0,0,0,-0.4999999999999997,-0.8660254037844388,-0.7818314824680299,0.6234898018587334
ST04,2026-07-19,15,6,1,4,35.925,70.5,48.425,27.25,3,4.0,4.5,3.25,4.0,4.0,0,0,-0.7071067811865471,-0.7071067811865479,-0.7818314824680299,0.6234898018587334
ST04,2026-07-19,16,6,1,4,27.924999999999997,36.0,55.1,26.75,3,4.0,4.333333333333333,3.4166666666666665,4.0,4.0,0,0,-0.8660254037844385,-0.5000000000000004,-0.7818314824680299,0.6234898018587334
ST04,2026-07-19,17,6,1,4,31.075000000000003,82.5,24.875,34.5,3,4.0,4.166666666666667,3.5833333333333335,4.0,4.0,0,1,-0.9659258262890683,-0.25881904510252063,-0.7818314824680299,0.6234898018587334
ST04,2026-07-19,18,6,1,4,30.725,90.0,23.325,29.25,3,4.0,4.0,3.75,4.0,4.0,0,1,-1.0,-1.8369701987210297e-16,-0.7818314824680299,0.6234898018587334
ST04,2026-07-19,19,6,1,4,15.875,70.5,19.3,40.25,3,4.0,4.0,3.9166666666666665,4.0,4.0,0,1,-0.9659258262890684,0.2588190451025203,-0.7818314824680299,0.6234898018587334
ST04,2026-07-19,20,6,1,2,29.45,100.0,29.35,26.5,3,3.3333333333333335,3.6666666666666665,3.9166666666666665,4.0,2.0,0,1,-0.8660254037844386,0.5000000000000001,-0.7818314824680299,0.6234898018587334
ST04,2026-07-19,21,6,1,2,34.05,22.0,92.9,27.5,3,2.6666666666666665,3.3333333333333335,3.9166666666666665,2.0,2.0,0,0,-0.7071067811865477,0.7071067811865474,-0.7818314824680299,0.6234898018587334
ST04,2026-07-19,22,6,1,2,36.1,105.0,22.85,23.0,3,2.0,3.0,3.6666666666666665,2.0,2.0,0,0,-0.5000000000000004,0.8660254037844384,-0.7818314824680299,0.6234898018587334
ST04,2026-07-19,23,6,1,2,33.8,55.0,37.65,37.5,3,2.0,2.6666666666666665,3.4166666666666665,2.0,2.0,0,0,-0.25881904510252157,0.9659258262890681,-0.7818314824680299,0.6234898018587334
ST04,2026-07-20,0,0,0,1,30.8,150.0,12.3,35.0,3,1.6666666666666667,2.1666666666666665,3.0833333333333335,2.0,2.0,0,0,0.0,1.0,0.0,1.0
ST04,2026-07-20,1,0,0,2,34.8,55.0,38.2,27.5,3,1.6666666666666667,1.8333333333333333,2.9166666666666665,1.0,2.0,0,0,0.25881904510252074,0.9659258262890683,0.0,1.0
ST04,2026-07-20,2,0,0,1,25.3,120.0,12.7,23.0,3,1.3333333333333333,1.6666666666666667,2.6666666666666665,2.0,2.0,0,0,0.49999999999999994,0.8660254037844387,0.0,1.0
ST04,2026-07-20,3,0,0,1,26.8,150.0,10.7,42.0,3,1.3333333333333333,1.5,2.4166666666666665,1.0,2.0,0,0,0.7071067811865476,0.7071067811865476,0.0,1.0
ST04,2026-07-20,4,0,0,1,42.0,60.0,42.0,17.0,3,1.0,1.3333333333333333,2.1666666666666665,1.0,2.0,0,0,0.8660254037844386,0.5000000000000001,0.0,1.0
ST04,2026-07-20,5,0,0,1,49.4,22.0,134.7,20.0,3,1.0,1.1666666666666667,1.9166666666666667,1.0,2.0,0,0,0.9659258262890683,0.25881904510252074,0.0,1.0
ST04,2026-07-20,6,0,0,1,29.5,120.0,14.8,29.0,3,1.0,1.1666666666666667,1.6666666666666667,1.0,2.0,0,0,1.0,6.123233995736766e-17,0.0,1.0
ST04,2026-07-20,7,0,0,2,25.5,135.0,11.2,28.5,3,1.3333333333333333,1.1666666666666667,1.5,1.0,2.0,0,0,0.9659258262890683,-0.25881904510252063,0.0,1.0
ST04,2026-07-20,8,0,0,6,30.5,33.0,69.25,32.666666666666664,3,3.0,2.0,1.8333333333333333,2.0,2.0,1,0,0.8660254037844387,-0.4999999999999998,0.0,1.0
ST04,2026-07-20,9,0,0,6,34.21666666666667,82.0,37.666666666666664,27.0,3,4.666666666666667,2.8333333333333335,2.1666666666666665,6.0,2.0,1,0,0.7071067811865476,-0.7071067811865475,0.0,1.0
ST04,2026-07-20,10,0,0,5,31.060000000000002,124.0,16.84,39.4,3,5.666666666666667,3.5,2.4166666666666665,6.0,5.0,1,0,0.49999999999999994,-0.8660254037844387,0.0,1.0
ST04,2026-07-20,11,0,0,4,37.35,105.0,27.799999999999997,24.0,3,5.0,4.0,2.5833333333333335,5.0,5.0,0,0,0.258819045102521,-0.9659258262890682,0.0,1.0
ST04,2026-07-20,12,0,0,3,28.900000000000002,60.0,28.900000000000002,25.333333333333332,3,4.0,4.333333333333333,2.75,4.0,5.0,0,0,1.2246467991473532e-16,-1.0,0.0,1.0
ST04,2026-07-20,13,0,0,3,30.3,77.33333333333333,47.6,27.666666666666668,3,3.3333333333333335,4.5,2.8333333333333335,3.0,4.0,0,0,-0.2588190451025208,-0.9659258262890683,0.0,1.0
ST04,2026-07-20,14,0,0,3,36.5,54.666666666666664,69.46666666666667,25.333333333333332,3,3.0,4.0,3.0,3.0,4.0,0,0,-0.4999999999999997,-0.8660254037844388,0.0,1.0
ST04,2026-07-20,15,0,0,3,22.46666666666667,64.0,31.53333333333333,33.0,3,3.0,3.5,3.1666666666666665,3.0,4.0,0,0,-0.7071067811865471,-0.7071067811865479,0.0,1.0
ST04,2026-07-20,16,0,0,4,30.25,85.0,27.55,26.5,3,3.3333333333333335,3.3333333333333335,3.4166666666666665,3.0,4.0,0,0,-0.8660254037844385,-0.5000000000000004,0.0,1.0
ST04,2026-07-20,17,0,0,6,38.5,70.0,38.699999999999996,21.0,3,4.333333333333333,3.6666666666666665,3.8333333333333335,4.0,4.0,0,1,-0.9659258262890683,-0.25881904510252063,0.0,1.0
ST04,2026-07-20,18,0,0,6,30.066666666666663,59.333333333333336,53.03333333333333,22.833333333333332,3,5.333333333333333,4.166666666666667,4.25,6.0,4.0,0,1,-1.0,-1.8369701987210297e-16,0.0,1.0
ST04,2026-07-20,19,0,0,6,31.816666666666666,63.333333333333336,32.15,28.833333333333332,3,6.0,4.666666666666667,4.583333333333333,6.0,4.0,0,1,-0.9659258262890684,0.2588190451025203,0.0,1.0
ST04,2026-07-20,20,0,0,6,34.050000000000004,62.0,41.483333333333334,26.166666666666668,3,6.0,5.166666666666667,4.583333333333333,6.0,2.0,0,1,-0.8660254037844386,0.5000000000000001,0.0,1.0
ST04,2026-07-20,21,0,0,2,34.35,90.0,25.6,26.5,3,4.666666666666667,5.0,4.25,6.0,2.0,0,0,-0.7071067811865477,0.7071067811865474,0.0,1.0
ST04,2026-07-20,22,0,0,1,22.4,22.0,61.1,31.0,3,3.0,4.5,3.9166666666666665,2.0,2.0,0,0,-0.5000000000000004,0.8660254037844384,0.0,1.0
ST04,2026-07-20,23,0,0,1,19.8,50.0,23.8,42.0,3,1.3333333333333333,3.6666666666666665,3.6666666666666665,1.0,2.0,0,0,-0.25881904510252157,0.9659258262890681,0.0,1.0
ST04,2026-07-21,0,1,0,1,22.5,60.0,22.5,27.0,3,1.0,2.8333333333333335,3.5,1.0,1.0,0,0,0.0,1.0,0.7818314824680298,0.6234898018587336
ST04,2026-07-21,1,1,0,1,27.5,120.0,13.8,19.0,3,1.0,2.0,3.3333333333333335,1.0,2.0,0,0,0.25881904510252074,0.9659258262890683,0.7818314824680298,0.6234898018587336
ST04,2026-07-21,2,1,0,1,17.3,120.0,8.7,27.0,3,1.0,1.1666666666666667,3.1666666666666665,1.0,1.0,0,0,0.49999999999999994,0.8660254037844387,0.7818314824680298,0.6234898018587336
ST04,2026-07-21,3,1,0,1,43.6,50.0,52.3,10.0,3,1.0,1.0,3.0,1.0,1.0,0,0,0.7071067811865476,0.7071067811865476,0.7818314824680298,0.6234898018587336
ST04,2026-07-21,4,1,0,2,46.4,22.0,126.55,17.5,3,1.3333333333333333,1.1666666666666667,2.8333333333333335,1.0,1.0,0,0,0.8660254037844386,0.5000000000000001,0.7818314824680298,0.6234898018587336
ST04,2026-07-21,5,1,0,1,29.7,60.0,29.7,46.0,3,1.3333333333333333,1.1666666666666667,2.4166666666666665,2.0,1.0,0,0,0.9659258262890683,0.25881904510252074,0.7818314824680298,0.6234898018587336
ST04,2026-07-21,6,1,0,1,45.1,150.0,18.0,11.0,3,1.3333333333333333,1.1666666666666667,2.0,1.0,1.0,0,0,1.0,6.123233995736766e-17,0.7818314824680298,0.6234898018587336
ST04,2026-07-21,7,1,0,1,34.1,60.0,34.1,11.0,3,1.0,1.1666666666666667,1.5833333333333333,1.0,2.0,0,0,0.9659258262890683,-0.25881904510252063,0.7818314824680298,0.6234898018587336
ST04,2026-07-21,8,1,0,5,32.06,106.0,24.78,25.4,3,2.3333333333333335,1.8333333333333333,1.5,1.0,6.0,1,0,0.8660254037844387,-0.4999999999999998,0.7818314824680298,0.6234898018587336
ST04,2026-07-21,9,1,0,5,27.360000000000003,53.2,56.67999999999999,33.4,3,3.6666666666666665,2.5,1.75,5.0,6.0,1,0,0.7071067811865476,-0.7071067811865475,0.7818314824680298,0.6234898018587336
ST04,2026-07-21,10,1,0,6,37.45,67.0,43.416666666666664,23.833333333333332,3,5.333333333333333,3.1666666666666665,2.1666666666666665,5.0,5.0,1,0,0.49999999999999994,-0.8660254037844387,0.7818314824680298,0.6234898018587336
ST04,2026-07-21,11,1,0,4,29.225,118.0,30.2,34.25,3,5.0,3.6666666666666665,2.4166666666666665,6.0,4.0,0,0,0.258819045102521,-0.9659258262890682,0.7818314824680298,0.6234898018587336
ST04,2026-07-21,12,1,0,3,19.133333333333333,77.33333333333333,27.599999999999998,44.333333333333336,3,4.333333333333333,4.0,2.5833333333333335,4.0,3.0,0,0,1.2246467991473532e-16,-1.0,0.7818314824680298,0.6234898018587336
ST04,2026-07-21,13,1,0,3,28.566666666666666,74.0,40.4,29.666666666666668,3,3.3333333333333335,4.333333333333333,2.75,3.0,3.0,0,0,-0.2588190451025208,-0.9659258262890683,0.7818314824680298,0.6234898018587336
ST04,2026-07-21,14,1,0,3,27.899999999999995,106.66666666666667,21.366666666666664,33.0,3,3.0,4.0,2.9166666666666665,3.0,3.0,0,0,-0.4999999999999997,-0.8660254037844388,0.7818314824680298,0.6234898018587336
ST04,2026-07-21,15,1,0,3,28.566666666666666,67.33333333333333,38.13333333333333,27.333333333333332,3,3.0,3.6666666666666665,3.0833333333333335,3.0,3.0,0,0,-0.7071067811865471,-0.7071067811865479,0.7818314824680298,0.6234898018587336
ST04,2026-07-21,16,1,0,3,26.133333333333336,54.666666666666664,46.4,29.666666666666668,3,3.0,3.1666666666666665,3.1666666666666665,3.0,4.0,0,0,-0.8660254037844385,-0.5000000000000004,0.7818314824680298,0.6234898018587336
ST04,2026-07-21,17,1,0,6,35.88333333333333,80.33333333333333,42.63333333333333,20.333333333333332,3,4.0,3.5,3.5833333333333335,3.0,6.0,0,1,-0.9659258262890683,-0.25881904510252063,0.7818314824680298,0.6234898018587336
ST04,2026-07-21,18,1,0,6,36.6,83.33333333333333,31.21666666666667,31.333333333333332,3,5.0,4.0,4.0,6.0,6.0,0,1,-1.0,-1.8369701987210297e-16,0.7818314824680298,0.6234898018587336
ST04,2026-07-21,19,1,0,6,29.983333333333334,48.666666666666664,40.03333333333333,27.5,3,6.0,4.5,4.416666666666667,6.0,6.0,0,1,-0.9659258262890684,0.2588190451025203,0.7818314824680298,0.6234898018587336
ST04,2026-07-21,20,1,0,6,35.65,70.66666666666667,54.18333333333334,25.666666666666668,3,6.0,5.0,4.5,6.0,6.0,0,1,-0.8660254037844386,0.5000000000000001,0.7818314824680298,0.6234898018587336
ST04,2026-07-21,21,1,0,1,45.9,50.0,55.1,15.0,3,4.333333333333333,4.666666666666667,4.166666666666667,6.0,2.0,0,0,-0.7071067811865477,0.7071067811865474,0.7818314824680298,0.6234898018587336
ST04,2026-07-21,22,1,0,2,45.5,85.0,43.05,27.0,3,3.0,4.5,3.8333333333333335,1.0,1.0,0,0,-0.5000000000000004,0.8660254037844384,0.7818314824680298,0.6234898018587336
ST04,2026-07-21,23,1,0,1,33.2,22.0,90.5,32.0,3,1.3333333333333333,3.6666666666666665,3.5833333333333335,2.0,1.0,0,0,-0.25881904510252157,0.9659258262890681,0.7818314824680298,0.6234898018587336
ST04,2026-07-22,0,2,0,1,35.5,120.0,17.8,41.0,3,1.3333333333333333,2.8333333333333335,3.4166666666666665,1.0,1.0,0,0,0.0,1.0,0.9749279121818236,-0.22252093395631434
ST04,2026-07-22,1,2,0,1,39.3,22.0,107.2,21.0,3,1.0,2.0,3.25,1.0,1.0,0,0,0.25881904510252074,0.9659258262890683,0.9749279121818236,-0.22252093395631434
ST04,2026-07-22,2,2,0,1,31.9,22.0,87.0,27.0,3,1.0,1.1666666666666667,3.0833333333333335,1.0,1.0,0,0,0.49999999999999994,0.8660254037844387,0.9749279121818236,-0.22252093395631434
ST04,2026-07-22,3,2,0,1,28.8,50.0,34.6,19.0,3,1.0,1.1666666666666667,2.9166666666666665,1.0,1.0,0,0,0.7071067811865476,0.7071067811865476,0.9749279121818236,-0.22252093395631434
ST04,2026-07-22,4,2,0,1,31.3,150.0,12.5,19.0,3,1.0,1.0,2.75,1.0,2.0,0,0,0.8660254037844386,0.5000000000000001,0.9749279121818236,-0.22252093395631434
ST04,2026-07-22,5,2,0,2,19.3,41.0,36.65,40.0,3,1.3333333333333333,1.1666666666666667,2.4166666666666665,1.0,1.0,0,0,0.9659258262890683,0.25881904510252074,0.9749279121818236,-0.22252093395631434
ST04,2026-07-22,6,2,0,1,51.3,22.0,139.9,18.0,3,1.3333333333333333,1.1666666666666667,2.0,2.0,1.0,0,0,1.0,6.123233995736766e-17,0.9749279121818236,-0.22252093395631434
ST04,2026-07-22,7,2,0,2,32.45,22.0,88.5,34.5,3,1.6666666666666667,1.3333333333333333,1.6666666666666667,1.0,1.0,0,0,0.9659258262890683,-0.25881904510252063,0.9749279121818236,-0.22252093395631434
ST04,2026-07-22,8,2,0,5,37.14,118.4,35.16,22.6,3,2.6666666666666665,2.0,1.5833333333333333,2.0,5.0,1,0,0.8660254037844387,-0.4999999999999998,0.9749279121818236,-0.22252093395631434
ST04,2026-07-22,9,2,0,6,30.03333333333333,111.66666666666667,21.2,25.666666666666668,3,4.333333333333333,2.8333333333333335,2.0,5.0,5.0,1,0,0.7071067811865476,-0.7071067811865475,0.9749279121818236,-0.22252093395631434
ST04,2026-07-22,10,2,0,6,31.5,72.33333333333333,44.96666666666667,29.333333333333332,3,5.666666666666667,3.6666666666666665,2.3333333333333335,6.0,6.0,1,0,0.49999999999999994,-0.8660254037844387,0.9749279121818236,-0.22252093395631434
ST04,2026-07-22,11,2,0,3,28.599999999999998,77.33333333333333,40.6,35.666666666666664,3,5.0,3.8333333333333335,2.5,6.0,4.0,0,0,0.258819045102521,-0.9659258262890682,0.9749279121818236,-0.22252093395631434
ST04,2026-07-22,12,2,0,4,37.65,65.5,57.225,22.75,3,4.333333333333333,4.333333333333333,2.75,3.0,3.0,0,0,1.2246467991473532e-16,-1.0,0.9749279121818236,-0.22252093395631434
ST04,2026-07-22,13,2,0,4,26.325000000000003,63.0,34.6,28.0,3,3.6666666666666665,4.666666666666667,3.0,4.0,3.0,0,0,-0.2588190451025208,-0.9659258262890683,0.9749279121818236,-0.22252093395631434
ST04,2026-07-22,14,2,0,3,34.9,106.66666666666667,20.766666666666666,29.333333333333332,3,3.6666666666666665,4.333333333333333,3.1666666666666665,4.0,3.0,0,0,-0.4999999999999997,-0.8660254037844388,0.9749279121818236,-0.22252093395631434
ST04,2026-07-22,15,2,0,3,33.233333333333334,74.0,41.13333333333333,31.666666666666668,3,3.3333333333333335,3.8333333333333335,3.3333333333333335,3.0,3.0,0,0,-0.7071067811865471,-0.7071067811865479,0.9749279121818236,-0.22252093395631434
ST04,2026-07-22,16,2,0,3,23.96666666666667,64.0,38.06666666666666,36.333333333333336,3,3.0,3.3333333333333335,3.5,3.0,3.0,0,0,-0.8660254037844385,-0.5000000000000004,0.9749279121818236,-0.22252093395631434
ST04,2026-07-22,17,2,0,6,29.316666666666666,80.66666666666667,37.233333333333334,32.5,3,4.0,3.8333333333333335,3.8333333333333335,3.0,6.0,0,1,-0.9659258262890683,-0.25881904510252063,0.9749279121818236,-0.22252093395631434
ST04,2026-07-22,18,2,0,6,40.18333333333334,120.0,20.1,25.666666666666668,3,5.0,4.166666666666667,4.25,6.0,6.0,0,1,-1.0,-1.8369701987210297e-16,0.9749279121818236,-0.22252093395631434
ST04,2026-07-22,19,2,0,6,33.81666666666667,72.0,39.31666666666667,28.333333333333332,3,6.0,4.5,4.583333333333333,6.0,6.0,0,1,-0.9659258262890684,0.2588190451025203,0.9749279121818236,-0.22252093395631434
ST04,2026-07-22,20,2,0,6,34.36666666666667,90.33333333333333,30.46666666666667,24.666666666666668,3,6.0,5.0,4.666666666666667,6.0,6.0,0,1,-0.8660254037844386,0.5000000000000001,0.9749279121818236,-0.22252093395631434
ST04,2026-07-22,21,2,0,1,16.4,120.0,8.2,48.0,3,4.333333333333333,4.666666666666667,4.25,6.0,1.0,0,0,-0.7071067811865477,0.7071067811865474,0.9749279121818236,-0.22252093395631434
ST04,2026-07-22,22,2,0,1,42.3,50.0,50.8,35.0,3,2.6666666666666665,4.333333333333333,3.8333333333333335,1.0,2.0,0,0,-0.5000000000000004,0.8660254037844384,0.9749279121818236,-0.22252093395631434
ST04,2026-07-22,23,2,0,2,27.099999999999998,90.0,18.5,45.5,3,1.3333333333333333,3.6666666666666665,3.75,1.0,1.0,0,0,-0.25881904510252157,0.9659258262890681,0.9749279121818236,-0.22252093395631434
ST04,2026-07-23,0,3,0,2,28.2,86.0,46.45,31.0,3,1.6666666666666667,3.0,3.5833333333333335,2.0,1.0,0,0,0.0,1.0,0.43388373911755823,-0.900968867902419
ST04,2026-07-23,1,3,0,1,14.6,120.0,7.3,50.0,3,1.6666666666666667,2.1666666666666665,3.3333333333333335,2.0,1.0,0,0,0.25881904510252074,0.9659258262890683,0.43388373911755823,-0.900968867902419
ST04,2026-07-23,2,3,0,2,10.2,100.0,8.9,50.0,3,1.6666666666666667,1.5,3.25,1.0,1.0,0,0,0.49999999999999994,0.8660254037844387,0.43388373911755823,-0.900968867902419
ST04,2026-07-23,3,3,0,1,23.0,50.0,27.6,41.0,3,1.3333333333333333,1.5,3.0833333333333335,2.0,1.0,0,0,0.7071067811865476,0.7071067811865476,0.43388373911755823,-0.900968867902419
ST04,2026-07-23,4,3,0,1,23.6,120.0,11.8,48.0,3,1.3333333333333333,1.5,2.9166666666666665,1.0,1.0,0,0,0.8660254037844386,0.5000000000000001,0.43388373911755823,-0.900968867902419
ST04,2026-07-23,5,3,0,1,27.7,60.0,27.7,27.0,3,1.0,1.3333333333333333,2.5,1.0,2.0,0,0,0.9659258262890683,0.25881904510252074,0.43388373911755823,-0.900968867902419
ST04,2026-07-23,6,3,0,1,23.9,22.0,65.2,40.0,3,1.0,1.1666666666666667,2.0833333333333335,1.0,1.0,0,0,1.0,6.123233995736766e-17,0.43388373911755823,-0.900968867902419
ST04,2026-07-23,7,3,0,1,34.7,60.0,34.7,29.0,3,1.0,1.1666666666666667,1.6666666666666667,1.0,2.0,0,0,0.9659258262890683,-0.25881904510252063,0.43388373911755823,-0.900968867902419
ST04,2026-07-23,8,3,0,5,36.18,68.4,50.64,26.6,3,2.3333333333333335,1.6666666666666667,1.5833333333333333,1.0,5.0,1,0,0.8660254037844387,-0.4999999999999998,0.43388373911755823,-0.900968867902419
ST04,2026-07-23,9,3,0,6,35.5,97.33333333333333,49.43333333333334,27.666666666666668,3,4.0,2.5,2.0,5.0,6.0,1,0,0.7071067811865476,-0.7071067811865475,0.43388373911755823,-0.900968867902419
ST04,2026-07-23,10,3,0,6,40.63333333333333,55.666666666666664,59.46666666666667,25.0,3,5.666666666666667,3.3333333333333335,2.4166666666666665,6.0,6.0,1,0,0.49999999999999994,-0.8660254037844387,0.43388373911755823,-0.900968867902419
ST04,2026-07-23,11,3,0,4,38.6,102.5,29.125,24.75,3,5.333333333333333,3.8333333333333335,2.5833333333333335,6.0,3.0,0,0,0.258819045102521,-0.9659258262890682,0.43388373911755823,-0.900968867902419
ST04,2026-07-23,12,3,0,3,29.399999999999995,64.66666666666667,52.4,31.333333333333332,3,4.333333333333333,4.166666666666667,2.6666666666666665,4.0,4.0,0,0,1.2246467991473532e-16,-1.0,0.43388373911755823,-0.900968867902419
ST04,2026-07-23,13,3,0,4,32.275,95.5,34.724999999999994,22.5,3,3.6666666666666665,4.666666666666667,2.9166666666666665,3.0,4.0,0,0,-0.2588190451025208,-0.9659258262890683,0.43388373911755823,-0.900968867902419
ST04,2026-07-23,14,3,0,3,31.0,47.333333333333336,47.0,31.666666666666668,3,3.3333333333333335,4.333333333333333,3.0,4.0,3.0,0,0,-0.4999999999999997,-0.8660254037844388,0.43388373911755823,-0.900968867902419
ST04,2026-07-23,15,3,0,3,46.36666666666667,86.66666666666667,38.4,23.0,3,3.3333333333333335,3.8333333333333335,3.1666666666666665,3.0,3.0,0,0,-0.7071067811865471,-0.7071067811865479,0.43388373911755823,-0.900968867902419
ST04,2026-07-23,16,3,0,3,25.666666666666668,44.0,44.86666666666667,37.0,3,3.0,3.3333333333333335,3.3333333333333335,3.0,3.0,0,0,-0.8660254037844385,-0.5000000000000004,0.43388373911755823,-0.900968867902419
ST04,2026-07-23,17,3,0,6,30.016666666666666,75.33333333333333,35.36666666666667,33.166666666666664,3,4.0,3.6666666666666665,3.75,3.0,6.0,0,1,-0.9659258262890683,-0.25881904510252063,0.43388373911755823,-0.900968867902419
ST04,2026-07-23,18,3,0,6,31.28333333333333,58.666666666666664,41.516666666666666,29.333333333333332,3,5.0,4.166666666666667,4.166666666666667,6.0,6.0,0,1,-1.0,-1.8369701987210297e-16,0.43388373911755823,-0.900968867902419
ST04,2026-07-23,19,3,0,6,33.1,85.33333333333333,43.48333333333333,31.833333333333332,3,6.0,4.5,4.583333333333333,6.0,6.0,0,1,-0.9659258262890684,0.2588190451025203,0.43388373911755823,-0.900968867902419
ST04,2026-07-23,20,3,0,6,32.4,88.66666666666667,28.849999999999998,37.0,3,6.0,5.0,4.666666666666667,6.0,6.0,0,1,-0.8660254037844386,0.5000000000000001,0.43388373911755823,-0.900968867902419
ST04,2026-07-23,21,3,0,1,42.0,120.0,21.0,23.0,3,4.333333333333333,4.666666666666667,4.25,6.0,1.0,0,0,-0.7071067811865477,0.7071067811865474,0.43388373911755823,-0.900968867902419
ST04,2026-07-23,22,3,0,2,29.05,85.0,24.15,35.0,3,3.0,4.5,3.9166666666666665,1.0,1.0,0,0,-0.5000000000000004,0.8660254037844384,0.43388373911755823,-0.900968867902419
ST04,2026-07-23,23,3,0,2,28.200000000000003,135.0,13.3,32.5,3,1.6666666666666667,3.8333333333333335,3.75,2.0,2.0,0,0,-0.25881904510252157,0.9659258262890681,0.43388373911755823,-0.900968867902419
ST04,2026-07-24,0,4,0,2,25.5,71.0,45.35,37.5,3,2.0,3.1666666666666665,3.6666666666666665,2.0,2.0,0,0,0.0,1.0,-0.433883739117558,-0.9009688679024191
ST04,2026-07-24,1,4,0,2,22.3,120.0,11.149999999999999,40.5,3,2.0,2.5,3.5,2.0,1.0,0,0,0.25881904510252074,0.9659258262890683,-0.433883739117558,-0.9009688679024191
ST04,2026-07-24,2,4,0,1,27.2,120.0,13.6,19.0,3,1.6666666666666667,1.6666666666666667,3.3333333333333335,2.0,2.0,0,0,0.49999999999999994,0.8660254037844387,-0.433883739117558,-0.9009688679024191
ST04,2026-07-24,3,4,0,1,33.6,150.0,13.4,42.0,3,1.3333333333333333,1.6666666666666667,3.1666666666666665,1.0,1.0,0,0,0.7071067811865476,0.7071067811865476,-0.433883739117558,-0.9009688679024191
ST04,2026-07-24,4,4,0,2,24.05,85.0,17.6,32.5,3,1.3333333333333333,1.6666666666666667,3.0833333333333335,1.0,1.0,0,0,0.8660254037844386,0.5000000000000001,-0.433883739117558,-0.9009688679024191
ST04,2026-07-24,5,4,0,2,38.65,86.0,77.1,24.0,3,1.6666666666666667,1.6666666666666667,2.75,2.0,1.0,0,0,0.9659258262890683,0.25881904510252074,-0.433883739117558,-0.9009688679024191
ST04,2026-07-24,6,4,0,2,23.9,100.0,19.15,20.5,3,2.0,1.6666666666666667,2.4166666666666665,2.0,1.0,0,0,1.0,6.123233995736766e-17,-0.433883739117558,-0.9009688679024191
ST04,2026-07-24,7,4,0,1,31.2,22.0,85.1,29.0,3,1.6666666666666667,1.5,2.0,2.0,1.0,0,0,0.9659258262890683,-0.25881904510252063,-0.433883739117558,-0.9009688679024191
ST04,2026-07-24,8,4,0,5,22.64,60.4,28.119999999999997,41.0,3,2.6666666666666665,2.1666666666666665,1.9166666666666667,1.0,5.0,1,0,0.8660254037844387,-0.4999999999999998,-0.433883739117558,-0.9009688679024191
ST04,2026-07-24,9,4,0,5,35.339999999999996,60.4,46.879999999999995,22.2,3,3.6666666666666665,2.8333333333333335,2.25,5.0,6.0,1,0,0.7071067811865476,-0.7071067811865475,-0.433883739117558,-0.9009688679024191
ST04,2026-07-24,10,4,0,5,33.14,104.4,32.760000000000005,23.0,3,5.0,3.3333333333333335,2.5,5.0,6.0,1,0,0.49999999999999994,-0.8660254037844387,-0.433883739117558,-0.9009688679024191
ST04,2026-07-24,11,4,0,4,28.775,70.5,39.1,32.0,3,4.666666666666667,3.6666666666666665,2.6666666666666665,5.0,4.0,0,0,0.258819045102521,-0.9659258262890682,-0.433883739117558,-0.9009688679024191
ST04,2026-07-24,12,4,0,3,24.666666666666668,107.33333333333333,27.066666666666666,33.333333333333336,3,4.0,3.8333333333333335,2.75,4.0,3.0,0,0,1.2246467991473532e-16,-1.0,-0.433883739117558,-0.9009688679024191
ST04,2026-07-24,13,4,0,3,45.03333333333333,80.0,35.699999999999996,15.333333333333334,3,3.3333333333333335,4.166666666666667,2.8333333333333335,3.0,4.0,0,0,-0.2588190451025208,-0.9659258262890683,-0.433883739117558,-0.9009688679024191
ST04,2026-07-24,14,4,0,3,33.03333333333333,97.33333333333333,38.766666666666666,35.666666666666664,3,3.0,3.8333333333333335,3.0,3.0,3.0,0,0,-0.4999999999999997,-0.8660254037844388,-0.433883739117558,-0.9009688679024191
ST04,2026-07-24,15,4,0,4,29.025000000000002,80.0,24.2,34.75,3,3.3333333333333335,3.6666666666666665,3.25,3.0,3.0,0,0,-0.7071067811865471,-0.7071067811865479,-0.433883739117558,-0.9009688679024191
ST04,2026-07-24,16,4,0,4,32.35,80.0,28.2,23.25,3,3.6666666666666665,3.5,3.4166666666666665,4.0,3.0,0,0,-0.8660254037844385,-0.5000000000000004,-0.433883739117558,-0.9009688679024191
ST04,2026-07-24,17,4,0,6,33.06666666666667,52.0,42.35,25.333333333333332,3,4.666666666666667,3.8333333333333335,3.75,4.0,6.0,0,1,-0.9659258262890683,-0.25881904510252063,-0.433883739117558,-0.9009688679024191
ST04,2026-07-24,18,4,0,6,30.616666666666664,77.0,33.733333333333334,29.333333333333332,3,5.333333333333333,4.333333333333333,4.083333333333333,6.0,6.0,0,1,-1.0,-1.8369701987210297e-16,-0.433883739117558,-0.9009688679024191
ST04,2026-07-24,19,4,0,6,32.666666666666664,83.33333333333333,26.916666666666668,32.166666666666664,3,6.0,4.833333333333333,4.5,6.0,6.0,0,1,-0.9659258262890684,0.2588190451025203,-0.433883739117558,-0.9009688679024191
ST04,2026-07-24,20,4,0,6,35.4,74.0,52.15,25.0,3,6.0,5.333333333333333,4.583333333333333,6.0,6.0,0,1,-0.8660254037844386,0.5000000000000001,-0.433883739117558,-0.9009688679024191
ST04,2026-07-24,21,4,0,2,21.700000000000003,36.0,44.949999999999996,40.5,3,4.666666666666667,5.0,4.333333333333333,6.0,1.0,0,0,-0.7071067811865477,0.7071067811865474,-0.433883739117558,-0.9009688679024191
ST04,2026-07-24,22,4,0,1,16.9,150.0,6.8,34.0,3,3.0,4.5,4.0,2.0,2.0,0,0,-0.5000000000000004,0.8660254037844384,-0.433883739117558,-0.9009688679024191
ST04,2026-07-24,23,4,0,2,20.6,86.0,26.05,34.5,3,1.6666666666666667,3.8333333333333335,3.8333333333333335,1.0,2.0,0,0,-0.25881904510252157,0.9659258262890681,-0.433883739117558,-0.9009688679024191
ST04,2026-07-25,0,5,1,2,37.2,135.0,16.4,40.0,3,1.6666666666666667,3.1666666666666665,3.75,2.0,2.0,0,0,0.0,1.0,-0.9749279121818236,-0.2225209339563146
ST04,2026-07-25,1,5,1,2,27.85,41.0,56.800000000000004,39.5,3,2.0,2.5,3.6666666666666665,2.0,2.0,0,0,0.25881904510252074,0.9659258262890683,-0.9749279121818236,-0.2225209339563146
ST04,2026-07-25,2,5,1,2,36.85,36.0,68.15,17.5,3,2.0,1.8333333333333333,3.5833333333333335,2.0,1.0,0,0,0.49999999999999994,0.8660254037844387,-0.9749279121818236,-0.2225209339563146
ST04,2026-07-25,3,5,1,2,21.55,135.0,9.55,39.0,3,2.0,1.8333333333333333,3.4166666666666665,2.0,1.0,0,0,0.7071067811865476,0.7071067811865476,-0.9749279121818236,-0.2225209339563146
ST04,2026-07-25,4,5,1,2,27.3,36.0,54.5,45.0,3,2.0,2.0,3.25,2.0,2.0,0,0,0.8660254037844386,0.5000000000000001,-0.9749279121818236,-0.2225209339563146
ST04,2026-07-25,5,5,1,2,37.5,60.0,37.5,14.0,3,2.0,2.0,2.9166666666666665,2.0,2.0,0,0,0.9659258262890683,0.25881904510252074,-0.9749279121818236,-0.2225209339563146
ST04,2026-07-25,6,5,1,2,27.1,41.0,60.849999999999994,28.5,3,2.0,2.0,2.5833333333333335,2.0,2.0,0,0,1.0,6.123233995736766e-17,-0.9749279121818236,-0.2225209339563146
ST04,2026-07-25,7,5,1,2,33.5,85.0,31.1,28.0,3,2.0,2.0,2.25,2.0,1.0,0,0,0.9659258262890683,-0.25881904510252063,-0.9749279121818236,-0.2225209339563146
ST04,2026-07-25,8,5,1,2,20.4,36.0,40.3,47.5,3,2.0,2.0,1.9166666666666667,2.0,5.0,1,0,0.8660254037844387,-0.4999999999999998,-0.9749279121818236,-0.2225209339563146
ST04,2026-07-25,9,5,1,2,30.299999999999997,105.0,21.5,30.0,3,2.0,2.0,1.9166666666666667,2.0,5.0,1,0,0.7071067811865476,-0.7071067811865475,-0.9749279121818236,-0.2225209339563146
ST04,2026-07-25,10,5,1,4,27.125,110.5,24.425,31.5,3,2.6666666666666665,2.3333333333333335,2.1666666666666665,2.0,5.0,1,0,0.49999999999999994,-0.8660254037844387,-0.9749279121818236,-0.2225209339563146
ST04,2026-07-25,11,5,1,4,34.8,85.5,40.45,23.5,3,3.3333333333333335,2.6666666666666665,2.3333333333333335,4.0,4.0,0,0,0.258819045102521,-0.9659258262890682,-0.9749279121818236,-0.2225209339563146
ST04,2026-07-25,12,5,1,5,25.56,72.8,35.8,37.0,3,4.333333333333333,3.1666666666666665,2.5833333333333335,4.0,3.0,0,0,1.2246467991473532e-16,-1.0,-0.9749279121818236,-0.2225209339563146
ST04,2026-07-25,13,5,1,5,39.54,47.2,78.7,26.8,3,4.666666666666667,3.6666666666666665,2.8333333333333335,5.0,3.0,0,0,-0.2588190451025208,-0.9659258262890683,-0.9749279121818236,-0.2225209339563146
ST04,2026-07-25,14,5,1,5,26.339999999999996,35.2,53.98,33.0,3,5.0,4.166666666666667,3.0833333333333335,5.0,3.0,0,0,-0.4999999999999997,-0.8660254037844388,-0.9749279121818236,-0.2225209339563146
ST04,2026-07-25,15,5,1,4,31.275,50.5,42.9,21.75,3,4.666666666666667,4.5,3.25,5.0,4.0,0,0,-0.7071067811865471,-0.7071067811865479,-0.9749279121818236,-0.2225209339563146
ST04,2026-07-25,16,5,1,4,39.55,110.0,23.625,21.5,3,4.333333333333333,4.5,3.4166666666666665,4.0,4.0,0,0,-0.8660254037844385,-0.5000000000000004,-0.9749279121818236,-0.2225209339563146
ST04,2026-07-25,17,5,1,4,27.900000000000002,38.5,56.35,32.0,3,4.0,4.5,3.5833333333333335,4.0,6.0,0,1,-0.9659258262890683,-0.25881904510252063,-0.9749279121818236,-0.2225209339563146
ST04,2026-07-25,18,5,1,4,32.625,110.0,21.55,33.75,3,4.0,4.333333333333333,3.75,4.0,6.0,0,1,-1.0,-1.8369701987210297e-16,-0.9749279121818236,-0.2225209339563146
ST04,2026-07-25,19,5,1,4,33.575,45.5,49.325,25.0,3,4.0,4.166666666666667,3.9166666666666665,4.0,6.0,0,1,-0.9659258262890684,0.2588190451025203,-0.9749279121818236,-0.2225209339563146
ST04,2026-07-25,20,5,1,2,28.0,86.0,47.699999999999996,36.0,3,3.3333333333333335,3.6666666666666665,3.9166666666666665,4.0,6.0,0,1,-0.8660254037844386,0.5000000000000001,-0.9749279121818236,-0.2225209339563146
ST04,2026-07-25,21,5,1,2,28.65,55.0,30.450000000000003,29.5,3,2.6666666666666665,3.3333333333333335,3.9166666666666665,2.0,2.0,0,0,-0.7071067811865477,0.7071067811865474,-0.9749279121818236,-0.2225209339563146
ST04,2026-07-25,22,5,1,2,47.7,86.0,74.0,15.5,3,2.0,3.0,3.75,2.0,1.0,0,0,-0.5000000000000004,0.8660254037844384,-0.9749279121818236,-0.2225209339563146
ST04,2026-07-25,23,5,1,2,46.5,22.0,126.8,17.0,3,2.0,2.6666666666666665,3.5833333333333335,2.0,2.0,0,0,-0.25881904510252157,0.9659258262890681,-0.9749279121818236,-0.2225209339563146
ST04,2026-07-26,0,6,1,2,27.2,90.0,20.7,33.0,3,2.0,2.3333333333333335,3.3333333333333335,2.0,2.0,0,0,0.0,1.0,-0.7818314824680299,0.6234898018587334
ST04,2026-07-26,1,6,1,2,17.15,71.0,31.65,41.5,3,2.0,2.0,3.0833333333333335,2.0,2.0,0,0,0.25881904510252074,0.9659258262890683,-0.7818314824680299,0.6234898018587334
ST04,2026-07-26,2,6,1,2,28.299999999999997,85.0,19.85,29.5,3,2.0,2.0,2.8333333333333335,2.0,2.0,0,0,0.49999999999999994,0.8660254037844387,-0.7818314824680299,0.6234898018587334
ST04,2026-07-26,3,6,1,2,28.8,135.0,13.2,29.5,3,2.0,2.0,2.6666666666666665,2.0,2.0,0,0,0.7071067811865476,0.7071067811865476,-0.7818314824680299,0.6234898018587334
ST04,2026-07-26,4,6,1,2,35.8,50.0,42.95,27.0,3,2.0,2.0,2.5,2.0,2.0,0,0,0.8660254037844386,0.5000000000000001,-0.7818314824680299,0.6234898018587334
ST04,2026-07-26,5,6,1,2,38.6,60.0,38.6,14.0,3,2.0,2.0,2.3333333333333335,2.0,2.0,0,0,0.9659258262890683,0.25881904510252074,-0.7818314824680299,0.6234898018587334
ST04,2026-07-26,6,6,1,2,31.45,90.0,26.299999999999997,37.0,3,2.0,2.0,2.1666666666666665,2.0,2.0,0,0,1.0,6.123233995736766e-17,-0.7818314824680299,0.6234898018587334
ST04,2026-07-26,7,6,1,2,33.45,105.0,18.55,36.5,3,2.0,2.0,2.0,2.0,2.0,0,0,0.9659258262890683,-0.25881904510252063,-0.7818314824680299,0.6234898018587334
ST04,2026-07-26,8,6,1,2,22.55,55.0,24.75,43.0,3,2.0,2.0,2.0,2.0,2.0,1,0,0.8660254037844387,-0.4999999999999998,-0.7818314824680299,0.6234898018587334
ST04,2026-07-26,9,6,1,2,24.450000000000003,100.0,21.7,36.5,3,2.0,2.0,2.0,2.0,2.0,1,0,0.7071067811865476,-0.7071067811865475,-0.7818314824680299,0.6234898018587334
ST04,2026-07-26,10,6,1,4,30.25,61.0,57.275000000000006,39.5,3,2.6666666666666665,2.3333333333333335,2.1666666666666665,2.0,4.0,1,0,0.49999999999999994,-0.8660254037844387,-0.7818314824680299,0.6234898018587334
ST04,2026-07-26,11,6,1,5,35.8,64.4,44.94,24.8,3,3.6666666666666665,2.8333333333333335,2.4166666666666665,4.0,4.0,0,0,0.258819045102521,-0.9659258262890682,-0.7818314824680299,0.6234898018587334
ST04,2026-07-26,12,6,1,4,46.8,80.0,42.3,12.75,3,4.333333333333333,3.1666666666666665,2.5833333333333335,5.0,5.0,0,0,1.2246467991473532e-16,-1.0,-0.7818314824680299,0.6234898018587334
ST04,2026-07-26,13,6,1,5,29.26,92.0,24.759999999999998,36.2,3,4.666666666666667,3.6666666666666665,2.8333333333333335,4.0,5.0,0,0,-0.2588190451025208,-0.9659258262890683,-0.7818314824680299,0.6234898018587334
ST04,2026-07-26,14,6,1,5,36.28,88.0,30.78,27.6,3,4.666666666666667,4.166666666666667,3.0833333333333335,5.0,5.0,0,0,-0.4999999999999997,-0.8660254037844388,-0.7818314824680299,0.6234898018587334
ST04,2026-07-26,15,6,1,4,31.425,110.5,29.6,33.25,3,4.666666666666667,4.5,3.25,5.0,4.0,0,0,-0.7071067811865471,-0.7071067811865479,-0.7818314824680299,0.6234898018587334
ST04,2026-07-26,16,6,1,4,34.974999999999994,72.5,32.824999999999996,26.0,3,4.333333333333333,4.5,3.4166666666666665,4.0,4.0,0,0,-0.8660254037844385,-0.5000000000000004,-0.7818314824680299,0.6234898018587334
ST04,2026-07-26,17,6,1,4,40.075,92.5,32.475,23.25,3,4.0,4.333333333333333,3.5833333333333335,4.0,4.0,0,1,-0.9659258262890683,-0.25881904510252063,-0.7818314824680299,0.6234898018587334
ST04,2026-07-26,18,6,1,4,23.925,56.0,40.775,28.25,3,4.0,4.333333333333333,3.75,4.0,4.0,0,1,-1.0,-1.8369701987210297e-16,-0.7818314824680299,0.6234898018587334
ST04,2026-07-26,19,6,1,4,27.675,67.5,25.95,29.0,3,4.0,4.166666666666667,3.9166666666666665,4.0,4.0,0,1,-0.9659258262890684,0.2588190451025203,-0.7818314824680299,0.6234898018587334
ST04,2026-07-26,20,6,1,2,32.95,100.0,26.5,36.0,3,3.3333333333333335,3.6666666666666665,3.9166666666666665,4.0,2.0,0,1,-0.8660254037844386,0.5000000000000001,-0.7818314824680299,0.6234898018587334
ST04,2026-07-26,21,6,1,2,21.5,105.0,15.5,42.0,3,2.6666666666666665,3.3333333333333335,3.9166666666666665,2.0,2.0,0,0,-0.7071067811865477,0.7071067811865474,-0.7818314824680299,0.6234898018587334
ST04,2026-07-26,22,6,1,2,37.45,105.0,28.0,19.0,3,2.0,3.0,3.75,2.0,2.0,0,0,-0.5000000000000004,0.8660254037844384,-0.7818314824680299,0.6234898018587334
ST04,2026-07-26,23,6,1,2,28.200000000000003,100.0,21.8,27.5,3,2.0,2.6666666666666665,3.5,2.0,2.0,0,0,-0.25881904510252157,0.9659258262890681,-0.7818314824680299,0.6234898018587334
ST04,2026-07-27,0,0,0,1,44.1,120.0,22.1,14.0,3,1.6666666666666667,2.1666666666666665,3.25,2.0,2.0,0,0,0.0,1.0,0.0,1.0
ST04,2026-07-27,1,0,0,2,23.85,85.0,20.2,38.0,3,1.6666666666666667,1.8333333333333333,3.0,1.0,2.0,0,0,0.25881904510252074,0.9659258262890683,0.0,1.0
ST04,2026-07-27,2,0,0,1,29.9,120.0,14.9,16.0,3,1.3333333333333333,1.6666666666666667,2.6666666666666665,2.0,2.0,0,0,0.49999999999999994,0.8660254037844387,0.0,1.0
ST04,2026-07-27,3,0,0,1,40.6,150.0,16.2,15.0,3,1.3333333333333333,1.5,2.4166666666666665,1.0,2.0,0,0,0.7071067811865476,0.7071067811865476,0.0,1.0
ST04,2026-07-27,4,0,0,2,25.4,100.0,18.75,30.5,3,1.3333333333333333,1.5,2.25,1.0,2.0,0,0,0.8660254037844386,0.5000000000000001,0.0,1.0
ST04,2026-07-27,5,0,0,1,30.6,60.0,30.6,23.0,3,1.3333333333333333,1.3333333333333333,2.0,2.0,2.0,0,0,0.9659258262890683,0.25881904510252074,0.0,1.0
ST04,2026-07-27,6,0,0,1,54.3,60.0,54.3,15.0,3,1.3333333333333333,1.3333333333333333,1.75,1.0,2.0,0,0,1.0,6.123233995736766e-17,0.0,1.0
ST04,2026-07-27,7,0,0,1,22.7,50.0,27.2,46.0,3,1.0,1.1666666666666667,1.5,1.0,2.0,0,0,0.9659258262890683,-0.25881904510252063,0.0,1.0
ST04,2026-07-27,8,0,0,5,32.48,42.8,61.42,33.8,3,2.3333333333333335,1.8333333333333333,1.75,1.0,2.0,1,0,0.8660254037844387,-0.4999999999999998,0.0,1.0
ST04,2026-07-27,9,0,0,6,39.21666666666667,98.33333333333333,29.766666666666666,31.333333333333332,3,4.0,2.6666666666666665,2.0833333333333335,5.0,2.0,1,0,0.7071067811865476,-0.7071067811865475,0.0,1.0
ST04,2026-07-27,10,0,0,6,29.150000000000002,59.0,39.166666666666664,35.5,3,5.666666666666667,3.3333333333333335,2.4166666666666665,6.0,4.0,1,0,0.49999999999999994,-0.8660254037844387,0.0,1.0
ST04,2026-07-27,11,0,0,3,24.266666666666666,74.0,37.266666666666666,33.666666666666664,3,5.0,3.6666666666666665,2.5,6.0,5.0,0,0,0.258819045102521,-0.9659258262890682,0.0,1.0
ST04,2026-07-27,12,0,0,3,25.400000000000002,80.0,19.066666666666666,39.666666666666664,3,4.0,4.0,2.6666666666666665,3.0,4.0,0,0,1.2246467991473532e-16,-1.0,0.0,1.0
ST04,2026-07-27,13,0,0,3,36.166666666666664,64.0,57.633333333333326,28.333333333333332,3,3.0,4.333333333333333,2.75,3.0,5.0,0,0,-0.2588190451025208,-0.9659258262890683,0.0,1.0
ST04,2026-07-27,14,0,0,3,32.5,86.66666666666667,29.333333333333332,29.666666666666668,3,3.0,4.0,2.9166666666666665,3.0,5.0,0,0,-0.4999999999999997,-0.8660254037844388,0.0,1.0
ST04,2026-07-27,15,0,0,3,27.833333333333332,107.33333333333333,22.433333333333334,29.666666666666668,3,3.0,3.5,3.0833333333333335,3.0,4.0,0,0,-0.7071067811865471,-0.7071067811865479,0.0,1.0
ST04,2026-07-27,16,0,0,4,41.4,36.0,73.775,27.75,3,3.3333333333333335,3.1666666666666665,3.25,3.0,4.0,0,0,-0.8660254037844385,-0.5000000000000004,0.0,1.0
ST04,2026-07-27,17,0,0,6,37.31666666666667,70.66666666666667,60.23333333333333,24.666666666666668,3,4.333333333333333,3.6666666666666665,3.6666666666666665,4.0,4.0,0,1,-0.9659258262890683,-0.25881904510252063,0.0,1.0
ST04,2026-07-27,18,0,0,6,34.88333333333333,96.66666666666667,27.96666666666667,30.666666666666668,3,5.333333333333333,4.166666666666667,4.083333333333333,6.0,4.0,0,1,-1.0,-1.8369701987210297e-16,0.0,1.0
ST04,2026-07-27,19,0,0,6,31.05,100.0,20.400000000000002,25.833333333333332,3,6.0,4.666666666666667,4.5,6.0,4.0,0,1,-0.9659258262890684,0.2588190451025203,0.0,1.0
ST04,2026-07-27,20,0,0,6,29.066666666666666,113.66666666666667,19.583333333333332,32.666666666666664,3,6.0,5.166666666666667,4.583333333333333,6.0,2.0,0,1,-0.8660254037844386,0.5000000000000001,0.0,1.0
ST04,2026-07-27,21,0,0,2,32.85,36.0,58.85,28.5,3,4.666666666666667,5.0,4.25,6.0,2.0,0,0,-0.7071067811865477,0.7071067811865474,0.0,1.0
ST04,2026-07-27,22,0,0,2,27.85,85.0,26.4,34.5,3,3.3333333333333335,4.666666666666667,3.9166666666666665,2.0,2.0,0,0,-0.5000000000000004,0.8660254037844384,0.0,1.0
ST04,2026-07-27,23,0,0,1,47.9,120.0,23.9,14.0,3,1.6666666666666667,3.8333333333333335,3.75,2.0,2.0,0,0,-0.25881904510252157,0.9659258262890681,0.0,1.0
ST04,2026-07-28,0,1,0,1,37.1,150.0,14.8,15.0,3,1.3333333333333333,3.0,3.5833333333333335,1.0,1.0,0,0,0.0,1.0,0.7818314824680298,0.6234898018587336
ST04,2026-07-28,1,1,0,2,20.35,85.0,18.4,43.0,3,1.3333333333333333,2.3333333333333335,3.5,1.0,2.0,0,0,0.25881904510252074,0.9659258262890683,0.7818314824680298,0.6234898018587336
ST04,2026-07-28,2,1,0,1,47.8,150.0,19.1,23.0,3,1.3333333333333333,1.5,3.3333333333333335,2.0,1.0,0,0,0.49999999999999994,0.8660254037844387,0.7818314824680298,0.6234898018587336
ST04,2026-07-28,3,1,0,1,27.2,120.0,13.6,43.0,3,1.3333333333333333,1.3333333333333333,3.1666666666666665,1.0,1.0,0,0,0.7071067811865476,0.7071067811865476,0.7818314824680298,0.6234898018587336
ST04,2026-07-28,4,1,0,1,37.0,22.0,100.9,21.0,3,1.0,1.1666666666666667,2.9166666666666665,1.0,2.0,0,0,0.8660254037844386,0.5000000000000001,0.7818314824680298,0.6234898018587336
ST04,2026-07-28,5,1,0,1,32.5,50.0,39.0,12.0,3,1.0,1.1666666666666667,2.5,1.0,1.0,0,0,0.9659258262890683,0.25881904510252074,0.7818314824680298,0.6234898018587336
ST04,2026-07-28,6,1,0,2,33.95,90.0,22.6,28.5,3,1.3333333333333333,1.3333333333333333,2.1666666666666665,1.0,1.0,0,0,1.0,6.123233995736766e-17,0.7818314824680298,0.6234898018587336
ST04,2026-07-28,7,1,0,1,29.8,50.0,35.8,22.0,3,1.3333333333333333,1.1666666666666667,1.75,2.0,1.0,0,0,0.9659258262890683,-0.25881904510252063,0.7818314824680298,0.6234898018587336
ST04,2026-07-28,8,1,0,5,34.72,82.4,36.0,30.8,3,2.6666666666666665,1.8333333333333333,1.6666666666666667,1.0,5.0,1,0,0.8660254037844387,-0.4999999999999998,0.7818314824680298,0.6234898018587336
ST04,2026-07-28,9,1,0,5,26.7,60.8,38.8,35.0,3,3.6666666666666665,2.5,1.9166666666666667,5.0,6.0,1,0,0.7071067811865476,-0.7071067811865475,0.7818314824680298,0.6234898018587336
ST04,2026-07-28,10,1,0,6,32.93333333333334,82.0,43.06666666666666,27.666666666666668,3,5.333333333333333,3.3333333333333335,2.25,5.0,6.0,1,0,0.49999999999999994,-0.8660254037844387,0.7818314824680298,0.6234898018587336
ST04,2026-07-28,11,1,0,3,29.03333333333333,90.0,24.2,26.0,3,4.666666666666667,3.6666666666666665,2.4166666666666665,6.0,3.0,0,0,0.258819045102521,-0.9659258262890682,0.7818314824680298,0.6234898018587336
ST04,2026-07-28,12,1,0,3,33.63333333333333,77.33333333333333,44.29999999999999,27.666666666666668,3,4.0,3.8333333333333335,2.5833333333333335,3.0,3.0,0,0,1.2246467991473532e-16,-1.0,0.7818314824680298,0.6234898018587336
ST04,2026-07-28,13,1,0,3,31.3,97.33333333333333,47.5,25.666666666666668,3,3.0,4.166666666666667,2.6666666666666665,3.0,3.0,0,0,-0.2588190451025208,-0.9659258262890683,0.7818314824680298,0.6234898018587336
ST04,2026-07-28,14,1,0,3,32.06666666666667,44.0,52.23333333333333,25.333333333333332,3,3.0,3.8333333333333335,2.8333333333333335,3.0,3.0,0,0,-0.4999999999999997,-0.8660254037844388,0.7818314824680298,0.6234898018587336
ST04,2026-07-28,15,1,0,4,28.05,61.0,46.825,39.0,3,3.3333333333333335,3.6666666666666665,3.0833333333333335,3.0,3.0,0,0,-0.7071067811865471,-0.7071067811865479,0.7818314824680298,0.6234898018587336
ST04,2026-07-28,16,1,0,3,23.233333333333334,80.0,19.133333333333333,36.666666666666664,3,3.3333333333333335,3.1666666666666665,3.25,4.0,4.0,0,0,-0.8660254037844385,-0.5000000000000004,0.7818314824680298,0.6234898018587336
ST04,2026-07-28,17,1,0,6,25.53333333333333,105.0,16.716666666666665,35.333333333333336,3,4.333333333333333,3.6666666666666665,3.6666666666666665,3.0,6.0,0,1,-0.9659258262890683,-0.25881904510252063,0.7818314824680298,0.6234898018587336
ST04,2026-07-28,18,1,0,6,30.3,91.66666666666667,23.416666666666668,37.666666666666664,3,5.0,4.166666666666667,4.0,6.0,6.0,0,1,-1.0,-1.8369701987210297e-16,0.7818314824680298,0.6234898018587336
ST04,2026-07-28,19,1,0,6,35.18333333333333,57.333333333333336,58.300000000000004,28.333333333333332,3,6.0,4.666666666666667,4.416666666666667,6.0,6.0,0,1,-0.9659258262890684,0.2588190451025203,0.7818314824680298,0.6234898018587336
ST04,2026-07-28,20,1,0,6,36.93333333333334,90.33333333333333,38.300000000000004,23.833333333333332,3,6.0,5.166666666666667,4.5,6.0,6.0,0,1,-0.8660254037844386,0.5000000000000001,0.7818314824680298,0.6234898018587336
ST04,2026-07-28,21,1,0,1,51.8,120.0,25.9,23.0,3,4.333333333333333,4.666666666666667,4.166666666666667,6.0,2.0,0,0,-0.7071067811865477,0.7071067811865474,0.7818314824680298,0.6234898018587336
ST04,2026-07-28,22,1,0,2,24.15,105.0,16.45,29.5,3,3.0,4.5,3.8333333333333335,1.0,2.0,0,0,-0.5000000000000004,0.8660254037844384,0.7818314824680298,0.6234898018587336
ST04,2026-07-28,23,1,0,1,35.1,22.0,95.7,25.0,3,1.3333333333333333,3.6666666666666665,3.6666666666666665,2.0,1.0,0,0,-0.25881904510252157,0.9659258262890681,0.7818314824680298,0.6234898018587336
ST04,2026-07-29,0,2,0,1,32.1,120.0,16.1,20.0,3,1.3333333333333333,2.8333333333333335,3.5,1.0,1.0,0,0,0.0,1.0,0.9749279121818236,-0.22252093395631434
ST04,2026-07-29,1,2,0,1,24.5,150.0,9.8,29.0,3,1.0,2.0,3.3333333333333335,1.0,2.0,0,0,0.25881904510252074,0.9659258262890683,0.9749279121818236,-0.22252093395631434
ST04,2026-07-29,2,2,0,2,22.0,86.0,32.05,25.5,3,1.3333333333333333,1.3333333333333333,3.25,1.0,1.0,0,0,0.49999999999999994,0.8660254037844387,0.9749279121818236,-0.22252093395631434
ST04,2026-07-29,3,2,0,2,40.4,150.0,16.15,27.5,3,1.6666666666666667,1.5,3.0833333333333335,2.0,1.0,0,0,0.7071067811865476,0.7071067811865476,0.9749279121818236,-0.22252093395631434
ST04,2026-07-29,4,2,0,1,30.5,22.0,83.2,29.0,3,1.6666666666666667,1.3333333333333333,2.9166666666666665,2.0,1.0,0,0,0.8660254037844386,0.5000000000000001,0.9749279121818236,-0.22252093395631434
ST04,2026-07-29,5,2,0,2,19.15,85.0,17.15,45.0,3,1.6666666666666667,1.5,2.5833333333333335,1.0,1.0,0,0,0.9659258262890683,0.25881904510252074,0.9749279121818236,-0.22252093395631434
ST04,2026-07-29,6,2,0,2,43.55,100.0,37.25,28.5,3,1.6666666666666667,1.6666666666666667,2.25,2.0,2.0,0,0,1.0,6.123233995736766e-17,0.9749279121818236,-0.22252093395631434
ST04,2026-07-29,7,2,0,1,21.2,120.0,10.6,47.0,3,1.6666666666666667,1.6666666666666667,1.8333333333333333,2.0,1.0,0,0,0.9659258262890683,-0.25881904510252063,0.9749279121818236,-0.22252093395631434
ST04,2026-07-29,8,2,0,6,36.949999999999996,77.0,49.949999999999996,22.166666666666668,3,3.0,2.3333333333333335,1.8333333333333333,1.0,5.0,1,0,0.8660254037844387,-0.4999999999999998,0.9749279121818236,-0.22252093395631434
ST04,2026-07-29,9,2,0,5,34.58,66.4,50.04,27.2,3,4.0,2.8333333333333335,2.1666666666666665,6.0,5.0,1,0,0.7071067811865476,-0.7071067811865475,0.9749279121818236,-0.22252093395631434
ST04,2026-07-29,10,2,0,5,37.839999999999996,112.0,25.48,29.6,3,5.333333333333333,3.5,2.4166666666666665,5.0,6.0,1,0,0.49999999999999994,-0.8660254037844387,0.9749279121818236,-0.22252093395631434
ST04,2026-07-29,11,2,0,4,36.0,63.5,51.95,23.0,3,4.666666666666667,3.8333333333333335,2.6666666666666665,5.0,3.0,0,0,0.258819045102521,-0.9659258262890682,0.9749279121818236,-0.22252093395631434
ST04,2026-07-29,12,2,0,3,26.366666666666664,44.0,48.666666666666664,34.666666666666664,3,4.0,4.0,2.8333333333333335,4.0,3.0,0,0,1.2246467991473532e-16,-1.0,0.9749279121818236,-0.22252093395631434
ST04,2026-07-29,13,2,0,3,31.599999999999998,140.0,13.366666666666667,29.0,3,3.3333333333333335,4.333333333333333,3.0,3.0,3.0,0,0,-0.2588190451025208,-0.9659258262890683,0.9749279121818236,-0.22252093395631434
ST04,2026-07-29,14,2,0,3,30.3,97.33333333333333,49.900000000000006,36.0,3,3.0,3.8333333333333335,3.0833333333333335,3.0,3.0,0,0,-0.4999999999999997,-0.8660254037844388,0.9749279121818236,-0.22252093395631434
ST04,2026-07-29,15,2,0,3,39.699999999999996,73.33333333333333,36.9,34.333333333333336,3,3.0,3.5,3.1666666666666665,3.0,4.0,0,0,-0.7071067811865471,-0.7071067811865479,0.9749279121818236,-0.22252093395631434
ST04,2026-07-29,16,2,0,4,25.025,95.0,19.225,29.25,3,3.3333333333333335,3.3333333333333335,3.4166666666666665,3.0,3.0,0,0,-0.8660254037844385,-0.5000000000000004,0.9749279121818236,-0.22252093395631434
ST04,2026-07-29,17,2,0,6,32.4,52.333333333333336,51.199999999999996,30.666666666666668,3,4.333333333333333,3.6666666666666665,3.75,4.0,6.0,0,1,-0.9659258262890683,-0.25881904510252063,0.9749279121818236,-0.22252093395631434
ST04,2026-07-29,18,2,0,6,27.900000000000002,62.333333333333336,42.06666666666667,27.5,3,5.333333333333333,4.166666666666667,4.083333333333333,6.0,6.0,0,1,-1.0,-1.8369701987210297e-16,0.9749279121818236,-0.22252093395631434
ST04,2026-07-29,19,2,0,6,37.800000000000004,45.666666666666664,62.03333333333334,29.166666666666668,3,6.0,4.666666666666667,4.5,6.0,6.0,0,1,-0.9659258262890684,0.2588190451025203,0.9749279121818236,-0.22252093395631434
ST04,2026-07-29,20,2,0,6,26.583333333333332,88.66666666666667,25.583333333333332,34.5,3,6.0,5.166666666666667,4.5,6.0,6.0,0,1,-0.8660254037844386,0.5000000000000001,0.9749279121818236,-0.22252093395631434
ST04,2026-07-29,21,2,0,1,28.4,120.0,14.2,26.0,3,4.333333333333333,4.833333333333333,4.166666666666667,6.0,1.0,0,0,-0.7071067811865477,0.7071067811865474,0.9749279121818236,-0.22252093395631434
ST04,2026-07-29,22,2,0,2,26.200000000000003,150.0,10.45,32.0,3,3.0,4.5,3.9166666666666665,1.0,2.0,0,0,-0.5000000000000004,0.8660254037844384,0.9749279121818236,-0.22252093395631434
ST04,2026-07-29,23,2,0,1,27.2,50.0,32.6,48.0,3,1.3333333333333333,3.6666666666666665,3.6666666666666665,2.0,1.0,0,0,-0.25881904510252157,0.9659258262890681,0.9749279121818236,-0.22252093395631434
ST04,2026-07-30,0,3,0,1,20.8,120.0,10.4,33.0,3,1.3333333333333333,2.8333333333333335,3.5,1.0,1.0,0,0,0.0,1.0,0.43388373911755823,-0.900968867902419
ST04,2026-07-30,1,3,0,2,35.7,150.0,14.3,12.5,3,1.3333333333333333,2.1666666666666665,3.4166666666666665,1.0,1.0,0,0,0.25881904510252074,0.9659258262890683,0.43388373911755823,-0.900968867902419
ST04,2026-07-30,2,3,0,2,41.7,135.0,18.3,25.0,3,1.6666666666666667,1.5,3.3333333333333335,2.0,2.0,0,0,0.49999999999999994,0.8660254037844387,0.43388373911755823,-0.900968867902419
ST04,2026-07-30,3,3,0,1,22.1,60.0,22.1,50.0,3,1.6666666666666667,1.5,3.1666666666666665,2.0,2.0,0,0,0.7071067811865476,0.7071067811865476,0.43388373911755823,-0.900968867902419
ST04,2026-07-30,4,3,0,2,31.349999999999998,90.0,25.099999999999998,18.5,3,1.6666666666666667,1.5,3.0,1.0,1.0,0,0,0.8660254037844386,0.5000000000000001,0.43388373911755823,-0.900968867902419
ST04,2026-07-30,5,3,0,2,32.5,100.0,27.0,28.0,3,1.6666666666666667,1.6666666666666667,2.6666666666666665,2.0,2.0,0,0,0.9659258262890683,0.25881904510252074,0.43388373911755823,-0.900968867902419
ST04,2026-07-30,6,3,0,1,19.1,60.0,19.1,47.0,3,1.6666666666666667,1.6666666666666667,2.25,2.0,2.0,0,0,1.0,6.123233995736766e-17,0.43388373911755823,-0.900968867902419
ST04,2026-07-30,7,3,0,2,32.5,85.0,25.15,32.0,3,1.6666666666666667,1.6666666666666667,1.9166666666666667,1.0,1.0,0,0,0.9659258262890683,-0.25881904510252063,0.43388373911755823,-0.900968867902419
ST04,2026-07-30,8,3,0,5,37.28,94.4,38.56,18.6,3,2.6666666666666665,2.1666666666666665,1.8333333333333333,2.0,6.0,1,0,0.8660254037844387,-0.4999999999999998,0.43388373911755823,-0.900968867902419
ST04,2026-07-30,9,3,0,6,36.733333333333334,75.0,32.266666666666666,22.333333333333332,3,4.333333333333333,3.0,2.25,5.0,5.0,1,0,0.7071067811865476,-0.7071067811865475,0.43388373911755823,-0.900968867902419
ST04,2026-07-30,10,3,0,6,37.233333333333334,67.0,48.13333333333333,22.0,3,5.666666666666667,3.6666666666666665,2.5833333333333335,6.0,5.0,1,0,0.49999999999999994,-0.8660254037844387,0.43388373911755823,-0.900968867902419
ST04,2026-07-30,11,3,0,3,28.900000000000002,97.33333333333333,45.23333333333333,38.0,3,5.0,3.8333333333333335,2.75,6.0,4.0,0,0,0.258819045102521,-0.9659258262890682,0.43388373911755823,-0.900968867902419
ST04,2026-07-30,12,3,0,3,33.199999999999996,96.66666666666667,23.366666666666664,22.333333333333332,3,4.0,4.166666666666667,2.9166666666666665,3.0,3.0,0,0,1.2246467991473532e-16,-1.0,0.43388373911755823,-0.900968867902419
ST04,2026-07-30,13,3,0,3,24.666666666666668,106.66666666666667,20.5,38.666666666666664,3,3.0,4.333333333333333,3.0,3.0,3.0,0,0,-0.2588190451025208,-0.9659258262890683,0.43388373911755823,-0.900968867902419
ST04,2026-07-30,14,3,0,4,34.6,88.0,43.875,29.5,3,3.3333333333333335,4.166666666666667,3.1666666666666665,3.0,3.0,0,0,-0.4999999999999997,-0.8660254037844388,0.43388373911755823,-0.900968867902419
ST04,2026-07-30,15,3,0,3,35.4,97.33333333333333,35.6,30.0,3,3.3333333333333335,3.6666666666666665,3.3333333333333335,4.0,3.0,0,0,-0.7071067811865471,-0.7071067811865479,0.43388373911755823,-0.900968867902419
ST04,2026-07-30,16,3,0,4,37.725,70.5,54.15,17.5,3,3.6666666666666665,3.3333333333333335,3.5,3.0,4.0,0,0,-0.8660254037844385,-0.5000000000000004,0.43388373911755823,-0.900968867902419
ST04,2026-07-30,17,3,0,6,31.933333333333334,80.33333333333333,37.61666666666667,26.0,3,4.333333333333333,3.8333333333333335,3.8333333333333335,4.0,6.0,0,1,-0.9659258262890683,-0.25881904510252063,0.43388373911755823,-0.900968867902419
ST04,2026-07-30,18,3,0,6,27.7,65.66666666666667,43.78333333333333,31.833333333333332,3,5.333333333333333,4.333333333333333,4.25,6.0,6.0,0,1,-1.0,-1.8369701987210297e-16,0.43388373911755823,-0.900968867902419
ST04,2026-07-30,19,3,0,6,31.71666666666667,85.66666666666667,42.51666666666667,31.5,3,6.0,4.833333333333333,4.583333333333333,6.0,6.0,0,1,-0.9659258262890684,0.2588190451025203,0.43388373911755823,-0.900968867902419
ST04,2026-07-30,20,3,0,6,30.28333333333333,82.0,26.916666666666668,27.0,3,6.0,5.166666666666667,4.666666666666667,6.0,6.0,0,1,-0.8660254037844386,0.5000000000000001,0.43388373911755823,-0.900968867902419
ST04,2026-07-30,21,3,0,2,32.15,100.0,24.5,25.5,3,4.666666666666667,5.0,4.333333333333333,6.0,1.0,0,0,-0.7071067811865477,0.7071067811865474,0.43388373911755823,-0.900968867902419
ST04,2026-07-30,22,3,0,2,36.2,55.0,38.75,38.0,3,3.3333333333333335,4.666666666666667,4.0,2.0,2.0,0,0,-0.5000000000000004,0.8660254037844384,0.43388373911755823,-0.900968867902419
ST04,2026-07-30,23,3,0,1,43.1,150.0,17.2,10.0,3,1.6666666666666667,3.8333333333333335,3.8333333333333335,2.0,1.0,0,0,-0.25881904510252157,0.9659258262890681,0.43388373911755823,-0.900968867902419
ST05,2026-07-01,0,2,0,1,21.2,22.0,57.8,47.0,4,1.0,1.0,1.0,0.0,0.0,0,0,0.0,1.0,0.9749279121818236,-0.22252093395631434
ST05,2026-07-01,1,2,0,1,19.4,22.0,52.9,46.0,4,1.0,1.0,1.0,1.0,0.0,0,0,0.25881904510252074,0.9659258262890683,0.9749279121818236,-0.22252093395631434
ST05,2026-07-01,2,2,0,1,25.0,60.0,25.0,50.0,4,1.0,1.0,1.0,1.0,0.0,0,0,0.49999999999999994,0.8660254037844387,0.9749279121818236,-0.22252093395631434
ST05,2026-07-01,3,2,0,1,40.5,150.0,16.2,26.0,4,1.0,1.0,1.0,1.0,0.0,0,0,0.7071067811865476,0.7071067811865476,0.9749279121818236,-0.22252093395631434
ST05,2026-07-01,4,2,0,1,21.1,50.0,25.3,31.0,4,1.0,1.0,1.0,1.0,0.0,0,0,0.8660254037844386,0.5000000000000001,0.9749279121818236,-0.22252093395631434
ST05,2026-07-01,5,2,0,1,23.3,150.0,9.3,41.0,4,1.0,1.0,1.0,1.0,0.0,0,0,0.9659258262890683,0.25881904510252074,0.9749279121818236,-0.22252093395631434
ST05,2026-07-01,6,2,0,1,19.4,22.0,52.9,45.0,4,1.0,1.0,1.0,1.0,0.0,0,0,1.0,6.123233995736766e-17,0.9749279121818236,-0.22252093395631434
ST05,2026-07-01,7,2,0,1,35.9,60.0,35.9,16.0,4,1.0,1.0,1.0,1.0,0.0,0,0,0.9659258262890683,-0.25881904510252063,0.9749279121818236,-0.22252093395631434
ST05,2026-07-01,8,2,0,4,28.925,36.0,59.75,35.25,4,2.0,1.5,1.3333333333333333,1.0,0.0,1,0,0.8660254037844387,-0.4999999999999998,0.9749279121818236,-0.22252093395631434
ST05,2026-07-01,9,2,0,4,45.95,75.0,47.675,29.0,4,3.0,2.0,1.6,4.0,0.0,1,0,0.7071067811865476,-0.7071067811865475,0.9749279121818236,-0.22252093395631434
ST05,2026-07-01,10,2,0,4,31.700000000000003,120.0,15.849999999999998,29.0,4,4.0,2.5,1.8181818181818181,4.0,0.0,1,0,0.49999999999999994,-0.8660254037844387,0.9749279121818236,-0.22252093395631434
ST05,2026-07-01,11,2,0,2,20.15,100.0,16.7,45.0,4,3.3333333333333335,2.6666666666666665,1.8333333333333333,4.0,0.0,0,0,0.258819045102521,-0.9659258262890682,0.9749279121818236,-0.22252093395631434
ST05,2026-07-01,12,2,0,3,23.933333333333334,106.66666666666667,20.233333333333334,31.333333333333332,4,3.0,3.0,2.0,2.0,0.0,0,0,1.2246467991473532e-16,-1.0,0.9749279121818236,-0.22252093395631434
ST05,2026-07-01,13,2,0,2,36.95,36.0,77.55,25.5,4,2.3333333333333335,3.1666666666666665,2.0833333333333335,3.0,0.0,0,0,-0.2588190451025208,-0.9659258262890683,0.9749279121818236,-0.22252093395631434
ST05,2026-07-01,14,2,0,2,28.9,100.0,22.2,45.5,4,2.3333333333333335,2.8333333333333335,2.1666666666666665,2.0,0.0,0,0,-0.4999999999999997,-0.8660254037844388,0.9749279121818236,-0.22252093395631434
ST05,2026-07-01,15,2,0,2,30.8,71.0,32.0,36.0,4,2.0,2.5,2.25,2.0,0.0,0,0,-0.7071067811865471,-0.7071067811865479,0.9749279121818236,-0.22252093395631434
ST05,2026-07-01,16,2,0,3,24.433333333333334,64.0,28.633333333333336,37.0,4,2.3333333333333335,2.3333333333333335,2.4166666666666665,2.0,0.0,0,0,-0.8660254037844385,-0.5000000000000004,0.9749279121818236,-0.22252093395631434
ST05,2026-07-01,17,2,0,4,36.525,87.5,29.675,22.25,4,3.0,2.6666666666666665,2.6666666666666665,3.0,0.0,0,1,-0.9659258262890683,-0.25881904510252063,0.9749279121818236,-0.22252093395631434
ST05,2026-07-01,18,2,0,5,26.96,94.0,18.619999999999997,39.0,4,4.0,3.0,3.0,4.0,0.0,0,1,-1.0,-1.8369701987210297e-16,0.9749279121818236,-0.22252093395631434
ST05,2026-07-01,19,2,0,4,40.6,85.5,51.65,26.0,4,4.333333333333333,3.3333333333333335,3.25,5.0,0.0,0,1,-0.9659258262890684,0.2588190451025203,0.9749279121818236,-0.22252093395631434
ST05,2026-07-01,20,2,0,4,24.9,36.0,45.3,23.75,4,4.333333333333333,3.6666666666666665,3.25,4.0,0.0,0,1,-0.8660254037844386,0.5000000000000001,0.9749279121818236,-0.22252093395631434
ST05,2026-07-01,21,2,0,1,24.3,60.0,24.3,38.0,4,3.0,3.5,3.0,4.0,0.0,0,0,-0.7071067811865477,0.7071067811865474,0.9749279121818236,-0.22252093395631434
ST05,2026-07-01,22,2,0,1,40.4,120.0,20.2,26.0,4,2.0,3.1666666666666665,2.75,1.0,0.0,0,0,-0.5000000000000004,0.8660254037844384,0.9749279121818236,-0.22252093395631434
ST05,2026-07-01,23,2,0,1,22.7,150.0,9.1,29.0,4,1.0,2.6666666666666665,2.6666666666666665,1.0,0.0,0,0,-0.25881904510252157,0.9659258262890681,0.9749279121818236,-0.22252093395631434
ST05,2026-07-02,0,3,0,1,45.8,150.0,18.3,10.0,4,1.0,2.0,2.5,1.0,1.0,0,0,0.0,1.0,0.43388373911755823,-0.900968867902419
ST05,2026-07-02,1,3,0,1,14.0,60.0,14.0,49.0,4,1.0,1.5,2.4166666666666665,1.0,1.0,0,0,0.25881904510252074,0.9659258262890683,0.43388373911755823,-0.900968867902419
ST05,2026-07-02,2,3,0,1,27.3,22.0,74.5,26.0,4,1.0,1.0,2.3333333333333335,1.0,1.0,0,0,0.49999999999999994,0.8660254037844387,0.43388373911755823,-0.900968867902419
ST05,2026-07-02,4,3,0,1,39.9,60.0,39.9,17.0,4,1.0,1.0,2.25,1.0,1.0,0,0,0.8660254037844386,0.5000000000000001,0.43388373911755823,-0.900968867902419
ST05,2026-07-02,5,3,0,1,49.6,60.0,49.6,30.0,4,1.0,1.0,2.0833333333333335,1.0,1.0,0,0,0.9659258262890683,0.25881904510252074,0.43388373911755823,-0.900968867902419
ST05,2026-07-02,6,3,0,1,30.2,22.0,82.4,34.0,4,1.0,1.0,1.8333333333333333,1.0,1.0,0,0,1.0,6.123233995736766e-17,0.43388373911755823,-0.900968867902419
ST05,2026-07-02,7,3,0,1,20.7,60.0,20.7,50.0,4,1.0,1.0,1.5,1.0,1.0,0,0,0.9659258262890683,-0.25881904510252063,0.43388373911755823,-0.900968867902419
ST05,2026-07-02,8,3,0,4,35.35,120.0,19.425,26.75,4,2.0,1.5,1.5,1.0,1.0,1,0,0.8660254037844387,-0.4999999999999998,0.43388373911755823,-0.900968867902419
ST05,2026-07-02,9,3,0,3,22.599999999999998,77.33333333333333,26.766666666666666,35.666666666666664,4,2.6666666666666665,1.8333333333333333,1.4166666666666667,4.0,4.0,1,0,0.7071067811865476,-0.7071067811865475,0.43388373911755823,-0.900968867902419
ST05,2026-07-02,10,3,0,3,29.433333333333334,67.33333333333333,43.4,29.333333333333332,4,3.3333333333333335,2.1666666666666665,1.5833333333333333,3.0,4.0,1,0,0.49999999999999994,-0.8660254037844387,0.43388373911755823,-0.900968867902419
ST05,2026-07-02,11,3,0,3,27.433333333333334,100.0,17.599999999999998,34.666666666666664,4,3.0,2.5,1.75,3.0,4.0,0,0,0.258819045102521,-0.9659258262890682,0.43388373911755823,-0.900968867902419
ST05,2026-07-02,12,3,0,2,32.5,50.0,39.0,16.5,4,2.6666666666666665,2.6666666666666665,1.8333333333333333,3.0,2.0,0,0,1.2246467991473532e-16,-1.0,0.43388373911755823,-0.900968867902419
ST05,2026-07-02,13,3,0,2,33.1,55.0,35.0,34.5,4,2.3333333333333335,2.8333333333333335,1.9166666666666667,2.0,3.0,0,0,-0.2588190451025208,-0.9659258262890683,0.43388373911755823,-0.900968867902419
ST05,2026-07-02,14,3,0,2,31.45,41.0,59.95,24.5,4,2.0,2.5,2.0,2.0,2.0,0,0,-0.4999999999999997,-0.8660254037844388,0.43388373911755823,-0.900968867902419
ST05,2026-07-02,15,3,0,3,33.86666666666667,97.33333333333333,51.033333333333324,33.333333333333336,4,2.3333333333333335,2.5,2.1666666666666665,2.0,2.0,0,0,-0.7071067811865471,-0.7071067811865479,0.43388373911755823,-0.900968867902419
ST05,2026-07-02,16,3,0,3,43.26666666666667,80.0,35.733333333333334,24.0,4,2.6666666666666665,2.5,2.3333333333333335,3.0,2.0,0,0,-0.8660254037844385,-0.5000000000000004,0.43388373911755823,-0.900968867902419
ST05,2026-07-02,17,3,0,4,31.0,87.5,26.0,35.0,4,3.3333333333333335,2.6666666666666665,2.5833333333333335,3.0,3.0,0,1,-0.9659258262890683,-0.25881904510252063,0.43388373911755823,-0.900968867902419
ST05,2026-07-02,18,3,0,4,37.925,78.0,40.875,22.75,4,3.6666666666666665,3.0,2.8333333333333335,4.0,4.0,0,1,-1.0,-1.8369701987210297e-16,0.43388373911755823,-0.900968867902419
ST05,2026-07-02,19,3,0,4,29.425,85.0,24.675,32.75,4,4.0,3.3333333333333335,3.0833333333333335,4.0,5.0,0,1,-0.9659258262890684,0.2588190451025203,0.43388373911755823,-0.900968867902419
ST05,2026-07-02,20,3,0,4,40.85,85.5,57.825,14.0,4,4.0,3.6666666666666665,3.0833333333333335,4.0,4.0,0,1,-0.8660254037844386,0.5000000000000001,0.43388373911755823,-0.900968867902419
ST05,2026-07-02,21,3,0,1,31.2,22.0,85.1,32.0,4,3.0,3.3333333333333335,2.9166666666666665,4.0,4.0,0,0,-0.7071067811865477,0.7071067811865474,0.43388373911755823,-0.900968867902419
ST05,2026-07-02,22,3,0,1,35.8,150.0,14.3,37.0,4,2.0,3.0,2.75,1.0,1.0,0,0,-0.5000000000000004,0.8660254037844384,0.43388373911755823,-0.900968867902419
ST05,2026-07-02,23,3,0,1,33.9,50.0,40.7,31.0,4,1.0,2.5,2.5833333333333335,1.0,1.0,0,0,-0.25881904510252157,0.9659258262890681,0.43388373911755823,-0.900968867902419
ST05,2026-07-03,0,4,0,1,23.5,150.0,9.4,47.0,4,1.0,2.0,2.5,1.0,1.0,0,0,0.0,1.0,-0.433883739117558,-0.9009688679024191
ST05,2026-07-03,1,4,0,1,28.0,150.0,11.2,37.0,4,1.0,1.5,2.4166666666666665,1.0,1.0,0,0,0.25881904510252074,0.9659258262890683,-0.433883739117558,-0.9009688679024191
ST05,2026-07-03,2,4,0,1,33.7,120.0,16.9,14.0,4,1.0,1.0,2.3333333333333335,1.0,1.0,0,0,0.49999999999999994,0.8660254037844387,-0.433883739117558,-0.9009688679024191
ST05,2026-07-03,3,4,0,1,13.1,150.0,5.2,48.0,4,1.0,1.0,2.1666666666666665,1.0,1.0,0,0,0.7071067811865476,0.7071067811865476,-0.433883739117558,-0.9009688679024191
ST05,2026-07-03,4,4,0,1,28.6,22.0,78.0,38.0,4,1.0,1.0,2.0,1.0,1.0,0,0,0.8660254037844386,0.5000000000000001,-0.433883739117558,-0.9009688679024191
ST05,2026-07-03,5,4,0,1,38.8,60.0,38.8,15.0,4,1.0,1.0,1.75,1.0,1.0,0,0,0.9659258262890683,0.25881904510252074,-0.433883739117558,-0.9009688679024191
ST05,2026-07-03,6,4,0,1,21.6,60.0,21.6,32.0,4,1.0,1.0,1.5,1.0,1.0,0,0,1.0,6.123233995736766e-17,-0.433883739117558,-0.9009688679024191
ST05,2026-07-03,7,4,0,1,28.1,50.0,33.7,25.0,4,1.0,1.0,1.25,1.0,1.0,0,0,0.9659258262890683,-0.25881904510252063,-0.433883739117558,-0.9009688679024191
ST05,2026-07-03,8,4,0,3,27.566666666666666,130.0,13.066666666666668,30.0,4,1.6666666666666667,1.3333333333333333,1.1666666666666667,1.0,4.0,1,0,0.8660254037844387,-0.4999999999999998,-0.433883739117558,-0.9009688679024191
ST05,2026-07-03,9,4,0,4,29.45,56.0,59.675,36.75,4,2.6666666666666665,1.8333333333333333,1.4166666666666667,3.0,3.0,1,0,0.7071067811865476,-0.7071067811865475,-0.433883739117558,-0.9009688679024191
ST05,2026-07-03,10,4,0,3,29.5,40.666666666666664,51.166666666666664,22.666666666666668,4,3.3333333333333335,2.1666666666666665,1.5833333333333333,4.0,3.0,1,0,0.49999999999999994,-0.8660254037844387,-0.433883739117558,-0.9009688679024191
ST05,2026-07-03,11,4,0,3,36.300000000000004,87.33333333333333,43.333333333333336,21.666666666666668,4,3.3333333333333335,2.5,1.75,3.0,3.0,0,0,0.258819045102521,-0.9659258262890682,-0.433883739117558,-0.9009688679024191
ST05,2026-07-03,12,4,0,3,29.166666666666668,90.0,26.3,32.666666666666664,4,3.0,2.8333333333333335,1.9166666666666667,3.0,2.0,0,0,1.2246467991473532e-16,-1.0,-0.433883739117558,-0.9009688679024191
ST05,2026-07-03,13,4,0,2,33.0,135.0,14.5,33.5,4,2.6666666666666665,3.0,2.0,3.0,2.0,0,0,-0.2588190451025208,-0.9659258262890683,-0.433883739117558,-0.9009688679024191
ST05,2026-07-03,14,4,0,3,29.2,106.66666666666667,19.933333333333334,23.666666666666668,4,2.6666666666666665,3.0,2.1666666666666665,2.0,2.0,0,0,-0.4999999999999997,-0.8660254037844388,-0.433883739117558,-0.9009688679024191
ST05,2026-07-03,15,4,0,2,25.9,22.0,70.65,41.0,4,2.3333333333333335,2.6666666666666665,2.25,3.0,3.0,0,0,-0.7071067811865471,-0.7071067811865479,-0.433883739117558,-0.9009688679024191
ST05,2026-07-03,16,4,0,3,31.266666666666666,67.33333333333333,50.23333333333333,29.666666666666668,4,2.6666666666666665,2.6666666666666665,2.4166666666666665,2.0,3.0,0,0,-0.8660254037844385,-0.5000000000000004,-0.433883739117558,-0.9009688679024191
ST05,2026-07-03,17,4,0,4,40.25,100.0,30.0,29.0,4,3.0,2.8333333333333335,2.6666666666666665,3.0,4.0,0,1,-0.9659258262890683,-0.25881904510252063,-0.433883739117558,-0.9009688679024191
ST05,2026-07-03,18,4,0,4,25.575,85.5,31.924999999999997,26.5,4,3.6666666666666665,3.0,2.9166666666666665,4.0,4.0,0,1,-1.0,-1.8369701987210297e-16,-0.433883739117558,-0.9009688679024191
ST05,2026-07-03,19,4,0,4,37.55,88.0,47.325,28.25,4,4.0,3.3333333333333335,3.1666666666666665,4.0,4.0,0,1,-0.9659258262890684,0.2588190451025203,-0.433883739117558,-0.9009688679024191
ST05,2026-07-03,20,4,0,4,32.125,36.0,59.0,22.75,4,4.0,3.5,3.25,4.0,4.0,0,1,-0.8660254037844386,0.5000000000000001,-0.433883739117558,-0.9009688679024191
ST05,2026-07-03,21,4,0,1,33.8,150.0,13.5,33.0,4,3.0,3.3333333333333335,3.0,4.0,1.0,0,0,-0.7071067811865477,0.7071067811865474,-0.433883739117558,-0.9009688679024191
ST05,2026-07-03,22,4,0,1,30.7,120.0,15.3,18.0,4,2.0,3.0,2.8333333333333335,1.0,1.0,0,0,-0.5000000000000004,0.8660254037844384,-0.433883739117558,-0.9009688679024191
ST05,2026-07-03,23,4,0,1,25.4,60.0,25.4,31.0,4,1.0,2.5,2.6666666666666665,1.0,1.0,0,0,-0.25881904510252157,0.9659258262890681,-0.433883739117558,-0.9009688679024191
ST05,2026-07-04,0,5,1,1,38.8,120.0,19.4,31.0,4,1.0,2.0,2.5,1.0,1.0,0,0,0.0,1.0,-0.9749279121818236,-0.2225209339563146
ST05,2026-07-04,1,5,1,1,27.1,60.0,27.1,33.0,4,1.0,1.5,2.4166666666666665,1.0,1.0,0,0,0.25881904510252074,0.9659258262890683,-0.9749279121818236,-0.2225209339563146
ST05,2026-07-04,2,5,1,1,17.9,60.0,17.9,47.0,4,1.0,1.0,2.25,1.0,1.0,0,0,0.49999999999999994,0.8660254037844387,-0.9749279121818236,-0.2225209339563146
ST05,2026-07-04,3,5,1,1,45.6,22.0,124.4,16.0,4,1.0,1.0,2.1666666666666665,1.0,1.0,0,0,0.7071067811865476,0.7071067811865476,-0.9749279121818236,-0.2225209339563146
ST05,2026-07-04,4,5,1,2,34.1,36.0,62.349999999999994,22.0,4,1.3333333333333333,1.1666666666666667,2.0833333333333335,1.0,1.0,0,0,0.8660254037844386,0.5000000000000001,-0.9749279121818236,-0.2225209339563146
ST05,2026-07-04,5,5,1,1,60.5,22.0,165.0,13.0,4,1.3333333333333333,1.1666666666666667,1.8333333333333333,2.0,1.0,0,0,0.9659258262890683,0.25881904510252074,-0.9749279121818236,-0.2225209339563146
ST05,2026-07-04,6,5,1,1,31.3,120.0,15.7,25.0,4,1.3333333333333333,1.1666666666666667,1.5833333333333333,1.0,1.0,0,0,1.0,6.123233995736766e-17,-0.9749279121818236,-0.2225209339563146
ST05,2026-07-04,7,5,1,1,18.5,120.0,9.2,38.0,4,1.0,1.1666666666666667,1.3333333333333333,1.0,1.0,0,0,0.9659258262890683,-0.25881904510252063,-0.9749279121818236,-0.2225209339563146
ST05,2026-07-04,8,5,1,1,39.3,120.0,19.6,16.0,4,1.0,1.1666666666666667,1.0833333333333333,1.0,3.0,1,0,0.8660254037844387,-0.4999999999999998,-0.9749279121818236,-0.2225209339563146
ST05,2026-07-04,9,5,1,1,27.5,50.0,33.0,47.0,4,1.0,1.1666666666666667,1.0833333333333333,1.0,4.0,1,0,0.7071067811865476,-0.7071067811865475,-0.9749279121818236,-0.2225209339563146
ST05,2026-07-04,10,5,1,3,37.766666666666666,77.33333333333333,60.03333333333333,27.333333333333332,4,1.6666666666666667,1.3333333333333333,1.25,1.0,3.0,1,0,0.49999999999999994,-0.8660254037844387,-0.9749279121818236,-0.2225209339563146
ST05,2026-07-04,11,5,1,3,26.466666666666665,107.33333333333333,35.666666666666664,35.0,4,2.3333333333333335,1.6666666666666667,1.4166666666666667,3.0,3.0,0,0,0.258819045102521,-0.9659258262890682,-0.9749279121818236,-0.2225209339563146
ST05,2026-07-04,12,5,1,4,38.125,90.0,27.975,26.0,4,3.3333333333333335,2.1666666666666665,1.6666666666666667,3.0,3.0,0,0,1.2246467991473532e-16,-1.0,-0.9749279121818236,-0.2225209339563146
ST05,2026-07-04,13,5,1,3,25.400000000000002,53.333333333333336,29.0,34.333333333333336,4,3.3333333333333335,2.5,1.8333333333333333,4.0,2.0,0,0,-0.2588190451025208,-0.9659258262890683,-0.9749279121818236,-0.2225209339563146
ST05,2026-07-04,14,5,1,4,34.975,63.5,59.7,26.75,4,3.6666666666666665,3.0,2.0833333333333335,3.0,3.0,0,0,-0.4999999999999997,-0.8660254037844388,-0.9749279121818236,-0.2225209339563146
ST05,2026-07-04,15,5,1,2,25.849999999999998,90.0,17.4,36.0,4,3.0,3.1666666666666665,2.1666666666666665,4.0,2.0,0,0,-0.7071067811865471,-0.7071067811865479,-0.9749279121818236,-0.2225209339563146
ST05,2026-07-04,16,5,1,2,34.45,41.0,68.5,37.0,4,2.6666666666666665,3.0,2.1666666666666665,2.0,3.0,0,0,-0.8660254037844385,-0.5000000000000004,-0.9749279121818236,-0.2225209339563146
ST05,2026-07-04,17,5,1,3,24.333333333333332,80.0,20.333333333333332,38.666666666666664,4,2.3333333333333335,3.0,2.3333333333333335,2.0,4.0,0,1,-0.9659258262890683,-0.25881904510252063,-0.9749279121818236,-0.2225209339563146
ST05,2026-07-04,18,5,1,3,25.066666666666666,110.0,15.966666666666667,42.666666666666664,4,2.6666666666666665,2.8333333333333335,2.5,3.0,4.0,0,1,-1.0,-1.8369701987210297e-16,-0.9749279121818236,-0.2225209339563146
ST05,2026-07-04,19,5,1,3,31.433333333333334,106.66666666666667,21.0,33.666666666666664,4,3.0,2.8333333333333335,2.6666666666666665,3.0,4.0,0,1,-0.9659258262890684,0.2588190451025203,-0.9749279121818236,-0.2225209339563146
ST05,2026-07-04,20,5,1,2,26.75,105.0,20.1,31.0,4,2.6666666666666665,2.5,2.75,3.0,4.0,0,1,-0.8660254037844386,0.5000000000000001,-0.9749279121818236,-0.2225209339563146
ST05,2026-07-04,21,5,1,1,30.5,60.0,30.5,45.0,4,2.0,2.3333333333333335,2.75,2.0,1.0,0,0,-0.7071067811865477,0.7071067811865474,-0.9749279121818236,-0.2225209339563146
ST05,2026-07-04,22,5,1,1,25.1,22.0,68.5,46.0,4,1.3333333333333333,2.1666666666666665,2.5833333333333335,1.0,1.0,0,0,-0.5000000000000004,0.8660254037844384,-0.9749279121818236,-0.2225209339563146
ST05,2026-07-04,23,5,1,2,19.55,85.0,19.75,30.0,4,1.3333333333333333,2.0,2.5,1.0,1.0,0,0,-0.25881904510252157,0.9659258262890681,-0.9749279121818236,-0.2225209339563146
ST05,2026-07-05,0,6,1,1,18.8,60.0,18.8,50.0,4,1.3333333333333333,1.6666666666666667,2.25,2.0,1.0,0,0,0.0,1.0,-0.7818314824680299,0.6234898018587334
ST05,2026-07-05,1,6,1,2,27.4,55.0,29.9,37.5,4,1.6666666666666667,1.5,2.1666666666666665,1.0,1.0,0,0,0.25881904510252074,0.9659258262890683,-0.7818314824680299,0.6234898018587334
ST05,2026-07-05,2,6,1,1,29.0,120.0,14.5,36.0,4,1.3333333333333333,1.3333333333333333,1.9166666666666667,2.0,1.0,0,0,0.49999999999999994,0.8660254037844387,-0.7818314824680299,0.6234898018587334
ST05,2026-07-05,3,6,1,2,26.25,105.0,20.900000000000002,33.5,4,1.6666666666666667,1.5,1.9166666666666667,1.0,1.0,0,0,0.7071067811865476,0.7071067811865476,-0.7818314824680299,0.6234898018587334
ST05,2026-07-05,4,6,1,1,8.8,50.0,10.6,50.0,4,1.3333333333333333,1.5,1.8333333333333333,2.0,2.0,0,0,0.8660254037844386,0.5000000000000001,-0.7818314824680299,0.6234898018587334
ST05,2026-07-05,5,6,1,1,28.2,150.0,11.3,38.0,4,1.3333333333333333,1.3333333333333333,1.6666666666666667,1.0,1.0,0,0,0.9659258262890683,0.25881904510252074,-0.7818314824680299,0.6234898018587334
ST05,2026-07-05,6,6,1,1,33.0,120.0,16.5,16.0,4,1.0,1.3333333333333333,1.5,1.0,1.0,0,0,1.0,6.123233995736766e-17,-0.7818314824680299,0.6234898018587334
ST05,2026-07-05,7,6,1,1,39.0,50.0,46.8,25.0,4,1.0,1.1666666666666667,1.3333333333333333,1.0,1.0,0,0,0.9659258262890683,-0.25881904510252063,-0.7818314824680299,0.6234898018587334
ST05,2026-07-05,8,6,1,1,35.7,60.0,35.7,45.0,4,1.0,1.1666666666666667,1.25,1.0,1.0,1,0,0.8660254037844387,-0.4999999999999998,-0.7818314824680299,0.6234898018587334
ST05,2026-07-05,9,6,1,1,25.2,22.0,68.7,46.0,4,1.0,1.0,1.25,1.0,1.0,1,0,0.7071067811865476,-0.7071067811865475,-0.7818314824680299,0.6234898018587334
ST05,2026-07-05,10,6,1,3,28.099999999999998,90.0,22.599999999999998,32.333333333333336,4,1.6666666666666667,1.3333333333333333,1.4166666666666667,1.0,3.0,1,0,0.49999999999999994,-0.8660254037844387,-0.7818314824680299,0.6234898018587334
ST05,2026-07-05,11,6,1,4,39.45,103.0,40.25,28.25,4,2.6666666666666665,1.8333333333333333,1.5833333333333333,3.0,3.0,0,0,0.258819045102521,-0.9659258262890682,-0.7818314824680299,0.6234898018587334
ST05,2026-07-05,12,6,1,4,24.4,63.5,44.775,32.75,4,3.6666666666666665,2.3333333333333335,1.8333333333333333,4.0,4.0,0,0,1.2246467991473532e-16,-1.0,-0.7818314824680299,0.6234898018587334
ST05,2026-07-05,13,6,1,3,28.2,64.66666666666667,47.56666666666666,40.0,4,3.6666666666666665,2.6666666666666665,1.9166666666666667,4.0,3.0,0,0,-0.2588190451025208,-0.9659258262890683,-0.7818314824680299,0.6234898018587334
ST05,2026-07-05,14,6,1,3,24.233333333333334,44.0,36.0,31.0,4,3.3333333333333335,3.0,2.0833333333333335,3.0,4.0,0,0,-0.4999999999999997,-0.8660254037844388,-0.7818314824680299,0.6234898018587334
ST05,2026-07-05,15,6,1,3,30.733333333333334,64.0,41.699999999999996,29.666666666666668,4,3.0,3.3333333333333335,2.1666666666666665,3.0,2.0,0,0,-0.7071067811865471,-0.7071067811865479,-0.7818314824680299,0.6234898018587334
ST05,2026-07-05,16,6,1,2,26.1,135.0,11.85,35.5,4,2.6666666666666665,3.1666666666666665,2.25,3.0,2.0,0,0,-0.8660254037844385,-0.5000000000000004,-0.7818314824680299,0.6234898018587334
ST05,2026-07-05,17,6,1,2,35.85,60.0,35.85,25.5,4,2.3333333333333335,2.8333333333333335,2.3333333333333335,2.0,3.0,0,1,-0.9659258262890683,-0.25881904510252063,-0.7818314824680299,0.6234898018587334
ST05,2026-07-05,18,6,1,2,21.5,85.0,18.45,44.0,4,2.0,2.5,2.4166666666666665,2.0,3.0,0,1,-1.0,-1.8369701987210297e-16,-0.7818314824680299,0.6234898018587334
ST05,2026-07-05,19,6,1,3,30.666666666666668,107.33333333333333,32.766666666666666,23.666666666666668,4,2.3333333333333335,2.5,2.5833333333333335,2.0,3.0,0,1,-0.9659258262890684,0.2588190451025203,-0.7818314824680299,0.6234898018587334
ST05,2026-07-05,20,6,1,2,38.65,90.0,31.549999999999997,19.0,4,2.3333333333333335,2.3333333333333335,2.6666666666666665,3.0,2.0,0,1,-0.8660254037844386,0.5000000000000001,-0.7818314824680299,0.6234898018587334
ST05,2026-07-05,21,6,1,2,26.15,85.0,22.9,45.0,4,2.3333333333333335,2.1666666666666665,2.75,2.0,1.0,0,0,-0.7071067811865477,0.7071067811865474,-0.7818314824680299,0.6234898018587334
ST05,2026-07-05,22,6,1,1,33.7,50.0,40.4,43.0,4,1.6666666666666667,2.0,2.5833333333333335,2.0,1.0,0,0,-0.5000000000000004,0.8660254037844384,-0.7818314824680299,0.6234898018587334
ST05,2026-07-05,23,6,1,1,44.1,22.0,120.3,28.0,4,1.3333333333333333,1.8333333333333333,2.3333333333333335,1.0,2.0,0,0,-0.25881904510252157,0.9659258262890681,-0.7818314824680299,0.6234898018587334
ST05,2026-07-06,0,0,0,1,22.2,22.0,60.5,43.0,4,1.0,1.6666666666666667,2.0833333333333335,1.0,1.0,0,0,0.0,1.0,0.0,1.0
ST05,2026-07-06,1,0,0,1,25.1,150.0,10.0,34.0,4,1.0,1.3333333333333333,1.9166666666666667,1.0,2.0,0,0,0.25881904510252074,0.9659258262890683,0.0,1.0
ST05,2026-07-06,2,0,0,1,43.2,50.0,51.8,25.0,4,1.0,1.1666666666666667,1.75,1.0,1.0,0,0,0.49999999999999994,0.8660254037844387,0.0,1.0
ST05,2026-07-06,3,0,0,1,55.1,22.0,150.3,17.0,4,1.0,1.0,1.5833333333333333,1.0,2.0,0,0,0.7071067811865476,0.7071067811865476,0.0,1.0
ST05,2026-07-06,4,0,0,1,27.2,120.0,13.6,26.0,4,1.0,1.0,1.5,1.0,1.0,0,0,0.8660254037844386,0.5000000000000001,0.0,1.0
ST05,2026-07-06,5,0,0,1,42.4,50.0,50.9,12.0,4,1.0,1.0,1.4166666666666667,1.0,1.0,0,0,0.9659258262890683,0.25881904510252074,0.0,1.0
ST05,2026-07-06,6,0,0,1,28.5,60.0,28.5,31.0,4,1.0,1.0,1.3333333333333333,1.0,1.0,0,0,1.0,6.123233995736766e-17,0.0,1.0
ST05,2026-07-06,7,0,0,1,32.2,150.0,12.9,25.0,4,1.0,1.0,1.1666666666666667,1.0,1.0,0,0,0.9659258262890683,-0.25881904510252063,0.0,1.0
ST05,2026-07-06,8,0,0,4,36.15,88.0,48.10000000000001,19.5,4,2.0,1.5,1.3333333333333333,1.0,1.0,1,0,0.8660254037844387,-0.4999999999999998,0.0,1.0
ST05,2026-07-06,9,0,0,3,22.433333333333334,90.0,17.266666666666666,36.666666666666664,4,2.6666666666666665,1.8333333333333333,1.4166666666666667,4.0,1.0,1,0,0.7071067811865476,-0.7071067811865475,0.0,1.0
ST05,2026-07-06,10,0,0,4,23.375,48.0,34.025,40.25,4,3.6666666666666665,2.3333333333333335,1.6666666666666667,3.0,3.0,1,0,0.49999999999999994,-0.8660254037844387,0.0,1.0
ST05,2026-07-06,11,0,0,2,46.05,90.0,35.0,14.5,4,3.0,2.5,1.75,4.0,4.0,0,0,0.258819045102521,-0.9659258262890682,0.0,1.0
ST05,2026-07-06,12,0,0,3,28.3,44.0,46.73333333333333,28.333333333333332,4,3.0,2.8333333333333335,1.9166666666666667,2.0,4.0,0,0,1.2246467991473532e-16,-1.0,0.0,1.0
ST05,2026-07-06,13,0,0,2,29.4,90.0,20.4,27.0,4,2.3333333333333335,3.0,2.0,3.0,3.0,0,0,-0.2588190451025208,-0.9659258262890683,0.0,1.0
ST05,2026-07-06,14,0,0,2,35.85,100.0,27.0,30.0,4,2.3333333333333335,2.6666666666666665,2.0833333333333335,2.0,3.0,0,0,-0.4999999999999997,-0.8660254037844388,0.0,1.0
ST05,2026-07-06,15,0,0,2,38.85,22.0,105.94999999999999,17.5,4,2.0,2.5,2.1666666666666665,2.0,3.0,0,0,-0.7071067811865471,-0.7071067811865479,0.0,1.0
ST05,2026-07-06,16,0,0,3,37.53333333333333,31.333333333333332,76.53333333333335,19.0,4,2.3333333333333335,2.3333333333333335,2.3333333333333335,2.0,2.0,0,0,-0.8660254037844385,-0.5000000000000004,0.0,1.0
ST05,2026-07-06,17,0,0,4,36.875,120.0,18.425,28.25,4,3.0,2.6666666666666665,2.5833333333333335,3.0,2.0,0,1,-0.9659258262890683,-0.25881904510252063,0.0,1.0
ST05,2026-07-06,18,0,0,5,33.660000000000004,132.0,15.7,27.4,4,4.0,3.0,2.9166666666666665,4.0,2.0,0,1,-1.0,-1.8369701987210297e-16,0.0,1.0
ST05,2026-07-06,19,0,0,4,25.025,65.5,33.825,40.0,4,4.333333333333333,3.3333333333333335,3.1666666666666665,5.0,3.0,0,1,-0.9659258262890684,0.2588190451025203,0.0,1.0
ST05,2026-07-06,20,0,0,5,35.220000000000006,118.0,22.080000000000002,32.8,4,4.666666666666667,3.8333333333333335,3.25,4.0,2.0,0,1,-0.8660254037844386,0.5000000000000001,0.0,1.0
ST05,2026-07-06,21,0,0,1,44.5,22.0,121.4,33.0,4,3.3333333333333335,3.6666666666666665,3.0833333333333335,5.0,2.0,0,0,-0.7071067811865477,0.7071067811865474,0.0,1.0
ST05,2026-07-06,22,0,0,1,33.4,22.0,91.1,31.0,4,2.3333333333333335,3.3333333333333335,2.8333333333333335,1.0,1.0,0,0,-0.5000000000000004,0.8660254037844384,0.0,1.0
ST05,2026-07-06,23,0,0,1,36.2,50.0,43.4,43.0,4,1.0,2.8333333333333335,2.75,1.0,1.0,0,0,-0.25881904510252157,0.9659258262890681,0.0,1.0
ST05,2026-07-07,0,1,0,1,27.6,50.0,33.1,45.0,4,1.0,2.1666666666666665,2.5833333333333335,1.0,1.0,0,0,0.0,1.0,0.7818314824680298,0.6234898018587336
ST05,2026-07-07,1,1,0,1,36.2,22.0,98.7,39.0,4,1.0,1.6666666666666667,2.5,1.0,1.0,0,0,0.25881904510252074,0.9659258262890683,0.7818314824680298,0.6234898018587336
ST05,2026-07-07,2,1,0,1,33.8,120.0,16.9,25.0,4,1.0,1.0,2.4166666666666665,1.0,1.0,0,0,0.49999999999999994,0.8660254037844387,0.7818314824680298,0.6234898018587336
ST05,2026-07-07,3,1,0,1,29.1,22.0,79.4,48.0,4,1.0,1.0,2.3333333333333335,1.0,1.0,0,0,0.7071067811865476,0.7071067811865476,0.7818314824680298,0.6234898018587336
ST05,2026-07-07,4,1,0,1,26.2,50.0,31.4,17.0,4,1.0,1.0,2.1666666666666665,1.0,1.0,0,0,0.8660254037844386,0.5000000000000001,0.7818314824680298,0.6234898018587336
ST05,2026-07-07,6,1,0,1,17.5,22.0,47.7,47.0,4,1.0,1.0,1.9166666666666667,1.0,1.0,0,0,1.0,6.123233995736766e-17,0.7818314824680298,0.6234898018587336
ST05,2026-07-07,7,1,0,1,28.5,150.0,11.4,49.0,4,1.0,1.0,1.5833333333333333,1.0,1.0,0,0,0.9659258262890683,-0.25881904510252063,0.7818314824680298,0.6234898018587336
ST05,2026-07-07,8,1,0,4,31.849999999999998,110.5,29.225,22.75,4,2.0,1.5,1.5833333333333333,1.0,1.0,1,0,0.8660254037844387,-0.4999999999999998,0.7818314824680298,0.6234898018587336
ST05,2026-07-07,9,1,0,4,23.700000000000003,103.0,21.4,39.75,4,3.0,2.0,1.5,4.0,4.0,1,0,0.7071067811865476,-0.7071067811865475,0.7818314824680298,0.6234898018587336
ST05,2026-07-07,10,1,0,3,29.633333333333336,97.33333333333333,38.93333333333333,30.666666666666668,4,3.6666666666666665,2.3333333333333335,1.6666666666666667,4.0,3.0,1,0,0.49999999999999994,-0.8660254037844387,0.7818314824680298,0.6234898018587336
ST05,2026-07-07,11,1,0,3,36.63333333333333,40.666666666666664,72.43333333333334,24.666666666666668,4,3.3333333333333335,2.6666666666666665,1.8333333333333333,3.0,4.0,0,0,0.258819045102521,-0.9659258262890682,0.7818314824680298,0.6234898018587336
ST05,2026-07-07,12,1,0,2,39.55,150.0,15.8,21.0,4,2.6666666666666665,2.8333333333333335,1.9166666666666667,3.0,2.0,0,0,1.2246467991473532e-16,-1.0,0.7818314824680298,0.6234898018587336
ST05,2026-07-07,13,1,0,2,30.3,120.0,15.149999999999999,36.0,4,2.3333333333333335,3.0,2.0,2.0,3.0,0,0,-0.2588190451025208,-0.9659258262890683,0.7818314824680298,0.6234898018587336
ST05,2026-07-07,14,1,0,2,33.7,90.0,25.049999999999997,21.5,4,2.0,2.6666666666666665,2.0833333333333335,2.0,2.0,0,0,-0.4999999999999997,-0.8660254037844388,0.7818314824680298,0.6234898018587336
ST05,2026-07-07,15,1,0,2,31.85,105.0,24.950000000000003,42.5,4,2.0,2.3333333333333335,2.1666666666666665,2.0,2.0,0,0,-0.7071067811865471,-0.7071067811865479,0.7818314824680298,0.6234898018587336
ST05,2026-07-07,16,1,0,2,40.25,100.0,32.35,13.5,4,2.0,2.1666666666666665,2.25,2.0,2.0,0,0,-0.8660254037844385,-0.5000000000000004,0.7818314824680298,0.6234898018587336
ST05,2026-07-07,17,1,0,4,34.1,95.0,28.3,21.5,4,2.6666666666666665,2.3333333333333335,2.5,2.0,3.0,0,1,-0.9659258262890683,-0.25881904510252063,0.7818314824680298,0.6234898018587336
ST05,2026-07-07,18,1,0,4,29.4,45.5,42.475,33.5,4,3.3333333333333335,2.6666666666666665,2.75,4.0,4.0,0,1,-1.0,-1.8369701987210297e-16,0.7818314824680298,0.6234898018587336
ST05,2026-07-07,19,1,0,5,34.58,80.4,45.559999999999995,26.4,4,4.333333333333333,3.1666666666666665,3.0833333333333335,4.0,5.0,0,1,-0.9659258262890684,0.2588190451025203,0.7818314824680298,0.6234898018587336
ST05,2026-07-07,20,1,0,4,30.175,88.0,36.975,39.0,4,4.333333333333333,3.5,3.0833333333333335,5.0,4.0,0,1,-0.8660254037844386,0.5000000000000001,0.7818314824680298,0.6234898018587336
ST05,2026-07-07,23,1,0,1,29.0,50.0,34.8,40.0,4,3.3333333333333335,3.3333333333333335,2.8333333333333335,4.0,5.0,0,0,-0.25881904510252157,0.9659258262890681,0.7818314824680298,0.6234898018587336
ST05,2026-07-08,0,2,0,1,51.3,60.0,51.3,10.0,4,2.0,3.1666666666666665,2.6666666666666665,1.0,1.0,0,0,0.0,1.0,0.9749279121818236,-0.22252093395631434
ST05,2026-07-08,2,2,0,1,16.9,22.0,46.1,39.0,4,1.0,2.6666666666666665,2.5,1.0,1.0,0,0,0.49999999999999994,0.8660254037844387,0.9749279121818236,-0.22252093395631434
ST05,2026-07-08,3,2,0,1,27.8,120.0,13.9,29.0,4,1.0,2.1666666666666665,2.4166666666666665,1.0,1.0,0,0,0.7071067811865476,0.7071067811865476,0.9749279121818236,-0.22252093395631434
ST05,2026-07-08,4,2,0,1,24.3,120.0,12.2,49.0,4,1.0,1.5,2.3333333333333335,1.0,1.0,0,0,0.8660254037844386,0.5000000000000001,0.9749279121818236,-0.22252093395631434
ST05,2026-07-08,5,2,0,1,22.0,50.0,26.4,36.0,4,1.0,1.0,2.25,1.0,1.0,0,0,0.9659258262890683,0.25881904510252074,0.9749279121818236,-0.22252093395631434
ST05,2026-07-08,6,2,0,1,45.4,120.0,22.7,15.0,4,1.0,1.0,2.1666666666666665,1.0,1.0,0,0,1.0,6.123233995736766e-17,0.9749279121818236,-0.22252093395631434
ST05,2026-07-08,7,2,0,1,26.2,22.0,71.5,50.0,4,1.0,1.0,2.0833333333333335,1.0,1.0,0,0,0.9659258262890683,-0.25881904510252063,0.9749279121818236,-0.22252093395631434
ST05,2026-07-08,8,2,0,4,30.900000000000002,77.5,31.45,35.5,4,2.0,1.5,2.0833333333333335,1.0,1.0,1,0,0.8660254037844387,-0.4999999999999998,0.9749279121818236,-0.22252093395631434
ST05,2026-07-08,9,2,0,4,26.75,95.0,20.825,31.25,4,3.0,2.0,2.0833333333333335,4.0,1.0,1,0,0.7071067811865476,-0.7071067811865475,0.9749279121818236,-0.22252093395631434
ST05,2026-07-08,10,2,0,3,27.266666666666666,64.66666666666667,52.1,24.333333333333332,4,3.6666666666666665,2.3333333333333335,1.9166666666666667,4.0,1.0,1,0,0.49999999999999994,-0.8660254037844387,0.9749279121818236,-0.22252093395631434
ST05,2026-07-08,11,2,0,3,30.366666666666664,76.66666666666667,23.03333333333333,34.333333333333336,4,3.3333333333333335,2.6666666666666665,1.8333333333333333,3.0,4.0,0,0,0.258819045102521,-0.9659258262890682,0.9749279121818236,-0.22252093395631434
ST05,2026-07-08,12,2,0,2,28.450000000000003,90.0,20.65,30.5,4,2.6666666666666665,2.8333333333333335,1.9166666666666667,3.0,4.0,0,0,1.2246467991473532e-16,-1.0,0.9749279121818236,-0.22252093395631434
ST05,2026-07-08,13,2,0,3,35.03333333333333,34.666666666666664,74.66666666666667,23.666666666666668,4,2.6666666666666665,3.1666666666666665,2.0833333333333335,2.0,3.0,0,0,-0.2588190451025208,-0.9659258262890683,0.9749279121818236,-0.22252093395631434
ST05,2026-07-08,14,2,0,2,15.8,41.0,27.1,43.0,4,2.3333333333333335,2.8333333333333335,2.1666666666666665,3.0,3.0,0,0,-0.4999999999999997,-0.8660254037844388,0.9749279121818236,-0.22252093395631434
ST05,2026-07-08,15,2,0,3,37.666666666666664,74.0,60.23333333333333,30.0,4,2.6666666666666665,2.6666666666666665,2.3333333333333335,2.0,2.0,0,0,-0.7071067811865471,-0.7071067811865479,0.9749279121818236,-0.22252093395631434
ST05,2026-07-08,16,2,0,2,36.6,71.0,46.35,26.5,4,2.3333333333333335,2.5,2.4166666666666665,3.0,2.0,0,0,-0.8660254037844385,-0.5000000000000004,0.9749279121818236,-0.22252093395631434
ST05,2026-07-08,17,2,0,4,34.25,102.5,28.325,29.25,4,3.0,2.6666666666666665,2.6666666666666665,2.0,2.0,0,1,-0.9659258262890683,-0.25881904510252063,0.9749279121818236,-0.22252093395631434
ST05,2026-07-08,18,2,0,4,38.25,78.5,62.15,31.75,4,3.3333333333333335,3.0,2.9166666666666665,4.0,2.0,0,1,-1.0,-1.8369701987210297e-16,0.9749279121818236,-0.22252093395631434
ST05,2026-07-08,19,2,0,5,34.06,42.8,54.720000000000006,29.8,4,4.333333333333333,3.3333333333333335,3.25,4.0,2.0,0,1,-0.9659258262890684,0.2588190451025203,0.9749279121818236,-0.22252093395631434
ST05,2026-07-08,20,2,0,4,23.075,88.0,25.575,28.25,4,4.333333333333333,3.6666666666666665,3.25,5.0,4.0,0,1,-0.8660254037844386,0.5000000000000001,0.9749279121818236,-0.22252093395631434
ST05,2026-07-08,21,2,0,1,34.9,22.0,95.2,22.0,4,3.3333333333333335,3.3333333333333335,3.0,4.0,4.0,0,0,-0.7071067811865477,0.7071067811865474,0.9749279121818236,-0.22252093395631434
ST05,2026-07-08,22,2,0,1,19.9,150.0,8.0,37.0,4,2.0,3.1666666666666665,2.8333333333333335,1.0,5.0,0,0,-0.5000000000000004,0.8660254037844384,0.9749279121818236,-0.22252093395631434
ST05,2026-07-08,23,2,0,1,18.2,22.0,49.6,46.0,4,1.0,2.6666666666666665,2.6666666666666665,1.0,4.0,0,0,-0.25881904510252157,0.9659258262890681,0.9749279121818236,-0.22252093395631434
ST05,2026-07-09,0,3,0,1,42.3,22.0,115.4,18.0,4,1.0,2.1666666666666665,2.5833333333333335,1.0,1.0,0,0,0.0,1.0,0.43388373911755823,-0.900968867902419
ST05,2026-07-09,1,3,0,1,29.5,60.0,29.5,32.0,4,1.0,1.5,2.4166666666666665,1.0,1.0,0,0,0.25881904510252074,0.9659258262890683,0.43388373911755823,-0.900968867902419
ST05,2026-07-09,2,3,0,1,21.7,120.0,10.8,35.0,4,1.0,1.0,2.3333333333333335,1.0,1.0,0,0,0.49999999999999994,0.8660254037844387,0.43388373911755823,-0.900968867902419
ST05,2026-07-09,3,3,0,1,25.5,50.0,30.6,14.0,4,1.0,1.0,2.1666666666666665,1.0,1.0,0,0,0.7071067811865476,0.7071067811865476,0.43388373911755823,-0.900968867902419
ST05,2026-07-09,4,3,0,1,46.7,60.0,46.7,16.0,4,1.0,1.0,2.0833333333333335,1.0,1.0,0,0,0.8660254037844386,0.5000000000000001,0.43388373911755823,-0.900968867902419
ST05,2026-07-09,5,3,0,1,49.7,120.0,24.9,16.0,4,1.0,1.0,1.8333333333333333,1.0,1.0,0,0,0.9659258262890683,0.25881904510252074,0.43388373911755823,-0.900968867902419
ST05,2026-07-09,6,3,0,1,22.1,22.0,60.3,31.0,4,1.0,1.0,1.5833333333333333,1.0,1.0,0,0,1.0,6.123233995736766e-17,0.43388373911755823,-0.900968867902419
ST05,2026-07-09,7,3,0,1,47.2,60.0,47.2,19.0,4,1.0,1.0,1.25,1.0,1.0,0,0,0.9659258262890683,-0.25881904510252063,0.43388373911755823,-0.900968867902419
ST05,2026-07-09,8,3,0,4,28.6,95.0,21.0,23.75,4,2.0,1.5,1.25,1.0,4.0,1,0,0.8660254037844387,-0.4999999999999998,0.43388373911755823,-0.900968867902419
ST05,2026-07-09,9,3,0,4,38.975,88.0,43.275,22.5,4,3.0,2.0,1.5,4.0,4.0,1,0,0.7071067811865476,-0.7071067811865475,0.43388373911755823,-0.900968867902419
ST05,2026-07-09,10,3,0,4,32.4,127.5,19.05,24.0,4,4.0,2.5,1.75,4.0,3.0,1,0,0.49999999999999994,-0.8660254037844387,0.43388373911755823,-0.900968867902419
ST05,2026-07-09,11,3,0,2,24.85,55.0,27.15,35.5,4,3.3333333333333335,2.6666666666666665,1.8333333333333333,4.0,3.0,0,0,0.258819045102521,-0.9659258262890682,0.43388373911755823,-0.900968867902419
ST05,2026-07-09,12,3,0,2,46.2,36.0,84.75,24.0,4,2.6666666666666665,2.8333333333333335,1.9166666666666667,2.0,2.0,0,0,1.2246467991473532e-16,-1.0,0.43388373911755823,-0.900968867902419
ST05,2026-07-09,13,3,0,3,41.46666666666667,54.666666666666664,91.2,25.333333333333332,4,2.3333333333333335,3.1666666666666665,2.0833333333333335,2.0,3.0,0,0,-0.2588190451025208,-0.9659258262890683,0.43388373911755823,-0.900968867902419
ST05,2026-07-09,14,3,0,3,25.866666666666664,106.66666666666667,15.533333333333331,34.666666666666664,4,2.6666666666666665,3.0,2.25,3.0,2.0,0,0,-0.4999999999999997,-0.8660254037844388,0.43388373911755823,-0.900968867902419
ST05,2026-07-09,15,3,0,2,33.9,71.0,41.45,37.0,4,2.6666666666666665,2.6666666666666665,2.3333333333333335,3.0,3.0,0,0,-0.7071067811865471,-0.7071067811865479,0.43388373911755823,-0.900968867902419
ST05,2026-07-09,16,3,0,3,39.800000000000004,110.0,24.133333333333336,19.0,4,2.6666666666666665,2.5,2.5,2.0,2.0,0,0,-0.8660254037844385,-0.5000000000000004,0.43388373911755823,-0.900968867902419
ST05,2026-07-09,17,3,0,5,31.54,96.0,21.48,27.6,4,3.3333333333333335,3.0,2.8333333333333335,3.0,4.0,0,1,-0.9659258262890683,-0.25881904510252063,0.43388373911755823,-0.900968867902419
ST05,2026-07-09,18,3,0,4,29.525,112.5,18.55,30.0,4,4.0,3.3333333333333335,3.0833333333333335,5.0,4.0,0,1,-1.0,-1.8369701987210297e-16,0.43388373911755823,-0.900968867902419
ST05,2026-07-09,19,3,0,4,30.424999999999997,80.5,39.125,24.0,4,4.333333333333333,3.5,3.3333333333333335,4.0,5.0,0,1,-0.9659258262890684,0.2588190451025203,0.43388373911755823,-0.900968867902419
ST05,2026-07-09,20,3,0,5,29.1,76.4,36.260000000000005,26.6,4,4.333333333333333,3.8333333333333335,3.4166666666666665,4.0,4.0,0,1,-0.8660254037844386,0.5000000000000001,0.43388373911755823,-0.900968867902419
ST05,2026-07-09,21,3,0,1,30.9,120.0,15.5,40.0,4,3.3333333333333335,3.6666666666666665,3.1666666666666665,5.0,1.0,0,0,-0.7071067811865477,0.7071067811865474,0.43388373911755823,-0.900968867902419
ST05,2026-07-09,22,3,0,1,16.1,120.0,8.1,37.0,4,2.3333333333333335,3.3333333333333335,2.9166666666666665,1.0,1.0,0,0,-0.5000000000000004,0.8660254037844384,0.43388373911755823,-0.900968867902419
ST05,2026-07-09,23,3,0,1,50.5,150.0,20.2,10.0,4,1.0,2.6666666666666665,2.8333333333333335,1.0,1.0,0,0,-0.25881904510252157,0.9659258262890681,0.43388373911755823,-0.900968867902419
ST05,2026-07-10,0,4,0,1,48.4,50.0,58.1,10.0,4,1.0,2.1666666666666665,2.75,1.0,1.0,0,0,0.0,1.0,-0.433883739117558,-0.9009688679024191
ST05,2026-07-10,1,4,0,1,36.2,150.0,14.5,21.0,4,1.0,1.6666666666666667,2.5833333333333335,1.0,1.0,0,0,0.25881904510252074,0.9659258262890683,-0.433883739117558,-0.9009688679024191
ST05,2026-07-10,2,4,0,1,39.4,120.0,19.7,34.0,4,1.0,1.0,2.4166666666666665,1.0,1.0,0,0,0.49999999999999994,0.8660254037844387,-0.433883739117558,-0.9009688679024191
ST05,2026-07-10,3,4,0,1,22.6,50.0,27.1,43.0,4,1.0,1.0,2.3333333333333335,1.0,1.0,0,0,0.7071067811865476,0.7071067811865476,-0.433883739117558,-0.9009688679024191
ST05,2026-07-10,4,4,0,1,24.7,22.0,67.4,20.0,4,1.0,1.0,2.1666666666666665,1.0,1.0,0,0,0.8660254037844386,0.5000000000000001,-0.433883739117558,-0.9009688679024191
ST05,2026-07-10,5,4,0,1,29.2,50.0,35.0,48.0,4,1.0,1.0,1.8333333333333333,1.0,1.0,0,0,0.9659258262890683,0.25881904510252074,-0.433883739117558,-0.9009688679024191
ST05,2026-07-10,6,4,0,1,32.1,120.0,16.1,18.0,4,1.0,1.0,1.5833333333333333,1.0,1.0,0,0,1.0,6.123233995736766e-17,-0.433883739117558,-0.9009688679024191
ST05,2026-07-10,7,4,0,1,19.4,50.0,23.3,29.0,4,1.0,1.0,1.3333333333333333,1.0,1.0,0,0,0.9659258262890683,-0.25881904510252063,-0.433883739117558,-0.9009688679024191
ST05,2026-07-10,8,4,0,4,31.15,110.5,34.05,27.25,4,2.0,1.5,1.25,1.0,4.0,1,0,0.8660254037844387,-0.4999999999999998,-0.433883739117558,-0.9009688679024191
ST05,2026-07-10,9,4,0,4,32.025,85.5,38.175,30.5,4,3.0,2.0,1.5,4.0,4.0,1,0,0.7071067811865476,-0.7071067811865475,-0.433883739117558,-0.9009688679024191
ST05,2026-07-10,10,4,0,4,27.825,63.0,30.950000000000003,30.75,4,4.0,2.5,1.75,4.0,4.0,1,0,0.49999999999999994,-0.8660254037844387,-0.433883739117558,-0.9009688679024191
ST05,2026-07-10,11,4,0,3,37.06666666666666,107.33333333333333,47.4,25.0,4,3.6666666666666665,2.8333333333333335,1.9166666666666667,4.0,2.0,0,0,0.258819045102521,-0.9659258262890682,-0.433883739117558,-0.9009688679024191
ST05,2026-07-10,12,4,0,3,33.63333333333333,73.33333333333333,36.06666666666667,23.333333333333332,4,3.3333333333333335,3.1666666666666665,2.0833333333333335,3.0,2.0,0,0,1.2246467991473532e-16,-1.0,-0.433883739117558,-0.9009688679024191
ST05,2026-07-10,13,4,0,3,20.033333333333335,97.33333333333333,19.3,39.666666666666664,4,3.0,3.5,2.25,3.0,3.0,0,0,-0.2588190451025208,-0.9659258262890683,-0.433883739117558,-0.9009688679024191
ST05,2026-07-10,14,4,0,3,29.666666666666668,107.33333333333333,33.13333333333333,31.0,4,3.0,3.3333333333333335,2.4166666666666665,3.0,3.0,0,0,-0.4999999999999997,-0.8660254037844388,-0.433883739117558,-0.9009688679024191
ST05,2026-07-10,15,4,0,3,20.766666666666666,64.0,27.53333333333333,34.666666666666664,4,3.0,3.1666666666666665,2.5833333333333335,3.0,2.0,0,0,-0.7071067811865471,-0.7071067811865479,-0.433883739117558,-0.9009688679024191
ST05,2026-07-10,16,4,0,2,21.75,105.0,14.95,30.5,4,2.6666666666666665,2.8333333333333335,2.6666666666666665,3.0,3.0,0,0,-0.8660254037844385,-0.5000000000000004,-0.433883739117558,-0.9009688679024191
ST05,2026-07-10,17,4,0,5,29.72,118.0,18.36,30.0,4,3.3333333333333335,3.1666666666666665,3.0,2.0,5.0,0,1,-0.9659258262890683,-0.25881904510252063,-0.433883739117558,-0.9009688679024191
ST05,2026-07-10,18,4,0,4,29.25,80.0,24.3,33.0,4,3.6666666666666665,3.3333333333333335,3.25,5.0,4.0,0,1,-1.0,-1.8369701987210297e-16,-0.433883739117558,-0.9009688679024191
ST05,2026-07-10,19,4,0,4,22.35,85.5,29.950000000000003,39.5,4,4.333333333333333,3.5,3.5,4.0,4.0,0,1,-0.9659258262890684,0.2588190451025203,-0.433883739117558,-0.9009688679024191
ST05,2026-07-10,20,4,0,4,47.6,97.5,36.325,13.5,4,4.0,3.6666666666666665,3.5,4.0,5.0,0,1,-0.8660254037844386,0.5000000000000001,-0.433883739117558,-0.9009688679024191
ST05,2026-07-10,21,4,0,1,41.8,50.0,50.2,15.0,4,3.0,3.3333333333333335,3.25,4.0,1.0,0,0,-0.7071067811865477,0.7071067811865474,-0.433883739117558,-0.9009688679024191
ST05,2026-07-10,22,4,0,1,18.5,50.0,22.2,46.0,4,2.0,3.1666666666666665,3.0,1.0,1.0,0,0,-0.5000000000000004,0.8660254037844384,-0.433883739117558,-0.9009688679024191
ST05,2026-07-10,23,4,0,1,24.9,150.0,10.0,28.0,4,1.0,2.5,2.8333333333333335,1.0,1.0,0,0,-0.25881904510252157,0.9659258262890681,-0.433883739117558,-0.9009688679024191
ST05,2026-07-11,0,5,1,1,25.9,50.0,31.1,29.0,4,1.0,2.0,2.6666666666666665,1.0,1.0,0,0,0.0,1.0,-0.9749279121818236,-0.2225209339563146
ST05,2026-07-11,1,5,1,2,29.799999999999997,86.0,53.1,30.5,4,1.3333333333333333,1.6666666666666667,2.5833333333333335,1.0,1.0,0,0,0.25881904510252074,0.9659258262890683,-0.9749279121818236,-0.2225209339563146
ST05,2026-07-11,2,5,1,2,27.2,85.0,20.75,32.0,4,1.6666666666666667,1.3333333333333333,2.5,2.0,1.0,0,0,0.49999999999999994,0.8660254037844387,-0.9749279121818236,-0.2225209339563146
ST05,2026-07-11,3,5,1,1,15.2,120.0,7.6,40.0,4,1.6666666666666667,1.3333333333333333,2.3333333333333335,2.0,1.0,0,0,0.7071067811865476,0.7071067811865476,-0.9749279121818236,-0.2225209339563146
ST05,2026-07-11,4,5,1,2,32.15,90.0,25.799999999999997,34.5,4,1.6666666666666667,1.5,2.3333333333333335,1.0,1.0,0,0,0.8660254037844386,0.5000000000000001,-0.9749279121818236,-0.2225209339563146
ST05,2026-07-11,5,5,1,2,26.6,41.0,59.0,27.5,4,1.6666666666666667,1.6666666666666667,2.0833333333333335,2.0,1.0,0,0,0.9659258262890683,0.25881904510252074,-0.9749279121818236,-0.2225209339563146
ST05,2026-07-11,6,5,1,1,52.2,22.0,142.4,21.0,4,1.6666666666666667,1.6666666666666667,1.8333333333333333,2.0,1.0,0,0,1.0,6.123233995736766e-17,-0.9749279121818236,-0.2225209339563146
ST05,2026-07-11,7,5,1,1,34.9,60.0,34.9,48.0,4,1.3333333333333333,1.5,1.5833333333333333,1.0,1.0,0,0,0.9659258262890683,-0.25881904510252063,-0.9749279121818236,-0.2225209339563146
ST05,2026-07-11,8,5,1,2,21.799999999999997,105.0,15.0,42.5,4,1.3333333333333333,1.5,1.4166666666666667,1.0,4.0,1,0,0.8660254037844387,-0.4999999999999998,-0.9749279121818236,-0.2225209339563146
ST05,2026-07-11,9,5,1,1,30.0,50.0,36.0,23.0,4,1.3333333333333333,1.5,1.4166666666666667,2.0,4.0,1,0,0.7071067811865476,-0.7071067811865475,-0.9749279121818236,-0.2225209339563146
ST05,2026-07-11,10,5,1,3,30.633333333333336,64.0,40.833333333333336,27.0,4,2.0,1.6666666666666667,1.5833333333333333,1.0,4.0,1,0,0.49999999999999994,-0.8660254037844387,-0.9749279121818236,-0.2225209339563146
ST05,2026-07-11,11,5,1,3,23.3,53.333333333333336,26.96666666666667,34.333333333333336,4,2.3333333333333335,1.8333333333333333,1.75,3.0,3.0,0,0,0.258819045102521,-0.9659258262890682,-0.9749279121818236,-0.2225209339563146
ST05,2026-07-11,12,5,1,3,21.833333333333332,77.33333333333333,30.233333333333334,40.333333333333336,4,3.0,2.1666666666666665,1.9166666666666667,3.0,3.0,0,0,1.2246467991473532e-16,-1.0,-0.9749279121818236,-0.2225209339563146
ST05,2026-07-11,13,5,1,3,30.53333333333333,106.66666666666667,19.666666666666668,29.666666666666668,4,3.0,2.5,2.0,3.0,3.0,0,0,-0.2588190451025208,-0.9659258262890683,-0.9749279121818236,-0.2225209339563146
ST05,2026-07-11,14,5,1,3,31.53333333333333,67.33333333333333,42.79999999999999,28.0,4,3.0,2.6666666666666665,2.0833333333333335,3.0,3.0,0,0,-0.4999999999999997,-0.8660254037844388,-0.9749279121818236,-0.2225209339563146
ST05,2026-07-11,15,5,1,3,27.36666666666667,97.33333333333333,38.4,29.666666666666668,4,3.0,3.0,2.25,3.0,3.0,0,0,-0.7071067811865471,-0.7071067811865479,-0.9749279121818236,-0.2225209339563146
ST05,2026-07-11,16,5,1,3,27.53333333333333,86.66666666666667,24.400000000000002,32.333333333333336,4,3.0,3.0,2.3333333333333335,3.0,2.0,0,0,-0.8660254037844385,-0.5000000000000004,-0.9749279121818236,-0.2225209339563146
ST05,2026-07-11,17,5,1,2,34.0,22.0,92.75,34.5,4,2.6666666666666665,2.8333333333333335,2.3333333333333335,3.0,5.0,0,1,-0.9659258262890683,-0.25881904510252063,-0.9749279121818236,-0.2225209339563146
ST05,2026-07-11,18,5,1,2,41.2,135.0,19.35,28.0,4,2.3333333333333335,2.6666666666666665,2.4166666666666665,2.0,4.0,0,1,-1.0,-1.8369701987210297e-16,-0.9749279121818236,-0.2225209339563146
ST05,2026-07-11,19,5,1,3,41.93333333333334,73.33333333333333,36.76666666666667,14.666666666666666,4,2.3333333333333335,2.6666666666666665,2.5833333333333335,2.0,4.0,0,1,-0.9659258262890684,0.2588190451025203,-0.9749279121818236,-0.2225209339563146
ST05,2026-07-11,20,5,1,1,36.6,22.0,99.8,31.0,4,2.0,2.3333333333333335,2.5,3.0,4.0,0,1,-0.8660254037844386,0.5000000000000001,-0.9749279121818236,-0.2225209339563146
ST05,2026-07-11,21,5,1,1,21.8,150.0,8.7,44.0,4,1.6666666666666667,2.0,2.5,1.0,1.0,0,0,-0.7071067811865477,0.7071067811865474,-0.9749279121818236,-0.2225209339563146
ST05,2026-07-11,22,5,1,1,23.4,150.0,9.4,45.0,4,1.0,1.6666666666666667,2.3333333333333335,1.0,1.0,0,0,-0.5000000000000004,0.8660254037844384,-0.9749279121818236,-0.2225209339563146
ST05,2026-07-11,23,5,1,1,21.0,150.0,8.4,43.0,4,1.0,1.5,2.1666666666666665,1.0,1.0,0,0,-0.25881904510252157,0.9659258262890681,-0.9749279121818236,-0.2225209339563146
ST05,2026-07-12,0,6,1,2,36.400000000000006,105.0,26.0,31.5,4,1.3333333333333333,1.5,2.0833333333333335,1.0,1.0,0,0,0.0,1.0,-0.7818314824680299,0.6234898018587334
ST05,2026-07-12,1,6,1,1,24.0,22.0,65.5,48.0,4,1.3333333333333333,1.1666666666666667,1.9166666666666667,2.0,2.0,0,0,0.25881904510252074,0.9659258262890683,-0.7818314824680299,0.6234898018587334
ST05,2026-07-12,2,6,1,1,37.5,60.0,37.5,13.0,4,1.3333333333333333,1.1666666666666667,1.75,1.0,2.0,0,0,0.49999999999999994,0.8660254037844387,-0.7818314824680299,0.6234898018587334
ST05,2026-07-12,3,6,1,2,34.7,41.0,66.4,26.0,4,1.3333333333333333,1.3333333333333333,1.6666666666666667,1.0,1.0,0,0,0.7071067811865476,0.7071067811865476,-0.7818314824680299,0.6234898018587334
ST05,2026-07-12,4,6,1,2,22.25,41.0,44.8,37.5,4,1.6666666666666667,1.5,1.5833333333333333,2.0,2.0,0,0,0.8660254037844386,0.5000000000000001,-0.7818314824680299,0.6234898018587334
ST05,2026-07-12,5,6,1,2,19.5,50.0,23.4,40.5,4,2.0,1.6666666666666667,1.5833333333333333,2.0,2.0,0,0,0.9659258262890683,0.25881904510252074,-0.7818314824680299,0.6234898018587334
ST05,2026-07-12,6,6,1,1,42.3,22.0,115.4,11.0,4,1.6666666666666667,1.5,1.5,2.0,1.0,0,0,1.0,6.123233995736766e-17,-0.7818314824680299,0.6234898018587334
ST05,2026-07-12,7,6,1,1,24.7,22.0,67.4,32.0,4,1.3333333333333333,1.5,1.3333333333333333,1.0,1.0,0,0,0.9659258262890683,-0.25881904510252063,-0.7818314824680299,0.6234898018587334
ST05,2026-07-12,8,6,1,1,11.4,22.0,31.1,50.0,4,1.0,1.5,1.3333333333333333,1.0,2.0,1,0,0.8660254037844387,-0.4999999999999998,-0.7818314824680299,0.6234898018587334
ST05,2026-07-12,9,6,1,2,22.7,71.0,29.15,35.0,4,1.3333333333333333,1.5,1.4166666666666667,1.0,1.0,1,0,0.7071067811865476,-0.7071067811865475,-0.7818314824680299,0.6234898018587334
ST05,2026-07-12,10,6,1,3,27.599999999999998,90.0,20.866666666666664,27.0,4,2.0,1.6666666666666667,1.5833333333333333,2.0,3.0,1,0,0.49999999999999994,-0.8660254037844387,-0.7818314824680299,0.6234898018587334
ST05,2026-07-12,11,6,1,3,33.800000000000004,80.0,26.900000000000002,24.333333333333332,4,2.6666666666666665,1.8333333333333333,1.75,3.0,3.0,0,0,0.258819045102521,-0.9659258262890682,-0.7818314824680299,0.6234898018587334
ST05,2026-07-12,12,6,1,3,25.833333333333332,74.0,33.166666666666664,30.333333333333332,4,3.0,2.1666666666666665,1.8333333333333333,3.0,3.0,0,0,1.2246467991473532e-16,-1.0,-0.7818314824680299,0.6234898018587334
ST05,2026-07-12,13,6,1,4,23.525,92.5,18.575000000000003,38.25,4,3.3333333333333335,2.6666666666666665,2.0833333333333335,3.0,3.0,0,0,-0.2588190451025208,-0.9659258262890683,-0.7818314824680299,0.6234898018587334
ST05,2026-07-12,14,6,1,3,43.833333333333336,76.66666666666667,39.1,27.333333333333332,4,3.3333333333333335,3.0,2.25,4.0,3.0,0,0,-0.4999999999999997,-0.8660254037844388,-0.7818314824680299,0.6234898018587334
ST05,2026-07-12,15,6,1,3,27.266666666666666,87.33333333333333,34.43333333333334,32.333333333333336,4,3.3333333333333335,3.1666666666666665,2.3333333333333335,3.0,3.0,0,0,-0.7071067811865471,-0.7071067811865479,-0.7818314824680299,0.6234898018587334
ST05,2026-07-12,16,6,1,3,31.766666666666666,40.666666666666664,51.29999999999999,22.666666666666668,4,3.0,3.1666666666666665,2.4166666666666665,3.0,3.0,0,0,-0.8660254037844385,-0.5000000000000004,-0.7818314824680299,0.6234898018587334
ST05,2026-07-12,17,6,1,2,28.799999999999997,41.0,49.25,42.5,4,2.6666666666666665,3.0,2.4166666666666665,3.0,2.0,0,1,-0.9659258262890683,-0.25881904510252063,-0.7818314824680299,0.6234898018587334
ST05,2026-07-12,18,6,1,3,37.1,87.33333333333333,54.20000000000001,21.333333333333332,4,2.6666666666666665,3.0,2.5833333333333335,2.0,2.0,0,1,-1.0,-1.8369701987210297e-16,-0.7818314824680299,0.6234898018587334
ST05,2026-07-12,19,6,1,3,32.13333333333333,47.333333333333336,57.0,33.333333333333336,4,2.6666666666666665,2.8333333333333335,2.75,3.0,3.0,0,1,-0.9659258262890684,0.2588190451025203,-0.7818314824680299,0.6234898018587334
ST05,2026-07-12,20,6,1,1,24.5,120.0,12.2,19.0,4,2.3333333333333335,2.5,2.75,3.0,1.0,0,1,-0.8660254037844386,0.5000000000000001,-0.7818314824680299,0.6234898018587334
ST05,2026-07-12,21,6,1,1,27.2,50.0,32.6,37.0,4,1.6666666666666667,2.1666666666666665,2.6666666666666665,1.0,1.0,0,0,-0.7071067811865477,0.7071067811865474,-0.7818314824680299,0.6234898018587334
ST05,2026-07-12,22,6,1,1,39.8,120.0,19.9,13.0,4,1.0,1.8333333333333333,2.5,1.0,1.0,0,0,-0.5000000000000004,0.8660254037844384,-0.7818314824680299,0.6234898018587334
ST05,2026-07-12,23,6,1,1,27.2,50.0,32.6,22.0,4,1.0,1.6666666666666667,2.3333333333333335,1.0,1.0,0,0,-0.25881904510252157,0.9659258262890681,-0.7818314824680299,0.6234898018587334
ST05,2026-07-13,0,0,0,1,44.1,60.0,44.1,22.0,4,1.0,1.3333333333333333,2.1666666666666665,1.0,2.0,0,0,0.0,1.0,0.0,1.0
ST05,2026-07-13,1,0,0,1,16.2,60.0,16.2,50.0,4,1.0,1.0,1.9166666666666667,1.0,1.0,0,0,0.25881904510252074,0.9659258262890683,0.0,1.0
ST05,2026-07-13,2,0,0,1,35.8,22.0,97.6,10.0,4,1.0,1.0,1.75,1.0,1.0,0,0,0.49999999999999994,0.8660254037844387,0.0,1.0
ST05,2026-07-13,3,0,0,1,36.1,22.0,98.5,23.0,4,1.0,1.0,1.5833333333333333,1.0,2.0,0,0,0.7071067811865476,0.7071067811865476,0.0,1.0
ST05,2026-07-13,5,0,0,1,26.0,22.0,70.9,41.0,4,1.0,1.0,1.4166666666666667,1.0,2.0,0,0,0.9659258262890683,0.25881904510252074,0.0,1.0
ST05,2026-07-13,6,0,0,1,31.5,120.0,15.8,28.0,4,1.0,1.0,1.3333333333333333,1.0,2.0,0,0,1.0,6.123233995736766e-17,0.0,1.0
ST05,2026-07-13,7,0,0,1,44.3,22.0,120.8,15.0,4,1.0,1.0,1.1666666666666667,1.0,1.0,0,0,0.9659258262890683,-0.25881904510252063,0.0,1.0
ST05,2026-07-13,8,0,0,4,35.625,103.0,32.475,30.25,4,2.0,1.5,1.25,1.0,1.0,1,0,0.8660254037844387,-0.4999999999999998,0.0,1.0
ST05,2026-07-13,9,0,0,4,28.525,41.0,49.3,33.25,4,3.0,2.0,1.5,4.0,1.0,1,0,0.7071067811865476,-0.7071067811865475,0.0,1.0
ST05,2026-07-13,10,0,0,3,30.96666666666667,86.66666666666667,25.099999999999998,30.333333333333332,4,3.6666666666666665,2.3333333333333335,1.6666666666666667,4.0,2.0,1,0,0.49999999999999994,-0.8660254037844387,0.0,1.0
ST05,2026-07-13,11,0,0,2,46.6,50.0,55.9,26.0,4,3.0,2.5,1.75,3.0,3.0,0,0,0.258819045102521,-0.9659258262890682,0.0,1.0
ST05,2026-07-13,12,0,0,2,32.3,105.0,20.5,39.5,4,2.3333333333333335,2.6666666666666665,1.8333333333333333,2.0,3.0,0,0,1.2246467991473532e-16,-1.0,0.0,1.0
ST05,2026-07-13,13,0,0,2,36.45,41.0,57.849999999999994,24.5,4,2.0,2.8333333333333335,1.9166666666666667,2.0,3.0,0,0,-0.2588190451025208,-0.9659258262890683,0.0,1.0
ST05,2026-07-13,14,0,0,2,30.3,85.0,26.9,24.0,4,2.0,2.5,2.0,2.0,4.0,0,0,-0.4999999999999997,-0.8660254037844388,0.0,1.0
ST05,2026-07-13,15,0,0,2,37.55,36.0,66.35,16.5,4,2.0,2.1666666666666665,2.0833333333333335,2.0,3.0,0,0,-0.7071067811865471,-0.7071067811865479,0.0,1.0
ST05,2026-07-13,16,0,0,3,28.366666666666664,107.33333333333333,31.433333333333334,36.333333333333336,4,2.3333333333333335,2.1666666666666665,2.25,2.0,3.0,0,0,-0.8660254037844385,-0.5000000000000004,0.0,1.0
ST05,2026-07-13,17,0,0,4,23.25,97.5,17.35,38.75,4,3.0,2.5,2.5,3.0,3.0,0,1,-0.9659258262890683,-0.25881904510252063,0.0,1.0
ST05,2026-07-13,18,0,0,4,35.8,53.5,72.95,29.25,4,3.6666666666666665,2.8333333333333335,2.75,4.0,2.0,0,1,-1.0,-1.8369701987210297e-16,0.0,1.0
ST05,2026-07-13,19,0,0,4,33.2,102.5,23.15,34.0,4,4.0,3.1666666666666665,3.0,4.0,3.0,0,1,-0.9659258262890684,0.2588190451025203,0.0,1.0
ST05,2026-07-13,20,0,0,4,34.9,127.5,19.875,28.25,4,4.0,3.5,3.0,4.0,3.0,0,1,-0.8660254037844386,0.5000000000000001,0.0,1.0
ST05,2026-07-13,21,0,0,1,35.4,150.0,14.2,36.0,4,3.0,3.3333333333333335,2.75,4.0,1.0,0,0,-0.7071067811865477,0.7071067811865474,0.0,1.0
ST05,2026-07-13,22,0,0,1,25.0,60.0,25.0,37.0,4,2.0,3.0,2.5833333333333335,1.0,1.0,0,0,-0.5000000000000004,0.8660254037844384,0.0,1.0
ST05,2026-07-13,23,0,0,1,21.6,120.0,10.8,44.0,4,1.0,2.5,2.5,1.0,1.0,0,0,-0.25881904510252157,0.9659258262890681,0.0,1.0
ST05,2026-07-14,0,1,0,1,38.2,150.0,15.3,28.0,4,1.0,2.0,2.4166666666666665,1.0,1.0,0,0,0.0,1.0,0.7818314824680298,0.6234898018587336
ST05,2026-07-14,1,1,0,1,34.0,22.0,92.7,49.0,4,1.0,1.5,2.3333333333333335,1.0,1.0,0,0,0.25881904510252074,0.9659258262890683,0.7818314824680298,0.6234898018587336
ST05,2026-07-14,2,1,0,1,45.4,120.0,22.7,24.0,4,1.0,1.0,2.25,1.0,1.0,0,0,0.49999999999999994,0.8660254037844387,0.7818314824680298,0.6234898018587336
ST05,2026-07-14,3,1,0,1,14.7,22.0,40.1,39.0,4,1.0,1.0,2.1666666666666665,1.0,1.0,0,0,0.7071067811865476,0.7071067811865476,0.7818314824680298,0.6234898018587336
ST05,2026-07-14,4,1,0,1,19.9,120.0,9.9,34.0,4,1.0,1.0,2.0,1.0,1.0,0,0,0.8660254037844386,0.5000000000000001,0.7818314824680298,0.6234898018587336
ST05,2026-07-14,5,1,0,1,34.8,50.0,41.8,31.0,4,1.0,1.0,1.75,1.0,1.0,0,0,0.9659258262890683,0.25881904510252074,0.7818314824680298,0.6234898018587336
ST05,2026-07-14,6,1,0,1,27.6,22.0,75.3,27.0,4,1.0,1.0,1.5,1.0,1.0,0,0,1.0,6.123233995736766e-17,0.7818314824680298,0.6234898018587336
ST05,2026-07-14,7,1,0,1,37.5,150.0,15.0,18.0,4,1.0,1.0,1.25,1.0,1.0,0,0,0.9659258262890683,-0.25881904510252063,0.7818314824680298,0.6234898018587336
ST05,2026-07-14,8,1,0,4,36.5,38.5,68.4,21.75,4,2.0,1.5,1.25,1.0,4.0,1,0,0.8660254037844387,-0.4999999999999998,0.7818314824680298,0.6234898018587336
ST05,2026-07-14,9,1,0,3,31.766666666666666,67.33333333333333,40.733333333333334,34.666666666666664,4,2.6666666666666665,1.8333333333333333,1.4166666666666667,4.0,4.0,1,0,0.7071067811865476,-0.7071067811865475,0.7818314824680298,0.6234898018587336
ST05,2026-07-14,10,1,0,3,30.233333333333334,106.66666666666667,19.3,26.333333333333332,4,3.3333333333333335,2.1666666666666665,1.5833333333333333,3.0,3.0,1,0,0.49999999999999994,-0.8660254037844387,0.7818314824680298,0.6234898018587336
ST05,2026-07-14,11,1,0,3,28.366666666666664,140.0,12.066666666666668,43.666666666666664,4,3.0,2.5,1.75,3.0,2.0,0,0,0.258819045102521,-0.9659258262890682,0.7818314824680298,0.6234898018587336
ST05,2026-07-14,12,1,0,3,30.233333333333334,116.66666666666667,21.033333333333335,36.666666666666664,4,3.0,2.8333333333333335,1.9166666666666667,3.0,2.0,0,0,1.2246467991473532e-16,-1.0,0.7818314824680298,0.6234898018587336
ST05,2026-07-14,13,1,0,2,22.9,86.0,35.1,42.0,4,2.6666666666666665,3.0,2.0,3.0,2.0,0,0,-0.2588190451025208,-0.9659258262890683,0.7818314824680298,0.6234898018587336
ST05,2026-07-14,14,1,0,2,19.4,135.0,8.75,40.5,4,2.3333333333333335,2.6666666666666665,2.0833333333333335,2.0,2.0,0,0,-0.4999999999999997,-0.8660254037844388,0.7818314824680298,0.6234898018587336
ST05,2026-07-14,15,1,0,3,27.0,76.66666666666667,26.166666666666668,36.666666666666664,4,2.3333333333333335,2.6666666666666665,2.25,2.0,2.0,0,0,-0.7071067811865471,-0.7071067811865479,0.7818314824680298,0.6234898018587336
ST05,2026-07-14,16,1,0,2,47.95,71.0,79.65,22.0,4,2.3333333333333335,2.5,2.3333333333333335,3.0,3.0,0,0,-0.8660254037844385,-0.5000000000000004,0.7818314824680298,0.6234898018587336
ST05,2026-07-14,17,1,0,4,37.575,68.0,47.2,19.75,4,3.0,2.6666666666666665,2.5833333333333335,2.0,4.0,0,1,-0.9659258262890683,-0.25881904510252063,0.7818314824680298,0.6234898018587336
ST05,2026-07-14,18,1,0,4,35.825,63.5,61.275,29.75,4,3.3333333333333335,2.8333333333333335,2.8333333333333335,4.0,4.0,0,1,-1.0,-1.8369701987210297e-16,0.7818314824680298,0.6234898018587336
ST05,2026-07-14,19,1,0,4,25.375,117.5,17.5,35.0,4,4.0,3.1666666666666665,3.0833333333333335,4.0,4.0,0,1,-0.9659258262890684,0.2588190451025203,0.7818314824680298,0.6234898018587336
ST05,2026-07-14,20,1,0,5,33.4,94.4,38.96,32.0,4,4.333333333333333,3.6666666666666665,3.1666666666666665,4.0,4.0,0,1,-0.8660254037844386,0.5000000000000001,0.7818314824680298,0.6234898018587336
ST05,2026-07-14,21,1,0,1,32.2,120.0,16.1,41.0,4,3.3333333333333335,3.3333333333333335,3.0,5.0,1.0,0,0,-0.7071067811865477,0.7071067811865474,0.7818314824680298,0.6234898018587336
ST05,2026-07-14,22,1,0,1,33.2,50.0,39.8,30.0,4,2.3333333333333335,3.1666666666666665,2.8333333333333335,1.0,1.0,0,0,-0.5000000000000004,0.8660254037844384,0.7818314824680298,0.6234898018587336
ST05,2026-07-14,23,1,0,1,32.6,120.0,16.3,44.0,4,1.0,2.6666666666666665,2.6666666666666665,1.0,1.0,0,0,-0.25881904510252157,0.9659258262890681,0.7818314824680298,0.6234898018587336
ST05,2026-07-15,0,2,0,1,30.5,120.0,15.2,26.0,4,1.0,2.1666666666666665,2.5,1.0,1.0,0,0,0.0,1.0,0.9749279121818236,-0.22252093395631434
ST05,2026-07-15,1,2,0,1,17.3,120.0,8.7,48.0,4,1.0,1.6666666666666667,2.4166666666666665,1.0,1.0,0,0,0.25881904510252074,0.9659258262890683,0.9749279121818236,-0.22252093395631434
ST05,2026-07-15,2,2,0,1,48.4,120.0,24.2,13.0,4,1.0,1.0,2.3333333333333335,1.0,1.0,0,0,0.49999999999999994,0.8660254037844387,0.9749279121818236,-0.22252093395631434
ST05,2026-07-15,4,2,0,1,33.4,22.0,91.1,39.0,4,1.0,1.0,2.1666666666666665,1.0,1.0,0,0,0.8660254037844386,0.5000000000000001,0.9749279121818236,-0.22252093395631434
ST05,2026-07-15,5,2,0,1,44.4,50.0,53.3,26.0,4,1.0,1.0,2.0833333333333335,1.0,1.0,0,0,0.9659258262890683,0.25881904510252074,0.9749279121818236,-0.22252093395631434
ST05,2026-07-15,6,2,0,1,37.0,50.0,44.4,44.0,4,1.0,1.0,1.8333333333333333,1.0,1.0,0,0,1.0,6.123233995736766e-17,0.9749279121818236,-0.22252093395631434
ST05,2026-07-15,7,2,0,1,33.7,120.0,16.9,30.0,4,1.0,1.0,1.5833333333333333,1.0,1.0,0,0,0.9659258262890683,-0.25881904510252063,0.9749279121818236,-0.22252093395631434
ST05,2026-07-15,8,2,0,4,20.15,97.5,14.525,41.0,4,2.0,1.5,1.5833333333333333,1.0,1.0,1,0,0.8660254037844387,-0.4999999999999998,0.9749279121818236,-0.22252093395631434
ST05,2026-07-15,9,2,0,4,36.3,95.0,26.5,24.75,4,3.0,2.0,1.5,4.0,4.0,1,0,0.7071067811865476,-0.7071067811865475,0.9749279121818236,-0.22252093395631434
ST05,2026-07-15,10,2,0,4,31.825,60.5,44.55,35.0,4,4.0,2.5,1.75,4.0,3.0,1,0,0.49999999999999994,-0.8660254037844387,0.9749279121818236,-0.22252093395631434
ST05,2026-07-15,11,2,0,2,35.45,85.0,25.5,30.5,4,3.3333333333333335,2.6666666666666665,1.8333333333333333,4.0,3.0,0,0,0.258819045102521,-0.9659258262890682,0.9749279121818236,-0.22252093395631434
ST05,2026-07-15,12,2,0,2,20.6,120.0,10.3,34.0,4,2.6666666666666665,2.8333333333333335,1.9166666666666667,2.0,3.0,0,0,1.2246467991473532e-16,-1.0,0.9749279121818236,-0.22252093395631434
ST05,2026-07-15,13,2,0,3,39.266666666666666,87.33333333333333,45.23333333333333,13.666666666666666,4,2.3333333333333335,3.1666666666666665,2.0833333333333335,2.0,3.0,0,0,-0.2588190451025208,-0.9659258262890683,0.9749279121818236,-0.22252093395631434
ST05,2026-07-15,14,2,0,2,31.0,120.0,15.5,31.5,4,2.3333333333333335,2.8333333333333335,2.1666666666666665,3.0,2.0,0,0,-0.4999999999999997,-0.8660254037844388,0.9749279121818236,-0.22252093395631434
ST05,2026-07-15,15,2,0,2,40.75,55.0,45.7,22.5,4,2.3333333333333335,2.5,2.25,2.0,2.0,0,0,-0.7071067811865471,-0.7071067811865479,0.9749279121818236,-0.22252093395631434
ST05,2026-07-15,16,2,0,2,34.55,71.0,59.4,16.5,4,2.0,2.1666666666666665,2.3333333333333335,2.0,3.0,0,0,-0.8660254037844385,-0.5000000000000004,0.9749279121818236,-0.22252093395631434
ST05,2026-07-15,17,2,0,5,29.32,60.8,42.46,26.0,4,3.0,2.6666666666666665,2.6666666666666665,2.0,2.0,0,1,-0.9659258262890683,-0.25881904510252063,0.9749279121818236,-0.22252093395631434
ST05,2026-07-15,18,2,0,4,28.05,86.0,40.6,42.0,4,3.6666666666666665,3.0,2.9166666666666665,5.0,4.0,0,1,-1.0,-1.8369701987210297e-16,0.9749279121818236,-0.22252093395631434
ST05,2026-07-15,19,2,0,4,35.425,73.0,39.225,30.5,4,4.333333333333333,3.1666666666666665,3.1666666666666665,4.0,4.0,0,1,-0.9659258262890684,0.2588190451025203,0.9749279121818236,-0.22252093395631434
ST05,2026-07-15,20,2,0,4,29.375,105.0,22.825,27.25,4,4.0,3.5,3.1666666666666665,4.0,4.0,0,1,-0.8660254037844386,0.5000000000000001,0.9749279121818236,-0.22252093395631434
ST05,2026-07-15,21,2,0,1,28.8,50.0,34.6,48.0,4,3.0,3.3333333333333335,2.9166666666666665,4.0,5.0,0,0,-0.7071067811865477,0.7071067811865474,0.9749279121818236,-0.22252093395631434
ST05,2026-07-15,22,2,0,1,33.9,50.0,40.7,27.0,4,2.0,3.1666666666666665,2.6666666666666665,1.0,1.0,0,0,-0.5000000000000004,0.8660254037844384,0.9749279121818236,-0.22252093395631434
ST05,2026-07-15,23,2,0,1,47.0,150.0,18.8,10.0,4,1.0,2.5,2.5833333333333335,1.0,1.0,0,0,-0.25881904510252157,0.9659258262890681,0.9749279121818236,-0.22252093395631434
ST05,2026-07-16,0,3,0,1,19.9,150.0,8.0,45.0,4,1.0,2.0,2.5,1.0,1.0,0,0,0.0,1.0,0.43388373911755823,-0.900968867902419
ST05,2026-07-16,1,3,0,1,33.5,120.0,16.8,44.0,4,1.0,1.5,2.3333333333333335,1.0,1.0,0,0,0.25881904510252074,0.9659258262890683,0.43388373911755823,-0.900968867902419
ST05,2026-07-16,2,3,0,1,21.9,22.0,59.7,43.0,4,1.0,1.0,2.25,1.0,1.0,0,0,0.49999999999999994,0.8660254037844387,0.43388373911755823,-0.900968867902419
ST05,2026-07-16,3,3,0,1,39.9,150.0,16.0,31.0,4,1.0,1.0,2.1666666666666665,1.0,1.0,0,0,0.7071067811865476,0.7071067811865476,0.43388373911755823,-0.900968867902419
ST05,2026-07-16,4,3,0,1,32.3,60.0,32.3,13.0,4,1.0,1.0,2.0833333333333335,1.0,1.0,0,0,0.8660254037844386,0.5000000000000001,0.43388373911755823,-0.900968867902419
ST05,2026-07-16,5,3,0,1,32.8,60.0,32.8,40.0,4,1.0,1.0,1.75,1.0,1.0,0,0,0.9659258262890683,0.25881904510252074,0.43388373911755823,-0.900968867902419
ST05,2026-07-16,6,3,0,1,11.4,150.0,4.6,44.0,4,1.0,1.0,1.5,1.0,1.0,0,0,1.0,6.123233995736766e-17,0.43388373911755823,-0.900968867902419
ST05,2026-07-16,7,3,0,1,29.0,50.0,34.8,36.0,4,1.0,1.0,1.25,1.0,1.0,0,0,0.9659258262890683,-0.25881904510252063,0.43388373911755823,-0.900968867902419
ST05,2026-07-16,8,3,0,4,40.875,78.5,63.275,21.5,4,2.0,1.5,1.25,1.0,4.0,1,0,0.8660254037844387,-0.4999999999999998,0.43388373911755823,-0.900968867902419
ST05,2026-07-16,9,3,0,4,22.0,63.0,29.075,39.0,4,3.0,2.0,1.5,4.0,4.0,1,0,0.7071067811865476,-0.7071067811865475,0.43388373911755823,-0.900968867902419
ST05,2026-07-16,10,3,0,4,29.0,95.5,28.9,27.0,4,4.0,2.5,1.75,4.0,4.0,1,0,0.49999999999999994,-0.8660254037844387,0.43388373911755823,-0.900968867902419
ST05,2026-07-16,11,3,0,2,32.8,86.0,48.95,29.0,4,3.3333333333333335,2.6666666666666665,1.8333333333333333,4.0,2.0,0,0,0.258819045102521,-0.9659258262890682,0.43388373911755823,-0.900968867902419
ST05,2026-07-16,12,3,0,2,30.3,36.0,61.55,28.0,4,2.6666666666666665,2.8333333333333335,1.9166666666666667,2.0,2.0,0,0,1.2246467991473532e-16,-1.0,0.43388373911755823,-0.900968867902419
ST05,2026-07-16,13,3,0,2,39.55,55.0,42.6,25.5,4,2.0,3.0,2.0,2.0,3.0,0,0,-0.2588190451025208,-0.9659258262890683,0.43388373911755823,-0.900968867902419
ST05,2026-07-16,14,3,0,3,28.7,54.666666666666664,46.6,24.333333333333332,4,2.3333333333333335,2.8333333333333335,2.1666666666666665,2.0,2.0,0,0,-0.4999999999999997,-0.8660254037844388,0.43388373911755823,-0.900968867902419
ST05,2026-07-16,15,3,0,2,26.9,55.0,29.4,27.0,4,2.3333333333333335,2.5,2.25,3.0,2.0,0,0,-0.7071067811865471,-0.7071067811865479,0.43388373911755823,-0.900968867902419
ST05,2026-07-16,16,3,0,2,19.55,22.0,53.3,49.0,4,2.3333333333333335,2.1666666666666665,2.3333333333333335,2.0,2.0,0,0,-0.8660254037844385,-0.5000000000000004,0.43388373911755823,-0.900968867902419
ST05,2026-07-16,17,3,0,4,30.375,95.5,35.6,17.75,4,2.6666666666666665,2.5,2.5833333333333335,2.0,5.0,0,1,-0.9659258262890683,-0.25881904510252063,0.43388373911755823,-0.900968867902419
ST05,2026-07-16,18,3,0,4,37.575,78.5,52.025,18.5,4,3.3333333333333335,2.8333333333333335,2.8333333333333335,4.0,4.0,0,1,-1.0,-1.8369701987210297e-16,0.43388373911755823,-0.900968867902419
ST05,2026-07-16,19,3,0,4,42.825,88.0,49.975,22.5,4,4.0,3.1666666666666665,3.0833333333333335,4.0,4.0,0,1,-0.9659258262890684,0.2588190451025203,0.43388373911755823,-0.900968867902419
ST05,2026-07-16,20,3,0,4,23.15,78.5,38.225,39.5,4,4.0,3.3333333333333335,3.0833333333333335,4.0,4.0,0,1,-0.8660254037844386,0.5000000000000001,0.43388373911755823,-0.900968867902419
ST05,2026-07-16,21,3,0,1,29.6,50.0,35.5,19.0,4,3.0,3.1666666666666665,2.8333333333333335,4.0,1.0,0,0,-0.7071067811865477,0.7071067811865474,0.43388373911755823,-0.900968867902419
ST05,2026-07-16,22,3,0,1,33.4,120.0,16.7,26.0,4,2.0,3.0,2.5833333333333335,1.0,1.0,0,0,-0.5000000000000004,0.8660254037844384,0.43388373911755823,-0.900968867902419
ST05,2026-07-16,23,3,0,1,43.4,60.0,43.4,31.0,4,1.0,2.5,2.5,1.0,1.0,0,0,-0.25881904510252157,0.9659258262890681,0.43388373911755823,-0.900968867902419
ST05,2026-07-17,0,4,0,1,21.0,150.0,8.4,34.0,4,1.0,2.0,2.4166666666666665,1.0,1.0,0,0,0.0,1.0,-0.433883739117558,-0.9009688679024191
ST05,2026-07-17,1,4,0,1,40.6,120.0,20.3,33.0,4,1.0,1.5,2.3333333333333335,1.0,1.0,0,0,0.25881904510252074,0.9659258262890683,-0.433883739117558,-0.9009688679024191
ST05,2026-07-17,2,4,0,1,32.6,60.0,32.6,14.0,4,1.0,1.0,2.1666666666666665,1.0,1.0,0,0,0.49999999999999994,0.8660254037844387,-0.433883739117558,-0.9009688679024191
ST05,2026-07-17,3,4,0,1,25.1,60.0,25.1,25.0,4,1.0,1.0,2.0833333333333335,1.0,1.0,0,0,0.7071067811865476,0.7071067811865476,-0.433883739117558,-0.9009688679024191
ST05,2026-07-17,4,4,0,1,30.6,22.0,83.5,29.0,4,1.0,1.0,2.0,1.0,1.0,0,0,0.8660254037844386,0.5000000000000001,-0.433883739117558,-0.9009688679024191
ST05,2026-07-17,5,4,0,1,16.9,150.0,6.8,45.0,4,1.0,1.0,1.75,1.0,1.0,0,0,0.9659258262890683,0.25881904510252074,-0.433883739117558,-0.9009688679024191
ST05,2026-07-17,6,4,0,1,44.2,50.0,53.0,31.0,4,1.0,1.0,1.5,1.0,1.0,0,0,1.0,6.123233995736766e-17,-0.433883739117558,-0.9009688679024191
ST05,2026-07-17,8,4,0,4,32.575,93.0,36.324999999999996,21.5,4,2.0,1.5,1.5,1.0,1.0,1,0,0.8660254037844387,-0.4999999999999998,-0.433883739117558,-0.9009688679024191
ST05,2026-07-17,9,4,0,3,39.6,53.333333333333336,45.333333333333336,20.333333333333332,4,2.6666666666666665,1.8333333333333333,1.4166666666666667,4.0,4.0,1,0,0.7071067811865476,-0.7071067811865475,-0.433883739117558,-0.9009688679024191
ST05,2026-07-17,10,4,0,3,20.133333333333336,130.0,9.566666666666666,33.666666666666664,4,3.3333333333333335,2.1666666666666665,1.5833333333333333,3.0,4.0,1,0,0.49999999999999994,-0.8660254037844387,-0.433883739117558,-0.9009688679024191
ST05,2026-07-17,11,4,0,3,26.100000000000005,56.666666666666664,28.366666666666664,35.0,4,3.0,2.5,1.75,3.0,4.0,0,0,0.258819045102521,-0.9659258262890682,-0.433883739117558,-0.9009688679024191
ST05,2026-07-17,12,4,0,2,32.1,71.0,49.75,20.0,4,2.6666666666666665,2.6666666666666665,1.8333333333333333,3.0,2.0,0,0,1.2246467991473532e-16,-1.0,-0.433883739117558,-0.9009688679024191
ST05,2026-07-17,13,4,0,2,28.15,100.0,21.450000000000003,46.0,4,2.3333333333333335,2.8333333333333335,1.9166666666666667,2.0,2.0,0,0,-0.2588190451025208,-0.9659258262890683,-0.433883739117558,-0.9009688679024191
ST05,2026-07-17,14,4,0,2,37.25,85.0,36.3,27.5,4,2.0,2.5,2.0,2.0,2.0,0,0,-0.4999999999999997,-0.8660254037844388,-0.433883739117558,-0.9009688679024191
ST05,2026-07-17,15,4,0,3,33.699999999999996,54.666666666666664,56.0,35.666666666666664,4,2.3333333333333335,2.5,2.1666666666666665,2.0,3.0,0,0,-0.7071067811865471,-0.7071067811865479,-0.433883739117558,-0.9009688679024191
ST05,2026-07-17,16,4,0,2,38.1,86.0,54.3,24.5,4,2.3333333333333335,2.3333333333333335,2.25,3.0,2.0,0,0,-0.8660254037844385,-0.5000000000000004,-0.433883739117558,-0.9009688679024191
ST05,2026-07-17,17,4,0,4,29.425,36.0,55.724999999999994,33.0,4,3.0,2.5,2.5,2.0,2.0,0,1,-0.9659258262890683,-0.25881904510252063,-0.433883739117558,-0.9009688679024191
ST05,2026-07-17,18,4,0,4,32.05,67.5,33.0,35.25,4,3.3333333333333335,2.8333333333333335,2.75,4.0,4.0,0,1,-1.0,-1.8369701987210297e-16,-0.433883739117558,-0.9009688679024191
ST05,2026-07-17,19,4,0,5,31.5,67.2,61.4,27.8,4,4.333333333333333,3.3333333333333335,3.0833333333333335,4.0,4.0,0,1,-0.9659258262890684,0.2588190451025203,-0.433883739117558,-0.9009688679024191
ST05,2026-07-17,20,4,0,4,35.2,65.5,42.225,27.25,4,4.333333333333333,3.6666666666666665,3.0833333333333335,5.0,4.0,0,1,-0.8660254037844386,0.5000000000000001,-0.433883739117558,-0.9009688679024191
ST05,2026-07-17,21,4,0,1,41.0,150.0,16.4,36.0,4,3.3333333333333335,3.3333333333333335,2.9166666666666665,4.0,4.0,0,0,-0.7071067811865477,0.7071067811865474,-0.433883739117558,-0.9009688679024191
ST05,2026-07-17,22,4,0,1,11.3,150.0,4.5,48.0,4,2.0,3.1666666666666665,2.75,1.0,1.0,0,0,-0.5000000000000004,0.8660254037844384,-0.433883739117558,-0.9009688679024191
ST05,2026-07-17,23,4,0,1,18.3,60.0,18.3,44.0,4,1.0,2.6666666666666665,2.5833333333333335,1.0,1.0,0,0,-0.25881904510252157,0.9659258262890681,-0.433883739117558,-0.9009688679024191
ST05,2026-07-18,0,5,1,2,28.05,105.0,17.700000000000003,34.5,4,1.3333333333333333,2.3333333333333335,2.5833333333333335,1.0,1.0,0,0,0.0,1.0,-0.9749279121818236,-0.2225209339563146
ST05,2026-07-18,1,5,1,2,37.95,105.0,27.05,30.5,4,1.6666666666666667,1.8333333333333333,2.5833333333333335,2.0,1.0,0,0,0.25881904510252074,0.9659258262890683,-0.9749279121818236,-0.2225209339563146
ST05,2026-07-18,2,5,1,2,42.8,71.0,78.85,11.0,4,2.0,1.5,2.5833333333333335,2.0,1.0,0,0,0.49999999999999994,0.8660254037844387,-0.9749279121818236,-0.2225209339563146
ST05,2026-07-18,3,5,1,1,37.0,50.0,44.4,16.0,4,1.6666666666666667,1.5,2.4166666666666665,2.0,1.0,0,0,0.7071067811865476,0.7071067811865476,-0.9749279121818236,-0.2225209339563146
ST05,2026-07-18,4,5,1,1,32.7,60.0,32.7,44.0,4,1.3333333333333333,1.5,2.3333333333333335,1.0,1.0,0,0,0.8660254037844386,0.5000000000000001,-0.9749279121818236,-0.2225209339563146
ST05,2026-07-18,5,5,1,1,27.0,50.0,32.4,34.0,4,1.0,1.5,2.0833333333333335,1.0,1.0,0,0,0.9659258262890683,0.25881904510252074,-0.9749279121818236,-0.2225209339563146
ST05,2026-07-18,6,5,1,1,18.0,22.0,49.1,48.0,4,1.0,1.3333333333333333,1.8333333333333333,1.0,1.0,0,0,1.0,6.123233995736766e-17,-0.9749279121818236,-0.2225209339563146
ST05,2026-07-18,7,5,1,1,33.4,60.0,33.4,25.0,4,1.0,1.1666666666666667,1.5,1.0,1.0,0,0,0.9659258262890683,-0.25881904510252063,-0.9749279121818236,-0.2225209339563146
ST05,2026-07-18,8,5,1,1,37.0,50.0,44.4,24.0,4,1.0,1.0,1.25,1.0,4.0,1,0,0.8660254037844387,-0.4999999999999998,-0.9749279121818236,-0.2225209339563146
ST05,2026-07-18,9,5,1,1,36.7,150.0,14.7,14.0,4,1.0,1.0,1.25,1.0,3.0,1,0,0.7071067811865476,-0.7071067811865475,-0.9749279121818236,-0.2225209339563146
ST05,2026-07-18,10,5,1,3,34.53333333333333,77.33333333333333,44.36666666666667,22.333333333333332,4,1.6666666666666667,1.3333333333333333,1.4166666666666667,1.0,3.0,1,0,0.49999999999999994,-0.8660254037844387,-0.9749279121818236,-0.2225209339563146
ST05,2026-07-18,11,5,1,4,40.025000000000006,103.0,40.625,26.25,4,2.6666666666666665,1.8333333333333333,1.6666666666666667,3.0,3.0,0,0,0.258819045102521,-0.9659258262890682,-0.9749279121818236,-0.2225209339563146
ST05,2026-07-18,12,5,1,4,30.4,85.5,36.4,23.25,4,3.6666666666666665,2.3333333333333335,1.8333333333333333,4.0,2.0,0,0,1.2246467991473532e-16,-1.0,-0.9749279121818236,-0.2225209339563146
ST05,2026-07-18,13,5,1,3,27.433333333333337,130.0,12.966666666666667,29.333333333333332,4,3.6666666666666665,2.6666666666666665,1.9166666666666667,4.0,2.0,0,0,-0.2588190451025208,-0.9659258262890683,-0.9749279121818236,-0.2225209339563146
ST05,2026-07-18,14,5,1,3,35.63333333333333,44.0,56.699999999999996,24.333333333333332,4,3.3333333333333335,3.0,2.0,3.0,2.0,0,0,-0.4999999999999997,-0.8660254037844388,-0.9749279121818236,-0.2225209339563146
ST05,2026-07-18,15,5,1,2,22.35,60.0,22.35,43.5,4,2.6666666666666665,3.1666666666666665,2.0833333333333335,3.0,3.0,0,0,-0.7071067811865471,-0.7071067811865479,-0.9749279121818236,-0.2225209339563146
ST05,2026-07-18,16,5,1,3,21.266666666666666,130.0,10.1,29.0,4,2.6666666666666665,3.1666666666666665,2.25,2.0,2.0,0,0,-0.8660254037844385,-0.5000000000000004,-0.9749279121818236,-0.2225209339563146
ST05,2026-07-18,17,5,1,3,35.3,97.33333333333333,48.833333333333336,20.333333333333332,4,2.6666666666666665,3.0,2.4166666666666665,3.0,4.0,0,1,-0.9659258262890683,-0.25881904510252063,-0.9749279121818236,-0.2225209339563146
ST05,2026-07-18,18,5,1,3,34.13333333333333,44.0,54.53333333333333,19.666666666666668,4,3.0,2.8333333333333335,2.5833333333333335,3.0,4.0,0,1,-1.0,-1.8369701987210297e-16,-0.9749279121818236,-0.2225209339563146
ST05,2026-07-18,19,5,1,2,19.4,41.0,36.5,33.0,4,2.6666666666666665,2.6666666666666665,2.6666666666666665,3.0,5.0,0,1,-0.9659258262890684,0.2588190451025203,-0.9749279121818236,-0.2225209339563146
ST05,2026-07-18,20,5,1,1,33.5,60.0,33.5,44.0,4,2.0,2.3333333333333335,2.6666666666666665,2.0,4.0,0,1,-0.8660254037844386,0.5000000000000001,-0.9749279121818236,-0.2225209339563146
ST05,2026-07-18,21,5,1,1,31.1,150.0,12.4,26.0,4,1.3333333333333333,2.1666666666666665,2.6666666666666665,1.0,1.0,0,0,-0.7071067811865477,0.7071067811865474,-0.9749279121818236,-0.2225209339563146
ST05,2026-07-18,22,5,1,2,29.1,135.0,13.35,31.0,4,1.3333333333333333,2.0,2.5833333333333335,1.0,1.0,0,0,-0.5000000000000004,0.8660254037844384,-0.9749279121818236,-0.2225209339563146
ST05,2026-07-18,23,5,1,2,20.9,90.0,14.649999999999999,40.5,4,1.6666666666666667,1.8333333333333333,2.4166666666666665,2.0,1.0,0,0,-0.25881904510252157,0.9659258262890681,-0.9749279121818236,-0.2225209339563146
ST05,2026-07-19,0,6,1,1,14.0,22.0,38.2,50.0,4,1.6666666666666667,1.5,2.1666666666666665,2.0,2.0,0,0,0.0,1.0,-0.7818314824680299,0.6234898018587334
ST05,2026-07-19,1,6,1,2,32.7,50.0,39.25,24.5,4,1.6666666666666667,1.5,2.0833333333333335,1.0,2.0,0,0,0.25881904510252074,0.9659258262890683,-0.7818314824680299,0.6234898018587334
ST05,2026-07-19,2,6,1,2,20.05,41.0,34.75,46.5,4,1.6666666666666667,1.6666666666666667,2.0,2.0,2.0,0,0,0.49999999999999994,0.8660254037844387,-0.7818314824680299,0.6234898018587334
ST05,2026-07-19,3,6,1,2,29.400000000000002,105.0,22.6,26.5,4,2.0,1.8333333333333333,2.0,2.0,1.0,0,0,0.7071067811865476,0.7071067811865476,-0.7818314824680299,0.6234898018587334
ST05,2026-07-19,4,6,1,1,48.7,22.0,132.8,11.0,4,1.6666666666666667,1.6666666666666667,1.8333333333333333,2.0,1.0,0,0,0.8660254037844386,0.5000000000000001,-0.7818314824680299,0.6234898018587334
ST05,2026-07-19,5,6,1,2,29.349999999999998,90.0,21.0,11.5,4,1.6666666666666667,1.6666666666666667,1.75,1.0,1.0,0,0,0.9659258262890683,0.25881904510252074,-0.7818314824680299,0.6234898018587334
ST05,2026-07-19,6,6,1,2,31.65,36.0,53.8,33.0,4,1.6666666666666667,1.8333333333333333,1.6666666666666667,2.0,1.0,0,0,1.0,6.123233995736766e-17,-0.7818314824680299,0.6234898018587334
ST05,2026-07-19,7,6,1,1,32.9,60.0,32.9,17.0,4,1.6666666666666667,1.6666666666666667,1.5833333333333333,2.0,1.0,0,0,0.9659258262890683,-0.25881904510252063,-0.7818314824680299,0.6234898018587334
ST05,2026-07-19,8,6,1,1,34.9,120.0,17.4,34.0,4,1.3333333333333333,1.5,1.5833333333333333,1.0,1.0,1,0,0.8660254037844387,-0.4999999999999998,-0.7818314824680299,0.6234898018587334
ST05,2026-07-19,9,6,1,1,25.0,50.0,30.0,43.0,4,1.0,1.3333333333333333,1.5833333333333333,1.0,1.0,1,0,0.7071067811865476,-0.7071067811865475,-0.7818314824680299,0.6234898018587334
ST05,2026-07-19,10,6,1,4,23.1,65.5,32.05,34.0,4,2.0,1.8333333333333333,1.75,1.0,3.0,1,0,0.49999999999999994,-0.8660254037844387,-0.7818314824680299,0.6234898018587334
ST05,2026-07-19,11,6,1,3,27.066666666666663,87.33333333333333,34.96666666666667,23.333333333333332,4,2.6666666666666665,2.0,1.8333333333333333,4.0,4.0,0,0,0.258819045102521,-0.9659258262890682,-0.7818314824680299,0.6234898018587334
ST05,2026-07-19,12,6,1,3,40.43333333333333,76.66666666666667,38.266666666666666,21.333333333333332,4,3.3333333333333335,2.1666666666666665,2.0,3.0,4.0,0,0,1.2246467991473532e-16,-1.0,-0.7818314824680299,0.6234898018587334
ST05,2026-07-19,13,6,1,3,36.699999999999996,22.0,100.10000000000001,21.333333333333332,4,3.0,2.5,2.0833333333333335,3.0,3.0,0,0,-0.2588190451025208,-0.9659258262890683,-0.7818314824680299,0.6234898018587334
ST05,2026-07-19,14,6,1,4,32.0,95.5,30.55,30.5,4,3.3333333333333335,3.0,2.25,3.0,3.0,0,0,-0.4999999999999997,-0.8660254037844388,-0.7818314824680299,0.6234898018587334
ST05,2026-07-19,15,6,1,3,36.46666666666667,64.0,53.23333333333333,21.0,4,3.3333333333333335,3.3333333333333335,2.3333333333333335,4.0,2.0,0,0,-0.7071067811865471,-0.7071067811865479,-0.7818314824680299,0.6234898018587334
ST05,2026-07-19,16,6,1,3,40.699999999999996,96.66666666666667,26.833333333333332,30.0,4,3.3333333333333335,3.1666666666666665,2.5,3.0,3.0,0,0,-0.8660254037844385,-0.5000000000000004,-0.7818314824680299,0.6234898018587334
ST05,2026-07-19,17,6,1,3,26.166666666666668,64.0,42.666666666666664,37.0,4,3.0,3.1666666666666665,2.5833333333333335,3.0,3.0,0,1,-0.9659258262890683,-0.25881904510252063,-0.7818314824680299,0.6234898018587334
ST05,2026-07-19,18,6,1,2,24.1,85.0,20.1,38.0,4,2.6666666666666665,3.0,2.5833333333333335,3.0,3.0,0,1,-1.0,-1.8369701987210297e-16,-0.7818314824680299,0.6234898018587334
ST05,2026-07-19,19,6,1,3,24.900000000000002,54.666666666666664,50.699999999999996,29.333333333333332,4,2.6666666666666665,3.0,2.75,2.0,2.0,0,1,-0.9659258262890684,0.2588190451025203,-0.7818314824680299,0.6234898018587334
ST05,2026-07-19,20,6,1,1,46.9,50.0,56.3,15.0,4,2.0,2.5,2.75,3.0,1.0,0,1,-0.8660254037844386,0.5000000000000001,-0.7818314824680299,0.6234898018587334
ST05,2026-07-19,21,6,1,1,24.3,120.0,12.2,31.0,4,1.6666666666666667,2.1666666666666665,2.75,1.0,1.0,0,0,-0.7071067811865477,0.7071067811865474,-0.7818314824680299,0.6234898018587334
ST05,2026-07-19,22,6,1,1,34.2,60.0,34.2,10.0,4,1.0,1.8333333333333333,2.5,1.0,2.0,0,0,-0.5000000000000004,0.8660254037844384,-0.7818314824680299,0.6234898018587334
ST05,2026-07-19,23,6,1,2,46.75,105.0,29.45,17.5,4,1.3333333333333333,1.6666666666666667,2.4166666666666665,1.0,2.0,0,0,-0.25881904510252157,0.9659258262890681,-0.7818314824680299,0.6234898018587334
ST05,2026-07-20,0,0,0,1,36.0,120.0,18.0,32.0,4,1.3333333333333333,1.5,2.25,2.0,1.0,0,0,0.0,1.0,0.0,1.0
ST05,2026-07-20,1,0,0,1,35.4,150.0,14.2,39.0,4,1.3333333333333333,1.1666666666666667,2.0833333333333335,1.0,2.0,0,0,0.25881904510252074,0.9659258262890683,0.0,1.0
ST05,2026-07-20,2,0,0,1,32.3,22.0,88.1,35.0,4,1.0,1.1666666666666667,1.8333333333333333,1.0,2.0,0,0,0.49999999999999994,0.8660254037844387,0.0,1.0
ST05,2026-07-20,3,0,0,1,33.8,150.0,13.5,34.0,4,1.0,1.1666666666666667,1.6666666666666667,1.0,2.0,0,0,0.7071067811865476,0.7071067811865476,0.0,1.0
ST05,2026-07-20,4,0,0,1,36.8,22.0,100.4,37.0,4,1.0,1.1666666666666667,1.5,1.0,1.0,0,0,0.8660254037844386,0.5000000000000001,0.0,1.0
ST05,2026-07-20,5,0,0,1,18.9,150.0,7.6,47.0,4,1.0,1.0,1.3333333333333333,1.0,2.0,0,0,0.9659258262890683,0.25881904510252074,0.0,1.0
ST05,2026-07-20,6,0,0,1,42.3,150.0,16.9,11.0,4,1.0,1.0,1.25,1.0,2.0,0,0,1.0,6.123233995736766e-17,0.0,1.0
ST05,2026-07-20,7,0,0,1,33.7,150.0,13.5,33.0,4,1.0,1.0,1.0833333333333333,1.0,1.0,0,0,0.9659258262890683,-0.25881904510252063,0.0,1.0
ST05,2026-07-20,8,0,0,4,23.825000000000003,110.5,31.925,37.25,4,2.0,1.5,1.3333333333333333,1.0,1.0,1,0,0.8660254037844387,-0.4999999999999998,0.0,1.0
ST05,2026-07-20,9,0,0,3,43.03333333333333,97.33333333333333,53.26666666666667,27.666666666666668,4,2.6666666666666665,1.8333333333333333,1.5,4.0,1.0,1,0,0.7071067811865476,-0.7071067811865475,0.0,1.0
ST05,2026-07-20,10,0,0,4,27.925,112.5,20.125,34.0,4,3.6666666666666665,2.3333333333333335,1.75,3.0,4.0,1,0,0.49999999999999994,-0.8660254037844387,0.0,1.0
ST05,2026-07-20,11,0,0,2,28.9,85.0,25.0,21.5,4,3.0,2.5,1.75,4.0,3.0,0,0,0.258819045102521,-0.9659258262890682,0.0,1.0
ST05,2026-07-20,12,0,0,2,27.599999999999998,90.0,23.75,28.5,4,2.6666666666666665,2.6666666666666665,1.8333333333333333,2.0,3.0,0,0,1.2246467991473532e-16,-1.0,0.0,1.0
ST05,2026-07-20,13,0,0,3,43.53333333333333,97.33333333333333,60.56666666666666,21.333333333333332,4,2.3333333333333335,3.0,2.0,2.0,3.0,0,0,-0.2588190451025208,-0.9659258262890683,0.0,1.0
ST05,2026-07-20,14,0,0,3,35.666666666666664,64.66666666666667,61.333333333333336,25.0,4,2.6666666666666665,2.8333333333333335,2.1666666666666665,3.0,4.0,0,0,-0.4999999999999997,-0.8660254037844388,0.0,1.0
ST05,2026-07-20,15,0,0,2,30.049999999999997,22.0,81.95,34.0,4,2.6666666666666665,2.6666666666666665,2.25,3.0,3.0,0,0,-0.7071067811865471,-0.7071067811865479,0.0,1.0
ST05,2026-07-20,16,0,0,3,27.666666666666668,77.33333333333333,38.63333333333333,29.0,4,2.6666666666666665,2.5,2.4166666666666665,2.0,3.0,0,0,-0.8660254037844385,-0.5000000000000004,0.0,1.0
ST05,2026-07-20,17,0,0,4,29.974999999999998,75.0,26.2,39.75,4,3.0,2.8333333333333335,2.6666666666666665,3.0,3.0,0,1,-0.9659258262890683,-0.25881904510252063,0.0,1.0
ST05,2026-07-20,18,0,0,4,44.225,88.0,49.275000000000006,19.5,4,3.6666666666666665,3.1666666666666665,2.9166666666666665,4.0,2.0,0,1,-1.0,-1.8369701987210297e-16,0.0,1.0
ST05,2026-07-20,19,0,0,4,32.775,45.5,57.0,29.0,4,4.0,3.3333333333333335,3.1666666666666665,4.0,3.0,0,1,-0.9659258262890684,0.2588190451025203,0.0,1.0
ST05,2026-07-20,20,0,0,5,30.060000000000002,78.4,40.260000000000005,34.6,4,4.333333333333333,3.6666666666666665,3.25,4.0,1.0,0,1,-0.8660254037844386,0.5000000000000001,0.0,1.0
ST05,2026-07-20,21,0,0,1,35.8,150.0,14.3,18.0,4,3.3333333333333335,3.5,3.0833333333333335,5.0,1.0,0,0,-0.7071067811865477,0.7071067811865474,0.0,1.0
ST05,2026-07-20,22,0,0,1,29.7,50.0,35.6,38.0,4,2.3333333333333335,3.1666666666666665,2.8333333333333335,1.0,1.0,0,0,-0.5000000000000004,0.8660254037844384,0.0,1.0
ST05,2026-07-20,23,0,0,1,26.2,60.0,26.2,44.0,4,1.0,2.6666666666666665,2.75,1.0,2.0,0,0,-0.25881904510252157,0.9659258262890681,0.0,1.0
ST05,2026-07-21,0,1,0,1,25.2,120.0,12.6,38.0,4,1.0,2.1666666666666665,2.6666666666666665,1.0,1.0,0,0,0.0,1.0,0.7818314824680298,0.6234898018587336
ST05,2026-07-21,1,1,0,1,23.1,60.0,23.1,36.0,4,1.0,1.6666666666666667,2.5,1.0,1.0,0,0,0.25881904510252074,0.9659258262890683,0.7818314824680298,0.6234898018587336
ST05,2026-07-21,2,1,0,1,35.5,150.0,14.2,43.0,4,1.0,1.0,2.3333333333333335,1.0,1.0,0,0,0.49999999999999994,0.8660254037844387,0.7818314824680298,0.6234898018587336
ST05,2026-07-21,3,1,0,1,15.8,50.0,19.0,44.0,4,1.0,1.0,2.25,1.0,1.0,0,0,0.7071067811865476,0.7071067811865476,0.7818314824680298,0.6234898018587336
ST05,2026-07-21,4,1,0,1,13.6,150.0,5.4,44.0,4,1.0,1.0,2.0833333333333335,1.0,1.0,0,0,0.8660254037844386,0.5000000000000001,0.7818314824680298,0.6234898018587336
ST05,2026-07-21,5,1,0,1,14.5,60.0,14.5,45.0,4,1.0,1.0,1.8333333333333333,1.0,1.0,0,0,0.9659258262890683,0.25881904510252074,0.7818314824680298,0.6234898018587336
ST05,2026-07-21,7,1,0,1,47.6,120.0,23.8,16.0,4,1.0,1.0,1.5833333333333333,1.0,1.0,0,0,0.9659258262890683,-0.25881904510252063,0.7818314824680298,0.6234898018587336
ST05,2026-07-21,8,1,0,4,29.125,92.5,29.475,28.75,4,2.0,1.5,1.5833333333333333,1.0,1.0,1,0,0.8660254037844387,-0.4999999999999998,0.7818314824680298,0.6234898018587336
ST05,2026-07-21,9,1,0,3,40.93333333333333,97.33333333333333,48.93333333333333,32.666666666666664,4,2.6666666666666665,1.8333333333333333,1.4166666666666667,4.0,4.0,1,0,0.7071067811865476,-0.7071067811865475,0.7818314824680298,0.6234898018587336
ST05,2026-07-21,10,1,0,3,28.400000000000002,96.66666666666667,22.46666666666667,25.0,4,3.3333333333333335,2.1666666666666665,1.5833333333333333,3.0,3.0,1,0,0.49999999999999994,-0.8660254037844387,0.7818314824680298,0.6234898018587336
ST05,2026-07-21,11,1,0,3,39.166666666666664,74.0,56.93333333333334,30.666666666666668,4,3.0,2.5,1.75,3.0,4.0,0,0,0.258819045102521,-0.9659258262890682,0.7818314824680298,0.6234898018587336
ST05,2026-07-21,12,1,0,2,23.75,41.0,49.75,33.0,4,2.6666666666666665,2.6666666666666665,1.8333333333333333,3.0,2.0,0,0,1.2246467991473532e-16,-1.0,0.7818314824680298,0.6234898018587336
ST05,2026-07-21,13,1,0,2,36.5,50.0,43.8,23.5,4,2.3333333333333335,2.8333333333333335,1.9166666666666667,2.0,2.0,0,0,-0.2588190451025208,-0.9659258262890683,0.7818314824680298,0.6234898018587336
ST05,2026-07-21,14,1,0,2,37.1,135.0,17.049999999999997,25.0,4,2.0,2.5,2.0,2.0,3.0,0,0,-0.4999999999999997,-0.8660254037844388,0.7818314824680298,0.6234898018587336
ST05,2026-07-21,15,1,0,2,34.95,100.0,30.55,21.5,4,2.0,2.3333333333333335,2.0833333333333335,2.0,3.0,0,0,-0.7071067811865471,-0.7071067811865479,0.7818314824680298,0.6234898018587336
ST05,2026-07-21,16,1,0,2,36.5,71.0,63.8,24.5,4,2.0,2.1666666666666665,2.1666666666666665,2.0,2.0,0,0,-0.8660254037844385,-0.5000000000000004,0.7818314824680298,0.6234898018587336
ST05,2026-07-21,17,1,0,4,32.775,95.0,27.15,24.5,4,2.6666666666666665,2.3333333333333335,2.4166666666666665,2.0,3.0,0,1,-0.9659258262890683,-0.25881904510252063,0.7818314824680298,0.6234898018587336
ST05,2026-07-21,18,1,0,5,30.24,96.0,19.18,32.0,4,3.6666666666666665,2.8333333333333335,2.75,4.0,4.0,0,1,-1.0,-1.8369701987210297e-16,0.7818314824680298,0.6234898018587336
ST05,2026-07-21,19,1,0,4,32.425,103.0,32.375,32.75,4,4.333333333333333,3.1666666666666665,3.0,5.0,4.0,0,1,-0.9659258262890684,0.2588190451025203,0.7818314824680298,0.6234898018587336
ST05,2026-07-21,20,1,0,4,34.475,38.5,56.0,33.5,4,4.333333333333333,3.5,3.0,4.0,4.0,0,1,-0.8660254037844386,0.5000000000000001,0.7818314824680298,0.6234898018587336
ST05,2026-07-21,21,1,0,1,46.0,22.0,125.5,16.0,4,3.0,3.3333333333333335,2.8333333333333335,4.0,5.0,0,0,-0.7071067811865477,0.7071067811865474,0.7818314824680298,0.6234898018587336
ST05,2026-07-21,22,1,0,1,23.9,50.0,28.7,37.0,4,2.0,3.1666666666666665,2.6666666666666665,1.0,1.0,0,0,-0.5000000000000004,0.8660254037844384,0.7818314824680298,0.6234898018587336
ST05,2026-07-21,23,1,0,1,23.2,120.0,11.6,31.0,4,1.0,2.6666666666666665,2.5,1.0,1.0,0,0,-0.25881904510252157,0.9659258262890681,0.7818314824680298,0.6234898018587336
ST05,2026-07-22,0,2,0,1,16.9,60.0,16.9,49.0,4,1.0,2.0,2.4166666666666665,1.0,1.0,0,0,0.0,1.0,0.9749279121818236,-0.22252093395631434
ST05,2026-07-22,1,2,0,1,26.0,60.0,26.0,35.0,4,1.0,1.5,2.3333333333333335,1.0,1.0,0,0,0.25881904510252074,0.9659258262890683,0.9749279121818236,-0.22252093395631434
ST05,2026-07-22,2,2,0,1,35.3,120.0,17.6,42.0,4,1.0,1.0,2.25,1.0,1.0,0,0,0.49999999999999994,0.8660254037844387,0.9749279121818236,-0.22252093395631434
ST05,2026-07-22,3,2,0,1,29.3,50.0,35.2,17.0,4,1.0,1.0,2.1666666666666665,1.0,1.0,0,0,0.7071067811865476,0.7071067811865476,0.9749279121818236,-0.22252093395631434
ST05,2026-07-22,4,2,0,1,28.7,22.0,78.3,12.0,4,1.0,1.0,2.0833333333333335,1.0,1.0,0,0,0.8660254037844386,0.5000000000000001,0.9749279121818236,-0.22252093395631434
ST05,2026-07-22,5,2,0,1,51.3,150.0,20.5,12.0,4,1.0,1.0,1.8333333333333333,1.0,1.0,0,0,0.9659258262890683,0.25881904510252074,0.9749279121818236,-0.22252093395631434
ST05,2026-07-22,6,2,0,1,33.9,120.0,16.9,28.0,4,1.0,1.0,1.5,1.0,1.0,0,0,1.0,6.123233995736766e-17,0.9749279121818236,-0.22252093395631434
ST05,2026-07-22,7,2,0,1,45.4,120.0,22.7,24.0,4,1.0,1.0,1.25,1.0,1.0,0,0,0.9659258262890683,-0.25881904510252063,0.9749279121818236,-0.22252093395631434
ST05,2026-07-22,8,2,0,4,35.225,52.5,40.975,29.25,4,2.0,1.5,1.25,1.0,4.0,1,0,0.8660254037844387,-0.4999999999999998,0.9749279121818236,-0.22252093395631434
ST05,2026-07-22,9,2,0,3,29.666666666666668,40.666666666666664,50.43333333333334,22.0,4,2.6666666666666665,1.8333333333333333,1.4166666666666667,4.0,3.0,1,0,0.7071067811865476,-0.7071067811865475,0.9749279121818236,-0.22252093395631434
ST05,2026-07-22,10,2,0,4,36.1,72.5,34.475,25.5,4,3.6666666666666665,2.3333333333333335,1.6666666666666667,3.0,3.0,1,0,0.49999999999999994,-0.8660254037844387,0.9749279121818236,-0.22252093395631434
ST05,2026-07-22,11,2,0,2,52.05,135.0,23.75,21.0,4,3.0,2.5,1.75,4.0,3.0,0,0,0.258819045102521,-0.9659258262890682,0.9749279121818236,-0.22252093395631434
ST05,2026-07-22,12,2,0,2,41.55,85.0,38.949999999999996,28.5,4,2.6666666666666665,2.6666666666666665,1.8333333333333333,2.0,2.0,0,0,1.2246467991473532e-16,-1.0,0.9749279121818236,-0.22252093395631434
ST05,2026-07-22,13,2,0,2,33.35,85.0,25.8,27.5,4,2.0,2.8333333333333335,1.9166666666666667,2.0,2.0,0,0,-0.2588190451025208,-0.9659258262890683,0.9749279121818236,-0.22252093395631434
ST05,2026-07-22,14,2,0,2,50.7,100.0,36.7,15.0,4,2.0,2.5,2.0,2.0,2.0,0,0,-0.4999999999999997,-0.8660254037844388,0.9749279121818236,-0.22252093395631434
ST05,2026-07-22,15,2,0,3,31.399999999999995,97.33333333333333,32.733333333333334,26.333333333333332,4,2.3333333333333335,2.5,2.1666666666666665,2.0,2.0,0,0,-0.7071067811865471,-0.7071067811865479,0.9749279121818236,-0.22252093395631434
ST05,2026-07-22,16,2,0,2,17.25,71.0,35.45,43.0,4,2.3333333333333335,2.1666666666666665,2.25,3.0,2.0,0,0,-0.8660254037844385,-0.5000000000000004,0.9749279121818236,-0.22252093395631434
ST05,2026-07-22,17,2,0,4,28.425,38.5,52.724999999999994,32.75,4,3.0,2.5,2.5,2.0,4.0,0,1,-0.9659258262890683,-0.25881904510252063,0.9749279121818236,-0.22252093395631434
ST05,2026-07-22,18,2,0,4,30.549999999999997,85.5,39.85,33.0,4,3.3333333333333335,2.8333333333333335,2.75,4.0,5.0,0,1,-1.0,-1.8369701987210297e-16,0.9749279121818236,-0.22252093395631434
ST05,2026-07-22,19,2,0,5,38.8,86.0,35.12,22.2,4,4.333333333333333,3.3333333333333335,3.0833333333333335,4.0,4.0,0,1,-0.9659258262890684,0.2588190451025203,0.9749279121818236,-0.22252093395631434
ST05,2026-07-22,20,2,0,4,29.075,48.0,46.325,35.25,4,4.333333333333333,3.6666666666666665,3.0833333333333335,5.0,4.0,0,1,-0.8660254037844386,0.5000000000000001,0.9749279121818236,-0.22252093395631434
ST05,2026-07-22,21,2,0,1,54.4,120.0,27.2,11.0,4,3.3333333333333335,3.3333333333333335,2.9166666666666665,4.0,1.0,0,0,-0.7071067811865477,0.7071067811865474,0.9749279121818236,-0.22252093395631434
ST05,2026-07-22,22,2,0,1,30.5,120.0,15.2,21.0,4,2.0,3.1666666666666665,2.6666666666666665,1.0,1.0,0,0,-0.5000000000000004,0.8660254037844384,0.9749279121818236,-0.22252093395631434
ST05,2026-07-22,23,2,0,1,32.2,120.0,16.1,18.0,4,1.0,2.6666666666666665,2.5833333333333335,1.0,1.0,0,0,-0.25881904510252157,0.9659258262890681,0.9749279121818236,-0.22252093395631434
ST05,2026-07-23,0,3,0,1,51.5,60.0,51.5,18.0,4,1.0,2.1666666666666665,2.5,1.0,1.0,0,0,0.0,1.0,0.43388373911755823,-0.900968867902419
ST05,2026-07-23,1,3,0,1,25.0,22.0,68.2,41.0,4,1.0,1.5,2.4166666666666665,1.0,1.0,0,0,0.25881904510252074,0.9659258262890683,0.43388373911755823,-0.900968867902419
ST05,2026-07-23,2,3,0,1,35.0,60.0,35.0,35.0,4,1.0,1.0,2.3333333333333335,1.0,1.0,0,0,0.49999999999999994,0.8660254037844387,0.43388373911755823,-0.900968867902419
ST05,2026-07-23,3,3,0,1,41.2,120.0,20.6,21.0,4,1.0,1.0,2.1666666666666665,1.0,1.0,0,0,0.7071067811865476,0.7071067811865476,0.43388373911755823,-0.900968867902419
ST05,2026-07-23,4,3,0,1,38.0,50.0,45.6,34.0,4,1.0,1.0,2.0833333333333335,1.0,1.0,0,0,0.8660254037844386,0.5000000000000001,0.43388373911755823,-0.900968867902419
ST05,2026-07-23,5,3,0,1,48.8,60.0,48.8,24.0,4,1.0,1.0,1.8333333333333333,1.0,1.0,0,0,0.9659258262890683,0.25881904510252074,0.43388373911755823,-0.900968867902419
ST05,2026-07-23,6,3,0,1,15.0,120.0,7.5,48.0,4,1.0,1.0,1.5833333333333333,1.0,1.0,0,0,1.0,6.123233995736766e-17,0.43388373911755823,-0.900968867902419
ST05,2026-07-23,7,3,0,1,15.8,120.0,7.9,48.0,4,1.0,1.0,1.25,1.0,1.0,0,0,0.9659258262890683,-0.25881904510252063,0.43388373911755823,-0.900968867902419
ST05,2026-07-23,8,3,0,3,37.96666666666667,64.0,62.76666666666667,20.0,4,1.6666666666666667,1.3333333333333333,1.1666666666666667,1.0,4.0,1,0,0.8660254037844387,-0.4999999999999998,0.43388373911755823,-0.900968867902419
ST05,2026-07-23,9,3,0,4,24.775,61.0,45.55,37.75,4,2.6666666666666665,1.8333333333333333,1.4166666666666667,3.0,3.0,1,0,0.7071067811865476,-0.7071067811865475,0.43388373911755823,-0.900968867902419
ST05,2026-07-23,10,3,0,4,28.825000000000003,61.0,54.375,31.0,4,3.6666666666666665,2.3333333333333335,1.6666666666666667,4.0,4.0,1,0,0.49999999999999994,-0.8660254037844387,0.43388373911755823,-0.900968867902419
ST05,2026-07-23,11,3,0,2,30.799999999999997,55.0,33.45,31.5,4,3.3333333333333335,2.5,1.75,4.0,2.0,0,0,0.258819045102521,-0.9659258262890682,0.43388373911755823,-0.900968867902419
ST05,2026-07-23,12,3,0,3,33.93333333333334,130.0,16.166666666666668,28.333333333333332,4,3.0,2.8333333333333335,1.9166666666666667,2.0,2.0,0,0,1.2246467991473532e-16,-1.0,0.43388373911755823,-0.900968867902419
ST05,2026-07-23,13,3,0,2,29.200000000000003,22.0,79.65,28.0,4,2.3333333333333335,3.0,2.0,3.0,2.0,0,0,-0.2588190451025208,-0.9659258262890683,0.43388373911755823,-0.900968867902419
ST05,2026-07-23,14,3,0,3,25.599999999999998,44.0,40.8,32.0,4,2.6666666666666665,3.0,2.1666666666666665,2.0,2.0,0,0,-0.4999999999999997,-0.8660254037844388,0.43388373911755823,-0.900968867902419
ST05,2026-07-23,15,3,0,2,30.849999999999998,71.0,31.45,34.0,4,2.3333333333333335,2.6666666666666665,2.25,3.0,3.0,0,0,-0.7071067811865471,-0.7071067811865479,0.43388373911755823,-0.900968867902419
ST05,2026-07-23,16,3,0,3,38.36666666666667,77.33333333333333,68.46666666666665,24.333333333333332,4,2.6666666666666665,2.5,2.4166666666666665,2.0,2.0,0,0,-0.8660254037844385,-0.5000000000000004,0.43388373911755823,-0.900968867902419
ST05,2026-07-23,17,3,0,4,22.25,48.0,35.15,42.0,4,3.0,2.8333333333333335,2.6666666666666665,3.0,4.0,0,1,-0.9659258262890683,-0.25881904510252063,0.43388373911755823,-0.900968867902419
ST05,2026-07-23,18,3,0,5,35.4,46.4,49.46,25.6,4,4.0,3.1666666666666665,3.0,4.0,4.0,0,1,-1.0,-1.8369701987210297e-16,0.43388373911755823,-0.900968867902419
ST05,2026-07-23,19,3,0,4,40.775,43.0,57.65,19.75,4,4.333333333333333,3.5,3.25,5.0,5.0,0,1,-0.9659258262890684,0.2588190451025203,0.43388373911755823,-0.900968867902419
ST05,2026-07-23,20,3,0,5,22.18,126.0,12.54,38.8,4,4.666666666666667,3.8333333333333335,3.4166666666666665,4.0,4.0,0,1,-0.8660254037844386,0.5000000000000001,0.43388373911755823,-0.900968867902419
ST05,2026-07-23,21,3,0,1,29.4,120.0,14.7,40.0,4,3.3333333333333335,3.6666666666666665,3.1666666666666665,5.0,1.0,0,0,-0.7071067811865477,0.7071067811865474,0.43388373911755823,-0.900968867902419
ST05,2026-07-23,22,3,0,1,64.5,60.0,64.5,11.0,4,2.3333333333333335,3.3333333333333335,2.9166666666666665,1.0,1.0,0,0,-0.5000000000000004,0.8660254037844384,0.43388373911755823,-0.900968867902419
ST05,2026-07-23,23,3,0,1,26.0,50.0,31.2,18.0,4,1.0,2.8333333333333335,2.8333333333333335,1.0,1.0,0,0,-0.25881904510252157,0.9659258262890681,0.43388373911755823,-0.900968867902419
ST05,2026-07-24,0,4,0,1,35.5,50.0,42.6,11.0,4,1.0,2.1666666666666665,2.6666666666666665,1.0,1.0,0,0,0.0,1.0,-0.433883739117558,-0.9009688679024191
ST05,2026-07-24,1,4,0,1,40.7,120.0,20.4,13.0,4,1.0,1.6666666666666667,2.5833333333333335,1.0,1.0,0,0,0.25881904510252074,0.9659258262890683,-0.433883739117558,-0.9009688679024191
ST05,2026-07-24,2,4,0,1,36.1,22.0,98.5,40.0,4,1.0,1.0,2.4166666666666665,1.0,1.0,0,0,0.49999999999999994,0.8660254037844387,-0.433883739117558,-0.9009688679024191
ST05,2026-07-24,3,4,0,1,31.5,120.0,15.8,41.0,4,1.0,1.0,2.3333333333333335,1.0,1.0,0,0,0.7071067811865476,0.7071067811865476,-0.433883739117558,-0.9009688679024191
ST05,2026-07-24,5,4,0,1,32.0,50.0,38.4,28.0,4,1.0,1.0,2.1666666666666665,1.0,1.0,0,0,0.9659258262890683,0.25881904510252074,-0.433883739117558,-0.9009688679024191
ST05,2026-07-24,6,4,0,1,34.5,22.0,94.1,33.0,4,1.0,1.0,1.9166666666666667,1.0,1.0,0,0,1.0,6.123233995736766e-17,-0.433883739117558,-0.9009688679024191
ST05,2026-07-24,7,4,0,1,28.5,22.0,77.7,36.0,4,1.0,1.0,1.5833333333333333,1.0,1.0,0,0,0.9659258262890683,-0.25881904510252063,-0.433883739117558,-0.9009688679024191
ST05,2026-07-24,8,4,0,4,33.5,85.5,40.1,27.25,4,2.0,1.5,1.5833333333333333,1.0,1.0,1,0,0.8660254037844387,-0.4999999999999998,-0.433883739117558,-0.9009688679024191
ST05,2026-07-24,9,4,0,4,33.3,48.0,46.75,24.75,4,3.0,2.0,1.5,4.0,3.0,1,0,0.7071067811865476,-0.7071067811865475,-0.433883739117558,-0.9009688679024191
ST05,2026-07-24,10,4,0,4,25.049999999999997,110.0,16.5,38.0,4,4.0,2.5,1.75,4.0,4.0,1,0,0.49999999999999994,-0.8660254037844387,-0.433883739117558,-0.9009688679024191
ST05,2026-07-24,11,4,0,3,48.96666666666666,86.66666666666667,40.1,11.0,4,3.6666666666666665,2.8333333333333335,1.9166666666666667,4.0,4.0,0,0,0.258819045102521,-0.9659258262890682,-0.433883739117558,-0.9009688679024191
ST05,2026-07-24,12,4,0,2,41.05,41.0,82.0,20.0,4,3.0,3.0,2.0,3.0,2.0,0,0,1.2246467991473532e-16,-1.0,-0.433883739117558,-0.9009688679024191
ST05,2026-07-24,13,4,0,2,21.200000000000003,100.0,17.4,40.5,4,2.3333333333333335,3.1666666666666665,2.0833333333333335,2.0,3.0,0,0,-0.2588190451025208,-0.9659258262890683,-0.433883739117558,-0.9009688679024191
ST05,2026-07-24,14,4,0,2,34.5,55.0,38.099999999999994,27.0,4,2.0,2.8333333333333335,2.1666666666666665,2.0,2.0,0,0,-0.4999999999999997,-0.8660254037844388,-0.433883739117558,-0.9009688679024191
ST05,2026-07-24,15,4,0,2,48.0,100.0,33.25,21.0,4,2.0,2.5,2.25,2.0,3.0,0,0,-0.7071067811865471,-0.7071067811865479,-0.433883739117558,-0.9009688679024191
ST05,2026-07-24,16,4,0,3,30.866666666666664,96.66666666666667,23.366666666666664,26.0,4,2.3333333333333335,2.3333333333333335,2.4166666666666665,2.0,2.0,0,0,-0.8660254037844385,-0.5000000000000004,-0.433883739117558,-0.9009688679024191
ST05,2026-07-24,17,4,0,4,30.4,57.5,32.025,31.0,4,3.0,2.5,2.6666666666666665,3.0,3.0,0,1,-0.9659258262890683,-0.25881904510252063,-0.433883739117558,-0.9009688679024191
ST05,2026-07-24,18,4,0,4,30.775,70.5,42.425,33.75,4,3.6666666666666665,2.8333333333333335,2.9166666666666665,4.0,4.0,0,1,-1.0,-1.8369701987210297e-16,-0.433883739117558,-0.9009688679024191
ST05,2026-07-24,19,4,0,5,26.339999999999996,54.8,41.760000000000005,32.6,4,4.333333333333333,3.3333333333333335,3.25,4.0,5.0,0,1,-0.9659258262890684,0.2588190451025203,-0.433883739117558,-0.9009688679024191
ST05,2026-07-24,20,4,0,5,30.339999999999996,70.4,36.2,33.4,4,4.666666666666667,3.8333333333333335,3.3333333333333335,5.0,4.0,0,1,-0.8660254037844386,0.5000000000000001,-0.433883739117558,-0.9009688679024191
ST05,2026-07-24,21,4,0,1,40.2,22.0,109.6,27.0,4,3.6666666666666665,3.6666666666666665,3.0833333333333335,5.0,5.0,0,0,-0.7071067811865477,0.7071067811865474,-0.433883739117558,-0.9009688679024191
ST05,2026-07-24,22,4,0,1,32.1,120.0,16.1,35.0,4,2.3333333333333335,3.3333333333333335,2.8333333333333335,1.0,1.0,0,0,-0.5000000000000004,0.8660254037844384,-0.433883739117558,-0.9009688679024191
ST05,2026-07-24,23,4,0,1,16.4,22.0,44.7,45.0,4,1.0,2.8333333333333335,2.6666666666666665,1.0,1.0,0,0,-0.25881904510252157,0.9659258262890681,-0.433883739117558,-0.9009688679024191
ST05,2026-07-25,0,5,1,2,23.15,22.0,63.1,38.5,4,1.3333333333333333,2.5,2.6666666666666665,1.0,1.0,0,0,0.0,1.0,-0.9749279121818236,-0.2225209339563146
ST05,2026-07-25,1,5,1,1,13.6,60.0,13.6,48.0,4,1.3333333333333333,1.8333333333333333,2.5833333333333335,2.0,1.0,0,0,0.25881904510252074,0.9659258262890683,-0.9749279121818236,-0.2225209339563146
ST05,2026-07-25,2,5,1,1,29.0,150.0,11.6,31.0,4,1.3333333333333333,1.1666666666666667,2.5,1.0,1.0,0,0,0.49999999999999994,0.8660254037844387,-0.9749279121818236,-0.2225209339563146
ST05,2026-07-25,3,5,1,1,31.6,60.0,31.6,25.0,4,1.0,1.1666666666666667,2.4166666666666665,1.0,1.0,0,0,0.7071067811865476,0.7071067811865476,-0.9749279121818236,-0.2225209339563146
ST05,2026-07-25,4,5,1,1,26.3,120.0,13.2,47.0,4,1.0,1.1666666666666667,2.25,1.0,1.0,0,0,0.8660254037844386,0.5000000000000001,-0.9749279121818236,-0.2225209339563146
ST05,2026-07-25,5,5,1,1,33.6,150.0,13.4,39.0,4,1.0,1.1666666666666667,2.0,1.0,1.0,0,0,0.9659258262890683,0.25881904510252074,-0.9749279121818236,-0.2225209339563146
ST05,2026-07-25,6,5,1,2,32.9,135.0,15.0,35.5,4,1.3333333333333333,1.1666666666666667,1.8333333333333333,1.0,1.0,0,0,1.0,6.123233995736766e-17,-0.9749279121818236,-0.2225209339563146
ST05,2026-07-25,7,5,1,2,41.9,50.0,50.3,15.0,4,1.6666666666666667,1.3333333333333333,1.5833333333333333,2.0,1.0,0,0,0.9659258262890683,-0.25881904510252063,-0.9749279121818236,-0.2225209339563146
ST05,2026-07-25,8,5,1,1,30.3,150.0,12.1,35.0,4,1.6666666666666667,1.3333333333333333,1.25,2.0,4.0,1,0,0.8660254037844387,-0.4999999999999998,-0.9749279121818236,-0.2225209339563146
ST05,2026-07-25,9,5,1,2,37.8,60.0,37.8,28.5,4,1.6666666666666667,1.5,1.3333333333333333,1.0,4.0,1,0,0.7071067811865476,-0.7071067811865475,-0.9749279121818236,-0.2225209339563146
ST05,2026-07-25,10,5,1,3,30.8,22.0,84.0,21.333333333333332,4,2.0,1.8333333333333333,1.5,2.0,4.0,1,0,0.49999999999999994,-0.8660254037844387,-0.9749279121818236,-0.2225209339563146
ST05,2026-07-25,11,5,1,3,23.333333333333332,97.33333333333333,30.966666666666665,31.0,4,2.6666666666666665,2.1666666666666665,1.6666666666666667,3.0,3.0,0,0,0.258819045102521,-0.9659258262890682,-0.9749279121818236,-0.2225209339563146
ST05,2026-07-25,12,5,1,3,28.400000000000002,80.0,23.5,33.666666666666664,4,3.0,2.3333333333333335,1.75,3.0,2.0,0,0,1.2246467991473532e-16,-1.0,-0.9749279121818236,-0.2225209339563146
ST05,2026-07-25,13,5,1,3,34.666666666666664,64.0,50.56666666666666,25.666666666666668,4,3.0,2.5,1.9166666666666667,3.0,2.0,0,0,-0.2588190451025208,-0.9659258262890683,-0.9749279121818236,-0.2225209339563146
ST05,2026-07-25,14,5,1,4,31.525000000000002,102.5,18.6,37.75,4,3.3333333333333335,3.0,2.1666666666666665,3.0,2.0,0,0,-0.4999999999999997,-0.8660254037844388,-0.9749279121818236,-0.2225209339563146
ST05,2026-07-25,15,5,1,3,26.333333333333332,64.66666666666667,57.56666666666666,30.666666666666668,4,3.3333333333333335,3.1666666666666665,2.3333333333333335,4.0,2.0,0,0,-0.7071067811865471,-0.7071067811865479,-0.9749279121818236,-0.2225209339563146
ST05,2026-07-25,16,5,1,3,21.5,74.0,24.833333333333332,32.666666666666664,4,3.3333333333333335,3.1666666666666665,2.5,3.0,3.0,0,0,-0.8660254037844385,-0.5000000000000004,-0.9749279121818236,-0.2225209339563146
ST05,2026-07-25,17,5,1,3,34.96666666666667,107.33333333333333,46.86666666666667,26.0,4,3.0,3.1666666666666665,2.6666666666666665,3.0,4.0,0,1,-0.9659258262890683,-0.25881904510252063,-0.9749279121818236,-0.2225209339563146
ST05,2026-07-25,18,5,1,3,24.900000000000002,106.66666666666667,15.866666666666667,30.666666666666668,4,3.0,3.1666666666666665,2.75,3.0,4.0,0,1,-1.0,-1.8369701987210297e-16,-0.9749279121818236,-0.2225209339563146
ST05,2026-07-25,19,5,1,2,32.45,105.0,23.099999999999998,41.0,4,2.6666666666666665,3.0,2.75,3.0,5.0,0,1,-0.9659258262890684,0.2588190451025203,-0.9749279121818236,-0.2225209339563146
ST05,2026-07-25,20,5,1,1,34.0,50.0,40.8,26.0,4,2.0,2.5,2.75,2.0,5.0,0,1,-0.8660254037844386,0.5000000000000001,-0.9749279121818236,-0.2225209339563146
ST05,2026-07-25,21,5,1,2,20.45,100.0,18.900000000000002,40.0,4,1.6666666666666667,2.3333333333333335,2.75,1.0,1.0,0,0,-0.7071067811865477,0.7071067811865474,-0.9749279121818236,-0.2225209339563146
ST05,2026-07-25,22,5,1,1,41.6,150.0,16.6,34.0,4,1.3333333333333333,2.0,2.5833333333333335,2.0,1.0,0,0,-0.5000000000000004,0.8660254037844384,-0.9749279121818236,-0.2225209339563146
ST05,2026-07-25,23,5,1,1,35.1,22.0,95.7,10.0,4,1.3333333333333333,1.6666666666666667,2.4166666666666665,1.0,1.0,0,0,-0.25881904510252157,0.9659258262890681,-0.9749279121818236,-0.2225209339563146
ST05,2026-07-26,0,6,1,1,19.6,150.0,7.8,38.0,4,1.0,1.3333333333333333,2.25,1.0,2.0,0,0,0.0,1.0,-0.7818314824680299,0.6234898018587334
ST05,2026-07-26,1,6,1,1,24.6,150.0,9.8,12.0,4,1.0,1.1666666666666667,2.0833333333333335,1.0,1.0,0,0,0.25881904510252074,0.9659258262890683,-0.7818314824680299,0.6234898018587334
ST05,2026-07-26,2,6,1,2,31.95,55.0,35.95,27.0,4,1.3333333333333333,1.3333333333333333,1.9166666666666667,1.0,1.0,0,0,0.49999999999999994,0.8660254037844387,-0.7818314824680299,0.6234898018587334
ST05,2026-07-26,3,6,1,1,40.5,60.0,40.5,36.0,4,1.3333333333333333,1.1666666666666667,1.75,2.0,1.0,0,0,0.7071067811865476,0.7071067811865476,-0.7818314824680299,0.6234898018587334
ST05,2026-07-26,4,6,1,1,57.7,150.0,23.1,19.0,4,1.3333333333333333,1.1666666666666667,1.5833333333333333,1.0,1.0,0,0,0.8660254037844386,0.5000000000000001,-0.7818314824680299,0.6234898018587334
ST05,2026-07-26,5,6,1,1,52.7,120.0,26.4,17.0,4,1.0,1.1666666666666667,1.4166666666666667,1.0,1.0,0,0,0.9659258262890683,0.25881904510252074,-0.7818314824680299,0.6234898018587334
ST05,2026-07-26,6,6,1,2,34.7,90.0,23.35,31.5,4,1.3333333333333333,1.3333333333333333,1.3333333333333333,1.0,2.0,0,0,1.0,6.123233995736766e-17,-0.7818314824680299,0.6234898018587334
ST05,2026-07-26,7,6,1,2,43.349999999999994,100.0,31.5,15.5,4,1.6666666666666667,1.5,1.3333333333333333,2.0,2.0,0,0,0.9659258262890683,-0.25881904510252063,-0.7818314824680299,0.6234898018587334
ST05,2026-07-26,8,6,1,2,23.1,100.0,17.1,39.5,4,2.0,1.5,1.4166666666666667,2.0,1.0,1,0,0.8660254037844387,-0.4999999999999998,-0.7818314824680299,0.6234898018587334
ST05,2026-07-26,9,6,1,2,25.4,135.0,11.399999999999999,35.5,4,2.0,1.6666666666666667,1.4166666666666667,2.0,2.0,1,0,0.7071067811865476,-0.7071067811865475,-0.7818314824680299,0.6234898018587334
ST05,2026-07-26,10,6,1,3,32.46666666666667,76.66666666666667,30.233333333333334,19.333333333333332,4,2.3333333333333335,2.0,1.5833333333333333,2.0,3.0,1,0,0.49999999999999994,-0.8660254037844387,-0.7818314824680299,0.6234898018587334
ST05,2026-07-26,11,6,1,4,29.85,95.0,24.325,31.0,4,3.0,2.5,1.8333333333333333,3.0,3.0,0,0,0.258819045102521,-0.9659258262890682,-0.7818314824680299,0.6234898018587334
ST05,2026-07-26,12,6,1,3,22.433333333333334,97.33333333333333,33.0,41.666666666666664,4,3.3333333333333335,2.6666666666666665,2.0,4.0,3.0,0,0,1.2246467991473532e-16,-1.0,-0.7818314824680299,0.6234898018587334
ST05,2026-07-26,13,6,1,4,34.675,38.5,66.35,30.5,4,3.6666666666666665,3.0,2.25,3.0,3.0,0,0,-0.2588190451025208,-0.9659258262890683,-0.7818314824680299,0.6234898018587334
ST05,2026-07-26,14,6,1,3,26.266666666666666,76.66666666666667,22.03333333333333,30.333333333333332,4,3.3333333333333335,3.1666666666666665,2.3333333333333335,4.0,4.0,0,0,-0.4999999999999997,-0.8660254037844388,-0.7818314824680299,0.6234898018587334
ST05,2026-07-26,15,6,1,2,46.75,85.0,43.699999999999996,31.5,4,3.0,3.1666666666666665,2.4166666666666665,3.0,3.0,0,0,-0.7071067811865471,-0.7071067811865479,-0.7818314824680299,0.6234898018587334
ST05,2026-07-26,16,6,1,3,37.63333333333333,90.0,30.466666666666665,25.333333333333332,4,2.6666666666666665,3.1666666666666665,2.5833333333333335,2.0,3.0,0,0,-0.8660254037844385,-0.5000000000000004,-0.7818314824680299,0.6234898018587334
ST05,2026-07-26,17,6,1,3,28.666666666666668,107.33333333333333,40.699999999999996,28.333333333333332,4,2.6666666666666665,3.0,2.75,3.0,3.0,0,1,-0.9659258262890683,-0.25881904510252063,-0.7818314824680299,0.6234898018587334
ST05,2026-07-26,18,6,1,3,30.633333333333336,40.666666666666664,60.699999999999996,31.0,4,3.0,3.0,2.8333333333333335,3.0,3.0,0,1,-1.0,-1.8369701987210297e-16,-0.7818314824680299,0.6234898018587334
ST05,2026-07-26,19,6,1,2,38.55,22.0,105.15,27.0,4,2.6666666666666665,2.6666666666666665,2.8333333333333335,3.0,2.0,0,1,-0.9659258262890684,0.2588190451025203,-0.7818314824680299,0.6234898018587334
ST05,2026-07-26,20,6,1,1,38.3,50.0,46.0,34.0,4,2.0,2.3333333333333335,2.75,2.0,1.0,0,1,-0.8660254037844386,0.5000000000000001,-0.7818314824680299,0.6234898018587334
ST05,2026-07-26,21,6,1,1,46.1,50.0,55.3,20.0,4,1.3333333333333333,2.1666666666666665,2.6666666666666665,1.0,2.0,0,0,-0.7071067811865477,0.7071067811865474,-0.7818314824680299,0.6234898018587334
ST05,2026-07-26,22,6,1,1,20.2,60.0,20.2,50.0,4,1.0,1.8333333333333333,2.5,1.0,1.0,0,0,-0.5000000000000004,0.8660254037844384,-0.7818314824680299,0.6234898018587334
ST05,2026-07-26,23,6,1,1,21.5,150.0,8.6,35.0,4,1.0,1.5,2.25,1.0,1.0,0,0,-0.25881904510252157,0.9659258262890681,-0.7818314824680299,0.6234898018587334
ST05,2026-07-27,1,0,0,1,44.1,50.0,52.9,18.0,4,1.0,1.1666666666666667,2.0833333333333335,1.0,1.0,0,0,0.25881904510252074,0.9659258262890683,0.0,1.0
ST05,2026-07-27,2,0,0,1,49.6,22.0,135.3,13.0,4,1.0,1.0,1.8333333333333333,1.0,1.0,0,0,0.49999999999999994,0.8660254037844387,0.0,1.0
ST05,2026-07-27,3,0,0,1,21.2,120.0,10.6,40.0,4,1.0,1.0,1.6666666666666667,1.0,2.0,0,0,0.7071067811865476,0.7071067811865476,0.0,1.0
ST05,2026-07-27,4,0,0,1,33.4,60.0,33.4,39.0,4,1.0,1.0,1.5833333333333333,1.0,1.0,0,0,0.8660254037844386,0.5000000000000001,0.0,1.0
ST05,2026-07-27,5,0,0,1,30.8,150.0,12.3,22.0,4,1.0,1.0,1.4166666666666667,1.0,1.0,0,0,0.9659258262890683,0.25881904510252074,0.0,1.0
ST05,2026-07-27,6,0,0,1,26.7,120.0,13.3,33.0,4,1.0,1.0,1.25,1.0,1.0,0,0,1.0,6.123233995736766e-17,0.0,1.0
ST05,2026-07-27,7,0,0,1,24.8,120.0,12.4,25.0,4,1.0,1.0,1.0833333333333333,1.0,2.0,0,0,0.9659258262890683,-0.25881904510252063,0.0,1.0
ST05,2026-07-27,8,0,0,4,33.224999999999994,52.5,38.725,25.5,4,2.0,1.5,1.25,1.0,2.0,1,0,0.8660254037844387,-0.4999999999999998,0.0,1.0
ST05,2026-07-27,9,0,0,3,29.666666666666668,76.66666666666667,27.766666666666666,22.333333333333332,4,2.6666666666666665,1.8333333333333333,1.4166666666666667,4.0,2.0,1,0,0.7071067811865476,-0.7071067811865475,0.0,1.0
ST05,2026-07-27,10,0,0,4,33.975,95.5,37.6,31.0,4,3.6666666666666665,2.3333333333333335,1.6666666666666667,3.0,2.0,1,0,0.49999999999999994,-0.8660254037844387,0.0,1.0
ST05,2026-07-27,11,0,0,2,20.15,50.0,24.15,39.5,4,3.0,2.5,1.75,4.0,3.0,0,0,0.258819045102521,-0.9659258262890682,0.0,1.0
ST05,2026-07-27,12,0,0,2,33.35,85.0,25.1,25.0,4,2.6666666666666665,2.6666666666666665,1.8333333333333333,2.0,4.0,0,0,1.2246467991473532e-16,-1.0,0.0,1.0
ST05,2026-07-27,13,0,0,2,39.5,86.0,72.0,27.5,4,2.0,2.8333333333333335,1.9166666666666667,2.0,3.0,0,0,-0.2588190451025208,-0.9659258262890683,0.0,1.0
ST05,2026-07-27,14,0,0,2,30.1,100.0,24.0,21.5,4,2.0,2.5,2.0,2.0,4.0,0,0,-0.4999999999999997,-0.8660254037844388,0.0,1.0
ST05,2026-07-27,15,0,0,2,38.650000000000006,55.0,42.7,24.0,4,2.0,2.3333333333333335,2.0833333333333335,2.0,3.0,0,0,-0.7071067811865471,-0.7071067811865479,0.0,1.0
ST05,2026-07-27,16,0,0,2,21.9,85.0,18.65,41.0,4,2.0,2.0,2.1666666666666665,2.0,2.0,0,0,-0.8660254037844385,-0.5000000000000004,0.0,1.0
ST05,2026-07-27,17,0,0,4,29.575000000000003,72.5,28.6,33.5,4,2.6666666666666665,2.3333333333333335,2.4166666666666665,2.0,3.0,0,1,-0.9659258262890683,-0.25881904510252063,0.0,1.0
ST05,2026-07-27,18,0,0,5,41.8,102.0,28.52,22.2,4,3.6666666666666665,2.8333333333333335,2.75,4.0,3.0,0,1,-1.0,-1.8369701987210297e-16,0.0,1.0
ST05,2026-07-27,19,0,0,5,39.5,80.4,42.260000000000005,31.4,4,4.666666666666667,3.3333333333333335,3.0833333333333335,5.0,3.0,0,1,-0.9659258262890684,0.2588190451025203,0.0,1.0
ST05,2026-07-27,20,0,0,5,36.660000000000004,68.0,36.14,26.0,4,5.0,3.8333333333333335,3.1666666666666665,5.0,2.0,0,1,-0.8660254037844386,0.5000000000000001,0.0,1.0
ST05,2026-07-27,21,0,0,1,39.0,120.0,19.5,28.0,4,3.6666666666666665,3.6666666666666665,3.0,5.0,1.0,0,0,-0.7071067811865477,0.7071067811865474,0.0,1.0
ST05,2026-07-27,22,0,0,1,27.3,120.0,13.7,40.0,4,2.3333333333333335,3.5,2.75,1.0,1.0,0,0,-0.5000000000000004,0.8660254037844384,0.0,1.0
ST05,2026-07-27,23,0,0,1,31.6,22.0,86.2,43.0,4,1.0,3.0,2.6666666666666665,1.0,1.0,0,0,-0.25881904510252157,0.9659258262890681,0.0,1.0
ST05,2026-07-28,0,1,0,1,48.7,60.0,48.7,13.0,4,1.0,2.3333333333333335,2.5833333333333335,1.0,1.0,0,0,0.0,1.0,0.7818314824680298,0.6234898018587336
ST05,2026-07-28,1,1,0,1,29.5,22.0,80.5,31.0,4,1.0,1.6666666666666667,2.5,1.0,1.0,0,0,0.25881904510252074,0.9659258262890683,0.7818314824680298,0.6234898018587336
ST05,2026-07-28,2,1,0,1,17.9,120.0,8.9,39.0,4,1.0,1.0,2.4166666666666665,1.0,1.0,0,0,0.49999999999999994,0.8660254037844387,0.7818314824680298,0.6234898018587336
ST05,2026-07-28,3,1,0,1,38.9,150.0,15.6,37.0,4,1.0,1.0,2.3333333333333335,1.0,1.0,0,0,0.7071067811865476,0.7071067811865476,0.7818314824680298,0.6234898018587336
ST05,2026-07-28,4,1,0,1,44.2,60.0,44.2,28.0,4,1.0,1.0,2.25,1.0,1.0,0,0,0.8660254037844386,0.5000000000000001,0.7818314824680298,0.6234898018587336
ST05,2026-07-28,5,1,0,1,46.0,120.0,23.0,21.0,4,1.0,1.0,2.0,1.0,1.0,0,0,0.9659258262890683,0.25881904510252074,0.7818314824680298,0.6234898018587336
ST05,2026-07-28,6,1,0,1,30.8,120.0,15.4,27.0,4,1.0,1.0,1.6666666666666667,1.0,1.0,0,0,1.0,6.123233995736766e-17,0.7818314824680298,0.6234898018587336
ST05,2026-07-28,7,1,0,1,32.8,60.0,32.8,18.0,4,1.0,1.0,1.3333333333333333,1.0,1.0,0,0,0.9659258262890683,-0.25881904510252063,0.7818314824680298,0.6234898018587336
ST05,2026-07-28,8,1,0,4,27.725,100.0,22.8,27.25,4,2.0,1.5,1.25,1.0,4.0,1,0,0.8660254037844387,-0.4999999999999998,0.7818314824680298,0.6234898018587336
ST05,2026-07-28,9,1,0,4,28.775,90.0,19.85,31.5,4,3.0,2.0,1.5,4.0,3.0,1,0,0.7071067811865476,-0.7071067811865475,0.7818314824680298,0.6234898018587336
ST05,2026-07-28,10,1,0,4,35.75,68.0,52.65,29.25,4,4.0,2.5,1.75,4.0,4.0,1,0,0.49999999999999994,-0.8660254037844387,0.7818314824680298,0.6234898018587336
ST05,2026-07-28,11,1,0,2,20.05,85.0,14.350000000000001,37.0,4,3.3333333333333335,2.6666666666666665,1.8333333333333333,4.0,2.0,0,0,0.258819045102521,-0.9659258262890682,0.7818314824680298,0.6234898018587336
ST05,2026-07-28,12,1,0,2,21.450000000000003,55.0,24.85,40.0,4,2.6666666666666665,2.8333333333333335,1.9166666666666667,2.0,2.0,0,0,1.2246467991473532e-16,-1.0,0.7818314824680298,0.6234898018587336
ST05,2026-07-28,13,1,0,2,22.0,105.0,16.849999999999998,39.5,4,2.0,3.0,2.0,2.0,2.0,0,0,-0.2588190451025208,-0.9659258262890683,0.7818314824680298,0.6234898018587336
ST05,2026-07-28,14,1,0,2,42.3,85.0,29.200000000000003,28.5,4,2.0,2.6666666666666665,2.0833333333333335,2.0,2.0,0,0,-0.4999999999999997,-0.8660254037844388,0.7818314824680298,0.6234898018587336
ST05,2026-07-28,15,1,0,3,29.866666666666664,64.66666666666667,56.699999999999996,42.0,4,2.3333333333333335,2.5,2.25,2.0,2.0,0,0,-0.7071067811865471,-0.7071067811865479,0.7818314824680298,0.6234898018587336
ST05,2026-07-28,16,1,0,3,18.833333333333332,106.66666666666667,12.433333333333332,42.0,4,2.6666666666666665,2.3333333333333335,2.4166666666666665,3.0,2.0,0,0,-0.8660254037844385,-0.5000000000000004,0.7818314824680298,0.6234898018587336
ST05,2026-07-28,17,1,0,4,45.025,48.0,65.85,26.5,4,3.3333333333333335,2.6666666666666665,2.6666666666666665,3.0,4.0,0,1,-0.9659258262890683,-0.25881904510252063,0.7818314824680298,0.6234898018587336
ST05,2026-07-28,18,1,0,4,24.325,70.5,28.0,43.5,4,3.6666666666666665,3.0,2.9166666666666665,4.0,5.0,0,1,-1.0,-1.8369701987210297e-16,0.7818314824680298,0.6234898018587336
ST05,2026-07-28,19,1,0,4,40.75,73.0,57.449999999999996,19.5,4,4.0,3.3333333333333335,3.1666666666666665,4.0,5.0,0,1,-0.9659258262890684,0.2588190451025203,0.7818314824680298,0.6234898018587336
ST05,2026-07-28,20,1,0,5,33.480000000000004,114.0,20.880000000000003,25.6,4,4.333333333333333,3.8333333333333335,3.25,4.0,5.0,0,1,-0.8660254037844386,0.5000000000000001,0.7818314824680298,0.6234898018587336
ST05,2026-07-28,21,1,0,1,38.6,60.0,38.6,20.0,4,3.3333333333333335,3.5,3.0,5.0,1.0,0,0,-0.7071067811865477,0.7071067811865474,0.7818314824680298,0.6234898018587336
ST05,2026-07-28,22,1,0,1,33.2,60.0,33.2,23.0,4,2.3333333333333335,3.1666666666666665,2.75,1.0,1.0,0,0,-0.5000000000000004,0.8660254037844384,0.7818314824680298,0.6234898018587336
ST05,2026-07-28,23,1,0,1,40.5,50.0,48.6,11.0,4,1.0,2.6666666666666665,2.6666666666666665,1.0,1.0,0,0,-0.25881904510252157,0.9659258262890681,0.7818314824680298,0.6234898018587336
ST05,2026-07-29,0,2,0,1,40.0,120.0,20.0,16.0,4,1.0,2.1666666666666665,2.5833333333333335,1.0,1.0,0,0,0.0,1.0,0.9749279121818236,-0.22252093395631434
ST05,2026-07-29,1,2,0,1,47.9,150.0,19.2,24.0,4,1.0,1.6666666666666667,2.5,1.0,1.0,0,0,0.25881904510252074,0.9659258262890683,0.9749279121818236,-0.22252093395631434
ST05,2026-07-29,2,2,0,1,22.8,60.0,22.8,43.0,4,1.0,1.0,2.4166666666666665,1.0,1.0,0,0,0.49999999999999994,0.8660254037844387,0.9749279121818236,-0.22252093395631434
ST05,2026-07-29,3,2,0,1,38.1,150.0,15.2,31.0,4,1.0,1.0,2.25,1.0,1.0,0,0,0.7071067811865476,0.7071067811865476,0.9749279121818236,-0.22252093395631434
ST05,2026-07-29,4,2,0,1,32.3,50.0,38.8,34.0,4,1.0,1.0,2.0833333333333335,1.0,1.0,0,0,0.8660254037844386,0.5000000000000001,0.9749279121818236,-0.22252093395631434
ST05,2026-07-29,5,2,0,1,23.3,150.0,9.3,36.0,4,1.0,1.0,1.8333333333333333,1.0,1.0,0,0,0.9659258262890683,0.25881904510252074,0.9749279121818236,-0.22252093395631434
ST05,2026-07-29,6,2,0,1,36.2,22.0,98.7,27.0,4,1.0,1.0,1.5833333333333333,1.0,1.0,0,0,1.0,6.123233995736766e-17,0.9749279121818236,-0.22252093395631434
ST05,2026-07-29,7,2,0,1,39.7,50.0,47.6,32.0,4,1.0,1.0,1.3333333333333333,1.0,1.0,0,0,0.9659258262890683,-0.25881904510252063,0.9749279121818236,-0.22252093395631434
ST05,2026-07-29,8,2,0,4,32.2,63.0,46.525,32.5,4,2.0,1.5,1.25,1.0,4.0,1,0,0.8660254037844387,-0.4999999999999998,0.9749279121818236,-0.22252093395631434
ST05,2026-07-29,9,2,0,3,29.733333333333334,106.66666666666667,20.133333333333336,28.333333333333332,4,2.6666666666666665,1.8333333333333333,1.4166666666666667,4.0,4.0,1,0,0.7071067811865476,-0.7071067811865475,0.9749279121818236,-0.22252093395631434
ST05,2026-07-29,10,2,0,4,36.275,48.0,50.775,26.5,4,3.6666666666666665,2.3333333333333335,1.6666666666666667,3.0,4.0,1,0,0.49999999999999994,-0.8660254037844387,0.9749279121818236,-0.22252093395631434
ST05,2026-07-29,11,2,0,2,25.9,71.0,36.55,30.5,4,3.0,2.5,1.75,4.0,2.0,0,0,0.258819045102521,-0.9659258262890682,0.9749279121818236,-0.22252093395631434
ST05,2026-07-29,12,2,0,2,30.25,71.0,49.0,38.0,4,2.6666666666666665,2.6666666666666665,1.8333333333333333,2.0,2.0,0,0,1.2246467991473532e-16,-1.0,0.9749279121818236,-0.22252093395631434
ST05,2026-07-29,13,2,0,2,42.25,55.0,47.1,16.0,4,2.0,2.8333333333333335,1.9166666666666667,2.0,2.0,0,0,-0.2588190451025208,-0.9659258262890683,0.9749279121818236,-0.22252093395631434
ST05,2026-07-29,14,2,0,2,27.3,55.0,31.3,32.5,4,2.0,2.5,2.0,2.0,2.0,0,0,-0.4999999999999997,-0.8660254037844388,0.9749279121818236,-0.22252093395631434
ST05,2026-07-29,15,2,0,3,19.599999999999998,110.0,12.466666666666667,44.0,4,2.3333333333333335,2.5,2.1666666666666665,2.0,3.0,0,0,-0.7071067811865471,-0.7071067811865479,0.9749279121818236,-0.22252093395631434
ST05,2026-07-29,16,2,0,3,39.86666666666667,83.33333333333333,39.36666666666667,20.0,4,2.6666666666666665,2.3333333333333335,2.3333333333333335,3.0,3.0,0,0,-0.8660254037844385,-0.5000000000000004,0.9749279121818236,-0.22252093395631434
ST05,2026-07-29,17,2,0,5,39.06,78.4,51.879999999999995,32.2,4,3.6666666666666665,2.8333333333333335,2.6666666666666665,3.0,4.0,0,1,-0.9659258262890683,-0.25881904510252063,0.9749279121818236,-0.22252093395631434
ST05,2026-07-29,18,2,0,4,39.675,82.5,35.3,13.75,4,4.0,3.1666666666666665,2.9166666666666665,5.0,4.0,0,1,-1.0,-1.8369701987210297e-16,0.9749279121818236,-0.22252093395631434
ST05,2026-07-29,19,2,0,4,24.7,70.0,22.6,33.5,4,4.333333333333333,3.5,3.1666666666666665,4.0,4.0,0,1,-0.9659258262890684,0.2588190451025203,0.9749279121818236,-0.22252093395631434
ST05,2026-07-29,20,2,0,4,37.95,73.0,49.625,15.25,4,4.0,3.8333333333333335,3.1666666666666665,4.0,5.0,0,1,-0.8660254037844386,0.5000000000000001,0.9749279121818236,-0.22252093395631434
ST05,2026-07-29,22,2,0,1,36.2,120.0,18.1,16.0,4,3.0,3.5,3.0,4.0,1.0,0,0,-0.5000000000000004,0.8660254037844384,0.9749279121818236,-0.22252093395631434
ST05,2026-07-29,23,2,0,1,22.3,120.0,11.2,41.0,4,2.0,3.1666666666666665,2.75,1.0,1.0,0,0,-0.25881904510252157,0.9659258262890681,0.9749279121818236,-0.22252093395631434
ST05,2026-07-30,0,3,0,1,22.3,120.0,11.2,33.0,4,1.0,2.5,2.6666666666666665,1.0,1.0,0,0,0.0,1.0,0.43388373911755823,-0.900968867902419
ST05,2026-07-30,1,3,0,1,40.9,150.0,16.4,24.0,4,1.0,2.0,2.5833333333333335,1.0,1.0,0,0,0.25881904510252074,0.9659258262890683,0.43388373911755823,-0.900968867902419
ST05,2026-07-30,2,3,0,1,38.8,50.0,46.6,27.0,4,1.0,1.5,2.5,1.0,1.0,0,0,0.49999999999999994,0.8660254037844387,0.43388373911755823,-0.900968867902419
ST05,2026-07-30,3,3,0,1,19.8,150.0,7.9,46.0,4,1.0,1.0,2.4166666666666665,1.0,1.0,0,0,0.7071067811865476,0.7071067811865476,0.43388373911755823,-0.900968867902419
ST05,2026-07-30,4,3,0,1,24.9,50.0,29.9,43.0,4,1.0,1.0,2.25,1.0,1.0,0,0,0.8660254037844386,0.5000000000000001,0.43388373911755823,-0.900968867902419
ST05,2026-07-30,5,3,0,1,30.3,22.0,82.6,17.0,4,1.0,1.0,2.0833333333333335,1.0,1.0,0,0,0.9659258262890683,0.25881904510252074,0.43388373911755823,-0.900968867902419
ST05,2026-07-30,6,3,0,1,28.6,150.0,11.4,23.0,4,1.0,1.0,1.75,1.0,1.0,0,0,1.0,6.123233995736766e-17,0.43388373911755823,-0.900968867902419
ST05,2026-07-30,7,3,0,1,26.1,50.0,31.3,17.0,4,1.0,1.0,1.5,1.0,1.0,0,0,0.9659258262890683,-0.25881904510252063,0.43388373911755823,-0.900968867902419
ST05,2026-07-30,8,3,0,3,19.133333333333336,110.0,12.466666666666669,38.333333333333336,4,1.6666666666666667,1.3333333333333333,1.4166666666666667,1.0,1.0,1,0,0.8660254037844387,-0.4999999999999998,0.43388373911755823,-0.900968867902419
ST05,2026-07-30,9,3,0,3,24.133333333333336,74.0,26.46666666666667,39.333333333333336,4,2.3333333333333335,1.6666666666666667,1.3333333333333333,3.0,4.0,1,0,0.7071067811865476,-0.7071067811865475,0.43388373911755823,-0.900968867902419
ST05,2026-07-30,10,3,0,3,25.2,76.66666666666667,21.96666666666667,39.333333333333336,4,3.0,2.0,1.5,3.0,3.0,1,0,0.49999999999999994,-0.8660254037844387,0.43388373911755823,-0.900968867902419
ST05,2026-07-30,11,3,0,2,34.45,36.0,65.15,20.5,4,2.6666666666666665,2.1666666666666665,1.5833333333333333,3.0,4.0,0,0,0.258819045102521,-0.9659258262890682,0.43388373911755823,-0.900968867902419
ST05,2026-07-30,12,3,0,2,31.85,71.0,56.15,41.0,4,2.3333333333333335,2.3333333333333335,1.6666666666666667,2.0,2.0,0,0,1.2246467991473532e-16,-1.0,0.43388373911755823,-0.900968867902419
ST05,2026-07-30,13,3,0,2,32.1,120.0,16.1,32.0,4,2.0,2.5,1.75,2.0,2.0,0,0,-0.2588190451025208,-0.9659258262890683,0.43388373911755823,-0.900968867902419
ST05,2026-07-30,14,3,0,2,34.55,100.0,24.0,23.0,4,2.0,2.3333333333333335,1.8333333333333333,2.0,2.0,0,0,-0.4999999999999997,-0.8660254037844388,0.43388373911755823,-0.900968867902419
ST05,2026-07-30,15,3,0,2,29.15,85.0,23.85,30.0,4,2.0,2.1666666666666665,1.9166666666666667,2.0,2.0,0,0,-0.7071067811865471,-0.7071067811865479,0.43388373911755823,-0.900968867902419
ST05,2026-07-30,16,3,0,3,29.03333333333333,34.666666666666664,64.56666666666666,35.333333333333336,4,2.3333333333333335,2.1666666666666665,2.0833333333333335,2.0,3.0,0,0,-0.8660254037844385,-0.5000000000000004,0.43388373911755823,-0.900968867902419
ST05,2026-07-30,17,3,0,4,32.725,112.5,19.5,35.0,4,3.0,2.5,2.3333333333333335,3.0,3.0,0,1,-0.9659258262890683,-0.25881904510252063,0.43388373911755823,-0.900968867902419
ST05,2026-07-30,18,3,0,4,34.6,65.5,51.3,33.5,4,3.6666666666666665,2.8333333333333335,2.5833333333333335,4.0,5.0,0,1,-1.0,-1.8369701987210297e-16,0.43388373911755823,-0.900968867902419
ST05,2026-07-30,19,3,0,5,29.160000000000004,86.8,37.62,35.8,4,4.333333333333333,3.3333333333333335,2.9166666666666665,4.0,4.0,0,1,-0.9659258262890684,0.2588190451025203,0.43388373911755823,-0.900968867902419
ST05,2026-07-30,20,3,0,4,34.4,41.0,71.075,30.5,4,4.333333333333333,3.6666666666666665,3.0,5.0,4.0,0,1,-0.8660254037844386,0.5000000000000001,0.43388373911755823,-0.900968867902419
ST05,2026-07-30,21,3,0,1,18.6,60.0,18.6,42.0,4,3.3333333333333335,3.5,2.8333333333333335,4.0,4.0,0,0,-0.7071067811865477,0.7071067811865474,0.43388373911755823,-0.900968867902419
ST05,2026-07-30,22,3,0,1,36.8,120.0,18.4,21.0,4,2.0,3.1666666666666665,2.6666666666666665,1.0,1.0,0,0,-0.5000000000000004,0.8660254037844384,0.43388373911755823,-0.900968867902419
ST05,2026-07-30,23,3,0,1,32.0,120.0,16.0,29.0,4,1.0,2.6666666666666665,2.5833333333333335,1.0,1.0,0,0,-0.25881904510252157,0.9659258262890681,0.43388373911755823,-0.900968867902419
